2026-07-31 07:05:39,092 - IPTVCollector - INFO - 🚀 IPTV 智能整理平台启动
2026-07-31 07:05:39,106 - IPTVCollector - INFO - ✅ 数据库缓存已启用: data/iptv_cache.db
2026-07-31 07:05:39,107 - IPTVCollector - INFO - 📌 CCTV-1 已设为固定源 (auto_optimize=True)
2026-07-31 07:05:39,108 - IPTVCollector - INFO - 📌 CCTV-2 已设为固定源 (auto_optimize=True)
2026-07-31 07:05:39,109 - IPTVCollector - INFO - 📌 CCTV-3 已设为固定源 (auto_optimize=True)
2026-07-31 07:05:39,110 - IPTVCollector - INFO - 📌 CCTV-4 已设为固定源 (auto_optimize=True)
2026-07-31 07:05:39,111 - IPTVCollector - INFO - 📌 CCTV-5 已设为固定源 (auto_optimize=True)
2026-07-31 07:05:39,112 - IPTVCollector - INFO - 📌 CCTV-5+ 已设为固定源 (auto_optimize=True)
2026-07-31 07:05:39,113 - IPTVCollector - INFO - 📌 CCTV-6 已设为固定源 (auto_optimize=True)
2026-07-31 07:05:39,114 - IPTVCollector - INFO - 📌 CCTV-7 已设为固定源 (auto_optimize=True)
2026-07-31 07:05:39,115 - IPTVCollector - INFO - 📌 CCTV-8 已设为固定源 (auto_optimize=True)
2026-07-31 07:05:39,116 - IPTVCollector - INFO - 📌 CCTV-9 已设为固定源 (auto_optimize=True)
2026-07-31 07:05:39,117 - IPTVCollector - INFO - 📌 CCTV-10 已设为固定源 (auto_optimize=True)
2026-07-31 07:05:39,118 - IPTVCollector - INFO - 📌 CCTV-11 已设为固定源 (auto_optimize=True)
2026-07-31 07:05:39,119 - IPTVCollector - INFO - 📌 CCTV-12 已设为固定源 (auto_optimize=True)
2026-07-31 07:05:39,120 - IPTVCollector - INFO - 📌 CCTV-13 已设为固定源 (auto_optimize=True)
2026-07-31 07:05:39,121 - IPTVCollector - INFO - 📌 CCTV-14 已设为固定源 (auto_optimize=True)
2026-07-31 07:05:39,122 - IPTVCollector - INFO - 📌 CCTV-15 已设为固定源 (auto_optimize=True)
2026-07-31 07:05:39,123 - IPTVCollector - INFO - 📌 CCTV-16 已设为固定源 (auto_optimize=True)
2026-07-31 07:05:39,124 - IPTVCollector - INFO - 📌 CCTV-17 已设为固定源 (auto_optimize=True)
2026-07-31 07:05:39,125 - IPTVCollector - INFO - 📌 CCTV4欧洲 已设为固定源 (auto_optimize=True)
2026-07-31 07:05:39,126 - IPTVCollector - INFO - 📌 CCTV4美洲 已设为固定源 (auto_optimize=True)
2026-07-31 07:05:39,126 - IPTVCollector - INFO - 📌 固定源已同步到数据库
2026-07-31 07:05:39,127 - IPTVCollector - WARNING - ⚠️ 订阅文件不存在: config/subscribe.txt
2026-07-31 07:05:39,127 - IPTVCollector - INFO - 📋 使用 8 个源
2026-07-31 07:05:39,128 - IPTVCollector - INFO - 🔄 拉取: https://raw.githubusercontent.com/iptv-org/iptv/refs/heads/master/streams/cn.m3u
2026-07-31 07:05:39,129 - IPTVCollector - INFO - 🔄 拉取: https://raw.githubusercontent.com/iptv-org/iptv/gh-pages/countries/cn.m3u
2026-07-31 07:05:39,140 - IPTVCollector - INFO - 🔄 拉取: https://raw.githubusercontent.com/vbskycn/iptv/master/tv/iptv4.txt
2026-07-31 07:05:39,140 - IPTVCollector - INFO - 🔄 拉取: https://raw.githubusercontent.com/zzgpy1/iptv-api/master/output/result.txt
2026-07-31 07:05:39,141 - IPTVCollector - INFO - 🔄 拉取: https://raw.githubusercontent.com/zzgpy1/Collect-IPTV/main/best_sorted.m3u
2026-07-31 07:05:39,141 - IPTVCollector - INFO - 🔄 拉取: https://raw.githubusercontent.com/zzgpy1/ipv6-iptv/master/tv/iptv4.txt
2026-07-31 07:05:39,142 - IPTVCollector - INFO - 🔄 拉取: https://raw.githubusercontent.com/CCSH/IPTV/refs/heads/main/live.txt
2026-07-31 07:05:39,142 - IPTVCollector - INFO - 🔄 拉取: https://raw.githubusercontent.com/kakaxi-1/IPTV/main/iptv.txt
2026-07-31 07:07:58,247 - IPTVCollector - INFO - 📊 测速完成，有效频道: 461 个
2026-07-31 07:07:58,247 - IPTVCollector - INFO - 📊 通过测速的频道数: 461
2026-07-31 07:12:21,373 - IPTVCollector - INFO - 🔍 ffmpeg 深度验证: 22 个需验证，439 个来自缓存/HTTP
2026-07-31 07:12:31,150 - IPTVCollector - INFO - ✅ ffmpeg 验证完成: 通过 453/461 个频道
2026-07-31 07:12:31,150 - IPTVCollector - INFO - 📊 通过ffmpeg验证的频道数: 453
2026-07-31 07:12:31,159 - IPTVCollector - INFO - 📌 已使用 16 个固定源（含自动优化）
2026-07-31 07:12:31,159 - IPTVCollector - INFO - 📊 合并完成: 共 432 个频道
2026-07-31 07:12:31,159 - IPTVCollector - INFO - 📊 合并后的频道数: 432
2026-07-31 07:12:31,160 - IPTVCollector - INFO - 📊 黑名单过滤后: 432
2026-07-31 07:12:31,160 - IPTVCollector - WARNING - ⚠️ Demo 文件不存在: config/demo.txt
2026-07-31 07:12:31,160 - IPTVCollector - WARNING - 过滤后无频道，跳过输出
2026-07-31 07:12:31,160 - IPTVCollector - INFO - 🧠 开始智能补充采集（从 abc123 源）...
2026-07-31 07:12:31,353 - IPTVCollector - WARNING - ⚠️ abc123 源返回 HTTP 403
2026-07-31 07:12:31,354 - IPTVCollector - WARNING - ⚠️ 未获取到任何智能补充分类内容
2026-07-31 07:12:31,354 - IPTVCollector - INFO - 🚀 IPTV 自治系统启动
2026-07-31 07:12:31,354 - IPTVCollector - INFO - ⏭️ 跳过发现阶段
2026-07-31 07:12:31,354 - IPTVCollector - INFO - ==================================================
阶段2: 从缓存观察候选源
==================================================
2026-07-31 07:12:31,369 - IPTVCollector - INFO -   📊 观察进度: 100/481，稳定 0 个
2026-07-31 07:12:31,386 - IPTVCollector - INFO -   📊 观察进度: 200/481，稳定 0 个
2026-07-31 07:12:31,403 - IPTVCollector - INFO -   📊 观察进度: 300/481，稳定 0 个
2026-07-31 07:12:31,420 - IPTVCollector - INFO -   📊 观察进度: 400/481，稳定 0 个
2026-07-31 07:12:31,434 - IPTVCollector - INFO - ✅ 观察阶段完成: 0 个源达到稳定标准
2026-07-31 07:12:31,434 - IPTVCollector - INFO - ==================================================
阶段3: 提升稳定源
==================================================
2026-07-31 07:12:31,434 - IPTVCollector - INFO - 📭 没有稳定的候选源需要提升
2026-07-31 07:12:31,434 - IPTVCollector - INFO - 📊 自治模式统计:
2026-07-31 07:12:31,435 - IPTVCollector - INFO -   候选池总数: 481, 观察中: 481, 稳定: 0
2026-07-31 07:12:31,435 - IPTVCollector - INFO -   本次新提升: 0
2026-07-31 07:12:31,435 - IPTVCollector - INFO - 🎉 全部完成！
2026-07-31 07:20:18,068 - IPTVCollector - INFO - 🚀 IPTV 智能整理平台启动
2026-07-31 07:20:18,070 - IPTVCollector - INFO - ✅ 数据库缓存已启用: data/iptv_cache.db
2026-07-31 07:20:18,073 - IPTVCollector - INFO - 📌 CCTV-1 已设为固定源 (auto_optimize=True)
2026-07-31 07:20:18,074 - IPTVCollector - INFO - 📌 CCTV-2 已设为固定源 (auto_optimize=True)
2026-07-31 07:20:18,075 - IPTVCollector - INFO - 📌 CCTV-3 已设为固定源 (auto_optimize=True)
2026-07-31 07:20:18,076 - IPTVCollector - INFO - 📌 CCTV-4 已设为固定源 (auto_optimize=True)
2026-07-31 07:20:18,077 - IPTVCollector - INFO - 📌 CCTV-5 已设为固定源 (auto_optimize=True)
2026-07-31 07:20:18,078 - IPTVCollector - INFO - 📌 CCTV-5+ 已设为固定源 (auto_optimize=True)
2026-07-31 07:20:18,079 - IPTVCollector - INFO - 📌 CCTV-6 已设为固定源 (auto_optimize=True)
2026-07-31 07:20:18,080 - IPTVCollector - INFO - 📌 CCTV-7 已设为固定源 (auto_optimize=True)
2026-07-31 07:20:18,081 - IPTVCollector - INFO - 📌 CCTV-8 已设为固定源 (auto_optimize=True)
2026-07-31 07:20:18,082 - IPTVCollector - INFO - 📌 CCTV-9 已设为固定源 (auto_optimize=True)
2026-07-31 07:20:18,084 - IPTVCollector - INFO - 📌 CCTV-10 已设为固定源 (auto_optimize=True)
2026-07-31 07:20:18,085 - IPTVCollector - INFO - 📌 CCTV-11 已设为固定源 (auto_optimize=True)
2026-07-31 07:20:18,086 - IPTVCollector - INFO - 📌 CCTV-12 已设为固定源 (auto_optimize=True)
2026-07-31 07:20:18,087 - IPTVCollector - INFO - 📌 CCTV-13 已设为固定源 (auto_optimize=True)
2026-07-31 07:20:18,088 - IPTVCollector - INFO - 📌 CCTV-14 已设为固定源 (auto_optimize=True)
2026-07-31 07:20:18,089 - IPTVCollector - INFO - 📌 CCTV-15 已设为固定源 (auto_optimize=True)
2026-07-31 07:20:18,090 - IPTVCollector - INFO - 📌 CCTV-16 已设为固定源 (auto_optimize=True)
2026-07-31 07:20:18,091 - IPTVCollector - INFO - 📌 CCTV-17 已设为固定源 (auto_optimize=True)
2026-07-31 07:20:18,092 - IPTVCollector - INFO - 📌 CCTV4欧洲 已设为固定源 (auto_optimize=True)
2026-07-31 07:20:18,093 - IPTVCollector - INFO - 📌 CCTV4美洲 已设为固定源 (auto_optimize=True)
2026-07-31 07:20:18,093 - IPTVCollector - INFO - 📌 固定源已同步到数据库
2026-07-31 07:20:18,094 - IPTVCollector - INFO - 📋 订阅源解析：普通 10 个，白名单 0 个
2026-07-31 07:20:18,094 - IPTVCollector - INFO - 📋 使用 10 个源
2026-07-31 07:20:18,097 - IPTVCollector - INFO - 🔄 拉取: https://raw.githubusercontent.com/iptv-org/iptv/master/streams/cn.m3u
2026-07-31 07:20:18,098 - IPTVCollector - INFO - 🔄 拉取: https://raw.githubusercontent.com/zzgpy1/ITV/main/output/tv.m3u
2026-07-31 07:20:18,111 - IPTVCollector - INFO - 🔄 拉取: https://tv.19860519.xyz/abc123
2026-07-31 07:20:18,366 - IPTVCollector - WARNING - ⚠️ 拉取失败 https://raw.githubusercontent.com/zzgpy1/ITV/main/output/tv.m3u: 拉取失败: https://raw.githubusercontent.com/zzgpy1/ITV/main/output/tv.m3u
2026-07-31 07:20:18,366 - IPTVCollector - WARNING - ⚠️ 拉取失败 https://tv.19860519.xyz/abc123: 拉取失败: https://tv.19860519.xyz/abc123
2026-07-31 07:20:56,006 - IPTVCollector - INFO - 📊 测速完成，有效频道: 425 个
2026-07-31 07:20:56,006 - IPTVCollector - INFO - 📊 通过测速的频道数: 425
2026-07-31 07:21:07,179 - IPTVCollector - INFO - 🔍 ffmpeg 深度验证: 2 个需验证，419 个来自缓存/HTTP
2026-07-31 07:21:14,753 - IPTVCollector - INFO - ✅ ffmpeg 验证完成: 通过 421/425 个频道
2026-07-31 07:21:14,754 - IPTVCollector - INFO - 📊 通过ffmpeg验证的频道数: 421
2026-07-31 07:21:14,762 - IPTVCollector - INFO - 📌 已使用 17 个固定源（含自动优化）
2026-07-31 07:21:14,763 - IPTVCollector - INFO - 📊 合并完成: 共 388 个频道
2026-07-31 07:21:14,763 - IPTVCollector - INFO - 📊 合并后的频道数: 388
2026-07-31 07:21:14,799 - IPTVCollector - INFO - 📊 黑名单过滤后: 370
2026-07-31 07:21:14,801 - IPTVCollector - INFO - 📋 从 demo.txt 解析到 3541 个有序频道
2026-07-31 07:21:14,804 - IPTVCollector - INFO - 📋 从 demo.txt 解析到 3541 个有序频道
2026-07-31 07:22:52,235 - IPTVCollector - INFO - 📌 未分类频道追加到 '其他': Xinjiang TV 3
2026-07-31 07:22:52,236 - IPTVCollector - INFO - 📌 未分类频道追加到 '其他': 浙江经济
2026-07-31 07:22:52,236 - IPTVCollector - INFO - 📌 未分类频道追加到 '其他': 浙江钱江频道
2026-07-31 07:22:52,236 - IPTVCollector - INFO - 📌 未分类频道追加到 '其他': 浙江留学
2026-07-31 07:22:52,236 - IPTVCollector - INFO - 📌 未分类频道追加到 '其他': Tonghua TV
2026-07-31 07:22:52,236 - IPTVCollector - INFO - 📌 未分类频道追加到 '其他': 兴隆综合
2026-07-31 07:22:52,236 - IPTVCollector - INFO - 📌 未分类频道追加到 '其他': 武进生活 [Not 24/7]
2026-07-31 07:22:52,237 - IPTVCollector - INFO - 📌 未分类频道追加到 '其他': 武进新闻 [Not 24/7]
2026-07-31 07:22:52,237 - IPTVCollector - INFO - 📌 未分类频道追加到 '其他': CHC电影
2026-07-31 07:22:52,237 - IPTVCollector - INFO - 🌏 自动追加: 浙江 Ⅰ 绍兴综合 -> ☘️浙江频道
2026-07-31 07:22:52,237 - IPTVCollector - INFO - 📌 未分类频道追加到 '其他': 凤凰资讯
2026-07-31 07:22:52,238 - IPTVCollector - INFO - 📌 未分类频道追加到 '其他': 凤凰中文
2026-07-31 07:22:52,238 - IPTVCollector - INFO - 📌 未分类频道追加到 '其他': 韩国电影1
2026-07-31 07:22:52,238 - IPTVCollector - INFO - 📌 未分类频道追加到 '其他': 韩国电影2
2026-07-31 07:22:52,238 - IPTVCollector - INFO - 🌏 自动追加: 浙江 Ⅰ 绍兴影视 -> ☘️浙江频道
2026-07-31 07:22:52,238 - IPTVCollector - INFO - 🌏 自动追加: 凤凰香港 -> 🌊港·澳·台
2026-07-31 07:22:52,238 - IPTVCollector - INFO - 📌 未分类频道追加到 '其他': 江津经济生活
2026-07-31 07:22:52,239 - IPTVCollector - INFO - 📌 未分类频道追加到 '其他': 辽新闻综合 [Geo-blocked]
2026-07-31 07:22:52,239 - IPTVCollector - INFO - 🌏 自动追加: 福州电视台少儿频道 -> ☘️福建频道
2026-07-31 07:22:52,239 - IPTVCollector - INFO - 🌏 自动追加: 福州广电视台新闻综合频道 -> ☘️福建频道
2026-07-31 07:22:52,240 - IPTVCollector - INFO - 📌 未分类频道追加到 '其他': 餘姚姚江文化 [Not 24/7]
2026-07-31 07:22:52,240 - IPTVCollector - INFO - 📌 未分类频道追加到 '其他': CGTN French
2026-07-31 07:22:52,240 - IPTVCollector - INFO - 📌 未分类频道追加到 '其他': 辽宁青少
2026-07-31 07:22:52,240 - IPTVCollector - INFO - 📌 未分类频道追加到 '其他': Xinjiang TV 2
2026-07-31 07:22:52,240 - IPTVCollector - INFO - 📌 未分类频道追加到 '其他': 都市青春
2026-07-31 07:22:52,240 - IPTVCollector - INFO - 📌 未分类频道追加到 '其他': Jiangsu Public & News Channel
2026-07-31 07:22:52,241 - IPTVCollector - INFO - 📌 未分类频道追加到 '其他': FZTV3
2026-07-31 07:22:52,241 - IPTVCollector - INFO - 📌 未分类频道追加到 '其他': Xinjiang TV 1
2026-07-31 07:22:52,241 - IPTVCollector - INFO - 📌 未分类频道追加到 '其他': 河南电视剧
2026-07-31 07:22:52,241 - IPTVCollector - INFO - 📌 未分类频道追加到 '其他': CGTN记录
2026-07-31 07:22:52,241 - IPTVCollector - INFO - 🌏 自动追加: 上海卫视 -> ☘️上海频道
2026-07-31 07:22:52,242 - IPTVCollector - INFO - 📌 未分类频道追加到 '其他': 华丽翡翠台
2026-07-31 07:22:52,242 - IPTVCollector - INFO - 📌 未分类频道追加到 '其他': 无线新闻台
2026-07-31 07:22:52,242 - IPTVCollector - INFO - 📌 未分类频道追加到 '其他': ABN China
2026-07-31 07:22:52,242 - IPTVCollector - INFO - 📌 未分类频道追加到 '其他': Bread TV面包台
2026-07-31 07:22:52,242 - IPTVCollector - INFO - 📌 未分类频道追加到 '其他': 新闻咨询
2026-07-31 07:22:52,242 - IPTVCollector - INFO - 📌 未分类频道追加到 '其他': 熊猫直
2026-07-31 07:22:52,242 - IPTVCollector - INFO - 📌 未分类频道追加到 '其他': Angel TV Chinese
2026-07-31 07:22:52,243 - IPTVCollector - INFO - 📌 未分类频道追加到 '其他': 音乐欣赏
2026-07-31 07:22:52,243 - IPTVCollector - INFO - 📌 未分类频道追加到 '其他': 韩国EBS少儿
2026-07-31 07:22:52,243 - IPTVCollector - INFO - 📌 未分类频道追加到 '其他': 自然传奇
2026-07-31 07:22:52,243 - IPTVCollector - INFO - 📌 未分类频道追加到 '其他': RT Doc-Русский
2026-07-31 07:22:52,243 - IPTVCollector - INFO - 📌 未分类频道追加到 '其他': 人与自然
2026-07-31 07:22:52,244 - IPTVCollector - INFO - 📌 未分类频道追加到 '其他': 地理中国
2026-07-31 07:22:52,244 - IPTVCollector - INFO - 📌 未分类频道追加到 '其他': RT Documentary
2026-07-31 07:22:52,244 - IPTVCollector - INFO - 📌 未分类频道追加到 '其他': 音乐现场
2026-07-31 07:22:52,244 - IPTVCollector - INFO - 📌 未分类频道追加到 '其他': 1987年春晚
2026-07-31 07:22:52,244 - IPTVCollector - INFO - 📌 未分类频道追加到 '其他': 1988年春晚
2026-07-31 07:22:52,244 - IPTVCollector - INFO - 📌 未分类频道追加到 '其他': 1989年春晚
2026-07-31 07:22:52,245 - IPTVCollector - INFO - 📌 未分类频道追加到 '其他': CNA
2026-07-31 07:22:52,245 - IPTVCollector - INFO - 📌 未分类频道追加到 '其他': Newsmax
2026-07-31 07:22:52,245 - IPTVCollector - INFO - 📌 未分类频道追加到 '其他': 第一财经
2026-07-31 07:22:52,245 - IPTVCollector - INFO - 📌 未分类频道追加到 '其他': Arirang
2026-07-31 07:22:52,245 - IPTVCollector - INFO - 📌 未分类频道追加到 '其他': Dali TV
2026-07-31 07:22:52,245 - IPTVCollector - INFO - 📌 未分类频道追加到 '其他': Beautiful Life TV
2026-07-31 07:22:52,246 - IPTVCollector - INFO - 📌 未分类频道追加到 '其他': 2024年春晚
2026-07-31 07:22:52,246 - IPTVCollector - INFO - 📌 未分类频道追加到 '其他': Good 2
2026-07-31 07:22:52,246 - IPTVCollector - INFO - 📌 未分类频道追加到 '其他': Good
2026-07-31 07:22:52,246 - IPTVCollector - INFO - 📌 未分类频道追加到 '其他': Pet Club TV
2026-07-31 07:22:52,246 - IPTVCollector - INFO - 📌 未分类频道追加到 '其他': Supreme Master TV
2026-07-31 07:22:52,246 - IPTVCollector - INFO - 📌 未分类频道追加到 '其他': Trace Sports
2026-07-31 07:22:52,246 - IPTVCollector - INFO - 📌 未分类频道追加到 '其他': 耀才财经
2026-07-31 07:22:52,247 - IPTVCollector - INFO - 📌 未分类频道追加到 '其他': TVB News
2026-07-31 07:22:52,247 - IPTVCollector - INFO - 📌 未分类频道追加到 '其他': RT Arabic
2026-07-31 07:22:52,247 - IPTVCollector - INFO - 📌 未分类频道追加到 '其他': RT Español
2026-07-31 07:22:52,247 - IPTVCollector - INFO - 📌 未分类频道追加到 '其他': 双辽
2026-07-31 07:22:52,247 - IPTVCollector - INFO - 📌 未分类频道追加到 '其他': RT Balkan
2026-07-31 07:22:52,247 - IPTVCollector - INFO - 📌 未分类频道追加到 '其他': Wild Earth
2026-07-31 07:22:52,248 - IPTVCollector - INFO - 📌 未分类频道追加到 '其他': RT Français
2026-07-31 07:22:52,248 - IPTVCollector - INFO - 📌 未分类频道追加到 '其他': 九台
2026-07-31 07:22:52,248 - IPTVCollector - INFO - 📌 未分类频道追加到 '其他': RT DE
2026-07-31 07:22:52,248 - IPTVCollector - INFO - 📌 未分类频道追加到 '其他': TVB Plus
2026-07-31 07:22:52,248 - IPTVCollector - INFO - 📌 未分类频道追加到 '其他': WionNews
2026-07-31 07:22:52,248 - IPTVCollector - INFO - 📌 未分类频道追加到 '其他': Home Plus
2026-07-31 07:22:52,249 - IPTVCollector - INFO - 📌 未分类频道追加到 '其他': Harbin Comprehensive News Channel
2026-07-31 07:22:52,249 - IPTVCollector - INFO - 📌 未分类频道追加到 '其他': 春晚2025
2026-07-31 07:22:52,249 - IPTVCollector - INFO - 📌 未分类频道追加到 '其他': Chifeng Comprehensive News Chanel
2026-07-31 07:22:52,249 - IPTVCollector - INFO - 📌 未分类频道追加到 '其他': 倩女幽魂道道道
2026-07-31 07:22:52,249 - IPTVCollector - INFO - 📌 未分类频道追加到 '其他': 倩女幽魂人间道
2026-07-31 07:22:52,249 - IPTVCollector - INFO - 📌 未分类频道追加到 '其他': Guangzhou TV
2026-07-31 07:22:52,250 - IPTVCollector - INFO - 📌 未分类频道追加到 '其他': 倩女幽魂妖魔道
2026-07-31 07:22:52,250 - IPTVCollector - INFO - 📌 未分类频道追加到 '其他': 汪清
2026-07-31 07:22:52,250 - IPTVCollector - INFO - 📌 未分类频道追加到 '其他': Harbin Movie Channel
2026-07-31 07:22:52,250 - IPTVCollector - INFO - 📌 未分类频道追加到 '其他': Nei Monggol TV [Not 24/7]
2026-07-31 07:22:52,250 - IPTVCollector - INFO - 📌 未分类频道追加到 '其他': 磐石
2026-07-31 07:22:52,250 - IPTVCollector - INFO - 📌 未分类频道追加到 '其他': Nei Monggol TV 2 Mongolian Culture Channel [Not 24/7]
2026-07-31 07:22:52,251 - IPTVCollector - INFO - 📌 未分类频道追加到 '其他': 环球电视
2026-07-31 07:22:52,251 - IPTVCollector - INFO - 📌 未分类频道追加到 '其他': 舒兰新闻
2026-07-31 07:22:52,251 - IPTVCollector - INFO - 📌 未分类频道追加到 '其他': 春晚2024
2026-07-31 07:22:52,251 - IPTVCollector - INFO - 📌 未分类频道追加到 '其他': QTV-1
2026-07-31 07:22:52,251 - IPTVCollector - INFO - 📌 未分类频道追加到 '其他': QTV-5
2026-07-31 07:22:52,251 - IPTVCollector - INFO - 📌 未分类频道追加到 '其他': Hebei TV
2026-07-31 07:22:52,252 - IPTVCollector - INFO - 📌 未分类频道追加到 '其他': Hunan TV
2026-07-31 07:22:52,252 - IPTVCollector - INFO - 📌 未分类频道追加到 '其他': 辉南新闻
2026-07-31 07:22:52,252 - IPTVCollector - INFO - 📌 未分类频道追加到 '其他': VOA美国之音
2026-07-31 07:22:52,253 - IPTVCollector - INFO - 🌏 自动追加: 长白山电视台 -> ☘️吉林频道
2026-07-31 07:22:52,254 - IPTVCollector - INFO - 📌 未分类频道追加到 '其他': Zhejiang TV International
2026-07-31 07:22:52,254 - IPTVCollector - INFO - 📌 未分类频道追加到 '其他': 象视界
2026-07-31 07:22:52,254 - IPTVCollector - INFO - 📌 未分类频道追加到 '其他': TV BRICS Chinese
2026-07-31 07:22:52,254 - IPTVCollector - INFO - 📌 未分类频道追加到 '其他': QTV-3
2026-07-31 07:22:52,255 - IPTVCollector - INFO - 🌏 自动追加: 通化县 -> ☘️吉林频道
2026-07-31 07:22:52,255 - IPTVCollector - INFO - 📌 未分类频道追加到 '其他': NewTV武搏世界
2026-07-31 07:22:52,256 - IPTVCollector - INFO - 📌 未分类频道追加到 '其他': 龙井
2026-07-31 07:22:52,256 - IPTVCollector - INFO - 📌 未分类频道追加到 '其他': Siping TV
2026-07-31 07:22:52,256 - IPTVCollector - INFO - 📌 未分类频道追加到 '其他': 大立电视台
2026-07-31 07:22:52,256 - IPTVCollector - INFO - 🌏 自动追加: 绍兴电视台公共 -> ☘️浙江频道
2026-07-31 07:22:52,256 - IPTVCollector - INFO - 📌 未分类频道追加到 '其他': Xinjiang TV 8
2026-07-31 07:22:52,257 - IPTVCollector - INFO - 📌 未分类频道追加到 '其他': 通海电视台
2026-07-31 07:22:52,257 - IPTVCollector - INFO - 📌 未分类频道追加到 '其他': RT News
2026-07-31 07:22:52,257 - IPTVCollector - INFO - 📌 未分类频道追加到 '其他': 龙门飞甲
2026-07-31 07:22:52,257 - IPTVCollector - INFO - 📌 未分类频道追加到 '其他': 伊犁经济法制
2026-07-31 07:22:52,257 - IPTVCollector - INFO - 📌 未分类频道追加到 '其他': 玛纳斯
2026-07-31 07:22:52,257 - IPTVCollector - INFO - 📌 未分类频道追加到 '其他': 浙江钱江都市
2026-07-31 07:22:52,257 - IPTVCollector - INFO - 📌 未分类频道追加到 '其他': 玛纳斯综合
2026-07-31 07:22:52,258 - IPTVCollector - INFO - 🌏 自动追加: 镇江二套社会民生 -> ☘️江苏频道
2026-07-31 07:22:52,258 - IPTVCollector - INFO - 📌 未分类频道追加到 '其他': 梨园
2026-07-31 07:22:52,258 - IPTVCollector - INFO - 📌 未分类频道追加到 '其他': 余杭未来E频道
2026-07-31 07:22:52,258 - IPTVCollector - INFO - 📌 未分类频道追加到 '其他': 数码时代
2026-07-31 07:22:52,258 - IPTVCollector - INFO - 📌 未分类频道追加到 '其他': 余杭综合频道
2026-07-31 07:22:52,259 - IPTVCollector - INFO - 📌 未分类频道追加到 '其他': 上虞新商都
2026-07-31 07:22:52,259 - IPTVCollector - INFO - 📌 未分类频道追加到 '其他': 浙江教科影院
2026-07-31 07:22:52,259 - IPTVCollector - INFO - 📌 未分类频道追加到 '其他': 浙江教育
2026-07-31 07:22:52,259 - IPTVCollector - INFO - 📌 未分类频道追加到 '其他': 浙江民生休闲
2026-07-31 07:22:52,259 - IPTVCollector - INFO - 📌 未分类频道追加到 '其他': 浙江教科影视
2026-07-31 07:22:52,259 - IPTVCollector - INFO - 📌 未分类频道追加到 '其他': 兵团五师双河影
2026-07-31 07:22:52,260 - IPTVCollector - INFO - 🎯 Demo 筛选：原始 370 -> 匹配/分类后 370 个频道
2026-07-31 07:22:52,260 - IPTVCollector - INFO - 📊 Demo筛选后: 370
2026-07-31 07:22:52,261 - IPTVCollector - INFO - ✅ M3U 文件已生成: output/tv.m3u
2026-07-31 07:22:52,261 - IPTVCollector - INFO - ✅ TXT 文件已生成: output/tv.txt
2026-07-31 07:22:52,262 - IPTVCollector - INFO - ✅ 多源 M3U 文件已生成: output/tv_multi.m3u
2026-07-31 07:22:52,264 - IPTVCollector - INFO - ✅ JSON API 已生成: output/channels.json
2026-07-31 07:22:52,265 - IPTVCollector - INFO - ✅ 精简版已生成: output/tv_lite.m3u
2026-07-31 07:22:52,265 - IPTVCollector - INFO - ✅ M3U 文件已生成: output/tv_epg.m3u
2026-07-31 07:22:52,265 - IPTVCollector - INFO - 🧠 开始智能补充采集（从 abc123 源）...
2026-07-31 07:22:52,431 - IPTVCollector - WARNING - ⚠️ abc123 源返回 HTTP 403
2026-07-31 07:22:52,432 - IPTVCollector - WARNING - ⚠️ 未获取到任何智能补充分类内容
2026-07-31 07:22:52,432 - IPTVCollector - INFO - 🚀 IPTV 自治系统启动
2026-07-31 07:22:52,432 - IPTVCollector - INFO - ⏭️ 跳过发现阶段
2026-07-31 07:22:52,432 - IPTVCollector - INFO - ==================================================
阶段2: 从缓存观察候选源
==================================================
2026-07-31 07:22:52,459 - IPTVCollector - INFO -   📊 观察进度: 100/520，稳定 0 个
2026-07-31 07:22:52,482 - IPTVCollector - INFO -   📊 观察进度: 200/520，稳定 0 个
2026-07-31 07:22:52,502 - IPTVCollector - INFO -   📊 观察进度: 300/520，稳定 0 个
2026-07-31 07:22:52,520 - IPTVCollector - INFO -   📊 观察进度: 400/520，稳定 0 个
2026-07-31 07:22:52,537 - IPTVCollector - INFO -   📊 观察进度: 500/520，稳定 0 个
2026-07-31 07:22:52,541 - IPTVCollector - INFO - ✅ 观察阶段完成: 0 个源达到稳定标准
2026-07-31 07:22:52,541 - IPTVCollector - INFO - ==================================================
阶段3: 提升稳定源
==================================================
2026-07-31 07:22:52,541 - IPTVCollector - INFO - 📭 没有稳定的候选源需要提升
2026-07-31 07:22:52,541 - IPTVCollector - INFO - 📊 自治模式统计:
2026-07-31 07:22:52,541 - IPTVCollector - INFO -   候选池总数: 520, 观察中: 520, 稳定: 0
2026-07-31 07:22:52,541 - IPTVCollector - INFO -   本次新提升: 0
2026-07-31 07:22:52,542 - IPTVCollector - INFO - 🎉 全部完成！
2026-07-31 07:48:18,662 - IPTVCollector - INFO - 🚀 IPTV 智能整理平台启动
2026-07-31 07:48:18,664 - IPTVCollector - INFO - ✅ 数据库缓存已启用: data/iptv_cache.db
2026-07-31 07:48:18,666 - IPTVCollector - INFO - 📌 CCTV-1 已设为固定源 (auto_optimize=True)
2026-07-31 07:48:18,668 - IPTVCollector - INFO - 📌 CCTV-2 已设为固定源 (auto_optimize=True)
2026-07-31 07:48:18,669 - IPTVCollector - INFO - 📌 CCTV-3 已设为固定源 (auto_optimize=True)
2026-07-31 07:48:18,670 - IPTVCollector - INFO - 📌 CCTV-4 已设为固定源 (auto_optimize=True)
2026-07-31 07:48:18,672 - IPTVCollector - INFO - 📌 CCTV-5 已设为固定源 (auto_optimize=True)
2026-07-31 07:48:18,673 - IPTVCollector - INFO - 📌 CCTV-5+ 已设为固定源 (auto_optimize=True)
2026-07-31 07:48:18,674 - IPTVCollector - INFO - 📌 CCTV-6 已设为固定源 (auto_optimize=True)
2026-07-31 07:48:18,676 - IPTVCollector - INFO - 📌 CCTV-7 已设为固定源 (auto_optimize=True)
2026-07-31 07:48:18,677 - IPTVCollector - INFO - 📌 CCTV-8 已设为固定源 (auto_optimize=True)
2026-07-31 07:48:18,678 - IPTVCollector - INFO - 📌 CCTV-9 已设为固定源 (auto_optimize=True)
2026-07-31 07:48:18,679 - IPTVCollector - INFO - 📌 CCTV-10 已设为固定源 (auto_optimize=True)
2026-07-31 07:48:18,680 - IPTVCollector - INFO - 📌 CCTV-11 已设为固定源 (auto_optimize=True)
2026-07-31 07:48:18,682 - IPTVCollector - INFO - 📌 CCTV-12 已设为固定源 (auto_optimize=True)
2026-07-31 07:48:18,683 - IPTVCollector - INFO - 📌 CCTV-13 已设为固定源 (auto_optimize=True)
2026-07-31 07:48:18,684 - IPTVCollector - INFO - 📌 CCTV-14 已设为固定源 (auto_optimize=True)
2026-07-31 07:48:18,685 - IPTVCollector - INFO - 📌 CCTV-15 已设为固定源 (auto_optimize=True)
2026-07-31 07:48:18,686 - IPTVCollector - INFO - 📌 CCTV-16 已设为固定源 (auto_optimize=True)
2026-07-31 07:48:18,688 - IPTVCollector - INFO - 📌 CCTV-17 已设为固定源 (auto_optimize=True)
2026-07-31 07:48:18,689 - IPTVCollector - INFO - 📌 CCTV4欧洲 已设为固定源 (auto_optimize=True)
2026-07-31 07:48:18,690 - IPTVCollector - INFO - 📌 CCTV4美洲 已设为固定源 (auto_optimize=True)
2026-07-31 07:48:18,690 - IPTVCollector - INFO - 📌 固定源已同步到数据库
2026-07-31 07:48:18,691 - IPTVCollector - INFO - 📋 订阅源解析：普通 11 个，白名单 0 个
2026-07-31 07:48:18,691 - IPTVCollector - INFO - 📋 使用 11 个源
2026-07-31 07:48:18,696 - IPTVCollector - INFO - 🔄 拉取: https://raw.githubusercontent.com/zzgpy1/ITV/main/output/tv.m3u
2026-07-31 07:48:18,707 - IPTVCollector - INFO - 🔄 拉取: https://tv.19860519.xyz/xymm
2026-07-31 07:48:49,659 - IPTVCollector - INFO - 📊 测速完成，有效频道: 487 个
2026-07-31 07:48:49,659 - IPTVCollector - INFO - 📊 通过测速的频道数: 487
2026-07-31 07:48:54,401 - IPTVCollector - INFO - 🔍 ffmpeg 深度验证: 0 个需验证，483 个来自缓存/HTTP
2026-07-31 07:48:54,401 - IPTVCollector - INFO - ✅ ffmpeg 验证完成: 通过 483/487 个频道
2026-07-31 07:48:54,402 - IPTVCollector - INFO - 📊 通过ffmpeg验证的频道数: 483
2026-07-31 07:48:54,411 - IPTVCollector - INFO - 📌 已使用 17 个固定源（含自动优化）
2026-07-31 07:48:54,411 - IPTVCollector - INFO - 📊 合并完成: 共 437 个频道
2026-07-31 07:48:54,411 - IPTVCollector - INFO - 📊 合并后的频道数: 437
2026-07-31 07:48:54,453 - IPTVCollector - INFO - 📊 黑名单过滤后: 421
2026-07-31 07:48:54,456 - IPTVCollector - INFO - 📋 从 demo.txt 解析到 3541 个有序频道
2026-07-31 07:48:54,459 - IPTVCollector - INFO - 📋 从 demo.txt 解析到 3541 个有序频道
2026-07-31 07:50:46,743 - IPTVCollector - INFO - 📌 未分类频道追加到 '其他': Wild Earth
2026-07-31 07:50:46,743 - IPTVCollector - INFO - 📌 未分类频道追加到 '其他': 春晚2025
2026-07-31 07:50:46,744 - IPTVCollector - INFO - 📌 未分类频道追加到 '其他': 倩女幽魂妖魔道
2026-07-31 07:50:46,744 - IPTVCollector - INFO - 📌 未分类频道追加到 '其他': 倩女幽魂道道道
2026-07-31 07:50:46,744 - IPTVCollector - INFO - 📌 未分类频道追加到 '其他': 耀才财经
2026-07-31 07:50:46,744 - IPTVCollector - INFO - 📌 未分类频道追加到 '其他': 九台
2026-07-31 07:50:46,744 - IPTVCollector - INFO - 📌 未分类频道追加到 '其他': 双辽
2026-07-31 07:50:46,745 - IPTVCollector - INFO - 📌 未分类频道追加到 '其他': 东丰
2026-07-31 07:50:46,745 - IPTVCollector - INFO - 📌 未分类频道追加到 '其他': 倩女幽魂人间道
2026-07-31 07:50:46,745 - IPTVCollector - INFO - 📌 未分类频道追加到 '其他': WionNews
2026-07-31 07:50:46,745 - IPTVCollector - INFO - 📌 未分类频道追加到 '其他': 柳河
2026-07-31 07:50:46,745 - IPTVCollector - INFO - 📌 未分类频道追加到 '其他': 环球电视
2026-07-31 07:50:46,745 - IPTVCollector - INFO - 📌 未分类频道追加到 '其他': NewTV武搏世界
2026-07-31 07:50:46,746 - IPTVCollector - INFO - 📌 未分类频道追加到 '其他': 春晚2024
2026-07-31 07:50:46,746 - IPTVCollector - INFO - 📌 未分类频道追加到 '其他': 桦甸
2026-07-31 07:50:46,746 - IPTVCollector - INFO - 📌 未分类频道追加到 '其他': 珲春新闻
2026-07-31 07:50:46,746 - IPTVCollector - INFO - 📌 未分类频道追加到 '其他': 磐石
2026-07-31 07:50:46,747 - IPTVCollector - INFO - 📌 未分类频道追加到 '其他': 汪清
2026-07-31 07:50:46,747 - IPTVCollector - INFO - 📌 未分类频道追加到 '其他': 象视界
2026-07-31 07:50:46,747 - IPTVCollector - INFO - 📌 未分类频道追加到 '其他': 舒兰新闻
2026-07-31 07:50:46,747 - IPTVCollector - INFO - 📌 未分类频道追加到 '其他': 辉南新闻
2026-07-31 07:50:46,747 - IPTVCollector - INFO - 📌 未分类频道追加到 '其他': Home Plus
2026-07-31 07:50:46,747 - IPTVCollector - INFO - 📌 未分类频道追加到 '其他': Guangzhou TV
2026-07-31 07:50:46,749 - IPTVCollector - INFO - 🌏 自动追加: 通化县 -> ☘️吉林频道
2026-07-31 07:50:46,749 - IPTVCollector - INFO - 📌 未分类频道追加到 '其他': Chifeng Comprehensive News Chanel
2026-07-31 07:50:46,749 - IPTVCollector - INFO - 📌 未分类频道追加到 '其他': Nei Monggol TV 2 Mongolian Culture Channel [Not 24/7]
2026-07-31 07:50:46,749 - IPTVCollector - INFO - 📌 未分类频道追加到 '其他': Nei Monggol TV [Not 24/7]
2026-07-31 07:50:46,751 - IPTVCollector - INFO - 🌏 自动追加: 长白山电视台 -> ☘️吉林频道
2026-07-31 07:50:46,751 - IPTVCollector - INFO - 📌 未分类频道追加到 '其他': Harbin Comprehensive News Channel
2026-07-31 07:50:46,751 - IPTVCollector - INFO - 📌 未分类频道追加到 '其他': Harbin Movie Channel
2026-07-31 07:50:46,751 - IPTVCollector - INFO - 📌 未分类频道追加到 '其他': QTV-5
2026-07-31 07:50:46,752 - IPTVCollector - INFO - 📌 未分类频道追加到 '其他': QTV-1
2026-07-31 07:50:46,752 - IPTVCollector - INFO - 📌 未分类频道追加到 '其他': Hunan TV
2026-07-31 07:50:46,752 - IPTVCollector - INFO - 📌 未分类频道追加到 '其他': VOA美国之音
2026-07-31 07:50:46,752 - IPTVCollector - INFO - 📌 未分类频道追加到 '其他': QTV-3
2026-07-31 07:50:46,752 - IPTVCollector - INFO - 📌 未分类频道追加到 '其他': Xinjiang TV 2
2026-07-31 07:50:46,752 - IPTVCollector - INFO - 📌 未分类频道追加到 '其他': Xinjiang TV 3
2026-07-31 07:50:46,753 - IPTVCollector - INFO - 📌 未分类频道追加到 '其他': Tonghua TV
2026-07-31 07:50:46,753 - IPTVCollector - INFO - 📌 未分类频道追加到 '其他': 龙井
2026-07-31 07:50:46,753 - IPTVCollector - INFO - 🌏 自动追加: 浙江 Ⅰ 绍兴影视 -> ☘️浙江频道
2026-07-31 07:50:46,753 - IPTVCollector - INFO - 🌏 自动追加: 浙江 Ⅰ 绍兴综合 -> ☘️浙江频道
2026-07-31 07:50:46,753 - IPTVCollector - INFO - 📌 未分类频道追加到 '其他': TV BRICS Chinese
2026-07-31 07:50:46,754 - IPTVCollector - INFO - 📌 未分类频道追加到 '其他': Xinjiang TV 8
2026-07-31 07:50:46,754 - IPTVCollector - INFO - 📌 未分类频道追加到 '其他': Zhejiang TV International
2026-07-31 07:50:46,754 - IPTVCollector - INFO - 📌 未分类频道追加到 '其他': Siping TV
2026-07-31 07:50:46,754 - IPTVCollector - INFO - 📌 未分类频道追加到 '其他': CGTN Documentary
2026-07-31 07:50:46,754 - IPTVCollector - INFO - 🌏 自动追加: 绍兴电视台公共 -> ☘️浙江频道
2026-07-31 07:50:46,755 - IPTVCollector - INFO - 🌏 自动追加: 福州广电视台新闻综合频道 -> ☘️福建频道
2026-07-31 07:50:46,755 - IPTVCollector - INFO - 🌏 自动追加: 福州电视台少儿频道 -> ☘️福建频道
2026-07-31 07:50:46,755 - IPTVCollector - INFO - 📌 未分类频道追加到 '其他': 大立电视台
2026-07-31 07:50:46,755 - IPTVCollector - INFO - 📌 未分类频道追加到 '其他': 通海电视台
2026-07-31 07:50:46,756 - IPTVCollector - INFO - 📌 未分类频道追加到 '其他': RT News
2026-07-31 07:50:46,756 - IPTVCollector - INFO - 📌 未分类频道追加到 '其他': 兴隆综合
2026-07-31 07:50:46,756 - IPTVCollector - INFO - 📌 未分类频道追加到 '其他': 前郭综合 [Geo-blocked]
2026-07-31 07:50:46,756 - IPTVCollector - INFO - 📌 未分类频道追加到 '其他': 农安新闻综合 [Geo-blocked]
2026-07-31 07:50:46,758 - IPTVCollector - INFO - 🌏 自动追加: 松原新闻综合 [Geo-blocked] -> ☘️吉林频道
2026-07-31 07:50:46,758 - IPTVCollector - INFO - 📌 未分类频道追加到 '其他': 延边新闻综合 [Geo-blocked]
2026-07-31 07:50:46,758 - IPTVCollector - INFO - 📌 未分类频道追加到 '其他': 武进新闻 [Not 24/7]
2026-07-31 07:50:46,758 - IPTVCollector - INFO - 📌 未分类频道追加到 '其他': 武进生活 [Not 24/7]
2026-07-31 07:50:46,758 - IPTVCollector - INFO - 📌 未分类频道追加到 '其他': 江津经济生活
2026-07-31 07:50:46,758 - IPTVCollector - INFO - 📌 未分类频道追加到 '其他': 浙江经济
2026-07-31 07:50:46,760 - IPTVCollector - INFO - 🌏 自动追加: 白山新闻综合 [Geo-blocked] -> ☘️吉林频道
2026-07-31 07:50:46,760 - IPTVCollector - INFO - 📌 未分类频道追加到 '其他': 辽新闻综合 [Geo-blocked]
2026-07-31 07:50:46,761 - IPTVCollector - INFO - 🌏 自动追加: 通化新闻 [Geo-blocked] -> ☘️吉林频道
2026-07-31 07:50:46,763 - IPTVCollector - INFO - 🌏 自动追加: 长春综合 [Geo-blocked] -> ☘️吉林频道
2026-07-31 07:50:46,763 - IPTVCollector - INFO - 📌 未分类频道追加到 '其他': 龙门飞甲
2026-07-31 07:50:46,763 - IPTVCollector - INFO - 📌 未分类频道追加到 '其他': 集安综合 [Geo-blocked]
2026-07-31 07:50:46,763 - IPTVCollector - INFO - 📌 未分类频道追加到 '其他': CGTN French
2026-07-31 07:50:46,763 - IPTVCollector - INFO - 📌 未分类频道追加到 '其他': 靖江新闻綜合 [Not 24/7]
2026-07-31 07:50:46,764 - IPTVCollector - INFO - 📌 未分类频道追加到 '其他': 餘姚姚江文化 [Not 24/7]
2026-07-31 07:50:46,764 - IPTVCollector - INFO - 📌 未分类频道追加到 '其他': 伊犁经济法制
2026-07-31 07:50:46,764 - IPTVCollector - INFO - 📌 未分类频道追加到 '其他': Jiangsu Public & News Channel
2026-07-31 07:50:46,764 - IPTVCollector - INFO - 📌 未分类频道追加到 '其他': 荣昌综合 [Not 24/7]
2026-07-31 07:50:46,764 - IPTVCollector - INFO - 📌 未分类频道追加到 '其他': 玛纳斯综合
2026-07-31 07:50:46,764 - IPTVCollector - INFO - 📌 未分类频道追加到 '其他': Xinjiang TV 1
2026-07-31 07:50:46,765 - IPTVCollector - INFO - 📌 未分类频道追加到 '其他': 兵团五师双河影
2026-07-31 07:50:46,765 - IPTVCollector - INFO - 📌 未分类频道追加到 '其他': 浙江钱江都市
2026-07-31 07:50:46,765 - IPTVCollector - INFO - 📌 未分类频道追加到 '其他': 玛纳斯
2026-07-31 07:50:46,765 - IPTVCollector - INFO - 📌 未分类频道追加到 '其他': CGTN记录
2026-07-31 07:50:46,765 - IPTVCollector - INFO - 🌏 自动追加: 上海卫视 -> ☘️上海频道
2026-07-31 07:50:46,766 - IPTVCollector - INFO - 📌 未分类频道追加到 '其他': 东南卫视
2026-07-31 07:50:46,766 - IPTVCollector - INFO - 🌏 自动追加: 镇江二套社会民生 -> ☘️江苏频道
2026-07-31 07:50:46,766 - IPTVCollector - INFO - 📌 未分类频道追加到 '其他': 熊猫直
2026-07-31 07:50:46,767 - IPTVCollector - INFO - 🌏 自动追加: 邯郸公共频道 -> ☘️河北频道
2026-07-31 07:50:46,767 - IPTVCollector - INFO - 📌 未分类频道追加到 '其他': 梨园
2026-07-31 07:50:46,767 - IPTVCollector - INFO - 📌 未分类频道追加到 '其他': 第一财经
2026-07-31 07:50:46,767 - IPTVCollector - INFO - 📌 未分类频道追加到 '其他': 上虞新商都
2026-07-31 07:50:46,768 - IPTVCollector - INFO - 📌 未分类频道追加到 '其他': 数码时代
2026-07-31 07:50:46,768 - IPTVCollector - INFO - 📌 未分类频道追加到 '其他': 余杭未来E频道
2026-07-31 07:50:46,768 - IPTVCollector - INFO - 📌 未分类频道追加到 '其他': 浙江教科影院
2026-07-31 07:50:46,768 - IPTVCollector - INFO - 📌 未分类频道追加到 '其他': 浙江教育
2026-07-31 07:50:46,768 - IPTVCollector - INFO - 📌 未分类频道追加到 '其他': 浙江钱江频道
2026-07-31 07:50:46,769 - IPTVCollector - INFO - 📌 未分类频道追加到 '其他': 浙江民生休闲
2026-07-31 07:50:46,769 - IPTVCollector - INFO - 🌏 自动追加: 湖州公共民生 -> ☘️浙江频道
2026-07-31 07:50:46,769 - IPTVCollector - INFO - 📌 未分类频道追加到 '其他': 浙江生活
2026-07-31 07:50:46,769 - IPTVCollector - INFO - 📌 未分类频道追加到 '其他': 衢江新闻综合
2026-07-31 07:50:46,769 - IPTVCollector - INFO - 📌 未分类频道追加到 '其他': 凤凰资讯
2026-07-31 07:50:46,769 - IPTVCollector - INFO - 🌏 自动追加: 凤凰香港 -> 🌊港·澳·台
2026-07-31 07:50:46,770 - IPTVCollector - INFO - 📌 未分类频道追加到 '其他': 凤凰中文
2026-07-31 07:50:46,770 - IPTVCollector - INFO - 📌 未分类频道追加到 '其他': 浙江留学
2026-07-31 07:50:46,770 - IPTVCollector - INFO - 📌 未分类频道追加到 '其他': 象山新闻综合
2026-07-31 07:50:46,770 - IPTVCollector - INFO - 📌 未分类频道追加到 '其他': 韩国电影2
2026-07-31 07:50:46,770 - IPTVCollector - INFO - 📌 未分类频道追加到 '其他': 韩国电影1
2026-07-31 07:50:46,770 - IPTVCollector - INFO - 📌 未分类频道追加到 '其他': CHC电影
2026-07-31 07:50:46,772 - IPTVCollector - INFO - 🌏 自动追加: 武汉一台新闻综合 -> ☘️湖北频道
2026-07-31 07:50:46,774 - IPTVCollector - INFO - 🌏 自动追加: 长沙新闻综合 -> ☘️湖南频道
2026-07-31 07:50:46,774 - IPTVCollector - INFO - 📌 未分类频道追加到 '其他': 萧山综合
2026-07-31 07:50:46,774 - IPTVCollector - INFO - 📌 未分类频道追加到 '其他': 浙江教科影视
2026-07-31 07:50:46,774 - IPTVCollector - INFO - 📌 未分类频道追加到 '其他': 都市青春
2026-07-31 07:50:46,774 - IPTVCollector - INFO - 📌 未分类频道追加到 '其他': 辽宁青少
2026-07-31 07:50:46,774 - IPTVCollector - INFO - 📌 未分类频道追加到 '其他': 陕西新闻咨询
2026-07-31 07:50:46,775 - IPTVCollector - INFO - 📌 未分类频道追加到 '其他': 江津新闻
2026-07-31 07:50:46,776 - IPTVCollector - INFO - 🌏 自动追加: 哈尔滨都市咨询 -> ☘️黑龙江频道
2026-07-31 07:50:46,776 - IPTVCollector - INFO - 📌 未分类频道追加到 '其他': 华丽翡翠台
2026-07-31 07:50:46,776 - IPTVCollector - INFO - 📌 未分类频道追加到 '其他': 无线新闻台
2026-07-31 07:50:46,777 - IPTVCollector - INFO - 📌 未分类频道追加到 '其他': FZTV3
2026-07-31 07:50:46,777 - IPTVCollector - INFO - 📌 未分类频道追加到 '其他': TVB星河
2026-07-31 07:50:46,777 - IPTVCollector - INFO - 📌 未分类频道追加到 '其他': 新闻咨询
2026-07-31 07:50:46,777 - IPTVCollector - INFO - 📌 未分类频道追加到 '其他': 河南电视剧
2026-07-31 07:50:46,777 - IPTVCollector - INFO - 📌 未分类频道追加到 '其他': 音乐欣赏
2026-07-31 07:50:46,777 - IPTVCollector - INFO - 📌 未分类频道追加到 '其他': 1988年春晚
2026-07-31 07:50:46,778 - IPTVCollector - INFO - 📌 未分类频道追加到 '其他': 1989年春晚
2026-07-31 07:50:46,778 - IPTVCollector - INFO - 📌 未分类频道追加到 '其他': 1987年春晚
2026-07-31 07:50:46,778 - IPTVCollector - INFO - 📌 未分类频道追加到 '其他': ABN China
2026-07-31 07:50:46,778 - IPTVCollector - INFO - 📌 未分类频道追加到 '其他': Bread TV面包台
2026-07-31 07:50:46,778 - IPTVCollector - INFO - 📌 未分类频道追加到 '其他': 韩国EBS少儿
2026-07-31 07:50:46,778 - IPTVCollector - INFO - 📌 未分类频道追加到 '其他': CNA
2026-07-31 07:50:46,779 - IPTVCollector - INFO - 📌 未分类频道追加到 '其他': Dali TV
2026-07-31 07:50:46,779 - IPTVCollector - INFO - 📌 未分类频道追加到 '其他': 地理中国
2026-07-31 07:50:46,779 - IPTVCollector - INFO - 📌 未分类频道追加到 '其他': 人与自然
2026-07-31 07:50:46,779 - IPTVCollector - INFO - 📌 未分类频道追加到 '其他': 音乐现场
2026-07-31 07:50:46,779 - IPTVCollector - INFO - 📌 未分类频道追加到 '其他': 自然传奇
2026-07-31 07:50:46,779 - IPTVCollector - INFO - 📌 未分类频道追加到 '其他': Beautiful Life TV
2026-07-31 07:50:46,780 - IPTVCollector - INFO - 📌 未分类频道追加到 '其他': Newsmax
2026-07-31 07:50:46,780 - IPTVCollector - INFO - 📌 未分类频道追加到 '其他': Arirang
2026-07-31 07:50:46,780 - IPTVCollector - INFO - 📌 未分类频道追加到 '其他': Supreme Master TV
2026-07-31 07:50:46,780 - IPTVCollector - INFO - 📌 未分类频道追加到 '其他': 飞碟之谜01
2026-07-31 07:50:46,780 - IPTVCollector - INFO - 📌 未分类频道追加到 '其他': 2024年春晚
2026-07-31 07:50:46,780 - IPTVCollector - INFO - 📌 未分类频道追加到 '其他': Good 2
2026-07-31 07:50:46,781 - IPTVCollector - INFO - 📌 未分类频道追加到 '其他': Good
2026-07-31 07:50:46,781 - IPTVCollector - INFO - 📌 未分类频道追加到 '其他': TVB News
2026-07-31 07:50:46,781 - IPTVCollector - INFO - 📌 未分类频道追加到 '其他': TVB Plus
2026-07-31 07:50:46,781 - IPTVCollector - INFO - 📌 未分类频道追加到 '其他': Angel TV Chinese
2026-07-31 07:50:46,781 - IPTVCollector - INFO - 📌 未分类频道追加到 '其他': RT Arabic
2026-07-31 07:50:46,782 - IPTVCollector - INFO - 📌 未分类频道追加到 '其他': RT Doc-Русский
2026-07-31 07:50:46,782 - IPTVCollector - INFO - 📌 未分类频道追加到 '其他': Pet Club TV
2026-07-31 07:50:46,782 - IPTVCollector - INFO - 📌 未分类频道追加到 '其他': Trace Sports
2026-07-31 07:50:46,782 - IPTVCollector - INFO - 📌 未分类频道追加到 '其他': RT Español
2026-07-31 07:50:46,782 - IPTVCollector - INFO - 📌 未分类频道追加到 '其他': RT Documentary
2026-07-31 07:50:46,782 - IPTVCollector - INFO - 📌 未分类频道追加到 '其他': RT Français
2026-07-31 07:50:46,782 - IPTVCollector - INFO - 📌 未分类频道追加到 '其他': RT Balkan
2026-07-31 07:50:46,783 - IPTVCollector - INFO - 📌 未分类频道追加到 '其他': RT DE
2026-07-31 07:50:46,783 - IPTVCollector - INFO - 🎯 Demo 筛选：原始 421 -> 匹配/分类后 421 个频道
2026-07-31 07:50:46,783 - IPTVCollector - INFO - 📊 Demo筛选后: 421
2026-07-31 07:50:46,784 - IPTVCollector - INFO - ✅ M3U 文件已生成: output/tv.m3u
2026-07-31 07:50:46,785 - IPTVCollector - INFO - ✅ TXT 文件已生成: output/tv.txt
2026-07-31 07:50:46,786 - IPTVCollector - INFO - ✅ 多源 M3U 文件已生成: output/tv_multi.m3u
2026-07-31 07:50:46,789 - IPTVCollector - INFO - ✅ JSON API 已生成: output/channels.json
2026-07-31 07:50:46,790 - IPTVCollector - INFO - ✅ 精简版已生成: output/tv_lite.m3u
2026-07-31 07:50:46,790 - IPTVCollector - INFO - ✅ M3U 文件已生成: output/tv_epg.m3u
2026-07-31 07:50:46,790 - IPTVCollector - INFO - 🧠 开始智能补充采集（从 abc123 源）...
2026-07-31 07:50:46,945 - IPTVCollector - WARNING - ⚠️ abc123 源返回 HTTP 403
2026-07-31 07:50:46,945 - IPTVCollector - WARNING - ⚠️ 未获取到任何智能补充分类内容
2026-07-31 07:50:46,946 - IPTVCollector - INFO - 🚀 IPTV 自治系统启动
2026-07-31 07:50:46,946 - IPTVCollector - INFO - ⏭️ 跳过发现阶段
2026-07-31 07:50:46,946 - IPTVCollector - INFO - ==================================================
阶段2: 从缓存观察候选源
==================================================
2026-07-31 07:50:46,968 - IPTVCollector - INFO -   📊 观察进度: 100/563，稳定 0 个
2026-07-31 07:50:46,991 - IPTVCollector - INFO -   📊 观察进度: 200/563，稳定 0 个
2026-07-31 07:50:47,015 - IPTVCollector - INFO -   📊 观察进度: 300/563，稳定 0 个
2026-07-31 07:50:47,039 - IPTVCollector - INFO -   📊 观察进度: 400/563，稳定 0 个
2026-07-31 07:50:47,059 - IPTVCollector - INFO -   📊 观察进度: 500/563，稳定 0 个
2026-07-31 07:50:47,070 - IPTVCollector - INFO - ✅ 观察阶段完成: 0 个源达到稳定标准
2026-07-31 07:50:47,070 - IPTVCollector - INFO - ==================================================
阶段3: 提升稳定源
==================================================
2026-07-31 07:50:47,070 - IPTVCollector - INFO - 📭 没有稳定的候选源需要提升
2026-07-31 07:50:47,071 - IPTVCollector - INFO - 📊 自治模式统计:
2026-07-31 07:50:47,071 - IPTVCollector - INFO -   候选池总数: 563, 观察中: 563, 稳定: 0
2026-07-31 07:50:47,071 - IPTVCollector - INFO -   本次新提升: 0
2026-07-31 07:50:47,071 - IPTVCollector - INFO - 🎉 全部完成！
2026-07-31 08:07:33,933 - IPTVCollector - INFO - 🚀 IPTV 智能整理平台启动
2026-07-31 08:07:33,935 - IPTVCollector - INFO - ✅ 数据库缓存已启用: data/iptv_cache.db
2026-07-31 08:07:33,937 - IPTVCollector - INFO - 📌 CCTV-1 已设为固定源 (auto_optimize=True)
2026-07-31 08:07:33,938 - IPTVCollector - INFO - 📌 CCTV-2 已设为固定源 (auto_optimize=True)
2026-07-31 08:07:33,939 - IPTVCollector - INFO - 📌 CCTV-3 已设为固定源 (auto_optimize=True)
2026-07-31 08:07:33,940 - IPTVCollector - INFO - 📌 CCTV-4 已设为固定源 (auto_optimize=True)
2026-07-31 08:07:33,941 - IPTVCollector - INFO - 📌 CCTV-5 已设为固定源 (auto_optimize=True)
2026-07-31 08:07:33,942 - IPTVCollector - INFO - 📌 CCTV-5+ 已设为固定源 (auto_optimize=True)
2026-07-31 08:07:33,942 - IPTVCollector - INFO - 📌 CCTV-6 已设为固定源 (auto_optimize=True)
2026-07-31 08:07:33,943 - IPTVCollector - INFO - 📌 CCTV-7 已设为固定源 (auto_optimize=True)
2026-07-31 08:07:33,944 - IPTVCollector - INFO - 📌 CCTV-8 已设为固定源 (auto_optimize=True)
2026-07-31 08:07:33,945 - IPTVCollector - INFO - 📌 CCTV-9 已设为固定源 (auto_optimize=True)
2026-07-31 08:07:33,946 - IPTVCollector - INFO - 📌 CCTV-10 已设为固定源 (auto_optimize=True)
2026-07-31 08:07:33,947 - IPTVCollector - INFO - 📌 CCTV-11 已设为固定源 (auto_optimize=True)
2026-07-31 08:07:33,948 - IPTVCollector - INFO - 📌 CCTV-12 已设为固定源 (auto_optimize=True)
2026-07-31 08:07:33,949 - IPTVCollector - INFO - 📌 CCTV-13 已设为固定源 (auto_optimize=True)
2026-07-31 08:07:33,950 - IPTVCollector - INFO - 📌 CCTV-14 已设为固定源 (auto_optimize=True)
2026-07-31 08:07:33,951 - IPTVCollector - INFO - 📌 CCTV-15 已设为固定源 (auto_optimize=True)
2026-07-31 08:07:33,952 - IPTVCollector - INFO - 📌 CCTV-16 已设为固定源 (auto_optimize=True)
2026-07-31 08:07:33,953 - IPTVCollector - INFO - 📌 CCTV-17 已设为固定源 (auto_optimize=True)
2026-07-31 08:07:33,954 - IPTVCollector - INFO - 📌 CCTV4欧洲 已设为固定源 (auto_optimize=True)
2026-07-31 08:07:33,955 - IPTVCollector - INFO - 📌 CCTV4美洲 已设为固定源 (auto_optimize=True)
2026-07-31 08:07:33,955 - IPTVCollector - INFO - 📌 固定源已同步到数据库
2026-07-31 08:07:33,955 - IPTVCollector - INFO - 📋 订阅源解析：普通 11 个，白名单 0 个
2026-07-31 08:07:33,955 - IPTVCollector - INFO - 📋 使用 11 个源
2026-07-31 08:08:01,191 - IPTVCollector - INFO - 📊 测速完成，有效频道: 480 个
2026-07-31 08:08:01,192 - IPTVCollector - INFO - 📊 通过测速的频道数: 480
2026-07-31 08:08:01,752 - IPTVCollector - INFO - 🔍 ffmpeg 深度验证: 0 个需验证，476 个来自缓存/HTTP
2026-07-31 08:08:01,752 - IPTVCollector - INFO - ✅ ffmpeg 验证完成: 通过 476/480 个频道
2026-07-31 08:08:01,753 - IPTVCollector - INFO - 📊 通过ffmpeg验证的频道数: 476
2026-07-31 08:08:01,761 - IPTVCollector - INFO - 📌 已使用 17 个固定源（含自动优化）
2026-07-31 08:08:01,761 - IPTVCollector - INFO - 📊 合并完成: 共 432 个频道
2026-07-31 08:08:01,761 - IPTVCollector - INFO - 📊 合并后的频道数: 432
2026-07-31 08:08:01,801 - IPTVCollector - INFO - 📊 黑名单过滤后: 415
2026-07-31 08:08:01,803 - IPTVCollector - INFO - 📋 从 demo.txt 解析到 3541 个有序频道
2026-07-31 08:08:01,806 - IPTVCollector - INFO - 📋 从 demo.txt 解析到 3541 个有序频道
2026-07-31 08:09:28,827 - IPTVCollector - INFO - 📌 未分类频道追加到 '其他': ABN China
2026-07-31 08:09:28,827 - IPTVCollector - INFO - 📌 未分类频道追加到 '其他': Home Plus
2026-07-31 08:09:28,828 - IPTVCollector - INFO - 📌 未分类频道追加到 '其他': Bread TV面包台
2026-07-31 08:09:28,828 - IPTVCollector - INFO - 📌 未分类频道追加到 '其他': VOA美国之音
2026-07-31 08:09:28,828 - IPTVCollector - INFO - 📌 未分类频道追加到 '其他': QTV-3
2026-07-31 08:09:28,828 - IPTVCollector - INFO - 📌 未分类频道追加到 '其他': QTV-5
2026-07-31 08:09:28,828 - IPTVCollector - INFO - 📌 未分类频道追加到 '其他': Xinjiang TV 3
2026-07-31 08:09:28,829 - IPTVCollector - INFO - 📌 未分类频道追加到 '其他': Angel TV Chinese
2026-07-31 08:09:28,829 - IPTVCollector - INFO - 📌 未分类频道追加到 '其他': Guangzhou TV
2026-07-31 08:09:28,829 - IPTVCollector - INFO - 📌 未分类频道追加到 '其他': Hunan TV
2026-07-31 08:09:28,829 - IPTVCollector - INFO - 📌 未分类频道追加到 '其他': Xinjiang TV 8
2026-07-31 08:09:28,829 - IPTVCollector - INFO - 📌 未分类频道追加到 '其他': Harbin Comprehensive News Channel
2026-07-31 08:09:28,830 - IPTVCollector - INFO - 📌 未分类频道追加到 '其他': Tonghua TV
2026-07-31 08:09:28,830 - IPTVCollector - INFO - 📌 未分类频道追加到 '其他': Harbin Movie Channel
2026-07-31 08:09:28,830 - IPTVCollector - INFO - 📌 未分类频道追加到 '其他': QTV-1
2026-07-31 08:09:28,830 - IPTVCollector - INFO - 📌 未分类频道追加到 '其他': Nei Monggol TV [Not 24/7]
2026-07-31 08:09:28,830 - IPTVCollector - INFO - 📌 未分类频道追加到 '其他': Nei Monggol TV 2 Mongolian Culture Channel [Not 24/7]
2026-07-31 08:09:28,831 - IPTVCollector - INFO - 📌 未分类频道追加到 '其他': Chifeng Comprehensive News Chanel
2026-07-31 08:09:28,831 - IPTVCollector - INFO - 📌 未分类频道追加到 '其他': TV BRICS Chinese
2026-07-31 08:09:28,831 - IPTVCollector - INFO - 📌 未分类频道追加到 '其他': Zhejiang TV International
2026-07-31 08:09:28,831 - IPTVCollector - INFO - 📌 未分类频道追加到 '其他': Siping TV
2026-07-31 08:09:28,831 - IPTVCollector - INFO - 🌏 自动追加: 凤凰香港 -> 🌊港·澳·台
2026-07-31 08:09:28,831 - IPTVCollector - INFO - 📌 未分类频道追加到 '其他': 韩国电影1
2026-07-31 08:09:28,832 - IPTVCollector - INFO - 📌 未分类频道追加到 '其他': 韩国电影2
2026-07-31 08:09:28,832 - IPTVCollector - INFO - 📌 未分类频道追加到 '其他': 农安新闻综合 [Geo-blocked]
2026-07-31 08:09:28,832 - IPTVCollector - INFO - 📌 未分类频道追加到 '其他': 前郭综合 [Geo-blocked]
2026-07-31 08:09:28,832 - IPTVCollector - INFO - 📌 未分类频道追加到 '其他': 兴隆综合
2026-07-31 08:09:28,834 - IPTVCollector - INFO - 🌏 自动追加: 长沙新闻综合 -> ☘️湖南频道
2026-07-31 08:09:28,834 - IPTVCollector - INFO - 📌 未分类频道追加到 '其他': Xinjiang TV 2
2026-07-31 08:09:28,836 - IPTVCollector - INFO - 🌏 自动追加: 松原新闻综合 [Geo-blocked] -> ☘️吉林频道
2026-07-31 08:09:28,836 - IPTVCollector - INFO - 📌 未分类频道追加到 '其他': 武进新闻 [Not 24/7]
2026-07-31 08:09:28,836 - IPTVCollector - INFO - 📌 未分类频道追加到 '其他': 武进生活 [Not 24/7]
2026-07-31 08:09:28,836 - IPTVCollector - INFO - 📌 未分类频道追加到 '其他': FZTV3
2026-07-31 08:09:28,836 - IPTVCollector - INFO - 📌 未分类频道追加到 '其他': 河南电视剧
2026-07-31 08:09:28,837 - IPTVCollector - INFO - 📌 未分类频道追加到 '其他': 浙江经济
2026-07-31 08:09:28,837 - IPTVCollector - INFO - 📌 未分类频道追加到 '其他': 辽宁青少
2026-07-31 08:09:28,837 - IPTVCollector - INFO - 🌏 自动追加: 浙江 Ⅰ 绍兴影视 -> ☘️浙江频道
2026-07-31 08:09:28,838 - IPTVCollector - INFO - 🌏 自动追加: 白山新闻综合 [Geo-blocked] -> ☘️吉林频道
2026-07-31 08:09:28,839 - IPTVCollector - INFO - 🌏 自动追加: 福州广电视台新闻综合频道 -> ☘️福建频道
2026-07-31 08:09:28,839 - IPTVCollector - INFO - 📌 未分类频道追加到 '其他': 都市青春
2026-07-31 08:09:28,839 - IPTVCollector - INFO - 🌏 自动追加: 福州电视台少儿频道 -> ☘️福建频道
2026-07-31 08:09:28,840 - IPTVCollector - INFO - 📌 未分类频道追加到 '其他': 陕西新闻咨询
2026-07-31 08:09:28,840 - IPTVCollector - INFO - 📌 未分类频道追加到 '其他': 辽新闻综合 [Geo-blocked]
2026-07-31 08:09:28,841 - IPTVCollector - INFO - 🌏 自动追加: 通化新闻 [Geo-blocked] -> ☘️吉林频道
2026-07-31 08:09:28,841 - IPTVCollector - INFO - 📌 未分类频道追加到 '其他': 江津新闻
2026-07-31 08:09:28,842 - IPTVCollector - INFO - 📌 未分类频道追加到 '其他': 荣昌综合 [Not 24/7]
2026-07-31 08:09:28,843 - IPTVCollector - INFO - 🌏 自动追加: 长春综合 [Geo-blocked] -> ☘️吉林频道
2026-07-31 08:09:28,843 - IPTVCollector - INFO - 📌 未分类频道追加到 '其他': 龙门飞甲
2026-07-31 08:09:28,843 - IPTVCollector - INFO - 📌 未分类频道追加到 '其他': 集安综合 [Geo-blocked]
2026-07-31 08:09:28,844 - IPTVCollector - INFO - 📌 未分类频道追加到 '其他': 靖江新闻綜合 [Not 24/7]
2026-07-31 08:09:28,844 - IPTVCollector - INFO - 📌 未分类频道追加到 '其他': CGTN French
2026-07-31 08:09:28,844 - IPTVCollector - INFO - 📌 未分类频道追加到 '其他': Xinjiang TV 1
2026-07-31 08:09:28,844 - IPTVCollector - INFO - 📌 未分类频道追加到 '其他': 伊犁经济法制
2026-07-31 08:09:28,846 - IPTVCollector - INFO - 🌏 自动追加: 哈尔滨都市咨询 -> ☘️黑龙江频道
2026-07-31 08:09:28,846 - IPTVCollector - INFO - 📌 未分类频道追加到 '其他': 玛纳斯
2026-07-31 08:09:28,846 - IPTVCollector - INFO - 📌 未分类频道追加到 '其他': 玛纳斯综合
2026-07-31 08:09:28,846 - IPTVCollector - INFO - 📌 未分类频道追加到 '其他': 餘姚姚江文化 [Not 24/7]
2026-07-31 08:09:28,846 - IPTVCollector - INFO - 📌 未分类频道追加到 '其他': Jiangsu Public & News Channel
2026-07-31 08:09:28,847 - IPTVCollector - INFO - 📌 未分类频道追加到 '其他': 华丽翡翠台
2026-07-31 08:09:28,847 - IPTVCollector - INFO - 📌 未分类频道追加到 '其他': 浙江钱江都市
2026-07-31 08:09:28,847 - IPTVCollector - INFO - 📌 未分类频道追加到 '其他': 无线新闻台
2026-07-31 08:09:28,847 - IPTVCollector - INFO - 📌 未分类频道追加到 '其他': 新闻咨询
2026-07-31 08:09:28,847 - IPTVCollector - INFO - 📌 未分类频道追加到 '其他': CGTN记录
2026-07-31 08:09:28,848 - IPTVCollector - INFO - 🌏 自动追加: 上海卫视 -> ☘️上海频道
2026-07-31 08:09:28,848 - IPTVCollector - INFO - 📌 未分类频道追加到 '其他': 东南卫视
2026-07-31 08:09:28,848 - IPTVCollector - INFO - 📌 未分类频道追加到 '其他': 熊猫直
2026-07-31 08:09:28,848 - IPTVCollector - INFO - 📌 未分类频道追加到 '其他': 韩国EBS少儿
2026-07-31 08:09:28,848 - IPTVCollector - INFO - 📌 未分类频道追加到 '其他': 音乐欣赏
2026-07-31 08:09:28,848 - IPTVCollector - INFO - 📌 未分类频道追加到 '其他': TVB星河
2026-07-31 08:09:28,849 - IPTVCollector - INFO - 📌 未分类频道追加到 '其他': 人与自然
2026-07-31 08:09:28,849 - IPTVCollector - INFO - 📌 未分类频道追加到 '其他': 自然传奇
2026-07-31 08:09:28,849 - IPTVCollector - INFO - 📌 未分类频道追加到 '其他': 地理中国
2026-07-31 08:09:28,849 - IPTVCollector - INFO - 📌 未分类频道追加到 '其他': 1987年春晚
2026-07-31 08:09:28,849 - IPTVCollector - INFO - 📌 未分类频道追加到 '其他': 1988年春晚
2026-07-31 08:09:28,849 - IPTVCollector - INFO - 📌 未分类频道追加到 '其他': 1989年春晚
2026-07-31 08:09:28,850 - IPTVCollector - INFO - 📌 未分类频道追加到 '其他': 音乐现场
2026-07-31 08:09:28,850 - IPTVCollector - INFO - 📌 未分类频道追加到 '其他': RT Doc-Русский
2026-07-31 08:09:28,850 - IPTVCollector - INFO - 📌 未分类频道追加到 '其他': RT Documentary
2026-07-31 08:09:28,850 - IPTVCollector - INFO - 📌 未分类频道追加到 '其他': 飞碟之谜01
2026-07-31 08:09:28,851 - IPTVCollector - INFO - 🌏 自动追加: 邯郸公共频道 -> ☘️河北频道
2026-07-31 08:09:28,852 - IPTVCollector - INFO - 📌 未分类频道追加到 '其他': Beautiful Life TV
2026-07-31 08:09:28,852 - IPTVCollector - INFO - 📌 未分类频道追加到 '其他': CNA
2026-07-31 08:09:28,852 - IPTVCollector - INFO - 📌 未分类频道追加到 '其他': Newsmax
2026-07-31 08:09:28,852 - IPTVCollector - INFO - 📌 未分类频道追加到 '其他': Dali TV
2026-07-31 08:09:28,852 - IPTVCollector - INFO - 📌 未分类频道追加到 '其他': Good
2026-07-31 08:09:28,852 - IPTVCollector - INFO - 📌 未分类频道追加到 '其他': Good 2
2026-07-31 08:09:28,853 - IPTVCollector - INFO - 📌 未分类频道追加到 '其他': 梨园
2026-07-31 08:09:28,853 - IPTVCollector - INFO - 📌 未分类频道追加到 '其他': Supreme Master TV
2026-07-31 08:09:28,853 - IPTVCollector - INFO - 📌 未分类频道追加到 '其他': RT Arabic
2026-07-31 08:09:28,853 - IPTVCollector - INFO - 📌 未分类频道追加到 '其他': Trace Sports
2026-07-31 08:09:28,853 - IPTVCollector - INFO - 📌 未分类频道追加到 '其他': Pet Club TV
2026-07-31 08:09:28,853 - IPTVCollector - INFO - 📌 未分类频道追加到 '其他': TVB News
2026-07-31 08:09:28,854 - IPTVCollector - INFO - 📌 未分类频道追加到 '其他': 2024年春晚
2026-07-31 08:09:28,854 - IPTVCollector - INFO - 📌 未分类频道追加到 '其他': RT DE
2026-07-31 08:09:28,854 - IPTVCollector - INFO - 📌 未分类频道追加到 '其他': 上虞新商都
2026-07-31 08:09:28,854 - IPTVCollector - INFO - 📌 未分类频道追加到 '其他': RT Español
2026-07-31 08:09:28,854 - IPTVCollector - INFO - 📌 未分类频道追加到 '其他': WionNews
2026-07-31 08:09:28,855 - IPTVCollector - INFO - 📌 未分类频道追加到 '其他': TVB Plus
2026-07-31 08:09:28,855 - IPTVCollector - INFO - 📌 未分类频道追加到 '其他': Wild Earth
2026-07-31 08:09:28,855 - IPTVCollector - INFO - 📌 未分类频道追加到 '其他': RT Balkan
2026-07-31 08:09:28,855 - IPTVCollector - INFO - 📌 未分类频道追加到 '其他': 倩女幽魂人间道
2026-07-31 08:09:28,855 - IPTVCollector - INFO - 📌 未分类频道追加到 '其他': 倩女幽魂妖魔道
2026-07-31 08:09:28,855 - IPTVCollector - INFO - 📌 未分类频道追加到 '其他': 第一财经
2026-07-31 08:09:28,856 - IPTVCollector - INFO - 📌 未分类频道追加到 '其他': 倩女幽魂道道道
2026-07-31 08:09:28,856 - IPTVCollector - INFO - 📌 未分类频道追加到 '其他': 春晚2025
2026-07-31 08:09:28,856 - IPTVCollector - INFO - 📌 未分类频道追加到 '其他': RT Français
2026-07-31 08:09:28,856 - IPTVCollector - INFO - 📌 未分类频道追加到 '其他': 余杭未来E频道
2026-07-31 08:09:28,856 - IPTVCollector - INFO - 📌 未分类频道追加到 '其他': 耀才财经
2026-07-31 08:09:28,856 - IPTVCollector - INFO - 📌 未分类频道追加到 '其他': NewTV武搏世界
2026-07-31 08:09:28,857 - IPTVCollector - INFO - 📌 未分类频道追加到 '其他': 环球电视
2026-07-31 08:09:28,857 - IPTVCollector - INFO - 📌 未分类频道追加到 '其他': 双辽
2026-07-31 08:09:28,857 - IPTVCollector - INFO - 📌 未分类频道追加到 '其他': 九台
2026-07-31 08:09:28,857 - IPTVCollector - INFO - 📌 未分类频道追加到 '其他': 春晚2024
2026-07-31 08:09:28,857 - IPTVCollector - INFO - 📌 未分类频道追加到 '其他': 数码时代
2026-07-31 08:09:28,857 - IPTVCollector - INFO - 📌 未分类频道追加到 '其他': 桦甸
2026-07-31 08:09:28,858 - IPTVCollector - INFO - 📌 未分类频道追加到 '其他': 东丰
2026-07-31 08:09:28,858 - IPTVCollector - INFO - 📌 未分类频道追加到 '其他': 汪清
2026-07-31 08:09:28,858 - IPTVCollector - INFO - 📌 未分类频道追加到 '其他': CGTN-Documentary
2026-07-31 08:09:28,858 - IPTVCollector - INFO - 📌 未分类频道追加到 '其他': 珲春新闻
2026-07-31 08:09:28,858 - IPTVCollector - INFO - 📌 未分类频道追加到 '其他': 磐石
2026-07-31 08:09:28,858 - IPTVCollector - INFO - 📌 未分类频道追加到 '其他': 柳河
2026-07-31 08:09:28,859 - IPTVCollector - INFO - 📌 未分类频道追加到 '其他': 延边2
2026-07-31 08:09:28,859 - IPTVCollector - INFO - 📌 未分类频道追加到 '其他': 辉南新闻
2026-07-31 08:09:28,859 - IPTVCollector - INFO - 🌏 自动追加: 浙江 Ⅰ 绍兴综合 -> ☘️浙江频道
2026-07-31 08:09:28,859 - IPTVCollector - INFO - 📌 未分类频道追加到 '其他': 舒兰新闻
2026-07-31 08:09:28,861 - IPTVCollector - INFO - 🌏 自动追加: 通化县 -> ☘️吉林频道
2026-07-31 08:09:28,861 - IPTVCollector - INFO - 📌 未分类频道追加到 '其他': 浙江教科影院
2026-07-31 08:09:28,861 - IPTVCollector - INFO - 📌 未分类频道追加到 '其他': 浙江教育
2026-07-31 08:09:28,862 - IPTVCollector - INFO - 🌏 自动追加: 长白山电视台 -> ☘️吉林频道
2026-07-31 08:09:28,863 - IPTVCollector - INFO - 📌 未分类频道追加到 '其他': 龙井
2026-07-31 08:09:28,863 - IPTVCollector - INFO - 📌 未分类频道追加到 '其他': 浙江留学
2026-07-31 08:09:28,863 - IPTVCollector - INFO - 📌 未分类频道追加到 '其他': 浙江民生休闲
2026-07-31 08:09:28,863 - IPTVCollector - INFO - 📌 未分类频道追加到 '其他': 浙江钱江频道
2026-07-31 08:09:28,863 - IPTVCollector - INFO - 📌 未分类频道追加到 '其他': 浙江生活
2026-07-31 08:09:28,864 - IPTVCollector - INFO - 🌏 自动追加: 湖州公共民生 -> ☘️浙江频道
2026-07-31 08:09:28,864 - IPTVCollector - INFO - 📌 未分类频道追加到 '其他': 萧山综合
2026-07-31 08:09:28,864 - IPTVCollector - INFO - 📌 未分类频道追加到 '其他': 衢江新闻综合
2026-07-31 08:09:28,864 - IPTVCollector - INFO - 📌 未分类频道追加到 '其他': 象山新闻综合
2026-07-31 08:09:28,864 - IPTVCollector - INFO - 📌 未分类频道追加到 '其他': 大立电视台
2026-07-31 08:09:28,865 - IPTVCollector - INFO - 🌏 自动追加: 绍兴电视台公共 -> ☘️浙江频道
2026-07-31 08:09:28,865 - IPTVCollector - INFO - 📌 未分类频道追加到 '其他': 通海电视台
2026-07-31 08:09:28,866 - IPTVCollector - INFO - 🌏 自动追加: 武汉一台新闻综合 -> ☘️湖北频道
2026-07-31 08:09:28,867 - IPTVCollector - INFO - 📌 未分类频道追加到 '其他': RT News
2026-07-31 08:09:28,867 - IPTVCollector - INFO - 📌 未分类频道追加到 '其他': 凤凰中文
2026-07-31 08:09:28,867 - IPTVCollector - INFO - 📌 未分类频道追加到 '其他': 凤凰资讯
2026-07-31 08:09:28,867 - IPTVCollector - INFO - 📌 未分类频道追加到 '其他': CHC电影
2026-07-31 08:09:28,867 - IPTVCollector - INFO - 🎯 Demo 筛选：原始 415 -> 匹配/分类后 415 个频道
2026-07-31 08:09:28,867 - IPTVCollector - INFO - 📊 Demo筛选后: 415
2026-07-31 08:09:28,868 - IPTVCollector - INFO - ✅ M3U 文件已生成: output/tv.m3u
2026-07-31 08:09:28,869 - IPTVCollector - INFO - ✅ TXT 文件已生成: output/tv.txt
2026-07-31 08:09:28,869 - IPTVCollector - INFO - ✅ 多源 M3U 文件已生成: output/tv_multi.m3u
2026-07-31 08:09:28,873 - IPTVCollector - INFO - ✅ JSON API 已生成: output/channels.json
2026-07-31 08:09:28,873 - IPTVCollector - INFO - ✅ 精简版已生成: output/tv_lite.m3u
2026-07-31 08:09:28,874 - IPTVCollector - INFO - ✅ M3U 文件已生成: output/tv_epg.m3u
2026-07-31 08:09:28,874 - IPTVCollector - INFO - 🚀 IPTV 自治系统启动
2026-07-31 08:09:28,874 - IPTVCollector - INFO - ⏭️ 跳过发现阶段
2026-07-31 08:09:28,874 - IPTVCollector - INFO - ==================================================
阶段2: 从缓存观察候选源
==================================================
2026-07-31 08:09:28,901 - IPTVCollector - INFO -   📊 观察进度: 100/200，稳定 0 个
2026-07-31 08:09:28,917 - IPTVCollector - INFO -   📊 观察进度: 200/200，稳定 0 个
2026-07-31 08:09:28,917 - IPTVCollector - INFO - ✅ 观察阶段完成: 0 个源达到稳定标准
2026-07-31 08:09:28,917 - IPTVCollector - INFO - ==================================================
阶段3: 提升稳定源
==================================================
2026-07-31 08:09:28,917 - IPTVCollector - INFO - 📭 没有稳定的候选源需要提升
2026-07-31 08:09:28,917 - IPTVCollector - INFO - 📊 自治模式统计:
2026-07-31 08:09:28,918 - IPTVCollector - INFO -   候选池总数: 563, 观察中: 200, 稳定: 363
2026-07-31 08:09:28,918 - IPTVCollector - INFO -   本次新提升: 0
2026-07-31 08:09:28,918 - IPTVCollector - INFO - 🎉 全部完成！
2026-07-31 08:29:20,068 - IPTVCollector - INFO - 🚀 IPTV 智能整理平台启动
2026-07-31 08:29:20,069 - IPTVCollector - INFO - ✅ 数据库缓存已启用: data/iptv_cache.db
2026-07-31 08:29:20,076 - IPTVCollector - INFO - 📌 CCTV-1 已设为固定源 (auto_optimize=True)
2026-07-31 08:29:20,078 - IPTVCollector - INFO - 📌 CCTV-2 已设为固定源 (auto_optimize=True)
2026-07-31 08:29:20,078 - IPTVCollector - INFO - 📌 CCTV-3 已设为固定源 (auto_optimize=True)
2026-07-31 08:29:20,079 - IPTVCollector - INFO - 📌 CCTV-4 已设为固定源 (auto_optimize=True)
2026-07-31 08:29:20,086 - IPTVCollector - INFO - 📌 CCTV-5 已设为固定源 (auto_optimize=True)
2026-07-31 08:29:20,088 - IPTVCollector - INFO - 📌 CCTV-5+ 已设为固定源 (auto_optimize=True)
2026-07-31 08:29:20,091 - IPTVCollector - INFO - 📌 CCTV-6 已设为固定源 (auto_optimize=True)
2026-07-31 08:29:20,093 - IPTVCollector - INFO - 📌 CCTV-7 已设为固定源 (auto_optimize=True)
2026-07-31 08:29:20,094 - IPTVCollector - INFO - 📌 CCTV-8 已设为固定源 (auto_optimize=True)
2026-07-31 08:29:20,095 - IPTVCollector - INFO - 📌 CCTV-9 已设为固定源 (auto_optimize=True)
2026-07-31 08:29:20,096 - IPTVCollector - INFO - 📌 CCTV-10 已设为固定源 (auto_optimize=True)
2026-07-31 08:29:20,097 - IPTVCollector - INFO - 📌 CCTV-11 已设为固定源 (auto_optimize=True)
2026-07-31 08:29:20,098 - IPTVCollector - INFO - 📌 CCTV-12 已设为固定源 (auto_optimize=True)
2026-07-31 08:29:20,099 - IPTVCollector - INFO - 📌 CCTV-13 已设为固定源 (auto_optimize=True)
2026-07-31 08:29:20,100 - IPTVCollector - INFO - 📌 CCTV-14 已设为固定源 (auto_optimize=True)
2026-07-31 08:29:20,101 - IPTVCollector - INFO - 📌 CCTV-15 已设为固定源 (auto_optimize=True)
2026-07-31 08:29:20,102 - IPTVCollector - INFO - 📌 CCTV-16 已设为固定源 (auto_optimize=True)
2026-07-31 08:29:20,103 - IPTVCollector - INFO - 📌 CCTV-17 已设为固定源 (auto_optimize=True)
2026-07-31 08:29:20,104 - IPTVCollector - INFO - 📌 CCTV4欧洲 已设为固定源 (auto_optimize=True)
2026-07-31 08:29:20,105 - IPTVCollector - INFO - 📌 CCTV4美洲 已设为固定源 (auto_optimize=True)
2026-07-31 08:29:20,105 - IPTVCollector - INFO - 📌 固定源已同步到数据库
2026-07-31 08:29:20,105 - IPTVCollector - INFO - 📋 订阅源解析：普通 11 个，白名单 0 个
2026-07-31 08:29:20,105 - IPTVCollector - INFO - 📋 使用 11 个源
2026-07-31 08:29:52,225 - IPTVCollector - INFO - 📊 测速完成，有效频道: 478 个
2026-07-31 08:29:52,225 - IPTVCollector - INFO - 📊 通过测速的频道数: 478
2026-07-31 08:29:53,352 - IPTVCollector - INFO - 🔍 ffmpeg 深度验证: 0 个需验证，475 个来自缓存/HTTP
2026-07-31 08:29:53,352 - IPTVCollector - INFO - ✅ ffmpeg 验证完成: 通过 475/478 个频道
2026-07-31 08:29:53,352 - IPTVCollector - INFO - 📊 通过ffmpeg验证的频道数: 475
2026-07-31 08:29:53,358 - IPTVCollector - INFO - 📌 已使用 17 个固定源（含自动优化）
2026-07-31 08:29:53,358 - IPTVCollector - INFO - 📊 合并完成: 共 430 个频道
2026-07-31 08:29:53,358 - IPTVCollector - INFO - 📊 合并后的频道数: 430
2026-07-31 08:29:53,379 - IPTVCollector - INFO - 📊 黑名单过滤后: 413
2026-07-31 08:29:53,381 - IPTVCollector - INFO - 📋 从 demo.txt 解析到 3541 个有序频道
2026-07-31 08:29:53,382 - IPTVCollector - INFO - 📋 从 demo.txt 解析到 3541 个有序频道
2026-07-31 08:30:43,649 - IPTVCollector - INFO - 📌 未分类频道追加到 '其他': 韩国电影2
2026-07-31 08:30:43,649 - IPTVCollector - INFO - 📌 未分类频道追加到 '其他': 韩国电影1
2026-07-31 08:30:43,649 - IPTVCollector - INFO - 🌏 自动追加: 凤凰香港 -> 🌊港·澳·台
2026-07-31 08:30:43,649 - IPTVCollector - INFO - 📌 未分类频道追加到 '其他': 武进生活 [Not 24/7]
2026-07-31 08:30:43,650 - IPTVCollector - INFO - 📌 未分类频道追加到 '其他': 武进新闻 [Not 24/7]
2026-07-31 08:30:43,650 - IPTVCollector - INFO - 📌 未分类频道追加到 '其他': 农安新闻综合 [Geo-blocked]
2026-07-31 08:30:43,650 - IPTVCollector - INFO - 📌 未分类频道追加到 '其他': 前郭综合 [Geo-blocked]
2026-07-31 08:30:43,650 - IPTVCollector - INFO - 📌 未分类频道追加到 '其他': 江津经济生活
2026-07-31 08:30:43,651 - IPTVCollector - INFO - 🌏 自动追加: 松原新闻综合 [Geo-blocked] -> ☘️吉林频道
2026-07-31 08:30:43,651 - IPTVCollector - INFO - 🌏 自动追加: 浙江 Ⅰ 绍兴影视 -> ☘️浙江频道
2026-07-31 08:30:43,651 - IPTVCollector - INFO - 🌏 自动追加: 浙江 Ⅰ 绍兴综合 -> ☘️浙江频道
2026-07-31 08:30:43,651 - IPTVCollector - INFO - 📌 未分类频道追加到 '其他': FZTV3
2026-07-31 08:30:43,652 - IPTVCollector - INFO - 📌 未分类频道追加到 '其他': 浙江经济
2026-07-31 08:30:43,652 - IPTVCollector - INFO - 📌 未分类频道追加到 '其他': 辽宁青少
2026-07-31 08:30:43,652 - IPTVCollector - INFO - 📌 未分类频道追加到 '其他': 河南电视剧
2026-07-31 08:30:43,652 - IPTVCollector - INFO - 🌏 自动追加: 福州电视台少儿频道 -> ☘️福建频道
2026-07-31 08:30:43,652 - IPTVCollector - INFO - 📌 未分类频道追加到 '其他': 都市青春
2026-07-31 08:30:43,653 - IPTVCollector - INFO - 🌏 自动追加: 白山新闻综合 [Geo-blocked] -> ☘️吉林频道
2026-07-31 08:30:43,653 - IPTVCollector - INFO - 📌 未分类频道追加到 '其他': 陕西新闻咨询
2026-07-31 08:30:43,654 - IPTVCollector - INFO - 🌏 自动追加: 通化新闻 [Geo-blocked] -> ☘️吉林频道
2026-07-31 08:30:43,654 - IPTVCollector - INFO - 📌 未分类频道追加到 '其他': 江津新闻
2026-07-31 08:30:43,655 - IPTVCollector - INFO - 🌏 自动追加: 长春综合 [Geo-blocked] -> ☘️吉林频道
2026-07-31 08:30:43,655 - IPTVCollector - INFO - 📌 未分类频道追加到 '其他': 集安综合 [Geo-blocked]
2026-07-31 08:30:43,655 - IPTVCollector - INFO - 📌 未分类频道追加到 '其他': 辽新闻综合 [Geo-blocked]
2026-07-31 08:30:43,655 - IPTVCollector - INFO - 🌏 自动追加: 福州广电视台新闻综合频道 -> ☘️福建频道
2026-07-31 08:30:43,655 - IPTVCollector - INFO - 📌 未分类频道追加到 '其他': 龙门飞甲
2026-07-31 08:30:43,655 - IPTVCollector - INFO - 📌 未分类频道追加到 '其他': 伊犁经济法制
2026-07-31 08:30:43,655 - IPTVCollector - INFO - 📌 未分类频道追加到 '其他': 荣昌综合 [Not 24/7]
2026-07-31 08:30:43,655 - IPTVCollector - INFO - 📌 未分类频道追加到 '其他': 靖江新闻綜合 [Not 24/7]
2026-07-31 08:30:43,655 - IPTVCollector - INFO - 📌 未分类频道追加到 '其他': CGTN French
2026-07-31 08:30:43,655 - IPTVCollector - INFO - 📌 未分类频道追加到 '其他': Xinjiang TV 2
2026-07-31 08:30:43,656 - IPTVCollector - INFO - 🌏 自动追加: 哈尔滨都市咨询 -> ☘️黑龙江频道
2026-07-31 08:30:43,656 - IPTVCollector - INFO - 📌 未分类频道追加到 '其他': Jiangsu Public & News Channel
2026-07-31 08:30:43,656 - IPTVCollector - INFO - 📌 未分类频道追加到 '其他': Xinjiang TV 1
2026-07-31 08:30:43,657 - IPTVCollector - INFO - 📌 未分类频道追加到 '其他': 玛纳斯
2026-07-31 08:30:43,657 - IPTVCollector - INFO - 📌 未分类频道追加到 '其他': 玛纳斯综合
2026-07-31 08:30:43,657 - IPTVCollector - INFO - 📌 未分类频道追加到 '其他': 华丽翡翠台
2026-07-31 08:30:43,657 - IPTVCollector - INFO - 📌 未分类频道追加到 '其他': 兵团五师双河影
2026-07-31 08:30:43,657 - IPTVCollector - INFO - 📌 未分类频道追加到 '其他': 无线新闻台
2026-07-31 08:30:43,657 - IPTVCollector - INFO - 📌 未分类频道追加到 '其他': 兵团五师双河新闻综合
2026-07-31 08:30:43,657 - IPTVCollector - INFO - 📌 未分类频道追加到 '其他': 浙江钱江都市
2026-07-31 08:30:43,657 - IPTVCollector - INFO - 📌 未分类频道追加到 '其他': TVB星河
2026-07-31 08:30:43,657 - IPTVCollector - INFO - 🌏 自动追加: 上海卫视 -> ☘️上海频道
2026-07-31 08:30:43,657 - IPTVCollector - INFO - 📌 未分类频道追加到 '其他': 东南卫视
2026-07-31 08:30:43,657 - IPTVCollector - INFO - 📌 未分类频道追加到 '其他': CGTN记录
2026-07-31 08:30:43,658 - IPTVCollector - INFO - 📌 未分类频道追加到 '其他': 熊猫直
2026-07-31 08:30:43,658 - IPTVCollector - INFO - 📌 未分类频道追加到 '其他': 新闻咨询
2026-07-31 08:30:43,658 - IPTVCollector - INFO - 🌏 自动追加: 镇江二套社会民生 -> ☘️江苏频道
2026-07-31 08:30:43,658 - IPTVCollector - INFO - 📌 未分类频道追加到 '其他': 韩国EBS少儿
2026-07-31 08:30:43,658 - IPTVCollector - INFO - 📌 未分类频道追加到 '其他': 音乐欣赏
2026-07-31 08:30:43,658 - IPTVCollector - INFO - 📌 未分类频道追加到 '其他': 人与自然
2026-07-31 08:30:43,658 - IPTVCollector - INFO - 📌 未分类频道追加到 '其他': 地理中国
2026-07-31 08:30:43,658 - IPTVCollector - INFO - 📌 未分类频道追加到 '其他': 自然传奇
2026-07-31 08:30:43,658 - IPTVCollector - INFO - 📌 未分类频道追加到 '其他': 1987年春晚
2026-07-31 08:30:43,658 - IPTVCollector - INFO - 📌 未分类频道追加到 '其他': 音乐现场
2026-07-31 08:30:43,658 - IPTVCollector - INFO - 📌 未分类频道追加到 '其他': 1988年春晚
2026-07-31 08:30:43,659 - IPTVCollector - INFO - 📌 未分类频道追加到 '其他': 1989年春晚
2026-07-31 08:30:43,659 - IPTVCollector - INFO - 📌 未分类频道追加到 '其他': RT Doc-Русский
2026-07-31 08:30:43,659 - IPTVCollector - INFO - 📌 未分类频道追加到 '其他': 飞碟之谜01
2026-07-31 08:30:43,659 - IPTVCollector - INFO - 📌 未分类频道追加到 '其他': Bread TV面包台
2026-07-31 08:30:43,659 - IPTVCollector - INFO - 📌 未分类频道追加到 '其他': Arirang
2026-07-31 08:30:43,659 - IPTVCollector - INFO - 📌 未分类频道追加到 '其他': CNA
2026-07-31 08:30:43,659 - IPTVCollector - INFO - 📌 未分类频道追加到 '其他': Angel TV Chinese
2026-07-31 08:30:43,659 - IPTVCollector - INFO - 📌 未分类频道追加到 '其他': Beautiful Life TV
2026-07-31 08:30:43,660 - IPTVCollector - INFO - 🌏 自动追加: 邯郸公共频道 -> ☘️河北频道
2026-07-31 08:30:43,660 - IPTVCollector - INFO - 📌 未分类频道追加到 '其他': ABN China
2026-07-31 08:30:43,660 - IPTVCollector - INFO - 📌 未分类频道追加到 '其他': Newsmax
2026-07-31 08:30:43,660 - IPTVCollector - INFO - 📌 未分类频道追加到 '其他': Dali TV
2026-07-31 08:30:43,660 - IPTVCollector - INFO - 📌 未分类频道追加到 '其他': Good
2026-07-31 08:30:43,660 - IPTVCollector - INFO - 📌 未分类频道追加到 '其他': Good 2
2026-07-31 08:30:43,660 - IPTVCollector - INFO - 📌 未分类频道追加到 '其他': 2024年春晚
2026-07-31 08:30:43,660 - IPTVCollector - INFO - 📌 未分类频道追加到 '其他': 梨园
2026-07-31 08:30:43,661 - IPTVCollector - INFO - 📌 未分类频道追加到 '其他': Supreme Master TV
2026-07-31 08:30:43,661 - IPTVCollector - INFO - 📌 未分类频道追加到 '其他': Pet Club TV
2026-07-31 08:30:43,661 - IPTVCollector - INFO - 📌 未分类频道追加到 '其他': 上虞新商都
2026-07-31 08:30:43,661 - IPTVCollector - INFO - 📌 未分类频道追加到 '其他': RT Balkan
2026-07-31 08:30:43,661 - IPTVCollector - INFO - 📌 未分类频道追加到 '其他': RT Arabic
2026-07-31 08:30:43,661 - IPTVCollector - INFO - 📌 未分类频道追加到 '其他': 第一财经
2026-07-31 08:30:43,661 - IPTVCollector - INFO - 📌 未分类频道追加到 '其他': Trace Sports
2026-07-31 08:30:43,661 - IPTVCollector - INFO - 📌 未分类频道追加到 '其他': TVB News
2026-07-31 08:30:43,662 - IPTVCollector - INFO - 📌 未分类频道追加到 '其他': RT Français
2026-07-31 08:30:43,662 - IPTVCollector - INFO - 📌 未分类频道追加到 '其他': RT DE
2026-07-31 08:30:43,662 - IPTVCollector - INFO - 📌 未分类频道追加到 '其他': TVB Plus
2026-07-31 08:30:43,662 - IPTVCollector - INFO - 📌 未分类频道追加到 '其他': RT Español
2026-07-31 08:30:43,662 - IPTVCollector - INFO - 📌 未分类频道追加到 '其他': Wild Earth
2026-07-31 08:30:43,662 - IPTVCollector - INFO - 📌 未分类频道追加到 '其他': 倩女幽魂人间道
2026-07-31 08:30:43,662 - IPTVCollector - INFO - 📌 未分类频道追加到 '其他': 倩女幽魂妖魔道
2026-07-31 08:30:43,663 - IPTVCollector - INFO - 📌 未分类频道追加到 '其他': 春晚2025
2026-07-31 08:30:43,663 - IPTVCollector - INFO - 📌 未分类频道追加到 '其他': 余杭未来E频道
2026-07-31 08:30:43,663 - IPTVCollector - INFO - 📌 未分类频道追加到 '其他': WionNews
2026-07-31 08:30:43,663 - IPTVCollector - INFO - 📌 未分类频道追加到 '其他': 耀才财经
2026-07-31 08:30:43,663 - IPTVCollector - INFO - 📌 未分类频道追加到 '其他': 倩女幽魂道道道
2026-07-31 08:30:43,663 - IPTVCollector - INFO - 📌 未分类频道追加到 '其他': 东丰
2026-07-31 08:30:43,663 - IPTVCollector - INFO - 📌 未分类频道追加到 '其他': NewTV武搏世界
2026-07-31 08:30:43,663 - IPTVCollector - INFO - 📌 未分类频道追加到 '其他': 延边2
2026-07-31 08:30:43,663 - IPTVCollector - INFO - 📌 未分类频道追加到 '其他': 春晚2024
2026-07-31 08:30:43,663 - IPTVCollector - INFO - 📌 未分类频道追加到 '其他': 数码时代
2026-07-31 08:30:43,663 - IPTVCollector - INFO - 📌 未分类频道追加到 '其他': 柳河
2026-07-31 08:30:43,664 - IPTVCollector - INFO - 📌 未分类频道追加到 '其他': 环球电视
2026-07-31 08:30:43,664 - IPTVCollector - INFO - 📌 未分类频道追加到 '其他': 桦甸
2026-07-31 08:30:43,664 - IPTVCollector - INFO - 📌 未分类频道追加到 '其他': 九台
2026-07-31 08:30:43,664 - IPTVCollector - INFO - 📌 未分类频道追加到 '其他': 双辽
2026-07-31 08:30:43,664 - IPTVCollector - INFO - 📌 未分类频道追加到 '其他': 象视界
2026-07-31 08:30:43,664 - IPTVCollector - INFO - 📌 未分类频道追加到 '其他': 汪清
2026-07-31 08:30:43,664 - IPTVCollector - INFO - 📌 未分类频道追加到 '其他': Chifeng Comprehensive News Chanel
2026-07-31 08:30:43,664 - IPTVCollector - INFO - 📌 未分类频道追加到 '其他': 舒兰新闻
2026-07-31 08:30:43,664 - IPTVCollector - INFO - 📌 未分类频道追加到 '其他': Harbin Comprehensive News Channel
2026-07-31 08:30:43,664 - IPTVCollector - INFO - 📌 未分类频道追加到 '其他': 珲春新闻
2026-07-31 08:30:43,664 - IPTVCollector - INFO - 📌 未分类频道追加到 '其他': 辉南新闻
2026-07-31 08:30:43,665 - IPTVCollector - INFO - 📌 未分类频道追加到 '其他': Home Plus
2026-07-31 08:30:43,665 - IPTVCollector - INFO - 📌 未分类频道追加到 '其他': Guangzhou TV
2026-07-31 08:30:43,665 - IPTVCollector - INFO - 📌 未分类频道追加到 '其他': 磐石
2026-07-31 08:30:43,665 - IPTVCollector - INFO - 📌 未分类频道追加到 '其他': 浙江教科影院
2026-07-31 08:30:43,665 - IPTVCollector - INFO - 📌 未分类频道追加到 '其他': Harbin Movie Channel
2026-07-31 08:30:43,666 - IPTVCollector - INFO - 🌏 自动追加: 通化县 -> ☘️吉林频道
2026-07-31 08:30:43,666 - IPTVCollector - INFO - 📌 未分类频道追加到 '其他': 浙江教育
2026-07-31 08:30:43,666 - IPTVCollector - INFO - 📌 未分类频道追加到 '其他': Nei Monggol TV [Not 24/7]
2026-07-31 08:30:43,666 - IPTVCollector - INFO - 📌 未分类频道追加到 '其他': Nei Monggol TV 2 Mongolian Culture Channel [Not 24/7]
2026-07-31 08:30:43,666 - IPTVCollector - INFO - 📌 未分类频道追加到 '其他': 龙井
2026-07-31 08:30:43,667 - IPTVCollector - INFO - 📌 未分类频道追加到 '其他': QTV-1
2026-07-31 08:30:43,667 - IPTVCollector - INFO - 📌 未分类频道追加到 '其他': 浙江留学
2026-07-31 08:30:43,668 - IPTVCollector - INFO - 🌏 自动追加: 长白山电视台 -> ☘️吉林频道
2026-07-31 08:30:43,668 - IPTVCollector - INFO - 📌 未分类频道追加到 '其他': Hunan TV
2026-07-31 08:30:43,668 - IPTVCollector - INFO - 📌 未分类频道追加到 '其他': 浙江民生休闲
2026-07-31 08:30:43,668 - IPTVCollector - INFO - 📌 未分类频道追加到 '其他': 浙江钱江频道
2026-07-31 08:30:43,668 - IPTVCollector - INFO - 📌 未分类频道追加到 '其他': 浙江生活
2026-07-31 08:30:43,668 - IPTVCollector - INFO - 🌏 自动追加: 湖州公共民生 -> ☘️浙江频道
2026-07-31 08:30:43,668 - IPTVCollector - INFO - 📌 未分类频道追加到 '其他': VOA美国之音
2026-07-31 08:30:43,669 - IPTVCollector - INFO - 📌 未分类频道追加到 '其他': Tonghua TV
2026-07-31 08:30:43,669 - IPTVCollector - INFO - 📌 未分类频道追加到 '其他': Xinjiang TV 3
2026-07-31 08:30:43,669 - IPTVCollector - INFO - 📌 未分类频道追加到 '其他': Zhejiang TV International
2026-07-31 08:30:43,669 - IPTVCollector - INFO - 📌 未分类频道追加到 '其他': Xinjiang TV 8
2026-07-31 08:30:43,669 - IPTVCollector - INFO - 📌 未分类频道追加到 '其他': TV BRICS Chinese
2026-07-31 08:30:43,669 - IPTVCollector - INFO - 📌 未分类频道追加到 '其他': Siping TV
2026-07-31 08:30:43,669 - IPTVCollector - INFO - 📌 未分类频道追加到 '其他': 萧山综合
2026-07-31 08:30:43,669 - IPTVCollector - INFO - 📌 未分类频道追加到 '其他': 象山新闻综合
2026-07-31 08:30:43,669 - IPTVCollector - INFO - 📌 未分类频道追加到 '其他': 衢江新闻综合
2026-07-31 08:30:43,669 - IPTVCollector - INFO - 📌 未分类频道追加到 '其他': 大立电视台
2026-07-31 08:30:43,670 - IPTVCollector - INFO - 🌏 自动追加: 绍兴电视台公共 -> ☘️浙江频道
2026-07-31 08:30:43,670 - IPTVCollector - INFO - 📌 未分类频道追加到 '其他': 通海电视台
2026-07-31 08:30:43,670 - IPTVCollector - INFO - 📌 未分类频道追加到 '其他': CGTN Documentary
2026-07-31 08:30:43,670 - IPTVCollector - INFO - 📌 未分类频道追加到 '其他': 凤凰中文
2026-07-31 08:30:43,670 - IPTVCollector - INFO - 📌 未分类频道追加到 '其他': 凤凰资讯
2026-07-31 08:30:43,670 - IPTVCollector - INFO - 📌 未分类频道追加到 '其他': CHC电影
2026-07-31 08:30:43,670 - IPTVCollector - INFO - 📌 未分类频道追加到 '其他': 兴隆综合
2026-07-31 08:30:43,670 - IPTVCollector - INFO - 📌 未分类频道追加到 '其他': RT News
2026-07-31 08:30:43,670 - IPTVCollector - INFO - 🎯 Demo 筛选：原始 413 -> 匹配/分类后 413 个频道
2026-07-31 08:30:43,670 - IPTVCollector - INFO - 📊 Demo筛选后: 413
2026-07-31 08:30:43,671 - IPTVCollector - INFO - ✅ M3U 文件已生成: output/tv.m3u
2026-07-31 08:30:43,672 - IPTVCollector - INFO - ✅ TXT 文件已生成: output/tv.txt
2026-07-31 08:30:43,672 - IPTVCollector - INFO - ✅ 多源 M3U 文件已生成: output/tv_multi.m3u
2026-07-31 08:30:43,674 - IPTVCollector - INFO - ✅ JSON API 已生成: output/channels.json
2026-07-31 08:30:43,675 - IPTVCollector - INFO - ✅ 精简版已生成: output/tv_lite.m3u
2026-07-31 08:30:43,675 - IPTVCollector - INFO - ✅ M3U 文件已生成: output/tv_epg.m3u
2026-07-31 08:30:43,675 - IPTVCollector - INFO - 🚀 IPTV 自治系统启动
2026-07-31 08:30:43,675 - IPTVCollector - INFO - ⏭️ 跳过发现阶段
2026-07-31 08:30:43,675 - IPTVCollector - INFO - ==================================================
阶段2: 从缓存观察候选源
==================================================
2026-07-31 08:30:43,687 - IPTVCollector - INFO -   📊 观察进度: 100/144，稳定 0 个
2026-07-31 08:30:43,690 - IPTVCollector - INFO - ✅ 观察阶段完成: 0 个源达到稳定标准
2026-07-31 08:30:43,690 - IPTVCollector - INFO - ==================================================
阶段3: 提升稳定源
==================================================
2026-07-31 08:30:43,690 - IPTVCollector - INFO - 📭 没有稳定的候选源需要提升
2026-07-31 08:30:43,690 - IPTVCollector - INFO - 📊 自治模式统计:
2026-07-31 08:30:43,690 - IPTVCollector - INFO -   候选池总数: 563, 观察中: 144, 稳定: 419
2026-07-31 08:30:43,690 - IPTVCollector - INFO -   本次新提升: 0
2026-07-31 08:30:43,690 - IPTVCollector - INFO - 🎉 全部完成！
2026-07-31 13:44:40,176 - IPTVCollector - INFO - 🚀 IPTV 智能整理平台启动
2026-07-31 13:44:40,179 - IPTVCollector - INFO - ✅ 数据库缓存已启用: data/iptv_cache.db
2026-07-31 13:44:40,181 - IPTVCollector - INFO - 📌 CCTV-1 已设为固定源 (auto_optimize=True)
2026-07-31 13:44:40,182 - IPTVCollector - INFO - 📌 CCTV-2 已设为固定源 (auto_optimize=True)
2026-07-31 13:44:40,183 - IPTVCollector - INFO - 📌 CCTV-3 已设为固定源 (auto_optimize=True)
2026-07-31 13:44:40,185 - IPTVCollector - INFO - 📌 CCTV-4 已设为固定源 (auto_optimize=True)
2026-07-31 13:44:40,186 - IPTVCollector - INFO - 📌 CCTV-5 已设为固定源 (auto_optimize=True)
2026-07-31 13:44:40,187 - IPTVCollector - INFO - 📌 CCTV-5+ 已设为固定源 (auto_optimize=True)
2026-07-31 13:44:40,188 - IPTVCollector - INFO - 📌 CCTV-6 已设为固定源 (auto_optimize=True)
2026-07-31 13:44:40,189 - IPTVCollector - INFO - 📌 CCTV-7 已设为固定源 (auto_optimize=True)
2026-07-31 13:44:40,191 - IPTVCollector - INFO - 📌 CCTV-8 已设为固定源 (auto_optimize=True)
2026-07-31 13:44:40,192 - IPTVCollector - INFO - 📌 CCTV-9 已设为固定源 (auto_optimize=True)
2026-07-31 13:44:40,193 - IPTVCollector - INFO - 📌 CCTV-10 已设为固定源 (auto_optimize=True)
2026-07-31 13:44:40,194 - IPTVCollector - INFO - 📌 CCTV-11 已设为固定源 (auto_optimize=True)
2026-07-31 13:44:40,195 - IPTVCollector - INFO - 📌 CCTV-12 已设为固定源 (auto_optimize=True)
2026-07-31 13:44:40,196 - IPTVCollector - INFO - 📌 CCTV-13 已设为固定源 (auto_optimize=True)
2026-07-31 13:44:40,199 - IPTVCollector - INFO - 📌 CCTV-14 已设为固定源 (auto_optimize=True)
2026-07-31 13:44:40,200 - IPTVCollector - INFO - 📌 CCTV-15 已设为固定源 (auto_optimize=True)
2026-07-31 13:44:40,202 - IPTVCollector - INFO - 📌 CCTV-16 已设为固定源 (auto_optimize=True)
2026-07-31 13:44:40,203 - IPTVCollector - INFO - 📌 CCTV-17 已设为固定源 (auto_optimize=True)
2026-07-31 13:44:40,205 - IPTVCollector - INFO - 📌 CCTV4欧洲 已设为固定源 (auto_optimize=True)
2026-07-31 13:44:40,206 - IPTVCollector - INFO - 📌 CCTV4美洲 已设为固定源 (auto_optimize=True)
2026-07-31 13:44:40,206 - IPTVCollector - INFO - 📌 固定源已同步到数据库
2026-07-31 13:44:40,206 - IPTVCollector - INFO - 📋 订阅源解析：普通 11 个，白名单 0 个
2026-07-31 13:44:40,207 - IPTVCollector - INFO - 📋 使用 11 个源
2026-07-31 13:45:12,751 - IPTVCollector - INFO - 📊 测速完成，有效频道: 447 个
2026-07-31 13:45:12,752 - IPTVCollector - INFO - 📊 通过测速的频道数: 447
2026-07-31 13:45:13,186 - IPTVCollector - INFO - 🔍 ffmpeg 深度验证: 0 个需验证，444 个来自缓存/HTTP
2026-07-31 13:45:13,187 - IPTVCollector - INFO - ✅ ffmpeg 验证完成: 通过 444/447 个频道
2026-07-31 13:45:13,187 - IPTVCollector - INFO - 📊 通过ffmpeg验证的频道数: 444
2026-07-31 13:45:13,195 - IPTVCollector - INFO - 📌 已使用 17 个固定源（含自动优化）
2026-07-31 13:45:13,195 - IPTVCollector - INFO - 📊 合并完成: 共 400 个频道
2026-07-31 13:45:13,195 - IPTVCollector - INFO - 📊 合并后的频道数: 400
2026-07-31 13:45:13,232 - IPTVCollector - INFO - 📊 黑名单过滤后: 383
2026-07-31 13:45:13,234 - IPTVCollector - INFO - 📋 从 demo.txt 解析到 3541 个有序频道
2026-07-31 13:45:13,236 - IPTVCollector - INFO - 📋 从 demo.txt 解析到 3541 个有序频道
2026-07-31 13:46:54,346 - IPTVCollector - INFO - 📌 未分类频道追加到 '其他': 都市青春
2026-07-31 13:46:54,346 - IPTVCollector - INFO - 📌 未分类频道追加到 '其他': 陕西新闻咨询
2026-07-31 13:46:54,346 - IPTVCollector - INFO - 📌 未分类频道追加到 '其他': 辽宁青少
2026-07-31 13:46:54,347 - IPTVCollector - INFO - 🌏 自动追加: 浙江 Ⅰ 绍兴影视 -> ☘️浙江频道
2026-07-31 13:46:54,347 - IPTVCollector - INFO - 📌 未分类频道追加到 '其他': 浙江经济
2026-07-31 13:46:54,349 - IPTVCollector - INFO - 🌏 自动追加: 白山新闻综合 [Geo-blocked] -> ☘️吉林频道
2026-07-31 13:46:54,349 - IPTVCollector - INFO - 📌 未分类频道追加到 '其他': 江津新闻
2026-07-31 13:46:54,349 - IPTVCollector - INFO - 🌏 自动追加: 福州广电视台新闻综合频道 -> ☘️福建频道
2026-07-31 13:46:54,350 - IPTVCollector - INFO - 📌 未分类频道追加到 '其他': 辽新闻综合 [Geo-blocked]
2026-07-31 13:46:54,351 - IPTVCollector - INFO - 🌏 自动追加: 长春综合 [Geo-blocked] -> ☘️吉林频道
2026-07-31 13:46:54,351 - IPTVCollector - INFO - 📌 未分类频道追加到 '其他': 集安综合 [Geo-blocked]
2026-07-31 13:46:54,352 - IPTVCollector - INFO - 📌 未分类频道追加到 '其他': 靖江新闻綜合 [Not 24/7]
2026-07-31 13:46:54,352 - IPTVCollector - INFO - 📌 未分类频道追加到 '其他': CGTN French
2026-07-31 13:46:54,352 - IPTVCollector - INFO - 📌 未分类频道追加到 '其他': Xinjiang TV 2
2026-07-31 13:46:54,353 - IPTVCollector - INFO - 🌏 自动追加: 哈尔滨都市咨询 -> ☘️黑龙江频道
2026-07-31 13:46:54,354 - IPTVCollector - INFO - 🌏 自动追加: 浙江 Ⅰ 绍兴综合 -> ☘️浙江频道
2026-07-31 13:46:54,354 - IPTVCollector - INFO - 📌 未分类频道追加到 '其他': 荣昌综合 [Not 24/7]
2026-07-31 13:46:54,354 - IPTVCollector - INFO - 📌 未分类频道追加到 '其他': 华丽翡翠台
2026-07-31 13:46:54,354 - IPTVCollector - INFO - 📌 未分类频道追加到 '其他': 无线新闻台
2026-07-31 13:46:54,356 - IPTVCollector - INFO - 🌏 自动追加: 通化新闻 [Geo-blocked] -> ☘️吉林频道
2026-07-31 13:46:54,356 - IPTVCollector - INFO - 📌 未分类频道追加到 '其他': TVB星河
2026-07-31 13:46:54,356 - IPTVCollector - INFO - 📌 未分类频道追加到 '其他': Xinjiang TV 1
2026-07-31 13:46:54,356 - IPTVCollector - INFO - 📌 未分类频道追加到 '其他': Jiangsu Public & News Channel
2026-07-31 13:46:54,357 - IPTVCollector - INFO - 📌 未分类频道追加到 '其他': 新闻咨询
2026-07-31 13:46:54,357 - IPTVCollector - INFO - 🌏 自动追加: 上海卫视 -> ☘️上海频道
2026-07-31 13:46:54,357 - IPTVCollector - INFO - 📌 未分类频道追加到 '其他': 东南卫视
2026-07-31 13:46:54,357 - IPTVCollector - INFO - 📌 未分类频道追加到 '其他': 音乐欣赏
2026-07-31 13:46:54,358 - IPTVCollector - INFO - 📌 未分类频道追加到 '其他': 韩国EBS少儿
2026-07-31 13:46:54,358 - IPTVCollector - INFO - 📌 未分类频道追加到 '其他': 熊猫直
2026-07-31 13:46:54,358 - IPTVCollector - INFO - 📌 未分类频道追加到 '其他': CGTN记录
2026-07-31 13:46:54,358 - IPTVCollector - INFO - 📌 未分类频道追加到 '其他': 1989年春晚
2026-07-31 13:46:54,359 - IPTVCollector - INFO - 📌 未分类频道追加到 '其他': 1987年春晚
2026-07-31 13:46:54,359 - IPTVCollector - INFO - 📌 未分类频道追加到 '其他': 1988年春晚
2026-07-31 13:46:54,359 - IPTVCollector - INFO - 📌 未分类频道追加到 '其他': 人与自然
2026-07-31 13:46:54,359 - IPTVCollector - INFO - 📌 未分类频道追加到 '其他': 地理中国
2026-07-31 13:46:54,359 - IPTVCollector - INFO - 📌 未分类频道追加到 '其他': 音乐现场
2026-07-31 13:46:54,360 - IPTVCollector - INFO - 📌 未分类频道追加到 '其他': 自然传奇
2026-07-31 13:46:54,360 - IPTVCollector - INFO - 📌 未分类频道追加到 '其他': CNA
2026-07-31 13:46:54,360 - IPTVCollector - INFO - 📌 未分类频道追加到 '其他': Beautiful Life TV
2026-07-31 13:46:54,360 - IPTVCollector - INFO - 📌 未分类频道追加到 '其他': Arirang
2026-07-31 13:46:54,360 - IPTVCollector - INFO - 📌 未分类频道追加到 '其他': 飞碟之谜01
2026-07-31 13:46:54,361 - IPTVCollector - INFO - 📌 未分类频道追加到 '其他': Newsmax
2026-07-31 13:46:54,361 - IPTVCollector - INFO - 📌 未分类频道追加到 '其他': Good 2
2026-07-31 13:46:54,361 - IPTVCollector - INFO - 📌 未分类频道追加到 '其他': Good
2026-07-31 13:46:54,361 - IPTVCollector - INFO - 📌 未分类频道追加到 '其他': Supreme Master TV
2026-07-31 13:46:54,361 - IPTVCollector - INFO - 📌 未分类频道追加到 '其他': TVB News
2026-07-31 13:46:54,362 - IPTVCollector - INFO - 📌 未分类频道追加到 '其他': TVB Plus
2026-07-31 13:46:54,362 - IPTVCollector - INFO - 📌 未分类频道追加到 '其他': RT Doc-Русский
2026-07-31 13:46:54,362 - IPTVCollector - INFO - 📌 未分类频道追加到 '其他': Wild Earth
2026-07-31 13:46:54,362 - IPTVCollector - INFO - 📌 未分类频道追加到 '其他': Pet Club TV
2026-07-31 13:46:54,363 - IPTVCollector - INFO - 📌 未分类频道追加到 '其他': 2024年春晚
2026-07-31 13:46:54,363 - IPTVCollector - INFO - 📌 未分类频道追加到 '其他': Trace Sports
2026-07-31 13:46:54,363 - IPTVCollector - INFO - 📌 未分类频道追加到 '其他': 第一财经
2026-07-31 13:46:54,363 - IPTVCollector - INFO - 📌 未分类频道追加到 '其他': 春晚2025
2026-07-31 13:46:54,363 - IPTVCollector - INFO - 📌 未分类频道追加到 '其他': WionNews
2026-07-31 13:46:54,364 - IPTVCollector - INFO - 📌 未分类频道追加到 '其他': RT DE
2026-07-31 13:46:54,364 - IPTVCollector - INFO - 📌 未分类频道追加到 '其他': 倩女幽魂道道道
2026-07-31 13:46:54,364 - IPTVCollector - INFO - 📌 未分类频道追加到 '其他': RT Balkan
2026-07-31 13:46:54,364 - IPTVCollector - INFO - 📌 未分类频道追加到 '其他': RT Français
2026-07-31 13:46:54,364 - IPTVCollector - INFO - 📌 未分类频道追加到 '其他': 倩女幽魂妖魔道
2026-07-31 13:46:54,365 - IPTVCollector - INFO - 📌 未分类频道追加到 '其他': 耀才财经
2026-07-31 13:46:54,365 - IPTVCollector - INFO - 📌 未分类频道追加到 '其他': 倩女幽魂人间道
2026-07-31 13:46:54,365 - IPTVCollector - INFO - 📌 未分类频道追加到 '其他': 环球电视
2026-07-31 13:46:54,365 - IPTVCollector - INFO - 📌 未分类频道追加到 '其他': 春晚2024
2026-07-31 13:46:54,366 - IPTVCollector - INFO - 📌 未分类频道追加到 '其他': 东丰
2026-07-31 13:46:54,366 - IPTVCollector - INFO - 📌 未分类频道追加到 '其他': 柳河
2026-07-31 13:46:54,366 - IPTVCollector - INFO - 📌 未分类频道追加到 '其他': 九台
2026-07-31 13:46:54,366 - IPTVCollector - INFO - 📌 未分类频道追加到 '其他': 双辽
2026-07-31 13:46:54,366 - IPTVCollector - INFO - 📌 未分类频道追加到 '其他': 汪清
2026-07-31 13:46:54,367 - IPTVCollector - INFO - 📌 未分类频道追加到 '其他': 桦甸
2026-07-31 13:46:54,367 - IPTVCollector - INFO - 📌 未分类频道追加到 '其他': 珲春新闻
2026-07-31 13:46:54,367 - IPTVCollector - INFO - 📌 未分类频道追加到 '其他': 磐石
2026-07-31 13:46:54,367 - IPTVCollector - INFO - 📌 未分类频道追加到 '其他': 舒兰新闻
2026-07-31 13:46:54,367 - IPTVCollector - INFO - 📌 未分类频道追加到 '其他': 辉南新闻
2026-07-31 13:46:54,368 - IPTVCollector - INFO - 🌏 自动追加: 福州电视台少儿频道 -> ☘️福建频道
2026-07-31 13:46:54,369 - IPTVCollector - INFO - 🌏 自动追加: 通化县 -> ☘️吉林频道
2026-07-31 13:46:54,369 - IPTVCollector - INFO - 📌 未分类频道追加到 '其他': 龙井
2026-07-31 13:46:54,371 - IPTVCollector - INFO - 🌏 自动追加: 长白山电视台 -> ☘️吉林频道
2026-07-31 13:46:54,371 - IPTVCollector - INFO - 📌 未分类频道追加到 '其他': 大立电视台
2026-07-31 13:46:54,371 - IPTVCollector - INFO - 📌 未分类频道追加到 '其他': 通海电视台
2026-07-31 13:46:54,371 - IPTVCollector - INFO - 🌏 自动追加: 绍兴电视台公共 -> ☘️浙江频道
2026-07-31 13:46:54,372 - IPTVCollector - INFO - 📌 未分类频道追加到 '其他': RT News
2026-07-31 13:46:54,372 - IPTVCollector - INFO - 📌 未分类频道追加到 '其他': 龙门飞甲
2026-07-31 13:46:54,372 - IPTVCollector - INFO - 📌 未分类频道追加到 '其他': 伊犁经济法制
2026-07-31 13:46:54,372 - IPTVCollector - INFO - 📌 未分类频道追加到 '其他': 玛纳斯综合
2026-07-31 13:46:54,372 - IPTVCollector - INFO - 📌 未分类频道追加到 '其他': 浙江钱江都市
2026-07-31 13:46:54,373 - IPTVCollector - INFO - 📌 未分类频道追加到 '其他': 玛纳斯
2026-07-31 13:46:54,373 - IPTVCollector - INFO - 📌 未分类频道追加到 '其他': Bread TV面包台
2026-07-31 13:46:54,374 - IPTVCollector - INFO - 🌏 自动追加: 邯郸公共频道 -> ☘️河北频道
2026-07-31 13:46:54,374 - IPTVCollector - INFO - 📌 未分类频道追加到 '其他': Angel TV Chinese
2026-07-31 13:46:54,374 - IPTVCollector - INFO - 📌 未分类频道追加到 '其他': ABN China
2026-07-31 13:46:54,375 - IPTVCollector - INFO - 📌 未分类频道追加到 '其他': 梨园
2026-07-31 13:46:54,375 - IPTVCollector - INFO - 📌 未分类频道追加到 '其他': 数码时代
2026-07-31 13:46:54,375 - IPTVCollector - INFO - 📌 未分类频道追加到 '其他': 浙江教育
2026-07-31 13:46:54,375 - IPTVCollector - INFO - 📌 未分类频道追加到 '其他': 浙江教科影院
2026-07-31 13:46:54,375 - IPTVCollector - INFO - 📌 未分类频道追加到 '其他': 浙江钱江频道
2026-07-31 13:46:54,376 - IPTVCollector - INFO - 📌 未分类频道追加到 '其他': 浙江民生休闲
2026-07-31 13:46:54,376 - IPTVCollector - INFO - 📌 未分类频道追加到 '其他': Home Plus
2026-07-31 13:46:54,376 - IPTVCollector - INFO - 📌 未分类频道追加到 '其他': Siping TV
2026-07-31 13:46:54,376 - IPTVCollector - INFO - 📌 未分类频道追加到 '其他': 浙江生活
2026-07-31 13:46:54,376 - IPTVCollector - INFO - 📌 未分类频道追加到 '其他': Nei Monggol TV 2 Mongolian Culture Channel [Not 24/7]
2026-07-31 13:46:54,377 - IPTVCollector - INFO - 📌 未分类频道追加到 '其他': Chifeng Comprehensive News Chanel
2026-07-31 13:46:54,377 - IPTVCollector - INFO - 📌 未分类频道追加到 '其他': 浙江留学
2026-07-31 13:46:54,377 - IPTVCollector - INFO - 📌 未分类频道追加到 '其他': Guangzhou TV
2026-07-31 13:46:54,377 - IPTVCollector - INFO - 📌 未分类频道追加到 '其他': Nei Monggol TV [Not 24/7]
2026-07-31 13:46:54,377 - IPTVCollector - INFO - 📌 未分类频道追加到 '其他': QTV-1
2026-07-31 13:46:54,378 - IPTVCollector - INFO - 📌 未分类频道追加到 '其他': Tonghua TV
2026-07-31 13:46:54,378 - IPTVCollector - INFO - 📌 未分类频道追加到 '其他': 萧山综合
2026-07-31 13:46:54,378 - IPTVCollector - INFO - 📌 未分类频道追加到 '其他': Zhejiang TV International
2026-07-31 13:46:54,378 - IPTVCollector - INFO - 📌 未分类频道追加到 '其他': Harbin Movie Channel
2026-07-31 13:46:54,379 - IPTVCollector - INFO - 📌 未分类频道追加到 '其他': Harbin Comprehensive News Channel
2026-07-31 13:46:54,379 - IPTVCollector - INFO - 📌 未分类频道追加到 '其他': VOA美国之音
2026-07-31 13:46:54,379 - IPTVCollector - INFO - 📌 未分类频道追加到 '其他': Xinjiang TV 8
2026-07-31 13:46:54,379 - IPTVCollector - INFO - 📌 未分类频道追加到 '其他': Hunan TV
2026-07-31 13:46:54,379 - IPTVCollector - INFO - 📌 未分类频道追加到 '其他': TV BRICS Chinese
2026-07-31 13:46:54,380 - IPTVCollector - INFO - 📌 未分类频道追加到 '其他': 衢江新闻综合
2026-07-31 13:46:54,380 - IPTVCollector - INFO - 🌏 自动追加: 湖州公共民生 -> ☘️浙江频道
2026-07-31 13:46:54,380 - IPTVCollector - INFO - 📌 未分类频道追加到 '其他': 凤凰中文
2026-07-31 13:46:54,380 - IPTVCollector - INFO - 📌 未分类频道追加到 '其他': 凤凰资讯
2026-07-31 13:46:54,380 - IPTVCollector - INFO - 📌 未分类频道追加到 '其他': 象山新闻综合
2026-07-31 13:46:54,381 - IPTVCollector - INFO - 🌏 自动追加: 凤凰香港 -> 🌊港·澳·台
2026-07-31 13:46:54,381 - IPTVCollector - INFO - 📌 未分类频道追加到 '其他': CGTN Documentary
2026-07-31 13:46:54,381 - IPTVCollector - INFO - 📌 未分类频道追加到 '其他': Xinjiang TV 3
2026-07-31 13:46:54,381 - IPTVCollector - INFO - 📌 未分类频道追加到 '其他': 韩国电影1
2026-07-31 13:46:54,383 - IPTVCollector - INFO - 🌏 自动追加: 武汉一台新闻综合 -> ☘️湖北频道
2026-07-31 13:46:54,383 - IPTVCollector - INFO - 📌 未分类频道追加到 '其他': 韩国电影2
2026-07-31 13:46:54,383 - IPTVCollector - INFO - 📌 未分类频道追加到 '其他': CHC电影
2026-07-31 13:46:54,383 - IPTVCollector - INFO - 📌 未分类频道追加到 '其他': 兴隆综合
2026-07-31 13:46:54,384 - IPTVCollector - INFO - 📌 未分类频道追加到 '其他': 农安新闻综合 [Geo-blocked]
2026-07-31 13:46:54,384 - IPTVCollector - INFO - 📌 未分类频道追加到 '其他': 前郭综合 [Geo-blocked]
2026-07-31 13:46:54,386 - IPTVCollector - INFO - 🌏 自动追加: 长沙新闻综合 -> ☘️湖南频道
2026-07-31 13:46:54,386 - IPTVCollector - INFO - 📌 未分类频道追加到 '其他': 武进新闻 [Not 24/7]
2026-07-31 13:46:54,386 - IPTVCollector - INFO - 📌 未分类频道追加到 '其他': 武进生活 [Not 24/7]
2026-07-31 13:46:54,386 - IPTVCollector - INFO - 📌 未分类频道追加到 '其他': 延边新闻综合 [Geo-blocked]
2026-07-31 13:46:54,388 - IPTVCollector - INFO - 🌏 自动追加: 松原新闻综合 [Geo-blocked] -> ☘️吉林频道
2026-07-31 13:46:54,388 - IPTVCollector - INFO - 📌 未分类频道追加到 '其他': 河南电视剧
2026-07-31 13:46:54,388 - IPTVCollector - INFO - 📌 未分类频道追加到 '其他': 江津经济生活
2026-07-31 13:46:54,388 - IPTVCollector - INFO - 📌 未分类频道追加到 '其他': FZTV3
2026-07-31 13:46:54,389 - IPTVCollector - INFO - 🎯 Demo 筛选：原始 383 -> 匹配/分类后 383 个频道
2026-07-31 13:46:54,389 - IPTVCollector - INFO - 📊 Demo筛选后: 383
2026-07-31 13:46:54,390 - IPTVCollector - INFO - ✅ M3U 文件已生成: output/tv.m3u
2026-07-31 13:46:54,390 - IPTVCollector - INFO - ✅ TXT 文件已生成: output/tv.txt
2026-07-31 13:46:54,391 - IPTVCollector - INFO - ✅ 多源 M3U 文件已生成: output/tv_multi.m3u
2026-07-31 13:46:54,394 - IPTVCollector - INFO - ✅ JSON API 已生成: output/channels.json
2026-07-31 13:46:54,395 - IPTVCollector - INFO - ✅ 精简版已生成: output/tv_lite.m3u
2026-07-31 13:46:54,395 - IPTVCollector - INFO - ✅ M3U 文件已生成: output/tv_epg.m3u
2026-07-31 13:46:54,396 - IPTVCollector - INFO - 🚀 IPTV 自治系统启动
2026-07-31 13:46:54,396 - IPTVCollector - INFO - ⏭️ 跳过发现阶段
2026-07-31 13:46:54,396 - IPTVCollector - INFO - ==================================================
阶段2: 从缓存观察候选源
==================================================
2026-07-31 13:46:54,420 - IPTVCollector - INFO - ✅ 候选源稳定: 镇安新闻综合 (成功率 66.67%, 延迟 1287ms)
2026-07-31 13:46:54,422 - IPTVCollector - INFO - ✅ 候选源稳定: 双河新闻综合 (成功率 66.67%, 延迟 893ms)
2026-07-31 13:46:54,428 - IPTVCollector - INFO -   📊 观察进度: 100/118，稳定 2 个
2026-07-31 13:46:54,431 - IPTVCollector - INFO - ✅ 观察阶段完成: 2 个源达到稳定标准
2026-07-31 13:46:54,431 - IPTVCollector - INFO - ==================================================
阶段3: 提升稳定源
==================================================
2026-07-31 13:46:54,433 - IPTVCollector - INFO - ✅ 镇安新闻综合 已提升为稳定源
2026-07-31 13:46:54,434 - IPTVCollector - INFO - 📌 已提升: 镇安新闻综合
2026-07-31 13:46:54,435 - IPTVCollector - INFO - ✅ 双河新闻综合 已提升为稳定源
2026-07-31 13:46:54,437 - IPTVCollector - INFO - 📌 已提升: 双河新闻综合
2026-07-31 13:46:54,437 - IPTVCollector - INFO - ✅ 提升阶段完成: 2 个源被提升
2026-07-31 13:46:54,437 - IPTVCollector - INFO - 📊 自治模式统计:
2026-07-31 13:46:54,437 - IPTVCollector - INFO -   候选池总数: 563, 观察中: 116, 稳定: 445
2026-07-31 13:46:54,437 - IPTVCollector - INFO -   本次新提升: 2
2026-07-31 13:46:54,438 - IPTVCollector - INFO - 🎉 全部完成！
2026-07-31 19:11:28,897 - IPTVCollector - INFO - 🚀 IPTV 智能整理平台启动
2026-07-31 19:11:28,899 - IPTVCollector - INFO - ✅ 数据库缓存已启用: data/iptv_cache.db
2026-07-31 19:11:28,902 - IPTVCollector - INFO - 📌 CCTV-1 已设为固定源 (auto_optimize=True)
2026-07-31 19:11:28,903 - IPTVCollector - INFO - 📌 CCTV-2 已设为固定源 (auto_optimize=True)
2026-07-31 19:11:28,904 - IPTVCollector - INFO - 📌 CCTV-3 已设为固定源 (auto_optimize=True)
2026-07-31 19:11:28,905 - IPTVCollector - INFO - 📌 CCTV-4 已设为固定源 (auto_optimize=True)
2026-07-31 19:11:28,906 - IPTVCollector - INFO - 📌 CCTV-5 已设为固定源 (auto_optimize=True)
2026-07-31 19:11:28,907 - IPTVCollector - INFO - 📌 CCTV-5+ 已设为固定源 (auto_optimize=True)
2026-07-31 19:11:28,909 - IPTVCollector - INFO - 📌 CCTV-6 已设为固定源 (auto_optimize=True)
2026-07-31 19:11:28,910 - IPTVCollector - INFO - 📌 CCTV-7 已设为固定源 (auto_optimize=True)
2026-07-31 19:11:28,911 - IPTVCollector - INFO - 📌 CCTV-8 已设为固定源 (auto_optimize=True)
2026-07-31 19:11:28,912 - IPTVCollector - INFO - 📌 CCTV-9 已设为固定源 (auto_optimize=True)
2026-07-31 19:11:28,913 - IPTVCollector - INFO - 📌 CCTV-10 已设为固定源 (auto_optimize=True)
2026-07-31 19:11:28,914 - IPTVCollector - INFO - 📌 CCTV-11 已设为固定源 (auto_optimize=True)
2026-07-31 19:11:28,916 - IPTVCollector - INFO - 📌 CCTV-12 已设为固定源 (auto_optimize=True)
2026-07-31 19:11:28,917 - IPTVCollector - INFO - 📌 CCTV-13 已设为固定源 (auto_optimize=True)
2026-07-31 19:11:28,918 - IPTVCollector - INFO - 📌 CCTV-14 已设为固定源 (auto_optimize=True)
2026-07-31 19:11:28,920 - IPTVCollector - INFO - 📌 CCTV-15 已设为固定源 (auto_optimize=True)
2026-07-31 19:11:28,921 - IPTVCollector - INFO - 📌 CCTV-16 已设为固定源 (auto_optimize=True)
2026-07-31 19:11:28,922 - IPTVCollector - INFO - 📌 CCTV-17 已设为固定源 (auto_optimize=True)
2026-07-31 19:11:28,923 - IPTVCollector - INFO - 📌 CCTV4欧洲 已设为固定源 (auto_optimize=True)
2026-07-31 19:11:28,924 - IPTVCollector - INFO - 📌 CCTV4美洲 已设为固定源 (auto_optimize=True)
2026-07-31 19:11:28,925 - IPTVCollector - INFO - 📌 固定源已同步到数据库
2026-07-31 19:11:28,925 - IPTVCollector - INFO - 📋 订阅源解析：普通 11 个，白名单 0 个
2026-07-31 19:11:28,925 - IPTVCollector - INFO - 📋 使用 11 个源
2026-07-31 19:11:53,013 - IPTVCollector - INFO - 📊 测速完成，有效频道: 462 个
2026-07-31 19:11:53,013 - IPTVCollector - INFO - 📊 通过测速的频道数: 462
2026-07-31 19:11:53,462 - IPTVCollector - INFO - 🔍 ffmpeg 深度验证: 0 个需验证，459 个来自缓存/HTTP
2026-07-31 19:11:53,462 - IPTVCollector - INFO - ✅ ffmpeg 验证完成: 通过 459/462 个频道
2026-07-31 19:11:53,462 - IPTVCollector - INFO - 📊 通过ffmpeg验证的频道数: 459
2026-07-31 19:11:53,471 - IPTVCollector - INFO - 📌 已使用 17 个固定源（含自动优化）
2026-07-31 19:11:53,471 - IPTVCollector - INFO - 📊 合并完成: 共 416 个频道
2026-07-31 19:11:53,471 - IPTVCollector - INFO - 📊 合并后的频道数: 416
2026-07-31 19:11:53,510 - IPTVCollector - INFO - 📊 黑名单过滤后: 400
2026-07-31 19:11:53,513 - IPTVCollector - INFO - 📋 从 demo.txt 解析到 3541 个有序频道
2026-07-31 19:11:53,515 - IPTVCollector - INFO - 📋 从 demo.txt 解析到 3541 个有序频道
2026-07-31 19:13:43,512 - IPTVCollector - INFO - 📌 未分类频道追加到 '其他': CGTN French
2026-07-31 19:13:43,512 - IPTVCollector - INFO - 📌 未分类频道追加到 '其他': 无线新闻台
2026-07-31 19:13:43,513 - IPTVCollector - INFO - 📌 未分类频道追加到 '其他': TVB星河
2026-07-31 19:13:43,513 - IPTVCollector - INFO - 📌 未分类频道追加到 '其他': 华丽翡翠台
2026-07-31 19:13:43,513 - IPTVCollector - INFO - 📌 未分类频道追加到 '其他': 靖江新闻綜合 [Not 24/7]
2026-07-31 19:13:43,513 - IPTVCollector - INFO - 📌 未分类频道追加到 '其他': Xinjiang TV 2
2026-07-31 19:13:43,514 - IPTVCollector - INFO - 📌 未分类频道追加到 '其他': 音乐欣赏
2026-07-31 19:13:43,514 - IPTVCollector - INFO - 📌 未分类频道追加到 '其他': 新闻咨询
2026-07-31 19:13:43,514 - IPTVCollector - INFO - 📌 未分类频道追加到 '其他': 飞碟之谜01
2026-07-31 19:13:43,514 - IPTVCollector - INFO - 📌 未分类频道追加到 '其他': 韩国EBS少儿
2026-07-31 19:13:43,514 - IPTVCollector - INFO - 📌 未分类频道追加到 '其他': 1988年春晚
2026-07-31 19:13:43,514 - IPTVCollector - INFO - 📌 未分类频道追加到 '其他': 1989年春晚
2026-07-31 19:13:43,514 - IPTVCollector - INFO - 📌 未分类频道追加到 '其他': 1987年春晚
2026-07-31 19:13:43,515 - IPTVCollector - INFO - 📌 未分类频道追加到 '其他': CGTN记录
2026-07-31 19:13:43,515 - IPTVCollector - INFO - 📌 未分类频道追加到 '其他': Xinjiang TV 1
2026-07-31 19:13:43,515 - IPTVCollector - INFO - 📌 未分类频道追加到 '其他': CNA
2026-07-31 19:13:43,515 - IPTVCollector - INFO - 📌 未分类频道追加到 '其他': Jiangsu Public & News Channel
2026-07-31 19:13:43,515 - IPTVCollector - INFO - 🌏 自动追加: 上海卫视 -> ☘️上海频道
2026-07-31 19:13:43,515 - IPTVCollector - INFO - 📌 未分类频道追加到 '其他': 自然传奇
2026-07-31 19:13:43,515 - IPTVCollector - INFO - 📌 未分类频道追加到 '其他': RT Documentary
2026-07-31 19:13:43,515 - IPTVCollector - INFO - 📌 未分类频道追加到 '其他': Newsmax
2026-07-31 19:13:43,516 - IPTVCollector - INFO - 📌 未分类频道追加到 '其他': 东南卫视
2026-07-31 19:13:43,516 - IPTVCollector - INFO - 📌 未分类频道追加到 '其他': 人与自然
2026-07-31 19:13:43,516 - IPTVCollector - INFO - 📌 未分类频道追加到 '其他': 地理中国
2026-07-31 19:13:43,516 - IPTVCollector - INFO - 📌 未分类频道追加到 '其他': RT Doc-Русский
2026-07-31 19:13:43,516 - IPTVCollector - INFO - 📌 未分类频道追加到 '其他': 音乐现场
2026-07-31 19:13:43,516 - IPTVCollector - INFO - 📌 未分类频道追加到 '其他': Beautiful Life TV
2026-07-31 19:13:43,516 - IPTVCollector - INFO - 📌 未分类频道追加到 '其他': 熊猫直
2026-07-31 19:13:43,517 - IPTVCollector - INFO - 📌 未分类频道追加到 '其他': Arirang
2026-07-31 19:13:43,517 - IPTVCollector - INFO - 📌 未分类频道追加到 '其他': Good
2026-07-31 19:13:43,517 - IPTVCollector - INFO - 📌 未分类频道追加到 '其他': Good 2
2026-07-31 19:13:43,517 - IPTVCollector - INFO - 📌 未分类频道追加到 '其他': Supreme Master TV
2026-07-31 19:13:43,517 - IPTVCollector - INFO - 📌 未分类频道追加到 '其他': TVB News
2026-07-31 19:13:43,518 - IPTVCollector - INFO - 📌 未分类频道追加到 '其他': Dali TV
2026-07-31 19:13:43,518 - IPTVCollector - INFO - 📌 未分类频道追加到 '其他': Pet Club TV
2026-07-31 19:13:43,518 - IPTVCollector - INFO - 📌 未分类频道追加到 '其他': 2024年春晚
2026-07-31 19:13:43,518 - IPTVCollector - INFO - 📌 未分类频道追加到 '其他': Trace Sports
2026-07-31 19:13:43,518 - IPTVCollector - INFO - 📌 未分类频道追加到 '其他': Wild Earth
2026-07-31 19:13:43,518 - IPTVCollector - INFO - 📌 未分类频道追加到 '其他': RT Balkan
2026-07-31 19:13:43,518 - IPTVCollector - INFO - 📌 未分类频道追加到 '其他': 春晚2025
2026-07-31 19:13:43,519 - IPTVCollector - INFO - 📌 未分类频道追加到 '其他': RT DE
2026-07-31 19:13:43,519 - IPTVCollector - INFO - 📌 未分类频道追加到 '其他': RT Español
2026-07-31 19:13:43,519 - IPTVCollector - INFO - 📌 未分类频道追加到 '其他': WionNews
2026-07-31 19:13:43,519 - IPTVCollector - INFO - 📌 未分类频道追加到 '其他': RT Français
2026-07-31 19:13:43,519 - IPTVCollector - INFO - 📌 未分类频道追加到 '其他': TVB Plus
2026-07-31 19:13:43,519 - IPTVCollector - INFO - 📌 未分类频道追加到 '其他': 春晚2024
2026-07-31 19:13:43,520 - IPTVCollector - INFO - 📌 未分类频道追加到 '其他': 环球电视
2026-07-31 19:13:43,520 - IPTVCollector - INFO - 📌 未分类频道追加到 '其他': 倩女幽魂妖魔道
2026-07-31 19:13:43,520 - IPTVCollector - INFO - 📌 未分类频道追加到 '其他': 倩女幽魂人间道
2026-07-31 19:13:43,520 - IPTVCollector - INFO - 📌 未分类频道追加到 '其他': 第一财经
2026-07-31 19:13:43,520 - IPTVCollector - INFO - 📌 未分类频道追加到 '其他': 倩女幽魂道道道
2026-07-31 19:13:43,520 - IPTVCollector - INFO - 📌 未分类频道追加到 '其他': 耀才财经
2026-07-31 19:13:43,521 - IPTVCollector - INFO - 📌 未分类频道追加到 '其他': 九台
2026-07-31 19:13:43,521 - IPTVCollector - INFO - 📌 未分类频道追加到 '其他': 象视界
2026-07-31 19:13:43,521 - IPTVCollector - INFO - 📌 未分类频道追加到 '其他': 东丰
2026-07-31 19:13:43,521 - IPTVCollector - INFO - 📌 未分类频道追加到 '其他': 双辽
2026-07-31 19:13:43,521 - IPTVCollector - INFO - 🌏 自动追加: 浙江 Ⅰ 绍兴综合 -> ☘️浙江频道
2026-07-31 19:13:43,522 - IPTVCollector - INFO - 🌏 自动追加: 浙江 Ⅰ 绍兴影视 -> ☘️浙江频道
2026-07-31 19:13:43,522 - IPTVCollector - INFO - 📌 未分类频道追加到 '其他': 柳河
2026-07-31 19:13:43,522 - IPTVCollector - INFO - 📌 未分类频道追加到 '其他': 桦甸
2026-07-31 19:13:43,522 - IPTVCollector - INFO - 📌 未分类频道追加到 '其他': 汪清
2026-07-31 19:13:43,522 - IPTVCollector - INFO - 📌 未分类频道追加到 '其他': 珲春新闻
2026-07-31 19:13:43,522 - IPTVCollector - INFO - 📌 未分类频道追加到 '其他': 磐石
2026-07-31 19:13:43,523 - IPTVCollector - INFO - 🌏 自动追加: 福州电视台少儿频道 -> ☘️福建频道
2026-07-31 19:13:43,523 - IPTVCollector - INFO - 📌 未分类频道追加到 '其他': 辉南新闻
2026-07-31 19:13:43,523 - IPTVCollector - INFO - 📌 未分类频道追加到 '其他': 舒兰新闻
2026-07-31 19:13:43,525 - IPTVCollector - INFO - 🌏 自动追加: 通化县 -> ☘️吉林频道
2026-07-31 19:13:43,526 - IPTVCollector - INFO - 🌏 自动追加: 长白山电视台 -> ☘️吉林频道
2026-07-31 19:13:43,526 - IPTVCollector - INFO - 📌 未分类频道追加到 '其他': 龙井
2026-07-31 19:13:43,526 - IPTVCollector - INFO - 📌 未分类频道追加到 '其他': 大立电视台
2026-07-31 19:13:43,526 - IPTVCollector - INFO - 🌏 自动追加: 福州广电视台新闻综合频道 -> ☘️福建频道
2026-07-31 19:13:43,527 - IPTVCollector - INFO - 🌏 自动追加: 绍兴电视台公共 -> ☘️浙江频道
2026-07-31 19:13:43,527 - IPTVCollector - INFO - 📌 未分类频道追加到 '其他': 通海电视台
2026-07-31 19:13:43,527 - IPTVCollector - INFO - 📌 未分类频道追加到 '其他': RT News
2026-07-31 19:13:43,527 - IPTVCollector - INFO - 📌 未分类频道追加到 '其他': 龙门飞甲
2026-07-31 19:13:43,528 - IPTVCollector - INFO - 📌 未分类频道追加到 '其他': 伊犁经济法制
2026-07-31 19:13:43,528 - IPTVCollector - INFO - 📌 未分类频道追加到 '其他': 玛纳斯
2026-07-31 19:13:43,528 - IPTVCollector - INFO - 📌 未分类频道追加到 '其他': 浙江钱江都市
2026-07-31 19:13:43,528 - IPTVCollector - INFO - 📌 未分类频道追加到 '其他': 玛纳斯综合
2026-07-31 19:13:43,528 - IPTVCollector - INFO - 📌 未分类频道追加到 '其他': 兵团五师双河影
2026-07-31 19:13:43,529 - IPTVCollector - INFO - 🌏 自动追加: 邯郸公共频道 -> ☘️河北频道
2026-07-31 19:13:43,529 - IPTVCollector - INFO - 📌 未分类频道追加到 '其他': Bread TV面包台
2026-07-31 19:13:43,530 - IPTVCollector - INFO - 📌 未分类频道追加到 '其他': ABN China
2026-07-31 19:13:43,530 - IPTVCollector - INFO - 📌 未分类频道追加到 '其他': 梨园
2026-07-31 19:13:43,530 - IPTVCollector - INFO - 📌 未分类频道追加到 '其他': Angel TV Chinese
2026-07-31 19:13:43,530 - IPTVCollector - INFO - 📌 未分类频道追加到 '其他': 余杭未来E频道
2026-07-31 19:13:43,530 - IPTVCollector - INFO - 📌 未分类频道追加到 '其他': 上虞新商都
2026-07-31 19:13:43,530 - IPTVCollector - INFO - 📌 未分类频道追加到 '其他': 数码时代
2026-07-31 19:13:43,531 - IPTVCollector - INFO - 📌 未分类频道追加到 '其他': 浙江教科影院
2026-07-31 19:13:43,531 - IPTVCollector - INFO - 📌 未分类频道追加到 '其他': 浙江教育
2026-07-31 19:13:43,531 - IPTVCollector - INFO - 🌏 自动追加: 湖州公共民生 -> ☘️浙江频道
2026-07-31 19:13:43,531 - IPTVCollector - INFO - 📌 未分类频道追加到 '其他': 浙江经济
2026-07-31 19:13:43,531 - IPTVCollector - INFO - 📌 未分类频道追加到 '其他': 萧山综合
2026-07-31 19:13:43,532 - IPTVCollector - INFO - 📌 未分类频道追加到 '其他': 浙江民生休闲
2026-07-31 19:13:43,532 - IPTVCollector - INFO - 📌 未分类频道追加到 '其他': 浙江留学
2026-07-31 19:13:43,532 - IPTVCollector - INFO - 📌 未分类频道追加到 '其他': 浙江钱江频道
2026-07-31 19:13:43,532 - IPTVCollector - INFO - 📌 未分类频道追加到 '其他': 浙江生活
2026-07-31 19:13:43,532 - IPTVCollector - INFO - 📌 未分类频道追加到 '其他': Home Plus
2026-07-31 19:13:43,532 - IPTVCollector - INFO - 📌 未分类频道追加到 '其他': 象山新闻综合
2026-07-31 19:13:43,532 - IPTVCollector - INFO - 📌 未分类频道追加到 '其他': 衢江新闻综合
2026-07-31 19:13:43,533 - IPTVCollector - INFO - 📌 未分类频道追加到 '其他': VOA美国之音
2026-07-31 19:13:43,533 - IPTVCollector - INFO - 📌 未分类频道追加到 '其他': Siping TV
2026-07-31 19:13:43,534 - IPTVCollector - INFO - 🌏 自动追加: 武汉一台新闻综合 -> ☘️湖北频道
2026-07-31 19:13:43,534 - IPTVCollector - INFO - 📌 未分类频道追加到 '其他': QTV-1
2026-07-31 19:13:43,535 - IPTVCollector - INFO - 📌 未分类频道追加到 '其他': 凤凰资讯
2026-07-31 19:13:43,535 - IPTVCollector - INFO - 📌 未分类频道追加到 '其他': Xinjiang TV 3
2026-07-31 19:13:43,535 - IPTVCollector - INFO - 📌 未分类频道追加到 '其他': Guangzhou TV
2026-07-31 19:13:43,535 - IPTVCollector - INFO - 📌 未分类频道追加到 '其他': Zhejiang TV International
2026-07-31 19:13:43,535 - IPTVCollector - INFO - 📌 未分类频道追加到 '其他': Chifeng Comprehensive News Chanel
2026-07-31 19:13:43,535 - IPTVCollector - INFO - 📌 未分类频道追加到 '其他': TV BRICS Chinese
2026-07-31 19:13:43,536 - IPTVCollector - INFO - 📌 未分类频道追加到 '其他': Nei Monggol TV [Not 24/7]
2026-07-31 19:13:43,536 - IPTVCollector - INFO - 📌 未分类频道追加到 '其他': Tonghua TV
2026-07-31 19:13:43,536 - IPTVCollector - INFO - 📌 未分类频道追加到 '其他': 凤凰中文
2026-07-31 19:13:43,536 - IPTVCollector - INFO - 📌 未分类频道追加到 '其他': 韩国电影1
2026-07-31 19:13:43,536 - IPTVCollector - INFO - 📌 未分类频道追加到 '其他': 韩国电影2
2026-07-31 19:13:43,536 - IPTVCollector - INFO - 📌 未分类频道追加到 '其他': Nei Monggol TV 2 Mongolian Culture Channel [Not 24/7]
2026-07-31 19:13:43,537 - IPTVCollector - INFO - 📌 未分类频道追加到 '其他': Xinjiang TV 8
2026-07-31 19:13:43,537 - IPTVCollector - INFO - 📌 未分类频道追加到 '其他': Harbin Comprehensive News Channel
2026-07-31 19:13:43,537 - IPTVCollector - INFO - 🌏 自动追加: 凤凰香港 -> 🌊港·澳·台
2026-07-31 19:13:43,537 - IPTVCollector - INFO - 📌 未分类频道追加到 '其他': CHC电影
2026-07-31 19:13:43,537 - IPTVCollector - INFO - 📌 未分类频道追加到 '其他': Harbin Movie Channel
2026-07-31 19:13:43,537 - IPTVCollector - INFO - 📌 未分类频道追加到 '其他': Hunan TV
2026-07-31 19:13:43,538 - IPTVCollector - INFO - 📌 未分类频道追加到 '其他': CGTN Documentary
2026-07-31 19:13:43,539 - IPTVCollector - INFO - 🌏 自动追加: 长沙新闻综合 -> ☘️湖南频道
2026-07-31 19:13:43,539 - IPTVCollector - INFO - 📌 未分类频道追加到 '其他': 兴隆综合
2026-07-31 19:13:43,539 - IPTVCollector - INFO - 📌 未分类频道追加到 '其他': 农安新闻综合 [Geo-blocked]
2026-07-31 19:13:43,540 - IPTVCollector - INFO - 📌 未分类频道追加到 '其他': 前郭综合 [Geo-blocked]
2026-07-31 19:13:43,540 - IPTVCollector - INFO - 📌 未分类频道追加到 '其他': 都市青春
2026-07-31 19:13:43,540 - IPTVCollector - INFO - 📌 未分类频道追加到 '其他': 辽宁青少
2026-07-31 19:13:43,540 - IPTVCollector - INFO - 📌 未分类频道追加到 '其他': 延边新闻综合 [Geo-blocked]
2026-07-31 19:13:43,541 - IPTVCollector - INFO - 🌏 自动追加: 松原新闻综合 [Geo-blocked] -> ☘️吉林频道
2026-07-31 19:13:43,541 - IPTVCollector - INFO - 📌 未分类频道追加到 '其他': 武进新闻 [Not 24/7]
2026-07-31 19:13:43,542 - IPTVCollector - INFO - 📌 未分类频道追加到 '其他': 河南电视剧
2026-07-31 19:13:43,542 - IPTVCollector - INFO - 📌 未分类频道追加到 '其他': 武进生活 [Not 24/7]
2026-07-31 19:13:43,542 - IPTVCollector - INFO - 📌 未分类频道追加到 '其他': 江津新闻
2026-07-31 19:13:43,542 - IPTVCollector - INFO - 📌 未分类频道追加到 '其他': 陕西新闻咨询
2026-07-31 19:13:43,542 - IPTVCollector - INFO - 📌 未分类频道追加到 '其他': FZTV3
2026-07-31 19:13:43,542 - IPTVCollector - INFO - 📌 未分类频道追加到 '其他': 江津经济生活
2026-07-31 19:13:43,544 - IPTVCollector - INFO - 🌏 自动追加: 白山新闻综合 [Geo-blocked] -> ☘️吉林频道
2026-07-31 19:13:43,545 - IPTVCollector - INFO - 🌏 自动追加: 哈尔滨都市咨询 -> ☘️黑龙江频道
2026-07-31 19:13:43,545 - IPTVCollector - INFO - 📌 未分类频道追加到 '其他': 辽新闻综合 [Geo-blocked]
2026-07-31 19:13:43,545 - IPTVCollector - INFO - 📌 未分类频道追加到 '其他': 集安综合 [Geo-blocked]
2026-07-31 19:13:43,547 - IPTVCollector - INFO - 🌏 自动追加: 长春综合 [Geo-blocked] -> ☘️吉林频道
2026-07-31 19:13:43,548 - IPTVCollector - INFO - 🌏 自动追加: 通化新闻 [Geo-blocked] -> ☘️吉林频道
2026-07-31 19:13:43,548 - IPTVCollector - INFO - 📌 未分类频道追加到 '其他': 荣昌综合 [Not 24/7]
2026-07-31 19:13:43,548 - IPTVCollector - INFO - 🎯 Demo 筛选：原始 400 -> 匹配/分类后 400 个频道
2026-07-31 19:13:43,548 - IPTVCollector - INFO - 📊 Demo筛选后: 400
2026-07-31 19:13:43,549 - IPTVCollector - INFO - ✅ M3U 文件已生成: output/tv.m3u
2026-07-31 19:13:43,550 - IPTVCollector - INFO - ✅ TXT 文件已生成: output/tv.txt
2026-07-31 19:13:43,550 - IPTVCollector - INFO - ✅ 多源 M3U 文件已生成: output/tv_multi.m3u
2026-07-31 19:13:43,553 - IPTVCollector - INFO - ✅ JSON API 已生成: output/channels.json
2026-07-31 19:13:43,554 - IPTVCollector - INFO - ✅ 精简版已生成: output/tv_lite.m3u
2026-07-31 19:13:43,554 - IPTVCollector - INFO - ✅ M3U 文件已生成: output/tv_epg.m3u
2026-07-31 19:13:43,555 - IPTVCollector - INFO - 🚀 IPTV 自治系统启动
2026-07-31 19:13:43,555 - IPTVCollector - INFO - ⏭️ 跳过发现阶段
2026-07-31 19:13:43,555 - IPTVCollector - INFO - ==================================================
阶段2: 从缓存观察候选源
==================================================
2026-07-31 19:13:43,590 - IPTVCollector - INFO -   📊 观察进度: 100/113，稳定 0 个
2026-07-31 19:13:43,593 - IPTVCollector - INFO - ✅ 观察阶段完成: 0 个源达到稳定标准
2026-07-31 19:13:43,594 - IPTVCollector - INFO - ==================================================
阶段3: 提升稳定源
==================================================
2026-07-31 19:13:43,594 - IPTVCollector - INFO - 📭 没有稳定的候选源需要提升
2026-07-31 19:13:43,594 - IPTVCollector - INFO - 📊 自治模式统计:
2026-07-31 19:13:43,594 - IPTVCollector - INFO -   候选池总数: 563, 观察中: 113, 稳定: 448
2026-07-31 19:13:43,594 - IPTVCollector - INFO -   本次新提升: 0
2026-07-31 19:13:43,594 - IPTVCollector - INFO - 🎉 全部完成！
2026-08-01 02:01:31,231 - IPTVCollector - INFO - 🚀 IPTV 智能整理平台启动
2026-08-01 02:01:31,234 - IPTVCollector - INFO - ✅ 数据库缓存已启用: data/iptv_cache.db
2026-08-01 02:01:31,237 - IPTVCollector - INFO - 📌 CCTV-1 已设为固定源 (auto_optimize=True)
2026-08-01 02:01:31,238 - IPTVCollector - INFO - 📌 CCTV-2 已设为固定源 (auto_optimize=True)
2026-08-01 02:01:31,239 - IPTVCollector - INFO - 📌 CCTV-3 已设为固定源 (auto_optimize=True)
2026-08-01 02:01:31,241 - IPTVCollector - INFO - 📌 CCTV-4 已设为固定源 (auto_optimize=True)
2026-08-01 02:01:31,242 - IPTVCollector - INFO - 📌 CCTV-5 已设为固定源 (auto_optimize=True)
2026-08-01 02:01:31,243 - IPTVCollector - INFO - 📌 CCTV-5+ 已设为固定源 (auto_optimize=True)
2026-08-01 02:01:31,245 - IPTVCollector - INFO - 📌 CCTV-6 已设为固定源 (auto_optimize=True)
2026-08-01 02:01:31,246 - IPTVCollector - INFO - 📌 CCTV-7 已设为固定源 (auto_optimize=True)
2026-08-01 02:01:31,247 - IPTVCollector - INFO - 📌 CCTV-8 已设为固定源 (auto_optimize=True)
2026-08-01 02:01:31,249 - IPTVCollector - INFO - 📌 CCTV-9 已设为固定源 (auto_optimize=True)
2026-08-01 02:01:31,250 - IPTVCollector - INFO - 📌 CCTV-10 已设为固定源 (auto_optimize=True)
2026-08-01 02:01:31,251 - IPTVCollector - INFO - 📌 CCTV-11 已设为固定源 (auto_optimize=True)
2026-08-01 02:01:31,252 - IPTVCollector - INFO - 📌 CCTV-12 已设为固定源 (auto_optimize=True)
2026-08-01 02:01:31,253 - IPTVCollector - INFO - 📌 CCTV-13 已设为固定源 (auto_optimize=True)
2026-08-01 02:01:31,254 - IPTVCollector - INFO - 📌 CCTV-14 已设为固定源 (auto_optimize=True)
2026-08-01 02:01:31,256 - IPTVCollector - INFO - 📌 CCTV-15 已设为固定源 (auto_optimize=True)
2026-08-01 02:01:31,257 - IPTVCollector - INFO - 📌 CCTV-16 已设为固定源 (auto_optimize=True)
2026-08-01 02:01:31,258 - IPTVCollector - INFO - 📌 CCTV-17 已设为固定源 (auto_optimize=True)
2026-08-01 02:01:31,259 - IPTVCollector - INFO - 📌 CCTV4欧洲 已设为固定源 (auto_optimize=True)
2026-08-01 02:01:31,261 - IPTVCollector - INFO - 📌 CCTV4美洲 已设为固定源 (auto_optimize=True)
2026-08-01 02:01:31,261 - IPTVCollector - INFO - 📌 固定源已同步到数据库
2026-08-01 02:01:31,261 - IPTVCollector - INFO - 📋 订阅源解析：普通 11 个，白名单 0 个
2026-08-01 02:01:31,261 - IPTVCollector - INFO - 📋 使用 11 个源
2026-08-01 02:02:04,577 - IPTVCollector - INFO - 📊 测速完成，有效频道: 424 个
2026-08-01 02:02:04,577 - IPTVCollector - INFO - 📊 通过测速的频道数: 424
2026-08-01 02:02:04,931 - IPTVCollector - INFO - 🔍 ffmpeg 深度验证: 0 个需验证，421 个来自缓存/HTTP
2026-08-01 02:02:04,931 - IPTVCollector - INFO - ✅ ffmpeg 验证完成: 通过 421/424 个频道
2026-08-01 02:02:04,932 - IPTVCollector - INFO - 📊 通过ffmpeg验证的频道数: 421
2026-08-01 02:02:04,940 - IPTVCollector - INFO - 📌 已使用 17 个固定源（含自动优化）
2026-08-01 02:02:04,940 - IPTVCollector - INFO - 📊 合并完成: 共 377 个频道
2026-08-01 02:02:04,940 - IPTVCollector - INFO - 📊 合并后的频道数: 377
2026-08-01 02:02:04,974 - IPTVCollector - INFO - 📊 黑名单过滤后: 360
2026-08-01 02:02:04,976 - IPTVCollector - INFO - 📋 从 demo.txt 解析到 3541 个有序频道
2026-08-01 02:02:04,978 - IPTVCollector - INFO - 📋 从 demo.txt 解析到 3541 个有序频道
2026-08-01 02:03:46,196 - IPTVCollector - INFO - 📌 未分类频道追加到 '其他': 浙江钱江都市
2026-08-01 02:03:46,198 - IPTVCollector - INFO - 🌏 自动追加: 邯郸公共频道 -> ☘️河北频道
2026-08-01 02:03:46,198 - IPTVCollector - INFO - 📌 未分类频道追加到 '其他': 梨园
2026-08-01 02:03:46,198 - IPTVCollector - INFO - 📌 未分类频道追加到 '其他': Bread TV面包台
2026-08-01 02:03:46,198 - IPTVCollector - INFO - 📌 未分类频道追加到 '其他': ABN China
2026-08-01 02:03:46,199 - IPTVCollector - INFO - 📌 未分类频道追加到 '其他': Angel TV Chinese
2026-08-01 02:03:46,199 - IPTVCollector - INFO - 📌 未分类频道追加到 '其他': 数码时代
2026-08-01 02:03:46,199 - IPTVCollector - INFO - 📌 未分类频道追加到 '其他': 浙江教科影院
2026-08-01 02:03:46,199 - IPTVCollector - INFO - 📌 未分类频道追加到 '其他': 浙江教育
2026-08-01 02:03:46,199 - IPTVCollector - INFO - 📌 未分类频道追加到 '其他': 浙江经济
2026-08-01 02:03:46,200 - IPTVCollector - INFO - 📌 未分类频道追加到 '其他': 浙江钱江频道
2026-08-01 02:03:46,200 - IPTVCollector - INFO - 📌 未分类频道追加到 '其他': 浙江留学
2026-08-01 02:03:46,200 - IPTVCollector - INFO - 📌 未分类频道追加到 '其他': 浙江生活
2026-08-01 02:03:46,200 - IPTVCollector - INFO - 📌 未分类频道追加到 '其他': 浙江民生休闲
2026-08-01 02:03:46,201 - IPTVCollector - INFO - 📌 未分类频道追加到 '其他': Guangzhou TV
2026-08-01 02:03:46,201 - IPTVCollector - INFO - 📌 未分类频道追加到 '其他': Harbin Comprehensive News Channel
2026-08-01 02:03:46,201 - IPTVCollector - INFO - 📌 未分类频道追加到 '其他': Chifeng Comprehensive News Chanel
2026-08-01 02:03:46,201 - IPTVCollector - INFO - 📌 未分类频道追加到 '其他': Home Plus
2026-08-01 02:03:46,202 - IPTVCollector - INFO - 📌 未分类频道追加到 '其他': Harbin Movie Channel
2026-08-01 02:03:46,202 - IPTVCollector - INFO - 📌 未分类频道追加到 '其他': Nei Monggol TV [Not 24/7]
2026-08-01 02:03:46,203 - IPTVCollector - INFO - 🌏 自动追加: 武汉一台新闻综合 -> ☘️湖北频道
2026-08-01 02:03:46,204 - IPTVCollector - INFO - 📌 未分类频道追加到 '其他': Hunan TV
2026-08-01 02:03:46,204 - IPTVCollector - INFO - 📌 未分类频道追加到 '其他': VOA美国之音
2026-08-01 02:03:46,204 - IPTVCollector - INFO - 📌 未分类频道追加到 '其他': CHC电影
2026-08-01 02:03:46,204 - IPTVCollector - INFO - 📌 未分类频道追加到 '其他': 凤凰资讯
2026-08-01 02:03:46,204 - IPTVCollector - INFO - 🌏 自动追加: 凤凰香港 -> 🌊港·澳·台
2026-08-01 02:03:46,205 - IPTVCollector - INFO - 📌 未分类频道追加到 '其他': 凤凰中文
2026-08-01 02:03:46,205 - IPTVCollector - INFO - 📌 未分类频道追加到 '其他': Nei Monggol TV 2 Mongolian Culture Channel [Not 24/7]
2026-08-01 02:03:46,205 - IPTVCollector - INFO - 📌 未分类频道追加到 '其他': Xinjiang TV 2
2026-08-01 02:03:46,205 - IPTVCollector - INFO - 📌 未分类频道追加到 '其他': Zhejiang TV International
2026-08-01 02:03:46,205 - IPTVCollector - INFO - 📌 未分类频道追加到 '其他': Xinjiang TV 3
2026-08-01 02:03:46,206 - IPTVCollector - INFO - 📌 未分类频道追加到 '其他': Tonghua TV
2026-08-01 02:03:46,206 - IPTVCollector - INFO - 📌 未分类频道追加到 '其他': QTV-1
2026-08-01 02:03:46,206 - IPTVCollector - INFO - 📌 未分类频道追加到 '其他': 韩国电影2
2026-08-01 02:03:46,206 - IPTVCollector - INFO - 📌 未分类频道追加到 '其他': 韩国电影1
2026-08-01 02:03:46,206 - IPTVCollector - INFO - 📌 未分类频道追加到 '其他': Xinjiang TV 8
2026-08-01 02:03:46,207 - IPTVCollector - INFO - 📌 未分类频道追加到 '其他': TV BRICS Chinese
2026-08-01 02:03:46,207 - IPTVCollector - INFO - 📌 未分类频道追加到 '其他': FZTV3
2026-08-01 02:03:46,207 - IPTVCollector - INFO - 📌 未分类频道追加到 '其他': Siping TV
2026-08-01 02:03:46,207 - IPTVCollector - INFO - 📌 未分类频道追加到 '其他': 辽宁青少
2026-08-01 02:03:46,207 - IPTVCollector - INFO - 📌 未分类频道追加到 '其他': 都市青春
2026-08-01 02:03:46,208 - IPTVCollector - INFO - 📌 未分类频道追加到 '其他': 兴隆综合
2026-08-01 02:03:46,208 - IPTVCollector - INFO - 📌 未分类频道追加到 '其他': 江津新闻
2026-08-01 02:03:46,208 - IPTVCollector - INFO - 📌 未分类频道追加到 '其他': 陕西新闻咨询
2026-08-01 02:03:46,208 - IPTVCollector - INFO - 📌 未分类频道追加到 '其他': 武进新闻 [Not 24/7]
2026-08-01 02:03:46,209 - IPTVCollector - INFO - 📌 未分类频道追加到 '其他': 前郭综合 [Geo-blocked]
2026-08-01 02:03:46,209 - IPTVCollector - INFO - 📌 未分类频道追加到 '其他': 河南电视剧
2026-08-01 02:03:46,210 - IPTVCollector - INFO - 🌏 自动追加: 松原新闻综合 [Geo-blocked] -> ☘️吉林频道
2026-08-01 02:03:46,210 - IPTVCollector - INFO - 🌏 自动追加: 浙江 Ⅰ 绍兴影视 -> ☘️浙江频道
2026-08-01 02:03:46,211 - IPTVCollector - INFO - 📌 未分类频道追加到 '其他': 武进生活 [Not 24/7]
2026-08-01 02:03:46,211 - IPTVCollector - INFO - 📌 未分类频道追加到 '其他': 江津经济生活
2026-08-01 02:03:46,211 - IPTVCollector - INFO - 📌 未分类频道追加到 '其他': 农安新闻综合 [Geo-blocked]
2026-08-01 02:03:46,212 - IPTVCollector - INFO - 🌏 自动追加: 哈尔滨都市咨询 -> ☘️黑龙江频道
2026-08-01 02:03:46,213 - IPTVCollector - INFO - 🌏 自动追加: 浙江 Ⅰ 绍兴综合 -> ☘️浙江频道
2026-08-01 02:03:46,213 - IPTVCollector - INFO - 📌 未分类频道追加到 '其他': 无线新闻台
2026-08-01 02:03:46,214 - IPTVCollector - INFO - 🌏 自动追加: 白山新闻综合 [Geo-blocked] -> ☘️吉林频道
2026-08-01 02:03:46,214 - IPTVCollector - INFO - 📌 未分类频道追加到 '其他': 华丽翡翠台
2026-08-01 02:03:46,216 - IPTVCollector - INFO - 🌏 自动追加: 通化新闻 [Geo-blocked] -> ☘️吉林频道
2026-08-01 02:03:46,216 - IPTVCollector - INFO - 📌 未分类频道追加到 '其他': TVB星河
2026-08-01 02:03:46,216 - IPTVCollector - INFO - 📌 未分类频道追加到 '其他': 辽新闻综合 [Geo-blocked]
2026-08-01 02:03:46,216 - IPTVCollector - INFO - 📌 未分类频道追加到 '其他': 集安综合 [Geo-blocked]
2026-08-01 02:03:46,218 - IPTVCollector - INFO - 🌏 自动追加: 长春综合 [Geo-blocked] -> ☘️吉林频道
2026-08-01 02:03:46,218 - IPTVCollector - INFO - 📌 未分类频道追加到 '其他': 新闻咨询
2026-08-01 02:03:46,218 - IPTVCollector - INFO - 📌 未分类频道追加到 '其他': CGTN French
2026-08-01 02:03:46,219 - IPTVCollector - INFO - 🌏 自动追加: 福州广电视台新闻综合频道 -> ☘️福建频道
2026-08-01 02:03:46,219 - IPTVCollector - INFO - 🌏 自动追加: 福州电视台少儿频道 -> ☘️福建频道
2026-08-01 02:03:46,219 - IPTVCollector - INFO - 📌 未分类频道追加到 '其他': 音乐欣赏
2026-08-01 02:03:46,219 - IPTVCollector - INFO - 📌 未分类频道追加到 '其他': 韩国EBS少儿
2026-08-01 02:03:46,220 - IPTVCollector - INFO - 📌 未分类频道追加到 '其他': Xinjiang TV 1
2026-08-01 02:03:46,220 - IPTVCollector - INFO - 📌 未分类频道追加到 '其他': 荣昌综合 [Not 24/7]
2026-08-01 02:03:46,220 - IPTVCollector - INFO - 📌 未分类频道追加到 '其他': 音乐现场
2026-08-01 02:03:46,220 - IPTVCollector - INFO - 📌 未分类频道追加到 '其他': Jiangsu Public & News Channel
2026-08-01 02:03:46,220 - IPTVCollector - INFO - 📌 未分类频道追加到 '其他': 地理中国
2026-08-01 02:03:46,221 - IPTVCollector - INFO - 📌 未分类频道追加到 '其他': 1989年春晚
2026-08-01 02:03:46,221 - IPTVCollector - INFO - 📌 未分类频道追加到 '其他': 1988年春晚
2026-08-01 02:03:46,221 - IPTVCollector - INFO - 📌 未分类频道追加到 '其他': 1987年春晚
2026-08-01 02:03:46,221 - IPTVCollector - INFO - 📌 未分类频道追加到 '其他': 自然传奇
2026-08-01 02:03:46,222 - IPTVCollector - INFO - 📌 未分类频道追加到 '其他': 人与自然
2026-08-01 02:03:46,222 - IPTVCollector - INFO - 📌 未分类频道追加到 '其他': 靖江新闻綜合 [Not 24/7]
2026-08-01 02:03:46,222 - IPTVCollector - INFO - 📌 未分类频道追加到 '其他': 飞碟之谜01
2026-08-01 02:03:46,222 - IPTVCollector - INFO - 📌 未分类频道追加到 '其他': CNA
2026-08-01 02:03:46,222 - IPTVCollector - INFO - 🌏 自动追加: 上海卫视 -> ☘️上海频道
2026-08-01 02:03:46,223 - IPTVCollector - INFO - 📌 未分类频道追加到 '其他': 东南卫视
2026-08-01 02:03:46,223 - IPTVCollector - INFO - 📌 未分类频道追加到 '其他': Beautiful Life TV
2026-08-01 02:03:46,223 - IPTVCollector - INFO - 📌 未分类频道追加到 '其他': Arirang
2026-08-01 02:03:46,223 - IPTVCollector - INFO - 📌 未分类频道追加到 '其他': CGTN记录
2026-08-01 02:03:46,223 - IPTVCollector - INFO - 📌 未分类频道追加到 '其他': Good 2
2026-08-01 02:03:46,224 - IPTVCollector - INFO - 📌 未分类频道追加到 '其他': Good
2026-08-01 02:03:46,224 - IPTVCollector - INFO - 📌 未分类频道追加到 '其他': 熊猫直
2026-08-01 02:03:46,224 - IPTVCollector - INFO - 📌 未分类频道追加到 '其他': Newsmax
2026-08-01 02:03:46,224 - IPTVCollector - INFO - 📌 未分类频道追加到 '其他': RT Doc-Русский
2026-08-01 02:03:46,224 - IPTVCollector - INFO - 📌 未分类频道追加到 '其他': Supreme Master TV
2026-08-01 02:03:46,225 - IPTVCollector - INFO - 📌 未分类频道追加到 '其他': TVB News
2026-08-01 02:03:46,225 - IPTVCollector - INFO - 📌 未分类频道追加到 '其他': RT Documentary
2026-08-01 02:03:46,225 - IPTVCollector - INFO - 📌 未分类频道追加到 '其他': TVB Plus
2026-08-01 02:03:46,225 - IPTVCollector - INFO - 📌 未分类频道追加到 '其他': Dali TV
2026-08-01 02:03:46,225 - IPTVCollector - INFO - 📌 未分类频道追加到 '其他': 2024年春晚
2026-08-01 02:03:46,226 - IPTVCollector - INFO - 📌 未分类频道追加到 '其他': Wild Earth
2026-08-01 02:03:46,226 - IPTVCollector - INFO - 📌 未分类频道追加到 '其他': Trace Sports
2026-08-01 02:03:46,226 - IPTVCollector - INFO - 📌 未分类频道追加到 '其他': 春晚2025
2026-08-01 02:03:46,226 - IPTVCollector - INFO - 📌 未分类频道追加到 '其他': 倩女幽魂妖魔道
2026-08-01 02:03:46,227 - IPTVCollector - INFO - 📌 未分类频道追加到 '其他': Pet Club TV
2026-08-01 02:03:46,227 - IPTVCollector - INFO - 📌 未分类频道追加到 '其他': 倩女幽魂道道道
2026-08-01 02:03:46,227 - IPTVCollector - INFO - 📌 未分类频道追加到 '其他': 倩女幽魂人间道
2026-08-01 02:03:46,227 - IPTVCollector - INFO - 📌 未分类频道追加到 '其他': RT Español
2026-08-01 02:03:46,227 - IPTVCollector - INFO - 📌 未分类频道追加到 '其他': RT Français
2026-08-01 02:03:46,228 - IPTVCollector - INFO - 📌 未分类频道追加到 '其他': 环球电视
2026-08-01 02:03:46,228 - IPTVCollector - INFO - 📌 未分类频道追加到 '其他': RT Balkan
2026-08-01 02:03:46,228 - IPTVCollector - INFO - 📌 未分类频道追加到 '其他': WionNews
2026-08-01 02:03:46,228 - IPTVCollector - INFO - 📌 未分类频道追加到 '其他': 春晚2024
2026-08-01 02:03:46,228 - IPTVCollector - INFO - 📌 未分类频道追加到 '其他': CGTN-Documentary
2026-08-01 02:03:46,229 - IPTVCollector - INFO - 📌 未分类频道追加到 '其他': 第一财经
2026-08-01 02:03:46,229 - IPTVCollector - INFO - 📌 未分类频道追加到 '其他': RT DE
2026-08-01 02:03:46,229 - IPTVCollector - INFO - 📌 未分类频道追加到 '其他': 九台
2026-08-01 02:03:46,229 - IPTVCollector - INFO - 📌 未分类频道追加到 '其他': 耀才财经
2026-08-01 02:03:46,229 - IPTVCollector - INFO - 📌 未分类频道追加到 '其他': 双辽
2026-08-01 02:03:46,230 - IPTVCollector - INFO - 📌 未分类频道追加到 '其他': 东丰
2026-08-01 02:03:46,230 - IPTVCollector - INFO - 📌 未分类频道追加到 '其他': 延边2
2026-08-01 02:03:46,230 - IPTVCollector - INFO - 📌 未分类频道追加到 '其他': 柳河
2026-08-01 02:03:46,230 - IPTVCollector - INFO - 📌 未分类频道追加到 '其他': 桦甸
2026-08-01 02:03:46,230 - IPTVCollector - INFO - 📌 未分类频道追加到 '其他': 象视界
2026-08-01 02:03:46,231 - IPTVCollector - INFO - 📌 未分类频道追加到 '其他': 汪清
2026-08-01 02:03:46,231 - IPTVCollector - INFO - 📌 未分类频道追加到 '其他': 磐石
2026-08-01 02:03:46,231 - IPTVCollector - INFO - 📌 未分类频道追加到 '其他': 舒兰新闻
2026-08-01 02:03:46,231 - IPTVCollector - INFO - 📌 未分类频道追加到 '其他': 辉南新闻
2026-08-01 02:03:46,231 - IPTVCollector - INFO - 📌 未分类频道追加到 '其他': 珲春新闻
2026-08-01 02:03:46,233 - IPTVCollector - INFO - 🌏 自动追加: 通化县 -> ☘️吉林频道
2026-08-01 02:03:46,234 - IPTVCollector - INFO - 🌏 自动追加: 长白山电视台 -> ☘️吉林频道
2026-08-01 02:03:46,234 - IPTVCollector - INFO - 📌 未分类频道追加到 '其他': 龙井
2026-08-01 02:03:46,234 - IPTVCollector - INFO - 📌 未分类频道追加到 '其他': 大立电视台
2026-08-01 02:03:46,235 - IPTVCollector - INFO - 🌏 自动追加: 绍兴电视台公共 -> ☘️浙江频道
2026-08-01 02:03:46,235 - IPTVCollector - INFO - 📌 未分类频道追加到 '其他': 通海电视台
2026-08-01 02:03:46,235 - IPTVCollector - INFO - 📌 未分类频道追加到 '其他': 龙门飞甲
2026-08-01 02:03:46,235 - IPTVCollector - INFO - 📌 未分类频道追加到 '其他': RT News
2026-08-01 02:03:46,235 - IPTVCollector - INFO - 📌 未分类频道追加到 '其他': 伊犁经济法制
2026-08-01 02:03:46,236 - IPTVCollector - INFO - 📌 未分类频道追加到 '其他': 玛纳斯综合
2026-08-01 02:03:46,236 - IPTVCollector - INFO - 📌 未分类频道追加到 '其他': 玛纳斯
2026-08-01 02:03:46,236 - IPTVCollector - INFO - 🎯 Demo 筛选：原始 360 -> 匹配/分类后 360 个频道
2026-08-01 02:03:46,236 - IPTVCollector - INFO - 📊 Demo筛选后: 360
2026-08-01 02:03:46,237 - IPTVCollector - INFO - ✅ M3U 文件已生成: output/tv.m3u
2026-08-01 02:03:46,238 - IPTVCollector - INFO - ✅ TXT 文件已生成: output/tv.txt
2026-08-01 02:03:46,238 - IPTVCollector - INFO - ✅ 多源 M3U 文件已生成: output/tv_multi.m3u
2026-08-01 02:03:46,241 - IPTVCollector - INFO - ✅ JSON API 已生成: output/channels.json
2026-08-01 02:03:46,241 - IPTVCollector - INFO - ✅ 精简版已生成: output/tv_lite.m3u
2026-08-01 02:03:46,242 - IPTVCollector - INFO - ✅ M3U 文件已生成: output/tv_epg.m3u
2026-08-01 02:03:46,242 - IPTVCollector - INFO - 🚀 IPTV 自治系统启动
2026-08-01 02:03:46,242 - IPTVCollector - INFO - ⏭️ 跳过发现阶段
2026-08-01 02:03:46,242 - IPTVCollector - INFO - ==================================================
阶段2: 从缓存观察候选源
==================================================
2026-08-01 02:03:46,271 - IPTVCollector - INFO -   📊 观察进度: 100/120，稳定 0 个
2026-08-01 02:03:46,275 - IPTVCollector - INFO - ✅ 观察阶段完成: 0 个源达到稳定标准
2026-08-01 02:03:46,275 - IPTVCollector - INFO - ==================================================
阶段3: 提升稳定源
==================================================
2026-08-01 02:03:46,275 - IPTVCollector - INFO - 📭 没有稳定的候选源需要提升
2026-08-01 02:03:46,275 - IPTVCollector - INFO - 📊 自治模式统计:
2026-08-01 02:03:46,275 - IPTVCollector - INFO -   候选池总数: 563, 观察中: 120, 稳定: 441
2026-08-01 02:03:46,275 - IPTVCollector - INFO -   本次新提升: 0
2026-08-01 02:03:46,276 - IPTVCollector - INFO - 🎉 全部完成！
2026-08-01 08:06:43,469 - IPTVCollector - INFO - 🚀 IPTV 智能整理平台启动
2026-08-01 08:06:43,471 - IPTVCollector - INFO - ✅ 数据库缓存已启用: data/iptv_cache.db
2026-08-01 08:06:43,473 - IPTVCollector - INFO - 📌 CCTV-1 已设为固定源 (auto_optimize=True)
2026-08-01 08:06:43,475 - IPTVCollector - INFO - 📌 CCTV-2 已设为固定源 (auto_optimize=True)
2026-08-01 08:06:43,476 - IPTVCollector - INFO - 📌 CCTV-3 已设为固定源 (auto_optimize=True)
2026-08-01 08:06:43,477 - IPTVCollector - INFO - 📌 CCTV-4 已设为固定源 (auto_optimize=True)
2026-08-01 08:06:43,478 - IPTVCollector - INFO - 📌 CCTV-5 已设为固定源 (auto_optimize=True)
2026-08-01 08:06:43,479 - IPTVCollector - INFO - 📌 CCTV-5+ 已设为固定源 (auto_optimize=True)
2026-08-01 08:06:43,480 - IPTVCollector - INFO - 📌 CCTV-6 已设为固定源 (auto_optimize=True)
2026-08-01 08:06:43,481 - IPTVCollector - INFO - 📌 CCTV-7 已设为固定源 (auto_optimize=True)
2026-08-01 08:06:43,482 - IPTVCollector - INFO - 📌 CCTV-8 已设为固定源 (auto_optimize=True)
2026-08-01 08:06:43,483 - IPTVCollector - INFO - 📌 CCTV-9 已设为固定源 (auto_optimize=True)
2026-08-01 08:06:43,484 - IPTVCollector - INFO - 📌 CCTV-10 已设为固定源 (auto_optimize=True)
2026-08-01 08:06:43,486 - IPTVCollector - INFO - 📌 CCTV-11 已设为固定源 (auto_optimize=True)
2026-08-01 08:06:43,487 - IPTVCollector - INFO - 📌 CCTV-12 已设为固定源 (auto_optimize=True)
2026-08-01 08:06:43,489 - IPTVCollector - INFO - 📌 CCTV-13 已设为固定源 (auto_optimize=True)
2026-08-01 08:06:43,491 - IPTVCollector - INFO - 📌 CCTV-14 已设为固定源 (auto_optimize=True)
2026-08-01 08:06:43,492 - IPTVCollector - INFO - 📌 CCTV-15 已设为固定源 (auto_optimize=True)
2026-08-01 08:06:43,493 - IPTVCollector - INFO - 📌 CCTV-16 已设为固定源 (auto_optimize=True)
2026-08-01 08:06:43,494 - IPTVCollector - INFO - 📌 CCTV-17 已设为固定源 (auto_optimize=True)
2026-08-01 08:06:43,495 - IPTVCollector - INFO - 📌 CCTV4欧洲 已设为固定源 (auto_optimize=True)
2026-08-01 08:06:43,496 - IPTVCollector - INFO - 📌 CCTV4美洲 已设为固定源 (auto_optimize=True)
2026-08-01 08:06:43,496 - IPTVCollector - INFO - 📌 固定源已同步到数据库
2026-08-01 08:06:43,497 - IPTVCollector - INFO - 📋 订阅源解析：普通 11 个，白名单 0 个
2026-08-01 08:06:43,497 - IPTVCollector - INFO - 📋 使用 11 个源
2026-08-01 08:07:09,568 - IPTVCollector - INFO - 📊 测速完成，有效频道: 418 个
2026-08-01 08:07:09,568 - IPTVCollector - INFO - 📊 通过测速的频道数: 418
2026-08-01 08:07:09,913 - IPTVCollector - INFO - 🔍 ffmpeg 深度验证: 0 个需验证，415 个来自缓存/HTTP
2026-08-01 08:07:09,913 - IPTVCollector - INFO - ✅ ffmpeg 验证完成: 通过 415/418 个频道
2026-08-01 08:07:09,913 - IPTVCollector - INFO - 📊 通过ffmpeg验证的频道数: 415
2026-08-01 08:07:09,921 - IPTVCollector - INFO - 📌 已使用 17 个固定源（含自动优化）
2026-08-01 08:07:09,921 - IPTVCollector - INFO - 📊 合并完成: 共 374 个频道
2026-08-01 08:07:09,921 - IPTVCollector - INFO - 📊 合并后的频道数: 374
2026-08-01 08:07:09,956 - IPTVCollector - INFO - 📊 黑名单过滤后: 357
2026-08-01 08:07:09,960 - IPTVCollector - INFO - 📋 从 demo.txt 解析到 3541 个有序频道
2026-08-01 08:07:09,962 - IPTVCollector - INFO - 📋 从 demo.txt 解析到 3541 个有序频道
2026-08-01 08:08:52,294 - IPTVCollector - INFO - 📌 未分类频道追加到 '其他': Bread TV面包台
2026-08-01 08:08:52,295 - IPTVCollector - INFO - 🌏 自动追加: 浙江 Ⅰ 绍兴综合 -> ☘️浙江频道
2026-08-01 08:08:52,295 - IPTVCollector - INFO - 📌 未分类频道追加到 '其他': Angel TV Chinese
2026-08-01 08:08:52,295 - IPTVCollector - INFO - 🌏 自动追加: 浙江 Ⅰ 绍兴影视 -> ☘️浙江频道
2026-08-01 08:08:52,296 - IPTVCollector - INFO - 📌 未分类频道追加到 '其他': ABN China
2026-08-01 08:08:52,296 - IPTVCollector - INFO - 📌 未分类频道追加到 '其他': 第一财经
2026-08-01 08:08:52,296 - IPTVCollector - INFO - 📌 未分类频道追加到 '其他': 耀才财经
2026-08-01 08:08:52,296 - IPTVCollector - INFO - 📌 未分类频道追加到 '其他': 九台
2026-08-01 08:08:52,297 - IPTVCollector - INFO - 📌 未分类频道追加到 '其他': 双辽
2026-08-01 08:08:52,297 - IPTVCollector - INFO - 📌 未分类频道追加到 '其他': 柳河
2026-08-01 08:08:52,297 - IPTVCollector - INFO - 📌 未分类频道追加到 '其他': 东丰
2026-08-01 08:08:52,297 - IPTVCollector - INFO - 📌 未分类频道追加到 '其他': 桦甸
2026-08-01 08:08:52,297 - IPTVCollector - INFO - 📌 未分类频道追加到 '其他': 汪清
2026-08-01 08:08:52,298 - IPTVCollector - INFO - 📌 未分类频道追加到 '其他': 珲春新闻
2026-08-01 08:08:52,298 - IPTVCollector - INFO - 📌 未分类频道追加到 '其他': 磐石
2026-08-01 08:08:52,298 - IPTVCollector - INFO - 📌 未分类频道追加到 '其他': 辉南新闻
2026-08-01 08:08:52,298 - IPTVCollector - INFO - 📌 未分类频道追加到 '其他': 舒兰新闻
2026-08-01 08:08:52,300 - IPTVCollector - INFO - 🌏 自动追加: 长白山电视台 -> ☘️吉林频道
2026-08-01 08:08:52,300 - IPTVCollector - INFO - 📌 未分类频道追加到 '其他': 龙井
2026-08-01 08:08:52,301 - IPTVCollector - INFO - 🌏 自动追加: 通化县 -> ☘️吉林频道
2026-08-01 08:08:52,301 - IPTVCollector - INFO - 📌 未分类频道追加到 '其他': Home Plus
2026-08-01 08:08:52,302 - IPTVCollector - INFO - 📌 未分类频道追加到 '其他': Chifeng Comprehensive News Chanel
2026-08-01 08:08:52,302 - IPTVCollector - INFO - 📌 未分类频道追加到 '其他': VOA美国之音
2026-08-01 08:08:52,302 - IPTVCollector - INFO - 📌 未分类频道追加到 '其他': Guangzhou TV
2026-08-01 08:08:52,302 - IPTVCollector - INFO - 📌 未分类频道追加到 '其他': Siping TV
2026-08-01 08:08:52,303 - IPTVCollector - INFO - 📌 未分类频道追加到 '其他': Harbin Movie Channel
2026-08-01 08:08:52,303 - IPTVCollector - INFO - 📌 未分类频道追加到 '其他': Harbin Comprehensive News Channel
2026-08-01 08:08:52,303 - IPTVCollector - INFO - 📌 未分类频道追加到 '其他': Hunan TV
2026-08-01 08:08:52,303 - IPTVCollector - INFO - 📌 未分类频道追加到 '其他': QTV-1
2026-08-01 08:08:52,303 - IPTVCollector - INFO - 📌 未分类频道追加到 '其他': Xinjiang TV 2
2026-08-01 08:08:52,304 - IPTVCollector - INFO - 📌 未分类频道追加到 '其他': TV BRICS Chinese
2026-08-01 08:08:52,304 - IPTVCollector - INFO - 📌 未分类频道追加到 '其他': Xinjiang TV 3
2026-08-01 08:08:52,304 - IPTVCollector - INFO - 📌 未分类频道追加到 '其他': Xinjiang TV 8
2026-08-01 08:08:52,304 - IPTVCollector - INFO - 📌 未分类频道追加到 '其他': Tonghua TV
2026-08-01 08:08:52,305 - IPTVCollector - INFO - 🌏 自动追加: 绍兴电视台公共 -> ☘️浙江频道
2026-08-01 08:08:52,305 - IPTVCollector - INFO - 📌 未分类频道追加到 '其他': Nei Monggol TV 2 Mongolian Culture Channel [Not 24/7]
2026-08-01 08:08:52,305 - IPTVCollector - INFO - 📌 未分类频道追加到 '其他': 通海电视台
2026-08-01 08:08:52,305 - IPTVCollector - INFO - 📌 未分类频道追加到 '其他': Nei Monggol TV [Not 24/7]
2026-08-01 08:08:52,306 - IPTVCollector - INFO - 📌 未分类频道追加到 '其他': 大立电视台
2026-08-01 08:08:52,306 - IPTVCollector - INFO - 📌 未分类频道追加到 '其他': Zhejiang TV International
2026-08-01 08:08:52,306 - IPTVCollector - INFO - 📌 未分类频道追加到 '其他': 农安新闻综合 [Geo-blocked]
2026-08-01 08:08:52,306 - IPTVCollector - INFO - 📌 未分类频道追加到 '其他': 兴隆综合
2026-08-01 08:08:52,307 - IPTVCollector - INFO - 📌 未分类频道追加到 '其他': 前郭综合 [Geo-blocked]
2026-08-01 08:08:52,307 - IPTVCollector - INFO - 📌 未分类频道追加到 '其他': 延边新闻综合 [Geo-blocked]
2026-08-01 08:08:52,307 - IPTVCollector - INFO - 📌 未分类频道追加到 '其他': RT News
2026-08-01 08:08:52,307 - IPTVCollector - INFO - 📌 未分类频道追加到 '其他': 武进新闻 [Not 24/7]
2026-08-01 08:08:52,308 - IPTVCollector - INFO - 📌 未分类频道追加到 '其他': 武进生活 [Not 24/7]
2026-08-01 08:08:52,308 - IPTVCollector - INFO - 📌 未分类频道追加到 '其他': 浙江经济
2026-08-01 08:08:52,308 - IPTVCollector - INFO - 📌 未分类频道追加到 '其他': 江津经济生活
2026-08-01 08:08:52,308 - IPTVCollector - INFO - 📌 未分类频道追加到 '其他': 龙门飞甲
2026-08-01 08:08:52,308 - IPTVCollector - INFO - 📌 未分类频道追加到 '其他': 伊犁经济法制
2026-08-01 08:08:52,310 - IPTVCollector - INFO - 🌏 自动追加: 白山新闻综合 [Geo-blocked] -> ☘️吉林频道
2026-08-01 08:08:52,311 - IPTVCollector - INFO - 🌏 自动追加: 长春综合 [Geo-blocked] -> ☘️吉林频道
2026-08-01 08:08:52,311 - IPTVCollector - INFO - 📌 未分类频道追加到 '其他': 集安综合 [Geo-blocked]
2026-08-01 08:08:52,311 - IPTVCollector - INFO - 📌 未分类频道追加到 '其他': 玛纳斯
2026-08-01 08:08:52,312 - IPTVCollector - INFO - 📌 未分类频道追加到 '其他': 荣昌综合 [Not 24/7]
2026-08-01 08:08:52,312 - IPTVCollector - INFO - 📌 未分类频道追加到 '其他': 辽新闻综合 [Geo-blocked]
2026-08-01 08:08:52,312 - IPTVCollector - INFO - 📌 未分类频道追加到 '其他': CGTN French
2026-08-01 08:08:52,312 - IPTVCollector - INFO - 📌 未分类频道追加到 '其他': 靖江新闻綜合 [Not 24/7]
2026-08-01 08:08:52,313 - IPTVCollector - INFO - 🌏 自动追加: 福州广电视台新闻综合频道 -> ☘️福建频道
2026-08-01 08:08:52,313 - IPTVCollector - INFO - 🌏 自动追加: 福州电视台少儿频道 -> ☘️福建频道
2026-08-01 08:08:52,313 - IPTVCollector - INFO - 📌 未分类频道追加到 '其他': 浙江钱江都市
2026-08-01 08:08:52,313 - IPTVCollector - INFO - 📌 未分类频道追加到 '其他': Jiangsu Public & News Channel
2026-08-01 08:08:52,314 - IPTVCollector - INFO - 📌 未分类频道追加到 '其他': Xinjiang TV 1
2026-08-01 08:08:52,314 - IPTVCollector - INFO - 📌 未分类频道追加到 '其他': CGTN记录
2026-08-01 08:08:52,314 - IPTVCollector - INFO - 🌏 自动追加: 上海卫视 -> ☘️上海频道
2026-08-01 08:08:52,314 - IPTVCollector - INFO - 📌 未分类频道追加到 '其他': 东南卫视
2026-08-01 08:08:52,315 - IPTVCollector - INFO - 🌏 自动追加: 邯郸公共频道 -> ☘️河北频道
2026-08-01 08:08:52,316 - IPTVCollector - INFO - 📌 未分类频道追加到 '其他': 数码时代
2026-08-01 08:08:52,316 - IPTVCollector - INFO - 📌 未分类频道追加到 '其他': 熊猫直
2026-08-01 08:08:52,316 - IPTVCollector - INFO - 📌 未分类频道追加到 '其他': 梨园
2026-08-01 08:08:52,316 - IPTVCollector - INFO - 📌 未分类频道追加到 '其他': 浙江教科影院
2026-08-01 08:08:52,316 - IPTVCollector - INFO - 📌 未分类频道追加到 '其他': 浙江教育
2026-08-01 08:08:52,317 - IPTVCollector - INFO - 📌 未分类频道追加到 '其他': 浙江钱江频道
2026-08-01 08:08:52,317 - IPTVCollector - INFO - 📌 未分类频道追加到 '其他': 浙江生活
2026-08-01 08:08:52,317 - IPTVCollector - INFO - 📌 未分类频道追加到 '其他': 萧山综合
2026-08-01 08:08:52,317 - IPTVCollector - INFO - 📌 未分类频道追加到 '其他': 浙江民生休闲
2026-08-01 08:08:52,317 - IPTVCollector - INFO - 📌 未分类频道追加到 '其他': 凤凰中文
2026-08-01 08:08:52,318 - IPTVCollector - INFO - 📌 未分类频道追加到 '其他': 凤凰资讯
2026-08-01 08:08:52,318 - IPTVCollector - INFO - 🌏 自动追加: 凤凰香港 -> 🌊港·澳·台
2026-08-01 08:08:52,318 - IPTVCollector - INFO - 📌 未分类频道追加到 '其他': 浙江留学
2026-08-01 08:08:52,319 - IPTVCollector - INFO - 🌏 自动追加: 武汉一台新闻综合 -> ☘️湖北频道
2026-08-01 08:08:52,320 - IPTVCollector - INFO - 📌 未分类频道追加到 '其他': 韩国电影1
2026-08-01 08:08:52,320 - IPTVCollector - INFO - 📌 未分类频道追加到 '其他': 韩国电影2
2026-08-01 08:08:52,320 - IPTVCollector - INFO - 📌 未分类频道追加到 '其他': CHC电影
2026-08-01 08:08:52,320 - IPTVCollector - INFO - 📌 未分类频道追加到 '其他': 衢江新闻综合
2026-08-01 08:08:52,320 - IPTVCollector - INFO - 📌 未分类频道追加到 '其他': FZTV3
2026-08-01 08:08:52,321 - IPTVCollector - INFO - 📌 未分类频道追加到 '其他': 象山新闻综合
2026-08-01 08:08:52,321 - IPTVCollector - INFO - 📌 未分类频道追加到 '其他': 都市青春
2026-08-01 08:08:52,321 - IPTVCollector - INFO - 📌 未分类频道追加到 '其他': 辽宁青少
2026-08-01 08:08:52,321 - IPTVCollector - INFO - 📌 未分类频道追加到 '其他': 陕西新闻咨询
2026-08-01 08:08:52,323 - IPTVCollector - INFO - 🌏 自动追加: 哈尔滨都市咨询 -> ☘️黑龙江频道
2026-08-01 08:08:52,323 - IPTVCollector - INFO - 📌 未分类频道追加到 '其他': 河南电视剧
2026-08-01 08:08:52,323 - IPTVCollector - INFO - 📌 未分类频道追加到 '其他': 无线新闻台
2026-08-01 08:08:52,323 - IPTVCollector - INFO - 📌 未分类频道追加到 '其他': 江津新闻
2026-08-01 08:08:52,323 - IPTVCollector - INFO - 📌 未分类频道追加到 '其他': TVB星河
2026-08-01 08:08:52,324 - IPTVCollector - INFO - 📌 未分类频道追加到 '其他': 华丽翡翠台
2026-08-01 08:08:52,324 - IPTVCollector - INFO - 📌 未分类频道追加到 '其他': 1989年春晚
2026-08-01 08:08:52,324 - IPTVCollector - INFO - 📌 未分类频道追加到 '其他': 1988年春晚
2026-08-01 08:08:52,324 - IPTVCollector - INFO - 📌 未分类频道追加到 '其他': 1987年春晚
2026-08-01 08:08:52,324 - IPTVCollector - INFO - 📌 未分类频道追加到 '其他': CNA
2026-08-01 08:08:52,325 - IPTVCollector - INFO - 📌 未分类频道追加到 '其他': 音乐欣赏
2026-08-01 08:08:52,325 - IPTVCollector - INFO - 📌 未分类频道追加到 '其他': 新闻咨询
2026-08-01 08:08:52,325 - IPTVCollector - INFO - 📌 未分类频道追加到 '其他': Dali TV
2026-08-01 08:08:52,325 - IPTVCollector - INFO - 📌 未分类频道追加到 '其他': Newsmax
2026-08-01 08:08:52,325 - IPTVCollector - INFO - 📌 未分类频道追加到 '其他': 韩国EBS少儿
2026-08-01 08:08:52,326 - IPTVCollector - INFO - 📌 未分类频道追加到 '其他': 飞碟之谜01
2026-08-01 08:08:52,326 - IPTVCollector - INFO - 📌 未分类频道追加到 '其他': Good
2026-08-01 08:08:52,326 - IPTVCollector - INFO - 📌 未分类频道追加到 '其他': Beautiful Life TV
2026-08-01 08:08:52,326 - IPTVCollector - INFO - 📌 未分类频道追加到 '其他': Good 2
2026-08-01 08:08:52,326 - IPTVCollector - INFO - 📌 未分类频道追加到 '其他': 人与自然
2026-08-01 08:08:52,326 - IPTVCollector - INFO - 📌 未分类频道追加到 '其他': Supreme Master TV
2026-08-01 08:08:52,327 - IPTVCollector - INFO - 📌 未分类频道追加到 '其他': 音乐现场
2026-08-01 08:08:52,327 - IPTVCollector - INFO - 📌 未分类频道追加到 '其他': TVB News
2026-08-01 08:08:52,327 - IPTVCollector - INFO - 📌 未分类频道追加到 '其他': TVB Plus
2026-08-01 08:08:52,327 - IPTVCollector - INFO - 📌 未分类频道追加到 '其他': Arirang
2026-08-01 08:08:52,327 - IPTVCollector - INFO - 📌 未分类频道追加到 '其他': 地理中国
2026-08-01 08:08:52,327 - IPTVCollector - INFO - 📌 未分类频道追加到 '其他': RT Documentary
2026-08-01 08:08:52,327 - IPTVCollector - INFO - 📌 未分类频道追加到 '其他': 自然传奇
2026-08-01 08:08:52,328 - IPTVCollector - INFO - 📌 未分类频道追加到 '其他': 春晚2025
2026-08-01 08:08:52,328 - IPTVCollector - INFO - 📌 未分类频道追加到 '其他': Wild Earth
2026-08-01 08:08:52,328 - IPTVCollector - INFO - 📌 未分类频道追加到 '其他': Pet Club TV
2026-08-01 08:08:52,328 - IPTVCollector - INFO - 📌 未分类频道追加到 '其他': 倩女幽魂人间道
2026-08-01 08:08:52,328 - IPTVCollector - INFO - 📌 未分类频道追加到 '其他': 倩女幽魂妖魔道
2026-08-01 08:08:52,328 - IPTVCollector - INFO - 📌 未分类频道追加到 '其他': 倩女幽魂道道道
2026-08-01 08:08:52,329 - IPTVCollector - INFO - 📌 未分类频道追加到 '其他': Trace Sports
2026-08-01 08:08:52,329 - IPTVCollector - INFO - 📌 未分类频道追加到 '其他': WionNews
2026-08-01 08:08:52,329 - IPTVCollector - INFO - 📌 未分类频道追加到 '其他': RT DE
2026-08-01 08:08:52,329 - IPTVCollector - INFO - 📌 未分类频道追加到 '其他': CGTN-Documentary
2026-08-01 08:08:52,329 - IPTVCollector - INFO - 📌 未分类频道追加到 '其他': RT Doc-Русский
2026-08-01 08:08:52,329 - IPTVCollector - INFO - 📌 未分类频道追加到 '其他': RT Español
2026-08-01 08:08:52,330 - IPTVCollector - INFO - 📌 未分类频道追加到 '其他': 环球电视
2026-08-01 08:08:52,330 - IPTVCollector - INFO - 📌 未分类频道追加到 '其他': 2024年春晚
2026-08-01 08:08:52,330 - IPTVCollector - INFO - 📌 未分类频道追加到 '其他': 象视界
2026-08-01 08:08:52,330 - IPTVCollector - INFO - 📌 未分类频道追加到 '其他': 春晚2024
2026-08-01 08:08:52,330 - IPTVCollector - INFO - 📌 未分类频道追加到 '其他': RT Français
2026-08-01 08:08:52,330 - IPTVCollector - INFO - 🎯 Demo 筛选：原始 357 -> 匹配/分类后 357 个频道
2026-08-01 08:08:52,330 - IPTVCollector - INFO - 📊 Demo筛选后: 357
2026-08-01 08:08:52,331 - IPTVCollector - INFO - ✅ M3U 文件已生成: output/tv.m3u
2026-08-01 08:08:52,332 - IPTVCollector - INFO - ✅ TXT 文件已生成: output/tv.txt
2026-08-01 08:08:52,332 - IPTVCollector - INFO - ✅ 多源 M3U 文件已生成: output/tv_multi.m3u
2026-08-01 08:08:52,335 - IPTVCollector - INFO - ✅ JSON API 已生成: output/channels.json
2026-08-01 08:08:52,335 - IPTVCollector - INFO - ✅ 精简版已生成: output/tv_lite.m3u
2026-08-01 08:08:52,336 - IPTVCollector - INFO - ✅ M3U 文件已生成: output/tv_epg.m3u
2026-08-01 08:08:52,336 - IPTVCollector - INFO - 🚀 IPTV 自治系统启动
2026-08-01 08:08:52,336 - IPTVCollector - INFO - ⏭️ 跳过发现阶段
2026-08-01 08:08:52,336 - IPTVCollector - INFO - ==================================================
阶段2: 从缓存观察候选源
==================================================
2026-08-01 08:08:52,376 - IPTVCollector - INFO -   📊 观察进度: 100/122，稳定 0 个
2026-08-01 08:08:52,382 - IPTVCollector - INFO - ✅ 观察阶段完成: 0 个源达到稳定标准
2026-08-01 08:08:52,382 - IPTVCollector - INFO - ==================================================
阶段3: 提升稳定源
==================================================
2026-08-01 08:08:52,382 - IPTVCollector - INFO - 📭 没有稳定的候选源需要提升
2026-08-01 08:08:52,382 - IPTVCollector - INFO - 📊 自治模式统计:
2026-08-01 08:08:52,383 - IPTVCollector - INFO -   候选池总数: 563, 观察中: 122, 稳定: 439
2026-08-01 08:08:52,383 - IPTVCollector - INFO -   本次新提升: 0
2026-08-01 08:08:52,383 - IPTVCollector - INFO - 🎉 全部完成！
2026-08-01 13:00:15,487 - IPTVCollector - INFO - 🚀 IPTV 智能整理平台启动
2026-08-01 13:00:15,489 - IPTVCollector - INFO - ✅ 数据库缓存已启用: data/iptv_cache.db
2026-08-01 13:00:15,491 - IPTVCollector - INFO - 📌 CCTV-1 已设为固定源 (auto_optimize=True)
2026-08-01 13:00:15,493 - IPTVCollector - INFO - 📌 CCTV-2 已设为固定源 (auto_optimize=True)
2026-08-01 13:00:15,494 - IPTVCollector - INFO - 📌 CCTV-3 已设为固定源 (auto_optimize=True)
2026-08-01 13:00:15,495 - IPTVCollector - INFO - 📌 CCTV-4 已设为固定源 (auto_optimize=True)
2026-08-01 13:00:15,496 - IPTVCollector - INFO - 📌 CCTV-5 已设为固定源 (auto_optimize=True)
2026-08-01 13:00:15,498 - IPTVCollector - INFO - 📌 CCTV-5+ 已设为固定源 (auto_optimize=True)
2026-08-01 13:00:15,499 - IPTVCollector - INFO - 📌 CCTV-6 已设为固定源 (auto_optimize=True)
2026-08-01 13:00:15,500 - IPTVCollector - INFO - 📌 CCTV-7 已设为固定源 (auto_optimize=True)
2026-08-01 13:00:15,501 - IPTVCollector - INFO - 📌 CCTV-8 已设为固定源 (auto_optimize=True)
2026-08-01 13:00:15,502 - IPTVCollector - INFO - 📌 CCTV-9 已设为固定源 (auto_optimize=True)
2026-08-01 13:00:15,503 - IPTVCollector - INFO - 📌 CCTV-10 已设为固定源 (auto_optimize=True)
2026-08-01 13:00:15,504 - IPTVCollector - INFO - 📌 CCTV-11 已设为固定源 (auto_optimize=True)
2026-08-01 13:00:15,505 - IPTVCollector - INFO - 📌 CCTV-12 已设为固定源 (auto_optimize=True)
2026-08-01 13:00:15,507 - IPTVCollector - INFO - 📌 CCTV-13 已设为固定源 (auto_optimize=True)
2026-08-01 13:00:15,508 - IPTVCollector - INFO - 📌 CCTV-14 已设为固定源 (auto_optimize=True)
2026-08-01 13:00:15,509 - IPTVCollector - INFO - 📌 CCTV-15 已设为固定源 (auto_optimize=True)
2026-08-01 13:00:15,510 - IPTVCollector - INFO - 📌 CCTV-16 已设为固定源 (auto_optimize=True)
2026-08-01 13:00:15,511 - IPTVCollector - INFO - 📌 CCTV-17 已设为固定源 (auto_optimize=True)
2026-08-01 13:00:15,512 - IPTVCollector - INFO - 📌 CCTV4欧洲 已设为固定源 (auto_optimize=True)
2026-08-01 13:00:15,514 - IPTVCollector - INFO - 📌 CCTV4美洲 已设为固定源 (auto_optimize=True)
2026-08-01 13:00:15,514 - IPTVCollector - INFO - 📌 固定源已同步到数据库
2026-08-01 13:00:15,514 - IPTVCollector - INFO - 📋 订阅源解析：普通 11 个，白名单 0 个
2026-08-01 13:00:15,514 - IPTVCollector - INFO - 📋 使用 11 个源
2026-08-01 13:00:49,962 - IPTVCollector - INFO - 📊 测速完成，有效频道: 401 个
2026-08-01 13:00:49,962 - IPTVCollector - INFO - 📊 通过测速的频道数: 401
2026-08-01 13:00:50,316 - IPTVCollector - INFO - 🔍 ffmpeg 深度验证: 0 个需验证，399 个来自缓存/HTTP
2026-08-01 13:00:50,317 - IPTVCollector - INFO - ✅ ffmpeg 验证完成: 通过 399/401 个频道
2026-08-01 13:00:50,317 - IPTVCollector - INFO - 📊 通过ffmpeg验证的频道数: 399
2026-08-01 13:00:50,325 - IPTVCollector - INFO - 📌 已使用 17 个固定源（含自动优化）
2026-08-01 13:00:50,325 - IPTVCollector - INFO - 📊 合并完成: 共 358 个频道
2026-08-01 13:00:50,325 - IPTVCollector - INFO - 📊 合并后的频道数: 358
2026-08-01 13:00:50,357 - IPTVCollector - INFO - 📊 黑名单过滤后: 342
2026-08-01 13:00:50,360 - IPTVCollector - INFO - 📋 从 demo.txt 解析到 3541 个有序频道
2026-08-01 13:00:50,362 - IPTVCollector - INFO - 📋 从 demo.txt 解析到 3541 个有序频道
2026-08-01 13:02:25,561 - IPTVCollector - INFO - 📌 未分类频道追加到 '其他': ABN China
2026-08-01 13:02:25,562 - IPTVCollector - INFO - 📌 未分类频道追加到 '其他': Bread TV面包台
2026-08-01 13:02:25,562 - IPTVCollector - INFO - 📌 未分类频道追加到 '其他': Home Plus
2026-08-01 13:02:25,562 - IPTVCollector - INFO - 📌 未分类频道追加到 '其他': VOA美国之音
2026-08-01 13:02:25,562 - IPTVCollector - INFO - 📌 未分类频道追加到 '其他': TV BRICS Chinese
2026-08-01 13:02:25,563 - IPTVCollector - INFO - 📌 未分类频道追加到 '其他': Xinjiang TV 3
2026-08-01 13:02:25,563 - IPTVCollector - INFO - 📌 未分类频道追加到 '其他': Harbin Movie Channel
2026-08-01 13:02:25,563 - IPTVCollector - INFO - 📌 未分类频道追加到 '其他': Harbin Comprehensive News Channel
2026-08-01 13:02:25,563 - IPTVCollector - INFO - 📌 未分类频道追加到 '其他': Xinjiang TV 8
2026-08-01 13:02:25,564 - IPTVCollector - INFO - 📌 未分类频道追加到 '其他': Chifeng Comprehensive News Chanel
2026-08-01 13:02:25,564 - IPTVCollector - INFO - 📌 未分类频道追加到 '其他': Nei Monggol TV 2 Mongolian Culture Channel [Not 24/7]
2026-08-01 13:02:25,564 - IPTVCollector - INFO - 📌 未分类频道追加到 '其他': Tonghua TV
2026-08-01 13:02:25,564 - IPTVCollector - INFO - 📌 未分类频道追加到 '其他': QTV-1
2026-08-01 13:02:25,565 - IPTVCollector - INFO - 📌 未分类频道追加到 '其他': Nei Monggol TV [Not 24/7]
2026-08-01 13:02:25,565 - IPTVCollector - INFO - 📌 未分类频道追加到 '其他': Hunan TV
2026-08-01 13:02:25,565 - IPTVCollector - INFO - 📌 未分类频道追加到 '其他': Xinjiang TV 2
2026-08-01 13:02:25,565 - IPTVCollector - INFO - 📌 未分类频道追加到 '其他': Zhejiang TV International
2026-08-01 13:02:25,566 - IPTVCollector - INFO - 📌 未分类频道追加到 '其他': 前郭综合 [Geo-blocked]
2026-08-01 13:02:25,566 - IPTVCollector - INFO - 📌 未分类频道追加到 '其他': 农安新闻综合 [Geo-blocked]
2026-08-01 13:02:25,567 - IPTVCollector - INFO - 🌏 自动追加: 松原新闻综合 [Geo-blocked] -> ☘️吉林频道
2026-08-01 13:02:25,567 - IPTVCollector - INFO - 📌 未分类频道追加到 '其他': 浙江经济
2026-08-01 13:02:25,568 - IPTVCollector - INFO - 📌 未分类频道追加到 '其他': 江津经济生活
2026-08-01 13:02:25,568 - IPTVCollector - INFO - 📌 未分类频道追加到 '其他': 兴隆综合
2026-08-01 13:02:25,568 - IPTVCollector - INFO - 🌏 自动追加: 浙江 Ⅰ 绍兴综合 -> ☘️浙江频道
2026-08-01 13:02:25,569 - IPTVCollector - INFO - 🌏 自动追加: 浙江 Ⅰ 绍兴影视 -> ☘️浙江频道
2026-08-01 13:02:25,570 - IPTVCollector - INFO - 🌏 自动追加: 白山新闻综合 [Geo-blocked] -> ☘️吉林频道
2026-08-01 13:02:25,570 - IPTVCollector - INFO - 📌 未分类频道追加到 '其他': CGTN French
2026-08-01 13:02:25,570 - IPTVCollector - INFO - 📌 未分类频道追加到 '其他': 武进新闻 [Not 24/7]
2026-08-01 13:02:25,571 - IPTVCollector - INFO - 📌 未分类频道追加到 '其他': 武进生活 [Not 24/7]
2026-08-01 13:02:25,572 - IPTVCollector - INFO - 🌏 自动追加: 通化新闻 [Geo-blocked] -> ☘️吉林频道
2026-08-01 13:02:25,572 - IPTVCollector - INFO - 📌 未分类频道追加到 '其他': 集安综合 [Geo-blocked]
2026-08-01 13:02:25,572 - IPTVCollector - INFO - 📌 未分类频道追加到 '其他': 辽新闻综合 [Geo-blocked]
2026-08-01 13:02:25,572 - IPTVCollector - INFO - 📌 未分类频道追加到 '其他': 荣昌综合 [Not 24/7]
2026-08-01 13:02:25,573 - IPTVCollector - INFO - 📌 未分类频道追加到 '其他': 靖江新闻綜合 [Not 24/7]
2026-08-01 13:02:25,573 - IPTVCollector - INFO - 🌏 自动追加: 上海卫视 -> ☘️上海频道
2026-08-01 13:02:25,573 - IPTVCollector - INFO - 📌 未分类频道追加到 '其他': 东南卫视
2026-08-01 13:02:25,573 - IPTVCollector - INFO - 📌 未分类频道追加到 '其他': Xinjiang TV 1
2026-08-01 13:02:25,573 - IPTVCollector - INFO - 📌 未分类频道追加到 '其他': 熊猫直
2026-08-01 13:02:25,573 - IPTVCollector - INFO - 📌 未分类频道追加到 '其他': 浙江教育
2026-08-01 13:02:25,574 - IPTVCollector - INFO - 📌 未分类频道追加到 '其他': 浙江留学
2026-08-01 13:02:25,574 - IPTVCollector - INFO - 📌 未分类频道追加到 '其他': 浙江民生休闲
2026-08-01 13:02:25,574 - IPTVCollector - INFO - 📌 未分类频道追加到 '其他': 浙江钱江频道
2026-08-01 13:02:25,574 - IPTVCollector - INFO - 📌 未分类频道追加到 '其他': 第一财经
2026-08-01 13:02:25,574 - IPTVCollector - INFO - 📌 未分类频道追加到 '其他': 浙江生活
2026-08-01 13:02:25,574 - IPTVCollector - INFO - 📌 未分类频道追加到 '其他': 东丰
2026-08-01 13:02:25,575 - IPTVCollector - INFO - 📌 未分类频道追加到 '其他': 耀才财经
2026-08-01 13:02:25,575 - IPTVCollector - INFO - 📌 未分类频道追加到 '其他': 凤凰中文
2026-08-01 13:02:25,577 - IPTVCollector - INFO - 🌏 自动追加: 武汉一台新闻综合 -> ☘️湖北频道
2026-08-01 13:02:25,577 - IPTVCollector - INFO - 📌 未分类频道追加到 '其他': CHC电影
2026-08-01 13:02:25,577 - IPTVCollector - INFO - 📌 未分类频道追加到 '其他': 凤凰资讯
2026-08-01 13:02:25,577 - IPTVCollector - INFO - 📌 未分类频道追加到 '其他': 韩国电影1
2026-08-01 13:02:25,577 - IPTVCollector - INFO - 🌏 自动追加: 凤凰香港 -> 🌊港·澳·台
2026-08-01 13:02:25,577 - IPTVCollector - INFO - 📌 未分类频道追加到 '其他': 延边2
2026-08-01 13:02:25,578 - IPTVCollector - INFO - 📌 未分类频道追加到 '其他': 韩国电影2
2026-08-01 13:02:25,579 - IPTVCollector - INFO - 🌏 自动追加: 长沙新闻综合 -> ☘️湖南频道
2026-08-01 13:02:25,579 - IPTVCollector - INFO - 📌 未分类频道追加到 '其他': 柳河
2026-08-01 13:02:25,579 - IPTVCollector - INFO - 📌 未分类频道追加到 '其他': 双辽
2026-08-01 13:02:25,580 - IPTVCollector - INFO - 📌 未分类频道追加到 '其他': 汪清
2026-08-01 13:02:25,580 - IPTVCollector - INFO - 📌 未分类频道追加到 '其他': 珲春新闻
2026-08-01 13:02:25,580 - IPTVCollector - INFO - 📌 未分类频道追加到 '其他': 磐石
2026-08-01 13:02:25,580 - IPTVCollector - INFO - 📌 未分类频道追加到 '其他': 河南电视剧
2026-08-01 13:02:25,580 - IPTVCollector - INFO - 📌 未分类频道追加到 '其他': 辉南新闻
2026-08-01 13:02:25,580 - IPTVCollector - INFO - 📌 未分类频道追加到 '其他': 舒兰新闻
2026-08-01 13:02:25,582 - IPTVCollector - INFO - 🌏 自动追加: 通化县 -> ☘️吉林频道
2026-08-01 13:02:25,582 - IPTVCollector - INFO - 📌 未分类频道追加到 '其他': 辽宁青少
2026-08-01 13:02:25,583 - IPTVCollector - INFO - 🌏 自动追加: 长白山电视台 -> ☘️吉林频道
2026-08-01 13:02:25,583 - IPTVCollector - INFO - 📌 未分类频道追加到 '其他': 都市青春
2026-08-01 13:02:25,583 - IPTVCollector - INFO - 📌 未分类频道追加到 '其他': 陕西新闻咨询
2026-08-01 13:02:25,584 - IPTVCollector - INFO - 📌 未分类频道追加到 '其他': 江津新闻
2026-08-01 13:02:25,584 - IPTVCollector - INFO - 📌 未分类频道追加到 '其他': FZTV3
2026-08-01 13:02:25,584 - IPTVCollector - INFO - 📌 未分类频道追加到 '其他': 龙井
2026-08-01 13:02:25,585 - IPTVCollector - INFO - 🌏 自动追加: 哈尔滨都市咨询 -> ☘️黑龙江频道
2026-08-01 13:02:25,585 - IPTVCollector - INFO - 🌏 自动追加: 绍兴电视台公共 -> ☘️浙江频道
2026-08-01 13:02:25,586 - IPTVCollector - INFO - 📌 未分类频道追加到 '其他': 华丽翡翠台
2026-08-01 13:02:25,586 - IPTVCollector - INFO - 📌 未分类频道追加到 '其他': 通海电视台
2026-08-01 13:02:25,586 - IPTVCollector - INFO - 📌 未分类频道追加到 '其他': 大立电视台
2026-08-01 13:02:25,586 - IPTVCollector - INFO - 📌 未分类频道追加到 '其他': 无线新闻台
2026-08-01 13:02:25,586 - IPTVCollector - INFO - 📌 未分类频道追加到 '其他': RT News
2026-08-01 13:02:25,586 - IPTVCollector - INFO - 📌 未分类频道追加到 '其他': TVB星河
2026-08-01 13:02:25,587 - IPTVCollector - INFO - 📌 未分类频道追加到 '其他': 新闻咨询
2026-08-01 13:02:25,587 - IPTVCollector - INFO - 📌 未分类频道追加到 '其他': 音乐欣赏
2026-08-01 13:02:25,587 - IPTVCollector - INFO - 📌 未分类频道追加到 '其他': 韩国EBS少儿
2026-08-01 13:02:25,587 - IPTVCollector - INFO - 📌 未分类频道追加到 '其他': 自然传奇
2026-08-01 13:02:25,587 - IPTVCollector - INFO - 📌 未分类频道追加到 '其他': RT Doc-Русский
2026-08-01 13:02:25,587 - IPTVCollector - INFO - 📌 未分类频道追加到 '其他': 地理中国
2026-08-01 13:02:25,588 - IPTVCollector - INFO - 📌 未分类频道追加到 '其他': 人与自然
2026-08-01 13:02:25,588 - IPTVCollector - INFO - 📌 未分类频道追加到 '其他': RT Documentary
2026-08-01 13:02:25,588 - IPTVCollector - INFO - 📌 未分类频道追加到 '其他': 飞碟之谜01
2026-08-01 13:02:25,588 - IPTVCollector - INFO - 📌 未分类频道追加到 '其他': 音乐现场
2026-08-01 13:02:25,588 - IPTVCollector - INFO - 📌 未分类频道追加到 '其他': 1989年春晚
2026-08-01 13:02:25,588 - IPTVCollector - INFO - 📌 未分类频道追加到 '其他': 1988年春晚
2026-08-01 13:02:25,589 - IPTVCollector - INFO - 📌 未分类频道追加到 '其他': 1987年春晚
2026-08-01 13:02:25,589 - IPTVCollector - INFO - 📌 未分类频道追加到 '其他': CNA
2026-08-01 13:02:25,589 - IPTVCollector - INFO - 📌 未分类频道追加到 '其他': Newsmax
2026-08-01 13:02:25,589 - IPTVCollector - INFO - 📌 未分类频道追加到 '其他': Beautiful Life TV
2026-08-01 13:02:25,589 - IPTVCollector - INFO - 📌 未分类频道追加到 '其他': 龙门飞甲
2026-08-01 13:02:25,589 - IPTVCollector - INFO - 📌 未分类频道追加到 '其他': Dali TV
2026-08-01 13:02:25,590 - IPTVCollector - INFO - 📌 未分类频道追加到 '其他': 伊犁经济法制
2026-08-01 13:02:25,590 - IPTVCollector - INFO - 📌 未分类频道追加到 '其他': Arirang
2026-08-01 13:02:25,590 - IPTVCollector - INFO - 📌 未分类频道追加到 '其他': 玛纳斯
2026-08-01 13:02:25,590 - IPTVCollector - INFO - 📌 未分类频道追加到 '其他': Good
2026-08-01 13:02:25,590 - IPTVCollector - INFO - 📌 未分类频道追加到 '其他': Good 2
2026-08-01 13:02:25,590 - IPTVCollector - INFO - 📌 未分类频道追加到 '其他': 玛纳斯综合
2026-08-01 13:02:25,591 - IPTVCollector - INFO - 📌 未分类频道追加到 '其他': TVB News
2026-08-01 13:02:25,591 - IPTVCollector - INFO - 📌 未分类频道追加到 '其他': Supreme Master TV
2026-08-01 13:02:25,591 - IPTVCollector - INFO - 📌 未分类频道追加到 '其他': TVB Plus
2026-08-01 13:02:25,591 - IPTVCollector - INFO - 📌 未分类频道追加到 '其他': RT Balkan
2026-08-01 13:02:25,591 - IPTVCollector - INFO - 📌 未分类频道追加到 '其他': Pet Club TV
2026-08-01 13:02:25,591 - IPTVCollector - INFO - 📌 未分类频道追加到 '其他': Trace Sports
2026-08-01 13:02:25,592 - IPTVCollector - INFO - 📌 未分类频道追加到 '其他': Wild Earth
2026-08-01 13:02:25,592 - IPTVCollector - INFO - 📌 未分类频道追加到 '其他': RT Español
2026-08-01 13:02:25,592 - IPTVCollector - INFO - 📌 未分类频道追加到 '其他': RT Français
2026-08-01 13:02:25,592 - IPTVCollector - INFO - 📌 未分类频道追加到 '其他': 浙江钱江都市
2026-08-01 13:02:25,592 - IPTVCollector - INFO - 📌 未分类频道追加到 '其他': 2024年春晚
2026-08-01 13:02:25,592 - IPTVCollector - INFO - 📌 未分类频道追加到 '其他': RT DE
2026-08-01 13:02:25,593 - IPTVCollector - INFO - 📌 未分类频道追加到 '其他': 倩女幽魂妖魔道
2026-08-01 13:02:25,593 - IPTVCollector - INFO - 📌 未分类频道追加到 '其他': 春晚2025
2026-08-01 13:02:25,593 - IPTVCollector - INFO - 📌 未分类频道追加到 '其他': 倩女幽魂人间道
2026-08-01 13:02:25,593 - IPTVCollector - INFO - 📌 未分类频道追加到 '其他': 倩女幽魂道道道
2026-08-01 13:02:25,593 - IPTVCollector - INFO - 📌 未分类频道追加到 '其他': WionNews
2026-08-01 13:02:25,593 - IPTVCollector - INFO - 📌 未分类频道追加到 '其他': 春晚2024
2026-08-01 13:02:25,594 - IPTVCollector - INFO - 📌 未分类频道追加到 '其他': CGTN-Documentary
2026-08-01 13:02:25,594 - IPTVCollector - INFO - 📌 未分类频道追加到 '其他': 环球电视
2026-08-01 13:02:25,595 - IPTVCollector - INFO - 🌏 自动追加: 邯郸公共频道 -> ☘️河北频道
2026-08-01 13:02:25,595 - IPTVCollector - INFO - 📌 未分类频道追加到 '其他': 象视界
2026-08-01 13:02:25,595 - IPTVCollector - INFO - 📌 未分类频道追加到 '其他': 数码时代
2026-08-01 13:02:25,595 - IPTVCollector - INFO - 📌 未分类频道追加到 '其他': 梨园
2026-08-01 13:02:25,595 - IPTVCollector - INFO - 📌 未分类频道追加到 '其他': 浙江教科影院
2026-08-01 13:02:25,596 - IPTVCollector - INFO - 🌏 自动追加: 福州广电视台新闻综合频道 -> ☘️福建频道
2026-08-01 13:02:25,596 - IPTVCollector - INFO - 🎯 Demo 筛选：原始 342 -> 匹配/分类后 342 个频道
2026-08-01 13:02:25,596 - IPTVCollector - INFO - 📊 Demo筛选后: 342
2026-08-01 13:02:25,597 - IPTVCollector - INFO - ✅ M3U 文件已生成: output/tv.m3u
2026-08-01 13:02:25,597 - IPTVCollector - INFO - ✅ TXT 文件已生成: output/tv.txt
2026-08-01 13:02:25,598 - IPTVCollector - INFO - ✅ 多源 M3U 文件已生成: output/tv_multi.m3u
2026-08-01 13:02:25,601 - IPTVCollector - INFO - ✅ JSON API 已生成: output/channels.json
2026-08-01 13:02:25,601 - IPTVCollector - INFO - ✅ 精简版已生成: output/tv_lite.m3u
2026-08-01 13:02:25,601 - IPTVCollector - INFO - ✅ M3U 文件已生成: output/tv_epg.m3u
2026-08-01 13:02:25,602 - IPTVCollector - INFO - 🚀 IPTV 自治系统启动
2026-08-01 13:02:25,602 - IPTVCollector - INFO - ⏭️ 跳过发现阶段
2026-08-01 13:02:25,602 - IPTVCollector - INFO - ==================================================
阶段2: 从缓存观察候选源
==================================================
2026-08-01 13:02:25,636 - IPTVCollector - INFO -   📊 观察进度: 100/132，稳定 0 个
2026-08-01 13:02:25,644 - IPTVCollector - INFO - ✅ 观察阶段完成: 0 个源达到稳定标准
2026-08-01 13:02:25,644 - IPTVCollector - INFO - ==================================================
阶段3: 提升稳定源
==================================================
2026-08-01 13:02:25,644 - IPTVCollector - INFO - 📭 没有稳定的候选源需要提升
2026-08-01 13:02:25,644 - IPTVCollector - INFO - 📊 自治模式统计:
2026-08-01 13:02:25,645 - IPTVCollector - INFO -   候选池总数: 563, 观察中: 132, 稳定: 429
2026-08-01 13:02:25,645 - IPTVCollector - INFO -   本次新提升: 0
2026-08-01 13:02:25,645 - IPTVCollector - INFO - 🎉 全部完成！
2026-08-01 18:57:19,887 - IPTVCollector - INFO - 🚀 IPTV 智能整理平台启动
2026-08-01 18:57:19,889 - IPTVCollector - INFO - ✅ 数据库缓存已启用: data/iptv_cache.db
2026-08-01 18:57:19,892 - IPTVCollector - INFO - 📌 CCTV-1 已设为固定源 (auto_optimize=True)
2026-08-01 18:57:19,893 - IPTVCollector - INFO - 📌 CCTV-2 已设为固定源 (auto_optimize=True)
2026-08-01 18:57:19,895 - IPTVCollector - INFO - 📌 CCTV-3 已设为固定源 (auto_optimize=True)
2026-08-01 18:57:19,896 - IPTVCollector - INFO - 📌 CCTV-4 已设为固定源 (auto_optimize=True)
2026-08-01 18:57:19,897 - IPTVCollector - INFO - 📌 CCTV-5 已设为固定源 (auto_optimize=True)
2026-08-01 18:57:19,898 - IPTVCollector - INFO - 📌 CCTV-5+ 已设为固定源 (auto_optimize=True)
2026-08-01 18:57:19,900 - IPTVCollector - INFO - 📌 CCTV-6 已设为固定源 (auto_optimize=True)
2026-08-01 18:57:19,901 - IPTVCollector - INFO - 📌 CCTV-7 已设为固定源 (auto_optimize=True)
2026-08-01 18:57:19,902 - IPTVCollector - INFO - 📌 CCTV-8 已设为固定源 (auto_optimize=True)
2026-08-01 18:57:19,904 - IPTVCollector - INFO - 📌 CCTV-9 已设为固定源 (auto_optimize=True)
2026-08-01 18:57:19,907 - IPTVCollector - INFO - 📌 CCTV-10 已设为固定源 (auto_optimize=True)
2026-08-01 18:57:19,909 - IPTVCollector - INFO - 📌 CCTV-11 已设为固定源 (auto_optimize=True)
2026-08-01 18:57:19,910 - IPTVCollector - INFO - 📌 CCTV-12 已设为固定源 (auto_optimize=True)
2026-08-01 18:57:19,911 - IPTVCollector - INFO - 📌 CCTV-13 已设为固定源 (auto_optimize=True)
2026-08-01 18:57:19,912 - IPTVCollector - INFO - 📌 CCTV-14 已设为固定源 (auto_optimize=True)
2026-08-01 18:57:19,914 - IPTVCollector - INFO - 📌 CCTV-15 已设为固定源 (auto_optimize=True)
2026-08-01 18:57:19,915 - IPTVCollector - INFO - 📌 CCTV-16 已设为固定源 (auto_optimize=True)
2026-08-01 18:57:19,916 - IPTVCollector - INFO - 📌 CCTV-17 已设为固定源 (auto_optimize=True)
2026-08-01 18:57:19,917 - IPTVCollector - INFO - 📌 CCTV4欧洲 已设为固定源 (auto_optimize=True)
2026-08-01 18:57:19,918 - IPTVCollector - INFO - 📌 CCTV4美洲 已设为固定源 (auto_optimize=True)
2026-08-01 18:57:19,919 - IPTVCollector - INFO - 📌 固定源已同步到数据库
2026-08-01 18:57:19,919 - IPTVCollector - INFO - 📋 订阅源解析：普通 11 个，白名单 0 个
2026-08-01 18:57:19,919 - IPTVCollector - INFO - 📋 使用 11 个源
2026-08-01 18:57:42,198 - IPTVCollector - INFO - 📊 测速完成，有效频道: 415 个
2026-08-01 18:57:42,198 - IPTVCollector - INFO - 📊 通过测速的频道数: 415
2026-08-01 18:57:42,619 - IPTVCollector - INFO - 🔍 ffmpeg 深度验证: 0 个需验证，413 个来自缓存/HTTP
2026-08-01 18:57:42,619 - IPTVCollector - INFO - ✅ ffmpeg 验证完成: 通过 413/415 个频道
2026-08-01 18:57:42,620 - IPTVCollector - INFO - 📊 通过ffmpeg验证的频道数: 413
2026-08-01 18:57:42,629 - IPTVCollector - INFO - 📌 已使用 17 个固定源（含自动优化）
2026-08-01 18:57:42,629 - IPTVCollector - INFO - 📊 合并完成: 共 371 个频道
2026-08-01 18:57:42,629 - IPTVCollector - INFO - 📊 合并后的频道数: 371
2026-08-01 18:57:42,664 - IPTVCollector - INFO - 📊 黑名单过滤后: 354
2026-08-01 18:57:42,667 - IPTVCollector - INFO - 📋 从 demo.txt 解析到 3541 个有序频道
2026-08-01 18:57:42,670 - IPTVCollector - INFO - 📋 从 demo.txt 解析到 3541 个有序频道
2026-08-01 18:59:23,585 - IPTVCollector - INFO - 📌 未分类频道追加到 '其他': 珲春新闻
2026-08-01 18:59:23,585 - IPTVCollector - INFO - 📌 未分类频道追加到 '其他': 舒兰新闻
2026-08-01 18:59:23,585 - IPTVCollector - INFO - 📌 未分类频道追加到 '其他': 桦甸
2026-08-01 18:59:23,587 - IPTVCollector - INFO - 🌏 自动追加: 通化县 -> ☘️吉林频道
2026-08-01 18:59:23,587 - IPTVCollector - INFO - 📌 未分类频道追加到 '其他': 辉南新闻
2026-08-01 18:59:23,587 - IPTVCollector - INFO - 📌 未分类频道追加到 '其他': 汪清
2026-08-01 18:59:23,587 - IPTVCollector - INFO - 📌 未分类频道追加到 '其他': 磐石
2026-08-01 18:59:23,588 - IPTVCollector - INFO - 📌 未分类频道追加到 '其他': 柳河
2026-08-01 18:59:23,589 - IPTVCollector - INFO - 🌏 自动追加: 长白山电视台 -> ☘️吉林频道
2026-08-01 18:59:23,589 - IPTVCollector - INFO - 📌 未分类频道追加到 '其他': 龙井
2026-08-01 18:59:23,590 - IPTVCollector - INFO - 🌏 自动追加: 绍兴电视台公共 -> ☘️浙江频道
2026-08-01 18:59:23,590 - IPTVCollector - INFO - 📌 未分类频道追加到 '其他': 大立电视台
2026-08-01 18:59:23,590 - IPTVCollector - INFO - 📌 未分类频道追加到 '其他': RT News
2026-08-01 18:59:23,590 - IPTVCollector - INFO - 📌 未分类频道追加到 '其他': 伊犁经济法制
2026-08-01 18:59:23,591 - IPTVCollector - INFO - 📌 未分类频道追加到 '其他': 龙门飞甲
2026-08-01 18:59:23,591 - IPTVCollector - INFO - 📌 未分类频道追加到 '其他': 玛纳斯
2026-08-01 18:59:23,591 - IPTVCollector - INFO - 📌 未分类频道追加到 '其他': 玛纳斯综合
2026-08-01 18:59:23,591 - IPTVCollector - INFO - 📌 未分类频道追加到 '其他': 浙江钱江都市
2026-08-01 18:59:23,592 - IPTVCollector - INFO - 📌 未分类频道追加到 '其他': 数码时代
2026-08-01 18:59:23,593 - IPTVCollector - INFO - 🌏 自动追加: 邯郸公共频道 -> ☘️河北频道
2026-08-01 18:59:23,593 - IPTVCollector - INFO - 📌 未分类频道追加到 '其他': 浙江教科影院
2026-08-01 18:59:23,593 - IPTVCollector - INFO - 📌 未分类频道追加到 '其他': 梨园
2026-08-01 18:59:23,593 - IPTVCollector - INFO - 📌 未分类频道追加到 '其他': 浙江教育
2026-08-01 18:59:23,594 - IPTVCollector - INFO - 📌 未分类频道追加到 '其他': 浙江经济
2026-08-01 18:59:23,594 - IPTVCollector - INFO - 📌 未分类频道追加到 '其他': 浙江钱江频道
2026-08-01 18:59:23,594 - IPTVCollector - INFO - 📌 未分类频道追加到 '其他': 浙江生活
2026-08-01 18:59:23,594 - IPTVCollector - INFO - 📌 未分类频道追加到 '其他': ABN China
2026-08-01 18:59:23,595 - IPTVCollector - INFO - 📌 未分类频道追加到 '其他': 浙江民生休闲
2026-08-01 18:59:23,595 - IPTVCollector - INFO - 📌 未分类频道追加到 '其他': 浙江留学
2026-08-01 18:59:23,595 - IPTVCollector - INFO - 📌 未分类频道追加到 '其他': Bread TV面包台
2026-08-01 18:59:23,597 - IPTVCollector - INFO - 🌏 自动追加: 武汉一台新闻综合 -> ☘️湖北频道
2026-08-01 18:59:23,597 - IPTVCollector - INFO - 📌 未分类频道追加到 '其他': CHC电影
2026-08-01 18:59:23,597 - IPTVCollector - INFO - 📌 未分类频道追加到 '其他': 凤凰资讯
2026-08-01 18:59:23,597 - IPTVCollector - INFO - 🌏 自动追加: 凤凰香港 -> 🌊港·澳·台
2026-08-01 18:59:23,598 - IPTVCollector - INFO - 📌 未分类频道追加到 '其他': 凤凰中文
2026-08-01 18:59:23,598 - IPTVCollector - INFO - 📌 未分类频道追加到 '其他': 韩国电影1
2026-08-01 18:59:23,598 - IPTVCollector - INFO - 📌 未分类频道追加到 '其他': 韩国电影2
2026-08-01 18:59:23,600 - IPTVCollector - INFO - 🌏 自动追加: 长沙新闻综合 -> ☘️湖南频道
2026-08-01 18:59:23,600 - IPTVCollector - INFO - 📌 未分类频道追加到 '其他': 都市青春
2026-08-01 18:59:23,600 - IPTVCollector - INFO - 📌 未分类频道追加到 '其他': 辽宁青少
2026-08-01 18:59:23,600 - IPTVCollector - INFO - 📌 未分类频道追加到 '其他': 陕西新闻咨询
2026-08-01 18:59:23,601 - IPTVCollector - INFO - 📌 未分类频道追加到 '其他': 江津新闻
2026-08-01 18:59:23,601 - IPTVCollector - INFO - 📌 未分类频道追加到 '其他': FZTV3
2026-08-01 18:59:23,601 - IPTVCollector - INFO - 📌 未分类频道追加到 '其他': Home Plus
2026-08-01 18:59:23,603 - IPTVCollector - INFO - 🌏 自动追加: 哈尔滨都市咨询 -> ☘️黑龙江频道
2026-08-01 18:59:23,603 - IPTVCollector - INFO - 📌 未分类频道追加到 '其他': 河南电视剧
2026-08-01 18:59:23,603 - IPTVCollector - INFO - 📌 未分类频道追加到 '其他': VOA美国之音
2026-08-01 18:59:23,603 - IPTVCollector - INFO - 📌 未分类频道追加到 '其他': Hunan TV
2026-08-01 18:59:23,603 - IPTVCollector - INFO - 📌 未分类频道追加到 '其他': 华丽翡翠台
2026-08-01 18:59:23,604 - IPTVCollector - INFO - 📌 未分类频道追加到 '其他': QTV-1
2026-08-01 18:59:23,604 - IPTVCollector - INFO - 📌 未分类频道追加到 '其他': TV BRICS Chinese
2026-08-01 18:59:23,604 - IPTVCollector - INFO - 📌 未分类频道追加到 '其他': Nei Monggol TV 2 Mongolian Culture Channel [Not 24/7]
2026-08-01 18:59:23,604 - IPTVCollector - INFO - 📌 未分类频道追加到 '其他': Harbin Movie Channel
2026-08-01 18:59:23,605 - IPTVCollector - INFO - 📌 未分类频道追加到 '其他': Siping TV
2026-08-01 18:59:23,605 - IPTVCollector - INFO - 📌 未分类频道追加到 '其他': Zhejiang TV International
2026-08-01 18:59:23,605 - IPTVCollector - INFO - 📌 未分类频道追加到 '其他': 无线新闻台
2026-08-01 18:59:23,605 - IPTVCollector - INFO - 📌 未分类频道追加到 '其他': Harbin Comprehensive News Channel
2026-08-01 18:59:23,606 - IPTVCollector - INFO - 📌 未分类频道追加到 '其他': Chifeng Comprehensive News Chanel
2026-08-01 18:59:23,606 - IPTVCollector - INFO - 📌 未分类频道追加到 '其他': Xinjiang TV 8
2026-08-01 18:59:23,606 - IPTVCollector - INFO - 📌 未分类频道追加到 '其他': Nei Monggol TV [Not 24/7]
2026-08-01 18:59:23,606 - IPTVCollector - INFO - 📌 未分类频道追加到 '其他': Tonghua TV
2026-08-01 18:59:23,606 - IPTVCollector - INFO - 📌 未分类频道追加到 '其他': 新闻咨询
2026-08-01 18:59:23,607 - IPTVCollector - INFO - 📌 未分类频道追加到 '其他': Xinjiang TV 2
2026-08-01 18:59:23,607 - IPTVCollector - INFO - 📌 未分类频道追加到 '其他': Xinjiang TV 3
2026-08-01 18:59:23,607 - IPTVCollector - INFO - 📌 未分类频道追加到 '其他': 音乐欣赏
2026-08-01 18:59:23,607 - IPTVCollector - INFO - 📌 未分类频道追加到 '其他': TVB星河
2026-08-01 18:59:23,608 - IPTVCollector - INFO - 📌 未分类频道追加到 '其他': 1988年春晚
2026-08-01 18:59:23,608 - IPTVCollector - INFO - 📌 未分类频道追加到 '其他': 1987年春晚
2026-08-01 18:59:23,608 - IPTVCollector - INFO - 📌 未分类频道追加到 '其他': 1989年春晚
2026-08-01 18:59:23,608 - IPTVCollector - INFO - 📌 未分类频道追加到 '其他': 韩国EBS少儿
2026-08-01 18:59:23,608 - IPTVCollector - INFO - 📌 未分类频道追加到 '其他': 音乐现场
2026-08-01 18:59:23,609 - IPTVCollector - INFO - 📌 未分类频道追加到 '其他': 自然传奇
2026-08-01 18:59:23,609 - IPTVCollector - INFO - 📌 未分类频道追加到 '其他': RT Doc-Русский
2026-08-01 18:59:23,609 - IPTVCollector - INFO - 📌 未分类频道追加到 '其他': 人与自然
2026-08-01 18:59:23,609 - IPTVCollector - INFO - 📌 未分类频道追加到 '其他': 兴隆综合
2026-08-01 18:59:23,609 - IPTVCollector - INFO - 📌 未分类频道追加到 '其他': 前郭综合 [Geo-blocked]
2026-08-01 18:59:23,609 - IPTVCollector - INFO - 📌 未分类频道追加到 '其他': 飞碟之谜01
2026-08-01 18:59:23,609 - IPTVCollector - INFO - 📌 未分类频道追加到 '其他': 地理中国
2026-08-01 18:59:23,610 - IPTVCollector - INFO - 📌 未分类频道追加到 '其他': Newsmax
2026-08-01 18:59:23,610 - IPTVCollector - INFO - 📌 未分类频道追加到 '其他': RT Documentary
2026-08-01 18:59:23,610 - IPTVCollector - INFO - 📌 未分类频道追加到 '其他': 农安新闻综合 [Geo-blocked]
2026-08-01 18:59:23,610 - IPTVCollector - INFO - 📌 未分类频道追加到 '其他': Dali TV
2026-08-01 18:59:23,610 - IPTVCollector - INFO - 📌 未分类频道追加到 '其他': CNA
2026-08-01 18:59:23,610 - IPTVCollector - INFO - 📌 未分类频道追加到 '其他': 武进新闻 [Not 24/7]
2026-08-01 18:59:23,610 - IPTVCollector - INFO - 📌 未分类频道追加到 '其他': 武进生活 [Not 24/7]
2026-08-01 18:59:23,611 - IPTVCollector - INFO - 📌 未分类频道追加到 '其他': Arirang
2026-08-01 18:59:23,611 - IPTVCollector - INFO - 📌 未分类频道追加到 '其他': Beautiful Life TV
2026-08-01 18:59:23,611 - IPTVCollector - INFO - 📌 未分类频道追加到 '其他': 延边新闻综合 [Geo-blocked]
2026-08-01 18:59:23,611 - IPTVCollector - INFO - 🌏 自动追加: 浙江 Ⅰ 绍兴影视 -> ☘️浙江频道
2026-08-01 18:59:23,611 - IPTVCollector - INFO - 📌 未分类频道追加到 '其他': TVB News
2026-08-01 18:59:23,611 - IPTVCollector - INFO - 📌 未分类频道追加到 '其他': Trace Sports
2026-08-01 18:59:23,613 - IPTVCollector - INFO - 🌏 自动追加: 松原新闻综合 [Geo-blocked] -> ☘️吉林频道
2026-08-01 18:59:23,613 - IPTVCollector - INFO - 📌 未分类频道追加到 '其他': Supreme Master TV
2026-08-01 18:59:23,613 - IPTVCollector - INFO - 🌏 自动追加: 浙江 Ⅰ 绍兴综合 -> ☘️浙江频道
2026-08-01 18:59:23,613 - IPTVCollector - INFO - 📌 未分类频道追加到 '其他': Wild Earth
2026-08-01 18:59:23,614 - IPTVCollector - INFO - 📌 未分类频道追加到 '其他': Good 2
2026-08-01 18:59:23,614 - IPTVCollector - INFO - 📌 未分类频道追加到 '其他': Good
2026-08-01 18:59:23,614 - IPTVCollector - INFO - 📌 未分类频道追加到 '其他': 江津经济生活
2026-08-01 18:59:23,614 - IPTVCollector - INFO - 📌 未分类频道追加到 '其他': 2024年春晚
2026-08-01 18:59:23,614 - IPTVCollector - INFO - 📌 未分类频道追加到 '其他': Pet Club TV
2026-08-01 18:59:23,616 - IPTVCollector - INFO - 🌏 自动追加: 白山新闻综合 [Geo-blocked] -> ☘️吉林频道
2026-08-01 18:59:23,616 - IPTVCollector - INFO - 🌏 自动追加: 福州广电视台新闻综合频道 -> ☘️福建频道
2026-08-01 18:59:23,616 - IPTVCollector - INFO - 📌 未分类频道追加到 '其他': 春晚2025
2026-08-01 18:59:23,618 - IPTVCollector - INFO - 🌏 自动追加: 通化新闻 [Geo-blocked] -> ☘️吉林频道
2026-08-01 18:59:23,618 - IPTVCollector - INFO - 📌 未分类频道追加到 '其他': 辽新闻综合 [Geo-blocked]
2026-08-01 18:59:23,618 - IPTVCollector - INFO - 📌 未分类频道追加到 '其他': RT DE
2026-08-01 18:59:23,618 - IPTVCollector - INFO - 📌 未分类频道追加到 '其他': 倩女幽魂妖魔道
2026-08-01 18:59:23,618 - IPTVCollector - INFO - 📌 未分类频道追加到 '其他': 倩女幽魂人间道
2026-08-01 18:59:23,619 - IPTVCollector - INFO - 📌 未分类频道追加到 '其他': RT Español
2026-08-01 18:59:23,620 - IPTVCollector - INFO - 🌏 自动追加: 长春综合 [Geo-blocked] -> ☘️吉林频道
2026-08-01 18:59:23,620 - IPTVCollector - INFO - 📌 未分类频道追加到 '其他': WionNews
2026-08-01 18:59:23,620 - IPTVCollector - INFO - 📌 未分类频道追加到 '其他': 倩女幽魂道道道
2026-08-01 18:59:23,621 - IPTVCollector - INFO - 📌 未分类频道追加到 '其他': TVB Plus
2026-08-01 18:59:23,621 - IPTVCollector - INFO - 📌 未分类频道追加到 '其他': 集安综合 [Geo-blocked]
2026-08-01 18:59:23,621 - IPTVCollector - INFO - 📌 未分类频道追加到 '其他': CGTN French
2026-08-01 18:59:23,621 - IPTVCollector - INFO - 📌 未分类频道追加到 '其他': RT Balkan
2026-08-01 18:59:23,621 - IPTVCollector - INFO - 📌 未分类频道追加到 '其他': RT Français
2026-08-01 18:59:23,621 - IPTVCollector - INFO - 📌 未分类频道追加到 '其他': 春晚2024
2026-08-01 18:59:23,622 - IPTVCollector - INFO - 📌 未分类频道追加到 '其他': CGTN-Documentary
2026-08-01 18:59:23,622 - IPTVCollector - INFO - 📌 未分类频道追加到 '其他': 荣昌综合 [Not 24/7]
2026-08-01 18:59:23,622 - IPTVCollector - INFO - 📌 未分类频道追加到 '其他': 环球电视
2026-08-01 18:59:23,622 - IPTVCollector - INFO - 📌 未分类频道追加到 '其他': 靖江新闻綜合 [Not 24/7]
2026-08-01 18:59:23,622 - IPTVCollector - INFO - 📌 未分类频道追加到 '其他': Xinjiang TV 1
2026-08-01 18:59:23,622 - IPTVCollector - INFO - 🌏 自动追加: 上海卫视 -> ☘️上海频道
2026-08-01 18:59:23,623 - IPTVCollector - INFO - 📌 未分类频道追加到 '其他': 东南卫视
2026-08-01 18:59:23,623 - IPTVCollector - INFO - 📌 未分类频道追加到 '其他': CGTN记录
2026-08-01 18:59:23,623 - IPTVCollector - INFO - 📌 未分类频道追加到 '其他': 熊猫直
2026-08-01 18:59:23,623 - IPTVCollector - INFO - 📌 未分类频道追加到 '其他': 第一财经
2026-08-01 18:59:23,623 - IPTVCollector - INFO - 📌 未分类频道追加到 '其他': 东丰
2026-08-01 18:59:23,623 - IPTVCollector - INFO - 📌 未分类频道追加到 '其他': 九台
2026-08-01 18:59:23,624 - IPTVCollector - INFO - 📌 未分类频道追加到 '其他': 双辽
2026-08-01 18:59:23,624 - IPTVCollector - INFO - 📌 未分类频道追加到 '其他': 耀才财经
2026-08-01 18:59:23,624 - IPTVCollector - INFO - 🎯 Demo 筛选：原始 354 -> 匹配/分类后 354 个频道
2026-08-01 18:59:23,624 - IPTVCollector - INFO - 📊 Demo筛选后: 354
2026-08-01 18:59:23,625 - IPTVCollector - INFO - ✅ M3U 文件已生成: output/tv.m3u
2026-08-01 18:59:23,625 - IPTVCollector - INFO - ✅ TXT 文件已生成: output/tv.txt
2026-08-01 18:59:23,626 - IPTVCollector - INFO - ✅ 多源 M3U 文件已生成: output/tv_multi.m3u
2026-08-01 18:59:23,629 - IPTVCollector - INFO - ✅ JSON API 已生成: output/channels.json
2026-08-01 18:59:23,629 - IPTVCollector - INFO - ✅ 精简版已生成: output/tv_lite.m3u
2026-08-01 18:59:23,630 - IPTVCollector - INFO - ✅ M3U 文件已生成: output/tv_epg.m3u
2026-08-01 18:59:23,630 - IPTVCollector - INFO - 🚀 IPTV 自治系统启动
2026-08-01 18:59:23,630 - IPTVCollector - INFO - ⏭️ 跳过发现阶段
2026-08-01 18:59:23,630 - IPTVCollector - INFO - ==================================================
阶段2: 从缓存观察候选源
==================================================
2026-08-01 18:59:23,669 - IPTVCollector - INFO -   📊 观察进度: 100/128，稳定 0 个
2026-08-01 18:59:23,676 - IPTVCollector - INFO - ✅ 观察阶段完成: 0 个源达到稳定标准
2026-08-01 18:59:23,676 - IPTVCollector - INFO - ==================================================
阶段3: 提升稳定源
==================================================
2026-08-01 18:59:23,676 - IPTVCollector - INFO - 📭 没有稳定的候选源需要提升
2026-08-01 18:59:23,677 - IPTVCollector - INFO - 📊 自治模式统计:
2026-08-01 18:59:23,677 - IPTVCollector - INFO -   候选池总数: 563, 观察中: 128, 稳定: 433
2026-08-01 18:59:23,677 - IPTVCollector - INFO -   本次新提升: 0
2026-08-01 18:59:23,677 - IPTVCollector - INFO - 🎉 全部完成！
2026-08-02 01:57:51,321 - IPTVCollector - INFO - 🚀 IPTV 智能整理平台启动
2026-08-02 01:57:51,323 - IPTVCollector - INFO - ✅ 数据库缓存已启用: data/iptv_cache.db
2026-08-02 01:57:51,436 - IPTVCollector - INFO - 📌 CCTV-1 已设为固定源 (auto_optimize=True)
2026-08-02 01:57:51,438 - IPTVCollector - INFO - 📌 CCTV-2 已设为固定源 (auto_optimize=True)
2026-08-02 01:57:51,446 - IPTVCollector - INFO - 📌 CCTV-3 已设为固定源 (auto_optimize=True)
2026-08-02 01:57:51,454 - IPTVCollector - INFO - 📌 CCTV-4 已设为固定源 (auto_optimize=True)
2026-08-02 01:57:51,457 - IPTVCollector - INFO - 📌 CCTV-5 已设为固定源 (auto_optimize=True)
2026-08-02 01:57:51,466 - IPTVCollector - INFO - 📌 CCTV-5+ 已设为固定源 (auto_optimize=True)
2026-08-02 01:57:51,467 - IPTVCollector - INFO - 📌 CCTV-6 已设为固定源 (auto_optimize=True)
2026-08-02 01:57:51,476 - IPTVCollector - INFO - 📌 CCTV-7 已设为固定源 (auto_optimize=True)
2026-08-02 01:57:51,485 - IPTVCollector - INFO - 📌 CCTV-8 已设为固定源 (auto_optimize=True)
2026-08-02 01:57:51,487 - IPTVCollector - INFO - 📌 CCTV-9 已设为固定源 (auto_optimize=True)
2026-08-02 01:57:51,496 - IPTVCollector - INFO - 📌 CCTV-10 已设为固定源 (auto_optimize=True)
2026-08-02 01:57:51,505 - IPTVCollector - INFO - 📌 CCTV-11 已设为固定源 (auto_optimize=True)
2026-08-02 01:57:51,507 - IPTVCollector - INFO - 📌 CCTV-12 已设为固定源 (auto_optimize=True)
2026-08-02 01:57:51,515 - IPTVCollector - INFO - 📌 CCTV-13 已设为固定源 (auto_optimize=True)
2026-08-02 01:57:51,517 - IPTVCollector - INFO - 📌 CCTV-14 已设为固定源 (auto_optimize=True)
2026-08-02 01:57:51,519 - IPTVCollector - INFO - 📌 CCTV-15 已设为固定源 (auto_optimize=True)
2026-08-02 01:57:51,520 - IPTVCollector - INFO - 📌 CCTV-16 已设为固定源 (auto_optimize=True)
2026-08-02 01:57:51,521 - IPTVCollector - INFO - 📌 CCTV-17 已设为固定源 (auto_optimize=True)
2026-08-02 01:57:51,522 - IPTVCollector - INFO - 📌 CCTV4欧洲 已设为固定源 (auto_optimize=True)
2026-08-02 01:57:51,524 - IPTVCollector - INFO - 📌 CCTV4美洲 已设为固定源 (auto_optimize=True)
2026-08-02 01:57:51,524 - IPTVCollector - INFO - 📌 固定源已同步到数据库
2026-08-02 01:57:51,524 - IPTVCollector - INFO - 📋 订阅源解析：普通 11 个，白名单 0 个
2026-08-02 01:57:51,524 - IPTVCollector - INFO - 📋 使用 11 个源
2026-08-02 01:58:14,500 - IPTVCollector - INFO - 📊 测速完成，有效频道: 406 个
2026-08-02 01:58:14,500 - IPTVCollector - INFO - 📊 通过测速的频道数: 406
2026-08-02 01:58:14,590 - IPTVCollector - INFO - 🔍 ffmpeg 深度验证: 0 个需验证，404 个来自缓存/HTTP
2026-08-02 01:58:14,591 - IPTVCollector - INFO - ✅ ffmpeg 验证完成: 通过 404/406 个频道
2026-08-02 01:58:14,591 - IPTVCollector - INFO - 📊 通过ffmpeg验证的频道数: 404
2026-08-02 01:58:14,598 - IPTVCollector - INFO - 📌 已使用 17 个固定源（含自动优化）
2026-08-02 01:58:14,598 - IPTVCollector - INFO - 📊 合并完成: 共 363 个频道
2026-08-02 01:58:14,598 - IPTVCollector - INFO - 📊 合并后的频道数: 363
2026-08-02 01:58:14,624 - IPTVCollector - INFO - 📊 黑名单过滤后: 346
2026-08-02 01:58:14,628 - IPTVCollector - INFO - 📋 从 demo.txt 解析到 3541 个有序频道
2026-08-02 01:58:14,629 - IPTVCollector - INFO - 📋 从 demo.txt 解析到 3541 个有序频道
2026-08-02 01:59:34,001 - IPTVCollector - INFO - 📌 未分类频道追加到 '其他': 桦甸
2026-08-02 01:59:34,001 - IPTVCollector - INFO - 📌 未分类频道追加到 '其他': 磐石
2026-08-02 01:59:34,001 - IPTVCollector - INFO - 📌 未分类频道追加到 '其他': 汪清
2026-08-02 01:59:34,002 - IPTVCollector - INFO - 📌 未分类频道追加到 '其他': 柳河
2026-08-02 01:59:34,002 - IPTVCollector - INFO - 📌 未分类频道追加到 '其他': 珲春新闻
2026-08-02 01:59:34,002 - IPTVCollector - INFO - 📌 未分类频道追加到 '其他': 舒兰新闻
2026-08-02 01:59:34,003 - IPTVCollector - INFO - 🌏 自动追加: 通化县 -> ☘️吉林频道
2026-08-02 01:59:34,003 - IPTVCollector - INFO - 📌 未分类频道追加到 '其他': 辉南新闻
2026-08-02 01:59:34,003 - IPTVCollector - INFO - 📌 未分类频道追加到 '其他': 龙井
2026-08-02 01:59:34,003 - IPTVCollector - INFO - 📌 未分类频道追加到 '其他': Home Plus
2026-08-02 01:59:34,004 - IPTVCollector - INFO - 🌏 自动追加: 长白山电视台 -> ☘️吉林频道
2026-08-02 01:59:34,004 - IPTVCollector - INFO - 📌 未分类频道追加到 '其他': Chifeng Comprehensive News Chanel
2026-08-02 01:59:34,005 - IPTVCollector - INFO - 📌 未分类频道追加到 '其他': Nei Monggol TV 2 Mongolian Culture Channel [Not 24/7]
2026-08-02 01:59:34,005 - IPTVCollector - INFO - 📌 未分类频道追加到 '其他': Nei Monggol TV [Not 24/7]
2026-08-02 01:59:34,005 - IPTVCollector - INFO - 📌 未分类频道追加到 '其他': VOA美国之音
2026-08-02 01:59:34,005 - IPTVCollector - INFO - 📌 未分类频道追加到 '其他': Siping TV
2026-08-02 01:59:34,005 - IPTVCollector - INFO - 📌 未分类频道追加到 '其他': Hunan TV
2026-08-02 01:59:34,005 - IPTVCollector - INFO - 📌 未分类频道追加到 '其他': 大立电视台
2026-08-02 01:59:34,006 - IPTVCollector - INFO - 📌 未分类频道追加到 '其他': Harbin Comprehensive News Channel
2026-08-02 01:59:34,006 - IPTVCollector - INFO - 📌 未分类频道追加到 '其他': Harbin Movie Channel
2026-08-02 01:59:34,006 - IPTVCollector - INFO - 📌 未分类频道追加到 '其他': Xinjiang TV 2
2026-08-02 01:59:34,006 - IPTVCollector - INFO - 📌 未分类频道追加到 '其他': Xinjiang TV 3
2026-08-02 01:59:34,006 - IPTVCollector - INFO - 🌏 自动追加: 绍兴电视台公共 -> ☘️浙江频道
2026-08-02 01:59:34,007 - IPTVCollector - INFO - 📌 未分类频道追加到 '其他': Xinjiang TV 8
2026-08-02 01:59:34,007 - IPTVCollector - INFO - 📌 未分类频道追加到 '其他': QTV-1
2026-08-02 01:59:34,007 - IPTVCollector - INFO - 📌 未分类频道追加到 '其他': TV BRICS Chinese
2026-08-02 01:59:34,007 - IPTVCollector - INFO - 📌 未分类频道追加到 '其他': Zhejiang TV International
2026-08-02 01:59:34,007 - IPTVCollector - INFO - 📌 未分类频道追加到 '其他': 通海电视台
2026-08-02 01:59:34,007 - IPTVCollector - INFO - 📌 未分类频道追加到 '其他': RT News
2026-08-02 01:59:34,007 - IPTVCollector - INFO - 📌 未分类频道追加到 '其他': 农安新闻综合 [Geo-blocked]
2026-08-02 01:59:34,008 - IPTVCollector - INFO - 📌 未分类频道追加到 '其他': 前郭综合 [Geo-blocked]
2026-08-02 01:59:34,008 - IPTVCollector - INFO - 📌 未分类频道追加到 '其他': 延边新闻综合 [Geo-blocked]
2026-08-02 01:59:34,009 - IPTVCollector - INFO - 🌏 自动追加: 松原新闻综合 [Geo-blocked] -> ☘️吉林频道
2026-08-02 01:59:34,009 - IPTVCollector - INFO - 📌 未分类频道追加到 '其他': 兴隆综合
2026-08-02 01:59:34,009 - IPTVCollector - INFO - 🌏 自动追加: 浙江 Ⅰ 绍兴影视 -> ☘️浙江频道
2026-08-02 01:59:34,009 - IPTVCollector - INFO - 📌 未分类频道追加到 '其他': 江津经济生活
2026-08-02 01:59:34,009 - IPTVCollector - INFO - 📌 未分类频道追加到 '其他': 龙门飞甲
2026-08-02 01:59:34,010 - IPTVCollector - INFO - 🌏 自动追加: 浙江 Ⅰ 绍兴综合 -> ☘️浙江频道
2026-08-02 01:59:34,010 - IPTVCollector - INFO - 📌 未分类频道追加到 '其他': 伊犁经济法制
2026-08-02 01:59:34,010 - IPTVCollector - INFO - 📌 未分类频道追加到 '其他': 武进新闻 [Not 24/7]
2026-08-02 01:59:34,010 - IPTVCollector - INFO - 📌 未分类频道追加到 '其他': 浙江经济
2026-08-02 01:59:34,010 - IPTVCollector - INFO - 📌 未分类频道追加到 '其他': 武进生活 [Not 24/7]
2026-08-02 01:59:34,011 - IPTVCollector - INFO - 🌏 自动追加: 白山新闻综合 [Geo-blocked] -> ☘️吉林频道
2026-08-02 01:59:34,011 - IPTVCollector - INFO - 📌 未分类频道追加到 '其他': 玛纳斯
2026-08-02 01:59:34,011 - IPTVCollector - INFO - 📌 未分类频道追加到 '其他': 辽新闻综合 [Geo-blocked]
2026-08-02 01:59:34,012 - IPTVCollector - INFO - 🌏 自动追加: 通化新闻 [Geo-blocked] -> ☘️吉林频道
2026-08-02 01:59:34,012 - IPTVCollector - INFO - 📌 未分类频道追加到 '其他': 玛纳斯综合
2026-08-02 01:59:34,013 - IPTVCollector - INFO - 🌏 自动追加: 长春综合 [Geo-blocked] -> ☘️吉林频道
2026-08-02 01:59:34,014 - IPTVCollector - INFO - 📌 未分类频道追加到 '其他': 浙江钱江都市
2026-08-02 01:59:34,014 - IPTVCollector - INFO - 📌 未分类频道追加到 '其他': 集安综合 [Geo-blocked]
2026-08-02 01:59:34,014 - IPTVCollector - INFO - 📌 未分类频道追加到 '其他': CGTN French
2026-08-02 01:59:34,014 - IPTVCollector - INFO - 📌 未分类频道追加到 '其他': 靖江新闻綜合 [Not 24/7]
2026-08-02 01:59:34,014 - IPTVCollector - INFO - 🌏 自动追加: 福州广电视台新闻综合频道 -> ☘️福建频道
2026-08-02 01:59:34,014 - IPTVCollector - INFO - 📌 未分类频道追加到 '其他': 荣昌综合 [Not 24/7]
2026-08-02 01:59:34,014 - IPTVCollector - INFO - 📌 未分类频道追加到 '其他': Xinjiang TV 1
2026-08-02 01:59:34,015 - IPTVCollector - INFO - 📌 未分类频道追加到 '其他': CGTN记录
2026-08-02 01:59:34,015 - IPTVCollector - INFO - 🌏 自动追加: 上海卫视 -> ☘️上海频道
2026-08-02 01:59:34,015 - IPTVCollector - INFO - 📌 未分类频道追加到 '其他': 东南卫视
2026-08-02 01:59:34,016 - IPTVCollector - INFO - 🌏 自动追加: 邯郸公共频道 -> ☘️河北频道
2026-08-02 01:59:34,016 - IPTVCollector - INFO - 📌 未分类频道追加到 '其他': 熊猫直
2026-08-02 01:59:34,016 - IPTVCollector - INFO - 📌 未分类频道追加到 '其他': 数码时代
2026-08-02 01:59:34,016 - IPTVCollector - INFO - 📌 未分类频道追加到 '其他': 梨园
2026-08-02 01:59:34,016 - IPTVCollector - INFO - 📌 未分类频道追加到 '其他': 浙江教科影院
2026-08-02 01:59:34,016 - IPTVCollector - INFO - 📌 未分类频道追加到 '其他': 浙江教育
2026-08-02 01:59:34,017 - IPTVCollector - INFO - 📌 未分类频道追加到 '其他': 浙江钱江频道
2026-08-02 01:59:34,017 - IPTVCollector - INFO - 📌 未分类频道追加到 '其他': 浙江生活
2026-08-02 01:59:34,017 - IPTVCollector - INFO - 📌 未分类频道追加到 '其他': Bread TV面包台
2026-08-02 01:59:34,017 - IPTVCollector - INFO - 📌 未分类频道追加到 '其他': 凤凰中文
2026-08-02 01:59:34,017 - IPTVCollector - INFO - 📌 未分类频道追加到 '其他': 凤凰资讯
2026-08-02 01:59:34,017 - IPTVCollector - INFO - 📌 未分类频道追加到 '其他': 第一财经
2026-08-02 01:59:34,018 - IPTVCollector - INFO - 🌏 自动追加: 武汉一台新闻综合 -> ☘️湖北频道
2026-08-02 01:59:34,018 - IPTVCollector - INFO - 📌 未分类频道追加到 '其他': ABN China
2026-08-02 01:59:34,019 - IPTVCollector - INFO - 🌏 自动追加: 凤凰香港 -> 🌊港·澳·台
2026-08-02 01:59:34,019 - IPTVCollector - INFO - 📌 未分类频道追加到 '其他': 韩国电影2
2026-08-02 01:59:34,019 - IPTVCollector - INFO - 📌 未分类频道追加到 '其他': 韩国电影1
2026-08-02 01:59:34,019 - IPTVCollector - INFO - 📌 未分类频道追加到 '其他': 东丰
2026-08-02 01:59:34,019 - IPTVCollector - INFO - 📌 未分类频道追加到 '其他': 双辽
2026-08-02 01:59:34,020 - IPTVCollector - INFO - 🌏 自动追加: 长沙新闻综合 -> ☘️湖南频道
2026-08-02 01:59:34,020 - IPTVCollector - INFO - 📌 未分类频道追加到 '其他': 耀才财经
2026-08-02 01:59:34,020 - IPTVCollector - INFO - 📌 未分类频道追加到 '其他': 九台
2026-08-02 01:59:34,021 - IPTVCollector - INFO - 📌 未分类频道追加到 '其他': 都市青春
2026-08-02 01:59:34,021 - IPTVCollector - INFO - 📌 未分类频道追加到 '其他': 辽宁青少
2026-08-02 01:59:34,021 - IPTVCollector - INFO - 📌 未分类频道追加到 '其他': FZTV3
2026-08-02 01:59:34,021 - IPTVCollector - INFO - 📌 未分类频道追加到 '其他': 陕西新闻咨询
2026-08-02 01:59:34,021 - IPTVCollector - INFO - 📌 未分类频道追加到 '其他': 江津新闻
2026-08-02 01:59:34,021 - IPTVCollector - INFO - 📌 未分类频道追加到 '其他': CHC电影
2026-08-02 01:59:34,021 - IPTVCollector - INFO - 📌 未分类频道追加到 '其他': 河南电视剧
2026-08-02 01:59:34,022 - IPTVCollector - INFO - 🌏 自动追加: 哈尔滨都市咨询 -> ☘️黑龙江频道
2026-08-02 01:59:34,022 - IPTVCollector - INFO - 📌 未分类频道追加到 '其他': 无线新闻台
2026-08-02 01:59:34,023 - IPTVCollector - INFO - 📌 未分类频道追加到 '其他': TVB星河
2026-08-02 01:59:34,023 - IPTVCollector - INFO - 📌 未分类频道追加到 '其他': 华丽翡翠台
2026-08-02 01:59:34,023 - IPTVCollector - INFO - 📌 未分类频道追加到 '其他': 新闻咨询
2026-08-02 01:59:34,023 - IPTVCollector - INFO - 📌 未分类频道追加到 '其他': 音乐欣赏
2026-08-02 01:59:34,023 - IPTVCollector - INFO - 📌 未分类频道追加到 '其他': CNA
2026-08-02 01:59:34,023 - IPTVCollector - INFO - 📌 未分类频道追加到 '其他': Newsmax
2026-08-02 01:59:34,023 - IPTVCollector - INFO - 📌 未分类频道追加到 '其他': Dali TV
2026-08-02 01:59:34,023 - IPTVCollector - INFO - 📌 未分类频道追加到 '其他': 飞碟之谜01
2026-08-02 01:59:34,024 - IPTVCollector - INFO - 📌 未分类频道追加到 '其他': 音乐现场
2026-08-02 01:59:34,024 - IPTVCollector - INFO - 📌 未分类频道追加到 '其他': Beautiful Life TV
2026-08-02 01:59:34,024 - IPTVCollector - INFO - 📌 未分类频道追加到 '其他': 韩国EBS少儿
2026-08-02 01:59:34,024 - IPTVCollector - INFO - 📌 未分类频道追加到 '其他': Arirang
2026-08-02 01:59:34,024 - IPTVCollector - INFO - 📌 未分类频道追加到 '其他': 人与自然
2026-08-02 01:59:34,024 - IPTVCollector - INFO - 📌 未分类频道追加到 '其他': 自然传奇
2026-08-02 01:59:34,024 - IPTVCollector - INFO - 📌 未分类频道追加到 '其他': 1987年春晚
2026-08-02 01:59:34,024 - IPTVCollector - INFO - 📌 未分类频道追加到 '其他': 1988年春晚
2026-08-02 01:59:34,025 - IPTVCollector - INFO - 📌 未分类频道追加到 '其他': 1989年春晚
2026-08-02 01:59:34,025 - IPTVCollector - INFO - 📌 未分类频道追加到 '其他': 地理中国
2026-08-02 01:59:34,025 - IPTVCollector - INFO - 📌 未分类频道追加到 '其他': TVB News
2026-08-02 01:59:34,025 - IPTVCollector - INFO - 📌 未分类频道追加到 '其他': TVB Plus
2026-08-02 01:59:34,025 - IPTVCollector - INFO - 📌 未分类频道追加到 '其他': Supreme Master TV
2026-08-02 01:59:34,025 - IPTVCollector - INFO - 📌 未分类频道追加到 '其他': Good
2026-08-02 01:59:34,025 - IPTVCollector - INFO - 📌 未分类频道追加到 '其他': Good 2
2026-08-02 01:59:34,025 - IPTVCollector - INFO - 📌 未分类频道追加到 '其他': Trace Sports
2026-08-02 01:59:34,026 - IPTVCollector - INFO - 📌 未分类频道追加到 '其他': 春晚2025
2026-08-02 01:59:34,026 - IPTVCollector - INFO - 📌 未分类频道追加到 '其他': Wild Earth
2026-08-02 01:59:34,026 - IPTVCollector - INFO - 📌 未分类频道追加到 '其他': 倩女幽魂人间道
2026-08-02 01:59:34,026 - IPTVCollector - INFO - 📌 未分类频道追加到 '其他': RT Balkan
2026-08-02 01:59:34,026 - IPTVCollector - INFO - 📌 未分类频道追加到 '其他': 2024年春晚
2026-08-02 01:59:34,026 - IPTVCollector - INFO - 📌 未分类频道追加到 '其他': 倩女幽魂妖魔道
2026-08-02 01:59:34,026 - IPTVCollector - INFO - 📌 未分类频道追加到 '其他': 倩女幽魂道道道
2026-08-02 01:59:34,026 - IPTVCollector - INFO - 📌 未分类频道追加到 '其他': RT Documentary
2026-08-02 01:59:34,026 - IPTVCollector - INFO - 📌 未分类频道追加到 '其他': RT Doc-Русский
2026-08-02 01:59:34,027 - IPTVCollector - INFO - 📌 未分类频道追加到 '其他': Pet Club TV
2026-08-02 01:59:34,027 - IPTVCollector - INFO - 📌 未分类频道追加到 '其他': 环球电视
2026-08-02 01:59:34,027 - IPTVCollector - INFO - 📌 未分类频道追加到 '其他': CGTN-Documentary
2026-08-02 01:59:34,027 - IPTVCollector - INFO - 📌 未分类频道追加到 '其他': WionNews
2026-08-02 01:59:34,027 - IPTVCollector - INFO - 📌 未分类频道追加到 '其他': RT DE
2026-08-02 01:59:34,027 - IPTVCollector - INFO - 📌 未分类频道追加到 '其他': 春晚2024
2026-08-02 01:59:34,027 - IPTVCollector - INFO - 📌 未分类频道追加到 '其他': RT Français
2026-08-02 01:59:34,027 - IPTVCollector - INFO - 📌 未分类频道追加到 '其他': RT Español
2026-08-02 01:59:34,028 - IPTVCollector - INFO - 🎯 Demo 筛选：原始 346 -> 匹配/分类后 346 个频道
2026-08-02 01:59:34,028 - IPTVCollector - INFO - 📊 Demo筛选后: 346
2026-08-02 01:59:34,028 - IPTVCollector - INFO - ✅ M3U 文件已生成: output/tv.m3u
2026-08-02 01:59:34,029 - IPTVCollector - INFO - ✅ TXT 文件已生成: output/tv.txt
2026-08-02 01:59:34,029 - IPTVCollector - INFO - ✅ 多源 M3U 文件已生成: output/tv_multi.m3u
2026-08-02 01:59:34,031 - IPTVCollector - INFO - ✅ JSON API 已生成: output/channels.json
2026-08-02 01:59:34,032 - IPTVCollector - INFO - ✅ 精简版已生成: output/tv_lite.m3u
2026-08-02 01:59:34,032 - IPTVCollector - INFO - ✅ M3U 文件已生成: output/tv_epg.m3u
2026-08-02 01:59:34,032 - IPTVCollector - INFO - 🚀 IPTV 自治系统启动
2026-08-02 01:59:34,032 - IPTVCollector - INFO - ⏭️ 跳过发现阶段
2026-08-02 01:59:34,032 - IPTVCollector - INFO - ==================================================
阶段2: 从缓存观察候选源
==================================================
2026-08-02 01:59:34,062 - IPTVCollector - INFO -   📊 观察进度: 100/118，稳定 0 个
2026-08-02 01:59:34,065 - IPTVCollector - INFO - ✅ 观察阶段完成: 0 个源达到稳定标准
2026-08-02 01:59:34,065 - IPTVCollector - INFO - ==================================================
阶段3: 提升稳定源
==================================================
2026-08-02 01:59:34,065 - IPTVCollector - INFO - 📭 没有稳定的候选源需要提升
2026-08-02 01:59:34,065 - IPTVCollector - INFO - 📊 自治模式统计:
2026-08-02 01:59:34,066 - IPTVCollector - INFO -   候选池总数: 563, 观察中: 118, 稳定: 443
2026-08-02 01:59:34,066 - IPTVCollector - INFO -   本次新提升: 0
2026-08-02 01:59:34,066 - IPTVCollector - INFO - 🎉 全部完成！
2026-08-02 08:08:28,501 - IPTVCollector - INFO - 🚀 IPTV 智能整理平台启动
2026-08-02 08:08:28,503 - IPTVCollector - INFO - ✅ 数据库缓存已启用: data/iptv_cache.db
2026-08-02 08:08:28,505 - IPTVCollector - INFO - 📌 CCTV-1 已设为固定源 (auto_optimize=True)
2026-08-02 08:08:28,506 - IPTVCollector - INFO - 📌 CCTV-2 已设为固定源 (auto_optimize=True)
2026-08-02 08:08:28,507 - IPTVCollector - INFO - 📌 CCTV-3 已设为固定源 (auto_optimize=True)
2026-08-02 08:08:28,507 - IPTVCollector - INFO - 📌 CCTV-4 已设为固定源 (auto_optimize=True)
2026-08-02 08:08:28,509 - IPTVCollector - INFO - 📌 CCTV-5 已设为固定源 (auto_optimize=True)
2026-08-02 08:08:28,510 - IPTVCollector - INFO - 📌 CCTV-5+ 已设为固定源 (auto_optimize=True)
2026-08-02 08:08:28,511 - IPTVCollector - INFO - 📌 CCTV-6 已设为固定源 (auto_optimize=True)
2026-08-02 08:08:28,512 - IPTVCollector - INFO - 📌 CCTV-7 已设为固定源 (auto_optimize=True)
2026-08-02 08:08:28,513 - IPTVCollector - INFO - 📌 CCTV-8 已设为固定源 (auto_optimize=True)
2026-08-02 08:08:28,513 - IPTVCollector - INFO - 📌 CCTV-9 已设为固定源 (auto_optimize=True)
2026-08-02 08:08:28,514 - IPTVCollector - INFO - 📌 CCTV-10 已设为固定源 (auto_optimize=True)
2026-08-02 08:08:28,515 - IPTVCollector - INFO - 📌 CCTV-11 已设为固定源 (auto_optimize=True)
2026-08-02 08:08:28,516 - IPTVCollector - INFO - 📌 CCTV-12 已设为固定源 (auto_optimize=True)
2026-08-02 08:08:28,517 - IPTVCollector - INFO - 📌 CCTV-13 已设为固定源 (auto_optimize=True)
2026-08-02 08:08:28,518 - IPTVCollector - INFO - 📌 CCTV-14 已设为固定源 (auto_optimize=True)
2026-08-02 08:08:28,519 - IPTVCollector - INFO - 📌 CCTV-15 已设为固定源 (auto_optimize=True)
2026-08-02 08:08:28,520 - IPTVCollector - INFO - 📌 CCTV-16 已设为固定源 (auto_optimize=True)
2026-08-02 08:08:28,520 - IPTVCollector - INFO - 📌 CCTV-17 已设为固定源 (auto_optimize=True)
2026-08-02 08:08:28,521 - IPTVCollector - INFO - 📌 CCTV4欧洲 已设为固定源 (auto_optimize=True)
2026-08-02 08:08:28,522 - IPTVCollector - INFO - 📌 CCTV4美洲 已设为固定源 (auto_optimize=True)
2026-08-02 08:08:28,522 - IPTVCollector - INFO - 📌 固定源已同步到数据库
2026-08-02 08:08:28,523 - IPTVCollector - INFO - 📋 订阅源解析：普通 11 个，白名单 0 个
2026-08-02 08:08:28,523 - IPTVCollector - INFO - 📋 使用 11 个源
2026-08-02 08:08:28,527 - IPTVCollector - INFO - 🔄 拉取: https://raw.githubusercontent.com/iptv-org/iptv/gh-pages/countries/cn.m3u
2026-08-02 08:08:28,528 - IPTVCollector - INFO - 🔄 拉取: https://raw.githubusercontent.com/iptv-org/iptv/master/streams/cn.m3u
2026-08-02 08:08:28,528 - IPTVCollector - INFO - 🔄 拉取: https://raw.githubusercontent.com/vbskycn/iptv/master/tv/iptv4.txt
2026-08-02 08:08:28,543 - IPTVCollector - INFO - 🔄 拉取: https://raw.githubusercontent.com/zzgpy1/Collect-IPTV/main/best_sorted.m3u
2026-08-02 08:08:28,543 - IPTVCollector - INFO - 🔄 拉取: https://raw.githubusercontent.com/zzgpy1/ITV/main/output/tv.m3u
2026-08-02 08:08:28,544 - IPTVCollector - INFO - 🔄 拉取: https://raw.githubusercontent.com/iptv-org/iptv/refs/heads/master/streams/cn.m3u
2026-08-02 08:08:28,544 - IPTVCollector - INFO - 🔄 拉取: https://raw.githubusercontent.com/zzgpy1/ipv6-iptv/master/tv/iptv4.txt
2026-08-02 08:08:28,544 - IPTVCollector - INFO - 🔄 拉取: https://raw.githubusercontent.com/CCSH/IPTV/refs/heads/main/live.txt
2026-08-02 08:08:28,545 - IPTVCollector - INFO - 🔄 拉取: https://raw.githubusercontent.com/kakaxi-1/IPTV/main/iptv.txt
2026-08-02 08:08:28,545 - IPTVCollector - INFO - 🔄 拉取: https://raw.githubusercontent.com/zzgpy1/iptv-api/master/output/result.txt
2026-08-02 08:08:28,545 - IPTVCollector - INFO - 🔄 拉取: https://tv.19860519.xyz/xymm
2026-08-02 08:09:02,381 - IPTVCollector - INFO - 📊 测速完成，有效频道: 419 个
2026-08-02 08:09:02,382 - IPTVCollector - INFO - 📊 通过测速的频道数: 419
2026-08-02 08:09:17,686 - IPTVCollector - INFO - 🔍 ffmpeg 深度验证: 1 个需验证，417 个来自缓存/HTTP
2026-08-02 08:09:21,042 - IPTVCollector - INFO - ✅ ffmpeg 验证完成: 通过 418/419 个频道
2026-08-02 08:09:21,043 - IPTVCollector - INFO - 📊 通过ffmpeg验证的频道数: 418
2026-08-02 08:09:21,052 - IPTVCollector - INFO - 📌 已使用 18 个固定源（含自动优化）
2026-08-02 08:09:21,052 - IPTVCollector - INFO - 📊 合并完成: 共 356 个频道
2026-08-02 08:09:21,053 - IPTVCollector - INFO - 📊 合并后的频道数: 356
2026-08-02 08:09:21,084 - IPTVCollector - INFO - 📊 黑名单过滤后: 340
2026-08-02 08:09:21,087 - IPTVCollector - INFO - 📋 从 demo.txt 解析到 3541 个有序频道
2026-08-02 08:09:21,089 - IPTVCollector - INFO - 📋 从 demo.txt 解析到 3541 个有序频道
2026-08-02 08:10:33,992 - IPTVCollector - INFO - 📌 未分类频道追加到 '其他': 春晚2025
2026-08-02 08:10:33,992 - IPTVCollector - INFO - 📌 未分类频道追加到 '其他': 环球电视
2026-08-02 08:10:33,993 - IPTVCollector - INFO - 🌏 自动追加: 浙江 Ⅰ 绍兴综合 -> ☘️浙江频道
2026-08-02 08:10:33,993 - IPTVCollector - INFO - 📌 未分类频道追加到 '其他': 象视界
2026-08-02 08:10:33,993 - IPTVCollector - INFO - 🌏 自动追加: 福州广电视台新闻综合频道 -> ☘️福建频道
2026-08-02 08:10:33,994 - IPTVCollector - INFO - 🌏 自动追加: 浙江 Ⅰ 绍兴影视 -> ☘️浙江频道
2026-08-02 08:10:33,995 - IPTVCollector - INFO - 🌏 自动追加: 邯郸公共频道 -> ☘️河北频道
2026-08-02 08:10:33,995 - IPTVCollector - INFO - 📌 未分类频道追加到 '其他': 数码时代
2026-08-02 08:10:33,995 - IPTVCollector - INFO - 📌 未分类频道追加到 '其他': Bread TV面包台
2026-08-02 08:10:33,995 - IPTVCollector - INFO - 📌 未分类频道追加到 '其他': ABN China
2026-08-02 08:10:33,995 - IPTVCollector - INFO - 📌 未分类频道追加到 '其他': 浙江教科影院
2026-08-02 08:10:33,996 - IPTVCollector - INFO - 📌 未分类频道追加到 '其他': 浙江教育
2026-08-02 08:10:33,996 - IPTVCollector - INFO - 📌 未分类频道追加到 '其他': 浙江教科影视
2026-08-02 08:10:33,996 - IPTVCollector - INFO - 📌 未分类频道追加到 '其他': 浙江经济
2026-08-02 08:10:33,996 - IPTVCollector - INFO - 📌 未分类频道追加到 '其他': 浙江民生休闲
2026-08-02 08:10:33,996 - IPTVCollector - INFO - 📌 未分类频道追加到 '其他': 浙江钱江频道
2026-08-02 08:10:33,996 - IPTVCollector - INFO - 📌 未分类频道追加到 '其他': 浙江生活
2026-08-02 08:10:33,996 - IPTVCollector - INFO - 📌 未分类频道追加到 '其他': 九台
2026-08-02 08:10:33,996 - IPTVCollector - INFO - 📌 未分类频道追加到 '其他': 耀才财经
2026-08-02 08:10:33,996 - IPTVCollector - INFO - 📌 未分类频道追加到 '其他': 东丰
2026-08-02 08:10:33,997 - IPTVCollector - INFO - 📌 未分类频道追加到 '其他': 凤凰中文
2026-08-02 08:10:33,997 - IPTVCollector - INFO - 🌏 自动追加: 凤凰香港 -> 🌊港·澳·台
2026-08-02 08:10:33,997 - IPTVCollector - INFO - 📌 未分类频道追加到 '其他': 双辽
2026-08-02 08:10:33,997 - IPTVCollector - INFO - 📌 未分类频道追加到 '其他': 凤凰资讯
2026-08-02 08:10:33,997 - IPTVCollector - INFO - 📌 未分类频道追加到 '其他': CHC电影
2026-08-02 08:10:33,997 - IPTVCollector - INFO - 📌 未分类频道追加到 '其他': 延边2
2026-08-02 08:10:33,997 - IPTVCollector - INFO - 📌 未分类频道追加到 '其他': 韩国电影1
2026-08-02 08:10:33,997 - IPTVCollector - INFO - 📌 未分类频道追加到 '其他': 韩国电影2
2026-08-02 08:10:33,998 - IPTVCollector - INFO - 📌 未分类频道追加到 '其他': 柳河
2026-08-02 08:10:33,998 - IPTVCollector - INFO - 📌 未分类频道追加到 '其他': 珲春新闻
2026-08-02 08:10:33,998 - IPTVCollector - INFO - 📌 未分类频道追加到 '其他': 磐石
2026-08-02 08:10:33,998 - IPTVCollector - INFO - 📌 未分类频道追加到 '其他': Home Plus
2026-08-02 08:10:33,998 - IPTVCollector - INFO - 📌 未分类频道追加到 '其他': 汪清
2026-08-02 08:10:33,998 - IPTVCollector - INFO - 📌 未分类频道追加到 '其他': 舒兰新闻
2026-08-02 08:10:33,998 - IPTVCollector - INFO - 📌 未分类频道追加到 '其他': 辽宁青少
2026-08-02 08:10:33,998 - IPTVCollector - INFO - 📌 未分类频道追加到 '其他': Harbin Comprehensive News Channel
2026-08-02 08:10:33,999 - IPTVCollector - INFO - 📌 未分类频道追加到 '其他': Nei Monggol TV 2 Mongolian Culture Channel [Not 24/7]
2026-08-02 08:10:33,999 - IPTVCollector - INFO - 📌 未分类频道追加到 '其他': 辉南新闻
2026-08-02 08:10:33,999 - IPTVCollector - INFO - 📌 未分类频道追加到 '其他': Chifeng Comprehensive News Chanel
2026-08-02 08:10:33,999 - IPTVCollector - INFO - 📌 未分类频道追加到 '其他': FZTV3
2026-08-02 08:10:33,999 - IPTVCollector - INFO - 📌 未分类频道追加到 '其他': Harbin Movie Channel
2026-08-02 08:10:33,999 - IPTVCollector - INFO - 📌 未分类频道追加到 '其他': Nei Monggol TV [Not 24/7]
2026-08-02 08:10:33,999 - IPTVCollector - INFO - 📌 未分类频道追加到 '其他': VOA美国之音
2026-08-02 08:10:34,000 - IPTVCollector - INFO - 📌 未分类频道追加到 '其他': Hunan TV
2026-08-02 08:10:34,000 - IPTVCollector - INFO - 📌 未分类频道追加到 '其他': QTV-1
2026-08-02 08:10:34,000 - IPTVCollector - INFO - 📌 未分类频道追加到 '其他': 都市青春
2026-08-02 08:10:34,001 - IPTVCollector - INFO - 🌏 自动追加: 通化县 -> ☘️吉林频道
2026-08-02 08:10:34,003 - IPTVCollector - INFO - 🌏 自动追加: 长白山电视台 -> ☘️吉林频道
2026-08-02 08:10:34,003 - IPTVCollector - INFO - 📌 未分类频道追加到 '其他': Xinjiang TV 3
2026-08-02 08:10:34,003 - IPTVCollector - INFO - 📌 未分类频道追加到 '其他': Xinjiang TV 2
2026-08-02 08:10:34,003 - IPTVCollector - INFO - 📌 未分类频道追加到 '其他': Zhejiang TV International
2026-08-02 08:10:34,003 - IPTVCollector - INFO - 📌 未分类频道追加到 '其他': 江津新闻
2026-08-02 08:10:34,003 - IPTVCollector - INFO - 📌 未分类频道追加到 '其他': 龙井
2026-08-02 08:10:34,004 - IPTVCollector - INFO - 📌 未分类频道追加到 '其他': TV BRICS Chinese
2026-08-02 08:10:34,004 - IPTVCollector - INFO - 📌 未分类频道追加到 '其他': 陕西新闻咨询
2026-08-02 08:10:34,005 - IPTVCollector - INFO - 🌏 自动追加: 白城新闻综合 [Geo-blocked] -> ☘️吉林频道
2026-08-02 08:10:34,005 - IPTVCollector - INFO - 📌 未分类频道追加到 '其他': Xinjiang TV 8
2026-08-02 08:10:34,005 - IPTVCollector - INFO - 📌 未分类频道追加到 '其他': Siping TV
2026-08-02 08:10:34,006 - IPTVCollector - INFO - 📌 未分类频道追加到 '其他': CGTN Documentary
2026-08-02 08:10:34,007 - IPTVCollector - INFO - 🌏 自动追加: 哈尔滨都市咨询 -> ☘️黑龙江频道
2026-08-02 08:10:34,007 - IPTVCollector - INFO - 🌏 自动追加: 绍兴电视台公共 -> ☘️浙江频道
2026-08-02 08:10:34,007 - IPTVCollector - INFO - 📌 未分类频道追加到 '其他': 兴隆综合
2026-08-02 08:10:34,007 - IPTVCollector - INFO - 📌 未分类频道追加到 '其他': 农安新闻综合 [Geo-blocked]
2026-08-02 08:10:34,008 - IPTVCollector - INFO - 📌 未分类频道追加到 '其他': 通海电视台
2026-08-02 08:10:34,008 - IPTVCollector - INFO - 📌 未分类频道追加到 '其他': 前郭综合 [Geo-blocked]
2026-08-02 08:10:34,009 - IPTVCollector - INFO - 🌏 自动追加: 吉林市新闻综合 [Geo-blocked] -> ☘️吉林频道
2026-08-02 08:10:34,009 - IPTVCollector - INFO - 📌 未分类频道追加到 '其他': 大立电视台
2026-08-02 08:10:34,009 - IPTVCollector - INFO - 📌 未分类频道追加到 '其他': 延边新闻综合 [Geo-blocked]
2026-08-02 08:10:34,009 - IPTVCollector - INFO - 📌 未分类频道追加到 '其他': 无线新闻台
2026-08-02 08:10:34,011 - IPTVCollector - INFO - 🌏 自动追加: 松原新闻综合 [Geo-blocked] -> ☘️吉林频道
2026-08-02 08:10:34,011 - IPTVCollector - INFO - 📌 未分类频道追加到 '其他': RT News
2026-08-02 08:10:34,012 - IPTVCollector - INFO - 🌏 自动追加: 四平新闻综合 [Geo-blocked] -> ☘️吉林频道
2026-08-02 08:10:34,012 - IPTVCollector - INFO - 📌 未分类频道追加到 '其他': 新闻咨询
2026-08-02 08:10:34,013 - IPTVCollector - INFO - 📌 未分类频道追加到 '其他': 武进新闻 [Not 24/7]
2026-08-02 08:10:34,013 - IPTVCollector - INFO - 📌 未分类频道追加到 '其他': 武进生活 [Not 24/7]
2026-08-02 08:10:34,013 - IPTVCollector - INFO - 📌 未分类频道追加到 '其他': 江津经济生活
2026-08-02 08:10:34,014 - IPTVCollector - INFO - 🌏 自动追加: 白山新闻综合 [Geo-blocked] -> ☘️吉林频道
2026-08-02 08:10:34,014 - IPTVCollector - INFO - 📌 未分类频道追加到 '其他': 辽新闻综合 [Geo-blocked]
2026-08-02 08:10:34,016 - IPTVCollector - INFO - 🌏 自动追加: 长春综合 [Geo-blocked] -> ☘️吉林频道
2026-08-02 08:10:34,016 - IPTVCollector - INFO - 📌 未分类频道追加到 '其他': 集安综合 [Geo-blocked]
2026-08-02 08:10:34,016 - IPTVCollector - INFO - 📌 未分类频道追加到 '其他': 韩国EBS少儿
2026-08-02 08:10:34,016 - IPTVCollector - INFO - 📌 未分类频道追加到 '其他': 音乐欣赏
2026-08-02 08:10:34,016 - IPTVCollector - INFO - 📌 未分类频道追加到 '其他': 地理中国
2026-08-02 08:10:34,016 - IPTVCollector - INFO - 📌 未分类频道追加到 '其他': CGTN French
2026-08-02 08:10:34,016 - IPTVCollector - INFO - 📌 未分类频道追加到 '其他': 人与自然
2026-08-02 08:10:34,017 - IPTVCollector - INFO - 📌 未分类频道追加到 '其他': 自然传奇
2026-08-02 08:10:34,017 - IPTVCollector - INFO - 📌 未分类频道追加到 '其他': RT Documentary
2026-08-02 08:10:34,017 - IPTVCollector - INFO - 📌 未分类频道追加到 '其他': RT Doc-Русский
2026-08-02 08:10:34,017 - IPTVCollector - INFO - 📌 未分类频道追加到 '其他': 音乐现场
2026-08-02 08:10:34,017 - IPTVCollector - INFO - 📌 未分类频道追加到 '其他': 1987年春晚
2026-08-02 08:10:34,017 - IPTVCollector - INFO - 📌 未分类频道追加到 '其他': 1989年春晚
2026-08-02 08:10:34,017 - IPTVCollector - INFO - 📌 未分类频道追加到 '其他': 1988年春晚
2026-08-02 08:10:34,018 - IPTVCollector - INFO - 📌 未分类频道追加到 '其他': 飞碟之谜01
2026-08-02 08:10:34,018 - IPTVCollector - INFO - 📌 未分类频道追加到 '其他': 龙门飞甲
2026-08-02 08:10:34,018 - IPTVCollector - INFO - 📌 未分类频道追加到 '其他': 伊犁经济法制
2026-08-02 08:10:34,018 - IPTVCollector - INFO - 📌 未分类频道追加到 '其他': CNA
2026-08-02 08:10:34,018 - IPTVCollector - INFO - 📌 未分类频道追加到 '其他': Dali TV
2026-08-02 08:10:34,018 - IPTVCollector - INFO - 📌 未分类频道追加到 '其他': Newsmax
2026-08-02 08:10:34,018 - IPTVCollector - INFO - 📌 未分类频道追加到 '其他': Xinjiang TV 1
2026-08-02 08:10:34,018 - IPTVCollector - INFO - 📌 未分类频道追加到 '其他': Arirang
2026-08-02 08:10:34,019 - IPTVCollector - INFO - 📌 未分类频道追加到 '其他': 玛纳斯
2026-08-02 08:10:34,019 - IPTVCollector - INFO - 📌 未分类频道追加到 '其他': Beautiful Life TV
2026-08-02 08:10:34,019 - IPTVCollector - INFO - 📌 未分类频道追加到 '其他': 玛纳斯综合
2026-08-02 08:10:34,019 - IPTVCollector - INFO - 📌 未分类频道追加到 '其他': Good
2026-08-02 08:10:34,019 - IPTVCollector - INFO - 📌 未分类频道追加到 '其他': 浙江钱江都市
2026-08-02 08:10:34,019 - IPTVCollector - INFO - 📌 未分类频道追加到 '其他': Good 2
2026-08-02 08:10:34,019 - IPTVCollector - INFO - 📌 未分类频道追加到 '其他': Trace Sports
2026-08-02 08:10:34,019 - IPTVCollector - INFO - 📌 未分类频道追加到 '其他': Supreme Master TV
2026-08-02 08:10:34,020 - IPTVCollector - INFO - 📌 未分类频道追加到 '其他': TVB News
2026-08-02 08:10:34,020 - IPTVCollector - INFO - 📌 未分类频道追加到 '其他': Pet Club TV
2026-08-02 08:10:34,020 - IPTVCollector - INFO - 📌 未分类频道追加到 '其他': RT DE
2026-08-02 08:10:34,020 - IPTVCollector - INFO - 📌 未分类频道追加到 '其他': 2024年春晚
2026-08-02 08:10:34,020 - IPTVCollector - INFO - 📌 未分类频道追加到 '其他': Wild Earth
2026-08-02 08:10:34,020 - IPTVCollector - INFO - 📌 未分类频道追加到 '其他': RT Français
2026-08-02 08:10:34,020 - IPTVCollector - INFO - 📌 未分类频道追加到 '其他': RT Balkan
2026-08-02 08:10:34,020 - IPTVCollector - INFO - 📌 未分类频道追加到 '其他': RT Español
2026-08-02 08:10:34,021 - IPTVCollector - INFO - 📌 未分类频道追加到 '其他': CGTN记录
2026-08-02 08:10:34,021 - IPTVCollector - INFO - 📌 未分类频道追加到 '其他': WionNews
2026-08-02 08:10:34,021 - IPTVCollector - INFO - 📌 未分类频道追加到 '其他': TVB Plus
2026-08-02 08:10:34,021 - IPTVCollector - INFO - 🌏 自动追加: 上海卫视 -> ☘️上海频道
2026-08-02 08:10:34,021 - IPTVCollector - INFO - 📌 未分类频道追加到 '其他': 东南卫视
2026-08-02 08:10:34,021 - IPTVCollector - INFO - 📌 未分类频道追加到 '其他': 倩女幽魂人间道
2026-08-02 08:10:34,021 - IPTVCollector - INFO - 📌 未分类频道追加到 '其他': 倩女幽魂道道道
2026-08-02 08:10:34,022 - IPTVCollector - INFO - 📌 未分类频道追加到 '其他': 倩女幽魂妖魔道
2026-08-02 08:10:34,022 - IPTVCollector - INFO - 📌 未分类频道追加到 '其他': 熊猫直
2026-08-02 08:10:34,022 - IPTVCollector - INFO - 🎯 Demo 筛选：原始 340 -> 匹配/分类后 340 个频道
2026-08-02 08:10:34,022 - IPTVCollector - INFO - 📊 Demo筛选后: 340
2026-08-02 08:10:34,023 - IPTVCollector - INFO - ✅ M3U 文件已生成: output/tv.m3u
2026-08-02 08:10:34,024 - IPTVCollector - INFO - ✅ TXT 文件已生成: output/tv.txt
2026-08-02 08:10:34,024 - IPTVCollector - INFO - ✅ 多源 M3U 文件已生成: output/tv_multi.m3u
2026-08-02 08:10:34,027 - IPTVCollector - INFO - ✅ JSON API 已生成: output/channels.json
2026-08-02 08:10:34,028 - IPTVCollector - INFO - ✅ 精简版已生成: output/tv_lite.m3u
2026-08-02 08:10:34,028 - IPTVCollector - INFO - ✅ M3U 文件已生成: output/tv_epg.m3u
2026-08-02 08:10:34,028 - IPTVCollector - INFO - 🚀 IPTV 自治系统启动
2026-08-02 08:10:34,028 - IPTVCollector - INFO - ⏭️ 跳过发现阶段
2026-08-02 08:10:34,028 - IPTVCollector - INFO - ==================================================
阶段2: 从缓存观察候选源
==================================================
2026-08-02 08:10:34,049 - IPTVCollector - INFO -   📊 观察进度: 100/174，稳定 0 个
2026-08-02 08:10:34,058 - IPTVCollector - INFO - ✅ 观察阶段完成: 0 个源达到稳定标准
2026-08-02 08:10:34,059 - IPTVCollector - INFO - ==================================================
阶段3: 提升稳定源
==================================================
2026-08-02 08:10:34,059 - IPTVCollector - INFO - 📭 没有稳定的候选源需要提升
2026-08-02 08:10:34,059 - IPTVCollector - INFO - 📊 自治模式统计:
2026-08-02 08:10:34,059 - IPTVCollector - INFO -   候选池总数: 608, 观察中: 174, 稳定: 432
2026-08-02 08:10:34,059 - IPTVCollector - INFO -   本次新提升: 0
2026-08-02 08:10:34,059 - IPTVCollector - INFO - 🎉 全部完成！
2026-08-02 13:03:16,526 - IPTVCollector - INFO - 🚀 IPTV 智能整理平台启动
2026-08-02 13:03:16,528 - IPTVCollector - INFO - ✅ 数据库缓存已启用: data/iptv_cache.db
2026-08-02 13:03:16,531 - IPTVCollector - INFO - 📌 CCTV-1 已设为固定源 (auto_optimize=True)
2026-08-02 13:03:16,532 - IPTVCollector - INFO - 📌 CCTV-2 已设为固定源 (auto_optimize=True)
2026-08-02 13:03:16,534 - IPTVCollector - INFO - 📌 CCTV-3 已设为固定源 (auto_optimize=True)
2026-08-02 13:03:16,616 - IPTVCollector - INFO - 📌 CCTV-4 已设为固定源 (auto_optimize=True)
2026-08-02 13:03:16,617 - IPTVCollector - INFO - 📌 CCTV-5 已设为固定源 (auto_optimize=True)
2026-08-02 13:03:16,619 - IPTVCollector - INFO - 📌 CCTV-5+ 已设为固定源 (auto_optimize=True)
2026-08-02 13:03:16,620 - IPTVCollector - INFO - 📌 CCTV-6 已设为固定源 (auto_optimize=True)
2026-08-02 13:03:16,621 - IPTVCollector - INFO - 📌 CCTV-7 已设为固定源 (auto_optimize=True)
2026-08-02 13:03:16,623 - IPTVCollector - INFO - 📌 CCTV-8 已设为固定源 (auto_optimize=True)
2026-08-02 13:03:16,624 - IPTVCollector - INFO - 📌 CCTV-9 已设为固定源 (auto_optimize=True)
2026-08-02 13:03:16,625 - IPTVCollector - INFO - 📌 CCTV-10 已设为固定源 (auto_optimize=True)
2026-08-02 13:03:16,627 - IPTVCollector - INFO - 📌 CCTV-11 已设为固定源 (auto_optimize=True)
2026-08-02 13:03:16,628 - IPTVCollector - INFO - 📌 CCTV-12 已设为固定源 (auto_optimize=True)
2026-08-02 13:03:16,630 - IPTVCollector - INFO - 📌 CCTV-13 已设为固定源 (auto_optimize=True)
2026-08-02 13:03:16,631 - IPTVCollector - INFO - 📌 CCTV-14 已设为固定源 (auto_optimize=True)
2026-08-02 13:03:16,632 - IPTVCollector - INFO - 📌 CCTV-15 已设为固定源 (auto_optimize=True)
2026-08-02 13:03:16,634 - IPTVCollector - INFO - 📌 CCTV-16 已设为固定源 (auto_optimize=True)
2026-08-02 13:03:16,635 - IPTVCollector - INFO - 📌 CCTV-17 已设为固定源 (auto_optimize=True)
2026-08-02 13:03:16,636 - IPTVCollector - INFO - 📌 CCTV4欧洲 已设为固定源 (auto_optimize=True)
2026-08-02 13:03:16,637 - IPTVCollector - INFO - 📌 CCTV4美洲 已设为固定源 (auto_optimize=True)
2026-08-02 13:03:16,637 - IPTVCollector - INFO - 📌 固定源已同步到数据库
2026-08-02 13:03:16,638 - IPTVCollector - INFO - 📋 订阅源解析：普通 11 个，白名单 0 个
2026-08-02 13:03:16,638 - IPTVCollector - INFO - 📋 使用 11 个源
2026-08-02 13:03:47,280 - IPTVCollector - INFO - 📊 测速完成，有效频道: 431 个
2026-08-02 13:03:47,280 - IPTVCollector - INFO - 📊 通过测速的频道数: 431
2026-08-02 13:03:47,358 - IPTVCollector - INFO - 🔍 ffmpeg 深度验证: 0 个需验证，430 个来自缓存/HTTP
2026-08-02 13:03:47,358 - IPTVCollector - INFO - ✅ ffmpeg 验证完成: 通过 430/431 个频道
2026-08-02 13:03:47,359 - IPTVCollector - INFO - 📊 通过ffmpeg验证的频道数: 430
2026-08-02 13:03:47,364 - IPTVCollector - INFO - 📌 已使用 18 个固定源（含自动优化）
2026-08-02 13:03:47,364 - IPTVCollector - INFO - 📊 合并完成: 共 370 个频道
2026-08-02 13:03:47,364 - IPTVCollector - INFO - 📊 合并后的频道数: 370
2026-08-02 13:03:47,384 - IPTVCollector - INFO - 📊 黑名单过滤后: 353
2026-08-02 13:03:47,387 - IPTVCollector - INFO - 📋 从 demo.txt 解析到 3541 个有序频道
2026-08-02 13:03:47,388 - IPTVCollector - INFO - 📋 从 demo.txt 解析到 3541 个有序频道
2026-08-02 13:04:43,970 - IPTVCollector - INFO - 📌 未分类频道追加到 '其他': 浙江经济
2026-08-02 13:04:43,970 - IPTVCollector - INFO - 📌 未分类频道追加到 '其他': 浙江教科影院
2026-08-02 13:04:43,971 - IPTVCollector - INFO - 📌 未分类频道追加到 '其他': 浙江教育
2026-08-02 13:04:43,971 - IPTVCollector - INFO - 📌 未分类频道追加到 '其他': 数码时代
2026-08-02 13:04:43,971 - IPTVCollector - INFO - 📌 未分类频道追加到 '其他': 浙江民生休闲
2026-08-02 13:04:43,971 - IPTVCollector - INFO - 📌 未分类频道追加到 '其他': 浙江教科影视
2026-08-02 13:04:43,971 - IPTVCollector - INFO - 📌 未分类频道追加到 '其他': 韩国电影1
2026-08-02 13:04:43,971 - IPTVCollector - INFO - 🌏 自动追加: 凤凰香港 -> 🌊港·澳·台
2026-08-02 13:04:43,971 - IPTVCollector - INFO - 📌 未分类频道追加到 '其他': 韩国电影2
2026-08-02 13:04:43,971 - IPTVCollector - INFO - 📌 未分类频道追加到 '其他': 浙江钱江频道
2026-08-02 13:04:43,971 - IPTVCollector - INFO - 📌 未分类频道追加到 '其他': 凤凰中文
2026-08-02 13:04:43,971 - IPTVCollector - INFO - 📌 未分类频道追加到 '其他': 凤凰资讯
2026-08-02 13:04:43,971 - IPTVCollector - INFO - 📌 未分类频道追加到 '其他': 浙江生活
2026-08-02 13:04:43,972 - IPTVCollector - INFO - 🌏 自动追加: 武汉一台新闻综合 -> ☘️湖北频道
2026-08-02 13:04:43,972 - IPTVCollector - INFO - 📌 未分类频道追加到 '其他': CHC电影
2026-08-02 13:04:43,972 - IPTVCollector - INFO - 📌 未分类频道追加到 '其他': 辽宁青少
2026-08-02 13:04:43,973 - IPTVCollector - INFO - 📌 未分类频道追加到 '其他': 陕西新闻咨询
2026-08-02 13:04:43,973 - IPTVCollector - INFO - 📌 未分类频道追加到 '其他': 江津新闻
2026-08-02 13:04:43,973 - IPTVCollector - INFO - 📌 未分类频道追加到 '其他': FZTV3
2026-08-02 13:04:43,973 - IPTVCollector - INFO - 📌 未分类频道追加到 '其他': 都市青春
2026-08-02 13:04:43,973 - IPTVCollector - INFO - 🌏 自动追加: 哈尔滨都市咨询 -> ☘️黑龙江频道
2026-08-02 13:04:43,974 - IPTVCollector - INFO - 📌 未分类频道追加到 '其他': 河南电视剧
2026-08-02 13:04:43,974 - IPTVCollector - INFO - 📌 未分类频道追加到 '其他': 无线新闻台
2026-08-02 13:04:43,974 - IPTVCollector - INFO - 📌 未分类频道追加到 '其他': 新闻咨询
2026-08-02 13:04:43,974 - IPTVCollector - INFO - 📌 未分类频道追加到 '其他': 音乐欣赏
2026-08-02 13:04:43,974 - IPTVCollector - INFO - 📌 未分类频道追加到 '其他': 1988年春晚
2026-08-02 13:04:43,974 - IPTVCollector - INFO - 📌 未分类频道追加到 '其他': 1987年春晚
2026-08-02 13:04:43,974 - IPTVCollector - INFO - 📌 未分类频道追加到 '其他': 1989年春晚
2026-08-02 13:04:43,974 - IPTVCollector - INFO - 📌 未分类频道追加到 '其他': CNA
2026-08-02 13:04:43,974 - IPTVCollector - INFO - 📌 未分类频道追加到 '其他': Newsmax
2026-08-02 13:04:43,974 - IPTVCollector - INFO - 📌 未分类频道追加到 '其他': 音乐现场
2026-08-02 13:04:43,974 - IPTVCollector - INFO - 📌 未分类频道追加到 '其他': Beautiful Life TV
2026-08-02 13:04:43,974 - IPTVCollector - INFO - 📌 未分类频道追加到 '其他': 人与自然
2026-08-02 13:04:43,974 - IPTVCollector - INFO - 📌 未分类频道追加到 '其他': 自然传奇
2026-08-02 13:04:43,975 - IPTVCollector - INFO - 📌 未分类频道追加到 '其他': TVB News
2026-08-02 13:04:43,975 - IPTVCollector - INFO - 📌 未分类频道追加到 '其他': Supreme Master TV
2026-08-02 13:04:43,975 - IPTVCollector - INFO - 📌 未分类频道追加到 '其他': 地理中国
2026-08-02 13:04:43,975 - IPTVCollector - INFO - 📌 未分类频道追加到 '其他': Trace Sports
2026-08-02 13:04:43,975 - IPTVCollector - INFO - 📌 未分类频道追加到 '其他': WionNews
2026-08-02 13:04:43,975 - IPTVCollector - INFO - 📌 未分类频道追加到 '其他': Arirang
2026-08-02 13:04:43,975 - IPTVCollector - INFO - 📌 未分类频道追加到 '其他': RT Documentary
2026-08-02 13:04:43,975 - IPTVCollector - INFO - 📌 未分类频道追加到 '其他': 韩国EBS少儿
2026-08-02 13:04:43,975 - IPTVCollector - INFO - 📌 未分类频道追加到 '其他': Good 2
2026-08-02 13:04:43,975 - IPTVCollector - INFO - 📌 未分类频道追加到 '其他': Good
2026-08-02 13:04:43,975 - IPTVCollector - INFO - 📌 未分类频道追加到 '其他': TVB Plus
2026-08-02 13:04:43,975 - IPTVCollector - INFO - 📌 未分类频道追加到 '其他': Wild Earth
2026-08-02 13:04:43,975 - IPTVCollector - INFO - 📌 未分类频道追加到 '其他': Dali TV
2026-08-02 13:04:43,976 - IPTVCollector - INFO - 📌 未分类频道追加到 '其他': 春晚2025
2026-08-02 13:04:43,976 - IPTVCollector - INFO - 📌 未分类频道追加到 '其他': RT Doc-Русский
2026-08-02 13:04:43,976 - IPTVCollector - INFO - 📌 未分类频道追加到 '其他': Pet Club TV
2026-08-02 13:04:43,976 - IPTVCollector - INFO - 📌 未分类频道追加到 '其他': 2024年春晚
2026-08-02 13:04:43,976 - IPTVCollector - INFO - 📌 未分类频道追加到 '其他': 飞碟之谜01
2026-08-02 13:04:43,976 - IPTVCollector - INFO - 📌 未分类频道追加到 '其他': 春晚2024
2026-08-02 13:04:43,976 - IPTVCollector - INFO - 📌 未分类频道追加到 '其他': RT Balkan
2026-08-02 13:04:43,976 - IPTVCollector - INFO - 📌 未分类频道追加到 '其他': 倩女幽魂妖魔道
2026-08-02 13:04:43,976 - IPTVCollector - INFO - 📌 未分类频道追加到 '其他': 倩女幽魂道道道
2026-08-02 13:04:43,976 - IPTVCollector - INFO - 📌 未分类频道追加到 '其他': 倩女幽魂人间道
2026-08-02 13:04:43,976 - IPTVCollector - INFO - 📌 未分类频道追加到 '其他': RT Español
2026-08-02 13:04:43,976 - IPTVCollector - INFO - 📌 未分类频道追加到 '其他': RT DE
2026-08-02 13:04:43,976 - IPTVCollector - INFO - 📌 未分类频道追加到 '其他': RT Français
2026-08-02 13:04:43,977 - IPTVCollector - INFO - 📌 未分类频道追加到 '其他': 环球电视
2026-08-02 13:04:43,977 - IPTVCollector - INFO - 📌 未分类频道追加到 '其他': 象视界
2026-08-02 13:04:43,977 - IPTVCollector - INFO - 📌 未分类频道追加到 '其他': 东南卫视
2026-08-02 13:04:43,977 - IPTVCollector - INFO - 🌏 自动追加: 浙江 Ⅰ 绍兴影视 -> ☘️浙江频道
2026-08-02 13:04:43,977 - IPTVCollector - INFO - 🌏 自动追加: 浙江 Ⅰ 绍兴综合 -> ☘️浙江频道
2026-08-02 13:04:43,977 - IPTVCollector - INFO - 🌏 自动追加: 福州广电视台新闻综合频道 -> ☘️福建频道
2026-08-02 13:04:43,977 - IPTVCollector - INFO - 📌 未分类频道追加到 '其他': Bread TV面包台
2026-08-02 13:04:43,977 - IPTVCollector - INFO - 📌 未分类频道追加到 '其他': ABN China
2026-08-02 13:04:43,977 - IPTVCollector - INFO - 📌 未分类频道追加到 '其他': 第一财经
2026-08-02 13:04:43,977 - IPTVCollector - INFO - 📌 未分类频道追加到 '其他': 东丰
2026-08-02 13:04:43,978 - IPTVCollector - INFO - 📌 未分类频道追加到 '其他': 九台
2026-08-02 13:04:43,978 - IPTVCollector - INFO - 📌 未分类频道追加到 '其他': 耀才财经
2026-08-02 13:04:43,978 - IPTVCollector - INFO - 📌 未分类频道追加到 '其他': 双辽
2026-08-02 13:04:43,978 - IPTVCollector - INFO - 📌 未分类频道追加到 '其他': 柳河
2026-08-02 13:04:43,978 - IPTVCollector - INFO - 📌 未分类频道追加到 '其他': 延边2
2026-08-02 13:04:43,978 - IPTVCollector - INFO - 📌 未分类频道追加到 '其他': 桦甸
2026-08-02 13:04:43,978 - IPTVCollector - INFO - 📌 未分类频道追加到 '其他': 汪清
2026-08-02 13:04:43,978 - IPTVCollector - INFO - 📌 未分类频道追加到 '其他': 磐石
2026-08-02 13:04:43,978 - IPTVCollector - INFO - 📌 未分类频道追加到 '其他': 珲春新闻
2026-08-02 13:04:43,978 - IPTVCollector - INFO - 📌 未分类频道追加到 '其他': 舒兰新闻
2026-08-02 13:04:43,979 - IPTVCollector - INFO - 🌏 自动追加: 通化县 -> ☘️吉林频道
2026-08-02 13:04:43,979 - IPTVCollector - INFO - 📌 未分类频道追加到 '其他': Home Plus
2026-08-02 13:04:43,980 - IPTVCollector - INFO - 🌏 自动追加: 长白山电视台 -> ☘️吉林频道
2026-08-02 13:04:43,980 - IPTVCollector - INFO - 📌 未分类频道追加到 '其他': 辉南新闻
2026-08-02 13:04:43,980 - IPTVCollector - INFO - 📌 未分类频道追加到 '其他': Harbin Comprehensive News Channel
2026-08-02 13:04:43,980 - IPTVCollector - INFO - 📌 未分类频道追加到 '其他': VOA美国之音
2026-08-02 13:04:43,980 - IPTVCollector - INFO - 📌 未分类频道追加到 '其他': Chifeng Comprehensive News Chanel
2026-08-02 13:04:43,980 - IPTVCollector - INFO - 📌 未分类频道追加到 '其他': Nei Monggol TV [Not 24/7]
2026-08-02 13:04:43,980 - IPTVCollector - INFO - 📌 未分类频道追加到 '其他': Xinjiang TV 2
2026-08-02 13:04:43,981 - IPTVCollector - INFO - 📌 未分类频道追加到 '其他': Nei Monggol TV 2 Mongolian Culture Channel [Not 24/7]
2026-08-02 13:04:43,981 - IPTVCollector - INFO - 📌 未分类频道追加到 '其他': Zhejiang TV International
2026-08-02 13:04:43,981 - IPTVCollector - INFO - 📌 未分类频道追加到 '其他': QTV-1
2026-08-02 13:04:43,981 - IPTVCollector - INFO - 🌏 自动追加: 白城新闻综合 [Geo-blocked] -> ☘️吉林频道
2026-08-02 13:04:43,982 - IPTVCollector - INFO - 📌 未分类频道追加到 '其他': Hunan TV
2026-08-02 13:04:43,982 - IPTVCollector - INFO - 📌 未分类频道追加到 '其他': TV BRICS Chinese
2026-08-02 13:04:43,982 - IPTVCollector - INFO - 📌 未分类频道追加到 '其他': Siping TV
2026-08-02 13:04:43,982 - IPTVCollector - INFO - 📌 未分类频道追加到 '其他': Harbin Movie Channel
2026-08-02 13:04:43,982 - IPTVCollector - INFO - 📌 未分类频道追加到 '其他': Xinjiang TV 3
2026-08-02 13:04:43,982 - IPTVCollector - INFO - 📌 未分类频道追加到 '其他': 龙井
2026-08-02 13:04:43,982 - IPTVCollector - INFO - 📌 未分类频道追加到 '其他': Xinjiang TV 8
2026-08-02 13:04:43,982 - IPTVCollector - INFO - 📌 未分类频道追加到 '其他': CGTN Documentary
2026-08-02 13:04:43,982 - IPTVCollector - INFO - 📌 未分类频道追加到 '其他': 大立电视台
2026-08-02 13:04:43,982 - IPTVCollector - INFO - 🌏 自动追加: 绍兴电视台公共 -> ☘️浙江频道
2026-08-02 13:04:43,982 - IPTVCollector - INFO - 📌 未分类频道追加到 '其他': 通海电视台
2026-08-02 13:04:43,982 - IPTVCollector - INFO - 📌 未分类频道追加到 '其他': 兴隆综合
2026-08-02 13:04:43,982 - IPTVCollector - INFO - 📌 未分类频道追加到 '其他': 农安新闻综合 [Geo-blocked]
2026-08-02 13:04:43,983 - IPTVCollector - INFO - 📌 未分类频道追加到 '其他': 前郭综合 [Geo-blocked]
2026-08-02 13:04:43,983 - IPTVCollector - INFO - 🌏 自动追加: 吉林市新闻综合 [Geo-blocked] -> ☘️吉林频道
2026-08-02 13:04:43,984 - IPTVCollector - INFO - 🌏 自动追加: 四平新闻综合 [Geo-blocked] -> ☘️吉林频道
2026-08-02 13:04:43,984 - IPTVCollector - INFO - 📌 未分类频道追加到 '其他': 延边新闻综合 [Geo-blocked]
2026-08-02 13:04:43,984 - IPTVCollector - INFO - 📌 未分类频道追加到 '其他': RT News
2026-08-02 13:04:43,985 - IPTVCollector - INFO - 🌏 自动追加: 松原新闻综合 [Geo-blocked] -> ☘️吉林频道
2026-08-02 13:04:43,985 - IPTVCollector - INFO - 📌 未分类频道追加到 '其他': 江津经济生活
2026-08-02 13:04:43,985 - IPTVCollector - INFO - 📌 未分类频道追加到 '其他': 武进新闻 [Not 24/7]
2026-08-02 13:04:43,985 - IPTVCollector - INFO - 📌 未分类频道追加到 '其他': 武进生活 [Not 24/7]
2026-08-02 13:04:43,985 - IPTVCollector - INFO - 📌 未分类频道追加到 '其他': 龙门飞甲
2026-08-02 13:04:43,985 - IPTVCollector - INFO - 📌 未分类频道追加到 '其他': 辽新闻综合 [Geo-blocked]
2026-08-02 13:04:43,986 - IPTVCollector - INFO - 🌏 自动追加: 白山新闻综合 [Geo-blocked] -> ☘️吉林频道
2026-08-02 13:04:43,987 - IPTVCollector - INFO - 🌏 自动追加: 长春综合 [Geo-blocked] -> ☘️吉林频道
2026-08-02 13:04:43,987 - IPTVCollector - INFO - 📌 未分类频道追加到 '其他': 集安综合 [Geo-blocked]
2026-08-02 13:04:43,987 - IPTVCollector - INFO - 📌 未分类频道追加到 '其他': 伊犁经济法制
2026-08-02 13:04:43,988 - IPTVCollector - INFO - 🌏 自动追加: 通化新闻 [Geo-blocked] -> ☘️吉林频道
2026-08-02 13:04:43,988 - IPTVCollector - INFO - 📌 未分类频道追加到 '其他': CGTN French
2026-08-02 13:04:43,988 - IPTVCollector - INFO - 📌 未分类频道追加到 '其他': 玛纳斯
2026-08-02 13:04:43,988 - IPTVCollector - INFO - 📌 未分类频道追加到 '其他': 玛纳斯综合
2026-08-02 13:04:43,988 - IPTVCollector - INFO - 📌 未分类频道追加到 '其他': 靖江新闻綜合 [Not 24/7]
2026-08-02 13:04:43,988 - IPTVCollector - INFO - 📌 未分类频道追加到 '其他': 浙江钱江都市
2026-08-02 13:04:43,988 - IPTVCollector - INFO - 📌 未分类频道追加到 '其他': Xinjiang TV 1
2026-08-02 13:04:43,988 - IPTVCollector - INFO - 📌 未分类频道追加到 '其他': 荣昌综合 [Not 24/7]
2026-08-02 13:04:43,988 - IPTVCollector - INFO - 📌 未分类频道追加到 '其他': CGTN记录
2026-08-02 13:04:43,989 - IPTVCollector - INFO - 🌏 自动追加: 上海卫视 -> ☘️上海频道
2026-08-02 13:04:43,989 - IPTVCollector - INFO - 🌏 自动追加: 邯郸公共频道 -> ☘️河北频道
2026-08-02 13:04:43,989 - IPTVCollector - INFO - 📌 未分类频道追加到 '其他': 熊猫直
2026-08-02 13:04:43,989 - IPTVCollector - INFO - 🎯 Demo 筛选：原始 353 -> 匹配/分类后 353 个频道
2026-08-02 13:04:43,989 - IPTVCollector - INFO - 📊 Demo筛选后: 353
2026-08-02 13:04:43,990 - IPTVCollector - INFO - ✅ M3U 文件已生成: output/tv.m3u
2026-08-02 13:04:43,990 - IPTVCollector - INFO - ✅ TXT 文件已生成: output/tv.txt
2026-08-02 13:04:43,991 - IPTVCollector - INFO - ✅ 多源 M3U 文件已生成: output/tv_multi.m3u
2026-08-02 13:04:43,992 - IPTVCollector - INFO - ✅ JSON API 已生成: output/channels.json
2026-08-02 13:04:43,993 - IPTVCollector - INFO - ✅ 精简版已生成: output/tv_lite.m3u
2026-08-02 13:04:43,993 - IPTVCollector - INFO - ✅ M3U 文件已生成: output/tv_epg.m3u
2026-08-02 13:04:43,993 - IPTVCollector - INFO - 🚀 IPTV 自治系统启动
2026-08-02 13:04:43,993 - IPTVCollector - INFO - ⏭️ 跳过发现阶段
2026-08-02 13:04:43,993 - IPTVCollector - INFO - ==================================================
阶段2: 从缓存观察候选源
==================================================
2026-08-02 13:04:44,016 - IPTVCollector - INFO -   📊 观察进度: 100/176，稳定 0 个
2026-08-02 13:04:44,024 - IPTVCollector - INFO - ✅ 观察阶段完成: 0 个源达到稳定标准
2026-08-02 13:04:44,025 - IPTVCollector - INFO - ==================================================
阶段3: 提升稳定源
==================================================
2026-08-02 13:04:44,025 - IPTVCollector - INFO - 📭 没有稳定的候选源需要提升
2026-08-02 13:04:44,025 - IPTVCollector - INFO - 📊 自治模式统计:
2026-08-02 13:04:44,025 - IPTVCollector - INFO -   候选池总数: 608, 观察中: 176, 稳定: 430
2026-08-02 13:04:44,025 - IPTVCollector - INFO -   本次新提升: 0
2026-08-02 13:04:44,025 - IPTVCollector - INFO - 🎉 全部完成！
2026-08-02 18:58:02,020 - IPTVCollector - INFO - 🚀 IPTV 智能整理平台启动
2026-08-02 18:58:02,022 - IPTVCollector - INFO - ✅ 数据库缓存已启用: data/iptv_cache.db
2026-08-02 18:58:02,024 - IPTVCollector - INFO - 📌 CCTV-1 已设为固定源 (auto_optimize=True)
2026-08-02 18:58:02,025 - IPTVCollector - INFO - 📌 CCTV-2 已设为固定源 (auto_optimize=True)
2026-08-02 18:58:02,026 - IPTVCollector - INFO - 📌 CCTV-3 已设为固定源 (auto_optimize=True)
2026-08-02 18:58:02,027 - IPTVCollector - INFO - 📌 CCTV-4 已设为固定源 (auto_optimize=True)
2026-08-02 18:58:02,028 - IPTVCollector - INFO - 📌 CCTV-5 已设为固定源 (auto_optimize=True)
2026-08-02 18:58:02,029 - IPTVCollector - INFO - 📌 CCTV-5+ 已设为固定源 (auto_optimize=True)
2026-08-02 18:58:02,030 - IPTVCollector - INFO - 📌 CCTV-6 已设为固定源 (auto_optimize=True)
2026-08-02 18:58:02,031 - IPTVCollector - INFO - 📌 CCTV-7 已设为固定源 (auto_optimize=True)
2026-08-02 18:58:02,032 - IPTVCollector - INFO - 📌 CCTV-8 已设为固定源 (auto_optimize=True)
2026-08-02 18:58:02,033 - IPTVCollector - INFO - 📌 CCTV-9 已设为固定源 (auto_optimize=True)
2026-08-02 18:58:02,034 - IPTVCollector - INFO - 📌 CCTV-10 已设为固定源 (auto_optimize=True)
2026-08-02 18:58:02,035 - IPTVCollector - INFO - 📌 CCTV-11 已设为固定源 (auto_optimize=True)
2026-08-02 18:58:02,036 - IPTVCollector - INFO - 📌 CCTV-12 已设为固定源 (auto_optimize=True)
2026-08-02 18:58:02,038 - IPTVCollector - INFO - 📌 CCTV-13 已设为固定源 (auto_optimize=True)
2026-08-02 18:58:02,039 - IPTVCollector - INFO - 📌 CCTV-14 已设为固定源 (auto_optimize=True)
2026-08-02 18:58:02,040 - IPTVCollector - INFO - 📌 CCTV-15 已设为固定源 (auto_optimize=True)
2026-08-02 18:58:02,041 - IPTVCollector - INFO - 📌 CCTV-16 已设为固定源 (auto_optimize=True)
2026-08-02 18:58:02,042 - IPTVCollector - INFO - 📌 CCTV-17 已设为固定源 (auto_optimize=True)
2026-08-02 18:58:02,043 - IPTVCollector - INFO - 📌 CCTV4欧洲 已设为固定源 (auto_optimize=True)
2026-08-02 18:58:02,044 - IPTVCollector - INFO - 📌 CCTV4美洲 已设为固定源 (auto_optimize=True)
2026-08-02 18:58:02,044 - IPTVCollector - INFO - 📌 固定源已同步到数据库
2026-08-02 18:58:02,045 - IPTVCollector - INFO - 📋 订阅源解析：普通 11 个，白名单 0 个
2026-08-02 18:58:02,045 - IPTVCollector - INFO - 📋 使用 11 个源
2026-08-02 18:58:25,165 - IPTVCollector - INFO - 📊 测速完成，有效频道: 440 个
2026-08-02 18:58:25,165 - IPTVCollector - INFO - 📊 通过测速的频道数: 440
2026-08-02 18:58:25,846 - IPTVCollector - INFO - 🔍 ffmpeg 深度验证: 0 个需验证，440 个来自缓存/HTTP
2026-08-02 18:58:25,846 - IPTVCollector - INFO - ✅ ffmpeg 验证完成: 通过 440/440 个频道
2026-08-02 18:58:25,846 - IPTVCollector - INFO - 📊 通过ffmpeg验证的频道数: 440
2026-08-02 18:58:25,855 - IPTVCollector - INFO - 📌 已使用 18 个固定源（含自动优化）
2026-08-02 18:58:25,855 - IPTVCollector - INFO - 📊 合并完成: 共 378 个频道
2026-08-02 18:58:25,855 - IPTVCollector - INFO - 📊 合并后的频道数: 378
2026-08-02 18:58:25,887 - IPTVCollector - INFO - 📊 黑名单过滤后: 361
2026-08-02 18:58:25,892 - IPTVCollector - INFO - 📋 从 demo.txt 解析到 3541 个有序频道
2026-08-02 18:58:25,894 - IPTVCollector - INFO - 📋 从 demo.txt 解析到 3541 个有序频道
2026-08-02 18:59:55,272 - IPTVCollector - INFO - 📌 未分类频道追加到 '其他': Bread TV面包台
2026-08-02 18:59:55,272 - IPTVCollector - INFO - 📌 未分类频道追加到 '其他': 数码时代
2026-08-02 18:59:55,272 - IPTVCollector - INFO - 📌 未分类频道追加到 '其他': 浙江经济
2026-08-02 18:59:55,273 - IPTVCollector - INFO - 📌 未分类频道追加到 '其他': 浙江教科影院
2026-08-02 18:59:55,273 - IPTVCollector - INFO - 📌 未分类频道追加到 '其他': 浙江钱江频道
2026-08-02 18:59:55,273 - IPTVCollector - INFO - 📌 未分类频道追加到 '其他': 浙江教育
2026-08-02 18:59:55,273 - IPTVCollector - INFO - 📌 未分类频道追加到 '其他': 浙江民生休闲
2026-08-02 18:59:55,273 - IPTVCollector - INFO - 📌 未分类频道追加到 '其他': 浙江教科影视
2026-08-02 18:59:55,273 - IPTVCollector - INFO - 📌 未分类频道追加到 '其他': ABN China
2026-08-02 18:59:55,273 - IPTVCollector - INFO - 📌 未分类频道追加到 '其他': 韩国电影1
2026-08-02 18:59:55,274 - IPTVCollector - INFO - 📌 未分类频道追加到 '其他': 韩国电影2
2026-08-02 18:59:55,274 - IPTVCollector - INFO - 📌 未分类频道追加到 '其他': 浙江生活
2026-08-02 18:59:55,274 - IPTVCollector - INFO - 📌 未分类频道追加到 '其他': 凤凰中文
2026-08-02 18:59:55,274 - IPTVCollector - INFO - 📌 未分类频道追加到 '其他': 凤凰资讯
2026-08-02 18:59:55,274 - IPTVCollector - INFO - 🌏 自动追加: 凤凰香港 -> 🌊港·澳·台
2026-08-02 18:59:55,274 - IPTVCollector - INFO - 📌 未分类频道追加到 '其他': CHC电影
2026-08-02 18:59:55,275 - IPTVCollector - INFO - 🌏 自动追加: 武汉一台新闻综合 -> ☘️湖北频道
2026-08-02 18:59:55,277 - IPTVCollector - INFO - 🌏 自动追加: 长沙新闻综合 -> ☘️湖南频道
2026-08-02 18:59:55,277 - IPTVCollector - INFO - 📌 未分类频道追加到 '其他': 都市青春
2026-08-02 18:59:55,277 - IPTVCollector - INFO - 📌 未分类频道追加到 '其他': 辽宁青少
2026-08-02 18:59:55,277 - IPTVCollector - INFO - 📌 未分类频道追加到 '其他': 江津新闻
2026-08-02 18:59:55,277 - IPTVCollector - INFO - 📌 未分类频道追加到 '其他': 陕西新闻咨询
2026-08-02 18:59:55,278 - IPTVCollector - INFO - 📌 未分类频道追加到 '其他': 河南电视剧
2026-08-02 18:59:55,278 - IPTVCollector - INFO - 📌 未分类频道追加到 '其他': FZTV3
2026-08-02 18:59:55,278 - IPTVCollector - INFO - 📌 未分类频道追加到 '其他': Home Plus
2026-08-02 18:59:55,279 - IPTVCollector - INFO - 🌏 自动追加: 哈尔滨都市咨询 -> ☘️黑龙江频道
2026-08-02 18:59:55,279 - IPTVCollector - INFO - 📌 未分类频道追加到 '其他': VOA美国之音
2026-08-02 18:59:55,279 - IPTVCollector - INFO - 📌 未分类频道追加到 '其他': Hunan TV
2026-08-02 18:59:55,279 - IPTVCollector - INFO - 📌 未分类频道追加到 '其他': Xinjiang TV 2
2026-08-02 18:59:55,279 - IPTVCollector - INFO - 📌 未分类频道追加到 '其他': Harbin Movie Channel
2026-08-02 18:59:55,280 - IPTVCollector - INFO - 📌 未分类频道追加到 '其他': Nei Monggol TV [Not 24/7]
2026-08-02 18:59:55,280 - IPTVCollector - INFO - 📌 未分类频道追加到 '其他': Harbin Comprehensive News Channel
2026-08-02 18:59:55,280 - IPTVCollector - INFO - 📌 未分类频道追加到 '其他': 无线新闻台
2026-08-02 18:59:55,280 - IPTVCollector - INFO - 📌 未分类频道追加到 '其他': Chifeng Comprehensive News Chanel
2026-08-02 18:59:55,280 - IPTVCollector - INFO - 📌 未分类频道追加到 '其他': Nei Monggol TV 2 Mongolian Culture Channel [Not 24/7]
2026-08-02 18:59:55,280 - IPTVCollector - INFO - 📌 未分类频道追加到 '其他': Zhejiang TV International
2026-08-02 18:59:55,280 - IPTVCollector - INFO - 📌 未分类频道追加到 '其他': Siping TV
2026-08-02 18:59:55,280 - IPTVCollector - INFO - 📌 未分类频道追加到 '其他': Xinjiang TV 3
2026-08-02 18:59:55,281 - IPTVCollector - INFO - 📌 未分类频道追加到 '其他': Xinjiang TV 8
2026-08-02 18:59:55,281 - IPTVCollector - INFO - 📌 未分类频道追加到 '其他': QTV-1
2026-08-02 18:59:55,281 - IPTVCollector - INFO - 📌 未分类频道追加到 '其他': TV BRICS Chinese
2026-08-02 18:59:55,281 - IPTVCollector - INFO - 📌 未分类频道追加到 '其他': 音乐欣赏
2026-08-02 18:59:55,281 - IPTVCollector - INFO - 📌 未分类频道追加到 '其他': 新闻咨询
2026-08-02 18:59:55,282 - IPTVCollector - INFO - 🌏 自动追加: 白城新闻综合 [Geo-blocked] -> ☘️吉林频道
2026-08-02 18:59:55,282 - IPTVCollector - INFO - 📌 未分类频道追加到 '其他': 韩国EBS少儿
2026-08-02 18:59:55,283 - IPTVCollector - INFO - 📌 未分类频道追加到 '其他': 飞碟之谜01
2026-08-02 18:59:55,283 - IPTVCollector - INFO - 📌 未分类频道追加到 '其他': 自然传奇
2026-08-02 18:59:55,283 - IPTVCollector - INFO - 📌 未分类频道追加到 '其他': 音乐现场
2026-08-02 18:59:55,283 - IPTVCollector - INFO - 📌 未分类频道追加到 '其他': 前郭综合 [Geo-blocked]
2026-08-02 18:59:55,283 - IPTVCollector - INFO - 📌 未分类频道追加到 '其他': 地理中国
2026-08-02 18:59:55,283 - IPTVCollector - INFO - 📌 未分类频道追加到 '其他': 人与自然
2026-08-02 18:59:55,283 - IPTVCollector - INFO - 📌 未分类频道追加到 '其他': 农安新闻综合 [Geo-blocked]
2026-08-02 18:59:55,283 - IPTVCollector - INFO - 📌 未分类频道追加到 '其他': 1989年春晚
2026-08-02 18:59:55,284 - IPTVCollector - INFO - 📌 未分类频道追加到 '其他': 1988年春晚
2026-08-02 18:59:55,284 - IPTVCollector - INFO - 📌 未分类频道追加到 '其他': 1987年春晚
2026-08-02 18:59:55,285 - IPTVCollector - INFO - 🌏 自动追加: 吉林市新闻综合 [Geo-blocked] -> ☘️吉林频道
2026-08-02 18:59:55,286 - IPTVCollector - INFO - 🌏 自动追加: 松原新闻综合 [Geo-blocked] -> ☘️吉林频道
2026-08-02 18:59:55,286 - IPTVCollector - INFO - 📌 未分类频道追加到 '其他': 兴隆综合
2026-08-02 18:59:55,287 - IPTVCollector - INFO - 📌 未分类频道追加到 '其他': CNA
2026-08-02 18:59:55,287 - IPTVCollector - INFO - 📌 未分类频道追加到 '其他': Beautiful Life TV
2026-08-02 18:59:55,287 - IPTVCollector - INFO - 📌 未分类频道追加到 '其他': Newsmax
2026-08-02 18:59:55,287 - IPTVCollector - INFO - 📌 未分类频道追加到 '其他': RT Documentary
2026-08-02 18:59:55,287 - IPTVCollector - INFO - 📌 未分类频道追加到 '其他': RT Doc-Русский
2026-08-02 18:59:55,287 - IPTVCollector - INFO - 📌 未分类频道追加到 '其他': 延边新闻综合 [Geo-blocked]
2026-08-02 18:59:55,287 - IPTVCollector - INFO - 📌 未分类频道追加到 '其他': Arirang
2026-08-02 18:59:55,289 - IPTVCollector - INFO - 🌏 自动追加: 四平新闻综合 [Geo-blocked] -> ☘️吉林频道
2026-08-02 18:59:55,289 - IPTVCollector - INFO - 📌 未分类频道追加到 '其他': Dali TV
2026-08-02 18:59:55,289 - IPTVCollector - INFO - 🌏 自动追加: 浙江 Ⅰ 绍兴影视 -> ☘️浙江频道
2026-08-02 18:59:55,289 - IPTVCollector - INFO - 📌 未分类频道追加到 '其他': Good
2026-08-02 18:59:55,289 - IPTVCollector - INFO - 📌 未分类频道追加到 '其他': Supreme Master TV
2026-08-02 18:59:55,289 - IPTVCollector - INFO - 📌 未分类频道追加到 '其他': 2024年春晚
2026-08-02 18:59:55,289 - IPTVCollector - INFO - 📌 未分类频道追加到 '其他': Good 2
2026-08-02 18:59:55,290 - IPTVCollector - INFO - 📌 未分类频道追加到 '其他': TVB News
2026-08-02 18:59:55,290 - IPTVCollector - INFO - 🌏 自动追加: 浙江 Ⅰ 绍兴综合 -> ☘️浙江频道
2026-08-02 18:59:55,290 - IPTVCollector - INFO - 📌 未分类频道追加到 '其他': Trace Sports
2026-08-02 18:59:55,290 - IPTVCollector - INFO - 📌 未分类频道追加到 '其他': 武进生活 [Not 24/7]
2026-08-02 18:59:55,290 - IPTVCollector - INFO - 📌 未分类频道追加到 '其他': 江津经济生活
2026-08-02 18:59:55,290 - IPTVCollector - INFO - 📌 未分类频道追加到 '其他': 武进新闻 [Not 24/7]
2026-08-02 18:59:55,290 - IPTVCollector - INFO - 📌 未分类频道追加到 '其他': Wild Earth
2026-08-02 18:59:55,290 - IPTVCollector - INFO - 📌 未分类频道追加到 '其他': WionNews
2026-08-02 18:59:55,292 - IPTVCollector - INFO - 🌏 自动追加: 白山新闻综合 [Geo-blocked] -> ☘️吉林频道
2026-08-02 18:59:55,292 - IPTVCollector - INFO - 📌 未分类频道追加到 '其他': 辽新闻综合 [Geo-blocked]
2026-08-02 18:59:55,293 - IPTVCollector - INFO - 🌏 自动追加: 通化新闻 [Geo-blocked] -> ☘️吉林频道
2026-08-02 18:59:55,293 - IPTVCollector - INFO - 📌 未分类频道追加到 '其他': 春晚2025
2026-08-02 18:59:55,293 - IPTVCollector - INFO - 📌 未分类频道追加到 '其他': Pet Club TV
2026-08-02 18:59:55,295 - IPTVCollector - INFO - 🌏 自动追加: 长春综合 [Geo-blocked] -> ☘️吉林频道
2026-08-02 18:59:55,295 - IPTVCollector - INFO - 📌 未分类频道追加到 '其他': 集安综合 [Geo-blocked]
2026-08-02 18:59:55,295 - IPTVCollector - INFO - 📌 未分类频道追加到 '其他': CGTN French
2026-08-02 18:59:55,295 - IPTVCollector - INFO - 📌 未分类频道追加到 '其他': RT Balkan
2026-08-02 18:59:55,295 - IPTVCollector - INFO - 📌 未分类频道追加到 '其他': 春晚2024
2026-08-02 18:59:55,295 - IPTVCollector - INFO - 🌏 自动追加: 福州广电视台新闻综合频道 -> ☘️福建频道
2026-08-02 18:59:55,296 - IPTVCollector - INFO - 📌 未分类频道追加到 '其他': 倩女幽魂道道道
2026-08-02 18:59:55,296 - IPTVCollector - INFO - 📌 未分类频道追加到 '其他': 倩女幽魂妖魔道
2026-08-02 18:59:55,296 - IPTVCollector - INFO - 📌 未分类频道追加到 '其他': 荣昌综合 [Not 24/7]
2026-08-02 18:59:55,296 - IPTVCollector - INFO - 📌 未分类频道追加到 '其他': 倩女幽魂人间道
2026-08-02 18:59:55,296 - IPTVCollector - INFO - 📌 未分类频道追加到 '其他': 环球电视
2026-08-02 18:59:55,296 - IPTVCollector - INFO - 📌 未分类频道追加到 '其他': RT Español
2026-08-02 18:59:55,296 - IPTVCollector - INFO - 📌 未分类频道追加到 '其他': 靖江新闻綜合 [Not 24/7]
2026-08-02 18:59:55,296 - IPTVCollector - INFO - 📌 未分类频道追加到 '其他': RT DE
2026-08-02 18:59:55,297 - IPTVCollector - INFO - 📌 未分类频道追加到 '其他': CGTN-Documentary
2026-08-02 18:59:55,297 - IPTVCollector - INFO - 📌 未分类频道追加到 '其他': TVB Plus
2026-08-02 18:59:55,297 - IPTVCollector - INFO - 📌 未分类频道追加到 '其他': RT Français
2026-08-02 18:59:55,297 - IPTVCollector - INFO - 📌 未分类频道追加到 '其他': Xinjiang TV 1
2026-08-02 18:59:55,297 - IPTVCollector - INFO - 📌 未分类频道追加到 '其他': 象视界
2026-08-02 18:59:55,297 - IPTVCollector - INFO - 🌏 自动追加: 上海卫视 -> ☘️上海频道
2026-08-02 18:59:55,297 - IPTVCollector - INFO - 📌 未分类频道追加到 '其他': 东南卫视
2026-08-02 18:59:55,297 - IPTVCollector - INFO - 📌 未分类频道追加到 '其他': CGTN记录
2026-08-02 18:59:55,298 - IPTVCollector - INFO - 📌 未分类频道追加到 '其他': 熊猫直
2026-08-02 18:59:55,298 - IPTVCollector - INFO - 📌 未分类频道追加到 '其他': 第一财经
2026-08-02 18:59:55,298 - IPTVCollector - INFO - 📌 未分类频道追加到 '其他': 九台
2026-08-02 18:59:55,298 - IPTVCollector - INFO - 📌 未分类频道追加到 '其他': 东丰
2026-08-02 18:59:55,298 - IPTVCollector - INFO - 📌 未分类频道追加到 '其他': 双辽
2026-08-02 18:59:55,298 - IPTVCollector - INFO - 📌 未分类频道追加到 '其他': 柳河
2026-08-02 18:59:55,298 - IPTVCollector - INFO - 📌 未分类频道追加到 '其他': 延边2
2026-08-02 18:59:55,298 - IPTVCollector - INFO - 📌 未分类频道追加到 '其他': 汪清
2026-08-02 18:59:55,298 - IPTVCollector - INFO - 📌 未分类频道追加到 '其他': 桦甸
2026-08-02 18:59:55,299 - IPTVCollector - INFO - 📌 未分类频道追加到 '其他': 耀才财经
2026-08-02 18:59:55,299 - IPTVCollector - INFO - 📌 未分类频道追加到 '其他': 舒兰新闻
2026-08-02 18:59:55,299 - IPTVCollector - INFO - 📌 未分类频道追加到 '其他': 珲春新闻
2026-08-02 18:59:55,299 - IPTVCollector - INFO - 📌 未分类频道追加到 '其他': 磐石
2026-08-02 18:59:55,299 - IPTVCollector - INFO - 📌 未分类频道追加到 '其他': 辉南新闻
2026-08-02 18:59:55,300 - IPTVCollector - INFO - 🌏 自动追加: 通化县 -> ☘️吉林频道
2026-08-02 18:59:55,300 - IPTVCollector - INFO - 📌 未分类频道追加到 '其他': 龙井
2026-08-02 18:59:55,302 - IPTVCollector - INFO - 🌏 自动追加: 长白山电视台 -> ☘️吉林频道
2026-08-02 18:59:55,302 - IPTVCollector - INFO - 📌 未分类频道追加到 '其他': 大立电视台
2026-08-02 18:59:55,302 - IPTVCollector - INFO - 🌏 自动追加: 绍兴电视台公共 -> ☘️浙江频道
2026-08-02 18:59:55,302 - IPTVCollector - INFO - 📌 未分类频道追加到 '其他': 通海电视台
2026-08-02 18:59:55,302 - IPTVCollector - INFO - 📌 未分类频道追加到 '其他': 龙门飞甲
2026-08-02 18:59:55,302 - IPTVCollector - INFO - 📌 未分类频道追加到 '其他': RT News
2026-08-02 18:59:55,303 - IPTVCollector - INFO - 📌 未分类频道追加到 '其他': 伊犁经济法制
2026-08-02 18:59:55,303 - IPTVCollector - INFO - 📌 未分类频道追加到 '其他': 玛纳斯综合
2026-08-02 18:59:55,303 - IPTVCollector - INFO - 📌 未分类频道追加到 '其他': 玛纳斯
2026-08-02 18:59:55,303 - IPTVCollector - INFO - 📌 未分类频道追加到 '其他': 奎屯汉语
2026-08-02 18:59:55,303 - IPTVCollector - INFO - 📌 未分类频道追加到 '其他': 浙江钱江都市
2026-08-02 18:59:55,304 - IPTVCollector - INFO - 🌏 自动追加: 邯郸公共频道 -> ☘️河北频道
2026-08-02 18:59:55,304 - IPTVCollector - INFO - 📌 未分类频道追加到 '其他': 梨园
2026-08-02 18:59:55,304 - IPTVCollector - INFO - 🎯 Demo 筛选：原始 361 -> 匹配/分类后 361 个频道
2026-08-02 18:59:55,304 - IPTVCollector - INFO - 📊 Demo筛选后: 361
2026-08-02 18:59:55,305 - IPTVCollector - INFO - ✅ M3U 文件已生成: output/tv.m3u
2026-08-02 18:59:55,306 - IPTVCollector - INFO - ✅ TXT 文件已生成: output/tv.txt
2026-08-02 18:59:55,306 - IPTVCollector - INFO - ✅ 多源 M3U 文件已生成: output/tv_multi.m3u
2026-08-02 18:59:55,309 - IPTVCollector - INFO - ✅ JSON API 已生成: output/channels.json
2026-08-02 18:59:55,309 - IPTVCollector - INFO - ✅ 精简版已生成: output/tv_lite.m3u
2026-08-02 18:59:55,309 - IPTVCollector - INFO - ✅ M3U 文件已生成: output/tv_epg.m3u
2026-08-02 18:59:55,310 - IPTVCollector - INFO - 🚀 IPTV 自治系统启动
2026-08-02 18:59:55,310 - IPTVCollector - INFO - ⏭️ 跳过发现阶段
2026-08-02 18:59:55,310 - IPTVCollector - INFO - ==================================================
阶段2: 从缓存观察候选源
==================================================
2026-08-02 18:59:55,336 - IPTVCollector - INFO -   📊 观察进度: 100/176，稳定 0 个
2026-08-02 18:59:55,348 - IPTVCollector - INFO - ✅ 观察阶段完成: 0 个源达到稳定标准
2026-08-02 18:59:55,349 - IPTVCollector - INFO - ==================================================
阶段3: 提升稳定源
==================================================
2026-08-02 18:59:55,349 - IPTVCollector - INFO - 📭 没有稳定的候选源需要提升
2026-08-02 18:59:55,349 - IPTVCollector - INFO - 📊 自治模式统计:
2026-08-02 18:59:55,349 - IPTVCollector - INFO -   候选池总数: 608, 观察中: 176, 稳定: 430
2026-08-02 18:59:55,349 - IPTVCollector - INFO -   本次新提升: 0
2026-08-02 18:59:55,349 - IPTVCollector - INFO - 🎉 全部完成！
2026-08-03 02:00:03,393 - IPTVCollector - INFO - 🚀 IPTV 智能整理平台启动
2026-08-03 02:00:03,395 - IPTVCollector - INFO - ✅ 数据库缓存已启用: data/iptv_cache.db
2026-08-03 02:00:03,397 - IPTVCollector - INFO - 📌 CCTV-1 已设为固定源 (auto_optimize=True)
2026-08-03 02:00:03,399 - IPTVCollector - INFO - 📌 CCTV-2 已设为固定源 (auto_optimize=True)
2026-08-03 02:00:03,400 - IPTVCollector - INFO - 📌 CCTV-3 已设为固定源 (auto_optimize=True)
2026-08-03 02:00:03,401 - IPTVCollector - INFO - 📌 CCTV-4 已设为固定源 (auto_optimize=True)
2026-08-03 02:00:03,402 - IPTVCollector - INFO - 📌 CCTV-5 已设为固定源 (auto_optimize=True)
2026-08-03 02:00:03,402 - IPTVCollector - INFO - 📌 CCTV-5+ 已设为固定源 (auto_optimize=True)
2026-08-03 02:00:03,403 - IPTVCollector - INFO - 📌 CCTV-6 已设为固定源 (auto_optimize=True)
2026-08-03 02:00:03,404 - IPTVCollector - INFO - 📌 CCTV-7 已设为固定源 (auto_optimize=True)
2026-08-03 02:00:03,405 - IPTVCollector - INFO - 📌 CCTV-8 已设为固定源 (auto_optimize=True)
2026-08-03 02:00:03,406 - IPTVCollector - INFO - 📌 CCTV-9 已设为固定源 (auto_optimize=True)
2026-08-03 02:00:03,407 - IPTVCollector - INFO - 📌 CCTV-10 已设为固定源 (auto_optimize=True)
2026-08-03 02:00:03,408 - IPTVCollector - INFO - 📌 CCTV-11 已设为固定源 (auto_optimize=True)
2026-08-03 02:00:03,409 - IPTVCollector - INFO - 📌 CCTV-12 已设为固定源 (auto_optimize=True)
2026-08-03 02:00:03,410 - IPTVCollector - INFO - 📌 CCTV-13 已设为固定源 (auto_optimize=True)
2026-08-03 02:00:03,410 - IPTVCollector - INFO - 📌 CCTV-14 已设为固定源 (auto_optimize=True)
2026-08-03 02:00:03,411 - IPTVCollector - INFO - 📌 CCTV-15 已设为固定源 (auto_optimize=True)
2026-08-03 02:00:03,412 - IPTVCollector - INFO - 📌 CCTV-16 已设为固定源 (auto_optimize=True)
2026-08-03 02:00:03,413 - IPTVCollector - INFO - 📌 CCTV-17 已设为固定源 (auto_optimize=True)
2026-08-03 02:00:03,414 - IPTVCollector - INFO - 📌 CCTV4欧洲 已设为固定源 (auto_optimize=True)
2026-08-03 02:00:03,415 - IPTVCollector - INFO - 📌 CCTV4美洲 已设为固定源 (auto_optimize=True)
2026-08-03 02:00:03,415 - IPTVCollector - INFO - 📌 固定源已同步到数据库
2026-08-03 02:00:03,416 - IPTVCollector - INFO - 📋 订阅源解析：普通 11 个，白名单 0 个
2026-08-03 02:00:03,416 - IPTVCollector - INFO - 📋 使用 11 个源
2026-08-03 02:00:28,771 - IPTVCollector - INFO - 📊 测速完成，有效频道: 434 个
2026-08-03 02:00:28,771 - IPTVCollector - INFO - 📊 通过测速的频道数: 434
2026-08-03 02:00:29,071 - IPTVCollector - INFO - 🔍 ffmpeg 深度验证: 0 个需验证，433 个来自缓存/HTTP
2026-08-03 02:00:29,071 - IPTVCollector - INFO - ✅ ffmpeg 验证完成: 通过 433/434 个频道
2026-08-03 02:00:29,071 - IPTVCollector - INFO - 📊 通过ffmpeg验证的频道数: 433
2026-08-03 02:00:29,079 - IPTVCollector - INFO - 📌 已使用 18 个固定源（含自动优化）
2026-08-03 02:00:29,079 - IPTVCollector - INFO - 📊 合并完成: 共 373 个频道
2026-08-03 02:00:29,079 - IPTVCollector - INFO - 📊 合并后的频道数: 373
2026-08-03 02:00:29,111 - IPTVCollector - INFO - 📊 黑名单过滤后: 357
2026-08-03 02:00:29,115 - IPTVCollector - INFO - 📋 从 demo.txt 解析到 3541 个有序频道
2026-08-03 02:00:29,117 - IPTVCollector - INFO - 📋 从 demo.txt 解析到 3541 个有序频道
2026-08-03 02:01:57,397 - IPTVCollector - INFO - 📌 未分类频道追加到 '其他': 浙江教科影院
2026-08-03 02:01:57,397 - IPTVCollector - INFO - 📌 未分类频道追加到 '其他': 浙江经济
2026-08-03 02:01:57,397 - IPTVCollector - INFO - 📌 未分类频道追加到 '其他': 数码时代
2026-08-03 02:01:57,397 - IPTVCollector - INFO - 📌 未分类频道追加到 '其他': 浙江钱江频道
2026-08-03 02:01:57,397 - IPTVCollector - INFO - 📌 未分类频道追加到 '其他': 浙江教育
2026-08-03 02:01:57,398 - IPTVCollector - INFO - 📌 未分类频道追加到 '其他': 浙江教科影视
2026-08-03 02:01:57,398 - IPTVCollector - INFO - 📌 未分类频道追加到 '其他': 韩国电影1
2026-08-03 02:01:57,398 - IPTVCollector - INFO - 📌 未分类频道追加到 '其他': 浙江民生休闲
2026-08-03 02:01:57,398 - IPTVCollector - INFO - 📌 未分类频道追加到 '其他': 韩国电影2
2026-08-03 02:01:57,398 - IPTVCollector - INFO - 📌 未分类频道追加到 '其他': CHC电影
2026-08-03 02:01:57,400 - IPTVCollector - INFO - 🌏 自动追加: 武汉一台新闻综合 -> ☘️湖北频道
2026-08-03 02:01:57,400 - IPTVCollector - INFO - 🌏 自动追加: 凤凰香港 -> 🌊港·澳·台
2026-08-03 02:01:57,400 - IPTVCollector - INFO - 📌 未分类频道追加到 '其他': 凤凰资讯
2026-08-03 02:01:57,400 - IPTVCollector - INFO - 📌 未分类频道追加到 '其他': 凤凰中文
2026-08-03 02:01:57,400 - IPTVCollector - INFO - 📌 未分类频道追加到 '其他': 辽宁青少
2026-08-03 02:01:57,400 - IPTVCollector - INFO - 📌 未分类频道追加到 '其他': 都市青春
2026-08-03 02:01:57,401 - IPTVCollector - INFO - 📌 未分类频道追加到 '其他': 陕西新闻咨询
2026-08-03 02:01:57,401 - IPTVCollector - INFO - 📌 未分类频道追加到 '其他': FZTV3
2026-08-03 02:01:57,402 - IPTVCollector - INFO - 🌏 自动追加: 长沙新闻综合 -> ☘️湖南频道
2026-08-03 02:01:57,402 - IPTVCollector - INFO - 📌 未分类频道追加到 '其他': 江津新闻
2026-08-03 02:01:57,403 - IPTVCollector - INFO - 📌 未分类频道追加到 '其他': 无线新闻台
2026-08-03 02:01:57,403 - IPTVCollector - INFO - 📌 未分类频道追加到 '其他': 河南电视剧
2026-08-03 02:01:57,404 - IPTVCollector - INFO - 🌏 自动追加: 哈尔滨都市咨询 -> ☘️黑龙江频道
2026-08-03 02:01:57,404 - IPTVCollector - INFO - 📌 未分类频道追加到 '其他': 新闻咨询
2026-08-03 02:01:57,404 - IPTVCollector - INFO - 📌 未分类频道追加到 '其他': 音乐欣赏
2026-08-03 02:01:57,404 - IPTVCollector - INFO - 📌 未分类频道追加到 '其他': 1987年春晚
2026-08-03 02:01:57,404 - IPTVCollector - INFO - 📌 未分类频道追加到 '其他': 1989年春晚
2026-08-03 02:01:57,404 - IPTVCollector - INFO - 📌 未分类频道追加到 '其他': 1988年春晚
2026-08-03 02:01:57,405 - IPTVCollector - INFO - 📌 未分类频道追加到 '其他': CNA
2026-08-03 02:01:57,405 - IPTVCollector - INFO - 📌 未分类频道追加到 '其他': Newsmax
2026-08-03 02:01:57,405 - IPTVCollector - INFO - 📌 未分类频道追加到 '其他': 音乐现场
2026-08-03 02:01:57,405 - IPTVCollector - INFO - 📌 未分类频道追加到 '其他': Beautiful Life TV
2026-08-03 02:01:57,405 - IPTVCollector - INFO - 📌 未分类频道追加到 '其他': 地理中国
2026-08-03 02:01:57,405 - IPTVCollector - INFO - 📌 未分类频道追加到 '其他': 飞碟之谜01
2026-08-03 02:01:57,405 - IPTVCollector - INFO - 📌 未分类频道追加到 '其他': 自然传奇
2026-08-03 02:01:57,405 - IPTVCollector - INFO - 📌 未分类频道追加到 '其他': Dali TV
2026-08-03 02:01:57,405 - IPTVCollector - INFO - 📌 未分类频道追加到 '其他': 人与自然
2026-08-03 02:01:57,405 - IPTVCollector - INFO - 📌 未分类频道追加到 '其他': TVB News
2026-08-03 02:01:57,406 - IPTVCollector - INFO - 📌 未分类频道追加到 '其他': Supreme Master TV
2026-08-03 02:01:57,406 - IPTVCollector - INFO - 📌 未分类频道追加到 '其他': Trace Sports
2026-08-03 02:01:57,406 - IPTVCollector - INFO - 📌 未分类频道追加到 '其他': RT Doc-Русский
2026-08-03 02:01:57,406 - IPTVCollector - INFO - 📌 未分类频道追加到 '其他': RT Documentary
2026-08-03 02:01:57,406 - IPTVCollector - INFO - 📌 未分类频道追加到 '其他': Arirang
2026-08-03 02:01:57,406 - IPTVCollector - INFO - 📌 未分类频道追加到 '其他': 韩国EBS少儿
2026-08-03 02:01:57,406 - IPTVCollector - INFO - 📌 未分类频道追加到 '其他': TVB Plus
2026-08-03 02:01:57,407 - IPTVCollector - INFO - 📌 未分类频道追加到 '其他': Wild Earth
2026-08-03 02:01:57,407 - IPTVCollector - INFO - 📌 未分类频道追加到 '其他': Good 2
2026-08-03 02:01:57,407 - IPTVCollector - INFO - 📌 未分类频道追加到 '其他': Good
2026-08-03 02:01:57,407 - IPTVCollector - INFO - 📌 未分类频道追加到 '其他': 春晚2025
2026-08-03 02:01:57,407 - IPTVCollector - INFO - 📌 未分类频道追加到 '其他': WionNews
2026-08-03 02:01:57,407 - IPTVCollector - INFO - 📌 未分类频道追加到 '其他': Pet Club TV
2026-08-03 02:01:57,407 - IPTVCollector - INFO - 📌 未分类频道追加到 '其他': 环球电视
2026-08-03 02:01:57,407 - IPTVCollector - INFO - 📌 未分类频道追加到 '其他': RT Español
2026-08-03 02:01:57,408 - IPTVCollector - INFO - 📌 未分类频道追加到 '其他': RT DE
2026-08-03 02:01:57,408 - IPTVCollector - INFO - 📌 未分类频道追加到 '其他': 2024年春晚
2026-08-03 02:01:57,408 - IPTVCollector - INFO - 📌 未分类频道追加到 '其他': 倩女幽魂人间道
2026-08-03 02:01:57,408 - IPTVCollector - INFO - 📌 未分类频道追加到 '其他': 倩女幽魂道道道
2026-08-03 02:01:57,408 - IPTVCollector - INFO - 📌 未分类频道追加到 '其他': 倩女幽魂妖魔道
2026-08-03 02:01:57,408 - IPTVCollector - INFO - 📌 未分类频道追加到 '其他': RT Français
2026-08-03 02:01:57,408 - IPTVCollector - INFO - 📌 未分类频道追加到 '其他': RT Balkan
2026-08-03 02:01:57,408 - IPTVCollector - INFO - 📌 未分类频道追加到 '其他': 春晚2024
2026-08-03 02:01:57,409 - IPTVCollector - INFO - 📌 未分类频道追加到 '其他': 象视界
2026-08-03 02:01:57,409 - IPTVCollector - INFO - 🌏 自动追加: 福州广电视台新闻综合频道 -> ☘️福建频道
2026-08-03 02:01:57,409 - IPTVCollector - INFO - 🌏 自动追加: 浙江 Ⅰ 绍兴综合 -> ☘️浙江频道
2026-08-03 02:01:57,409 - IPTVCollector - INFO - 🌏 自动追加: 浙江 Ⅰ 绍兴影视 -> ☘️浙江频道
2026-08-03 02:01:57,409 - IPTVCollector - INFO - 📌 未分类频道追加到 '其他': Bread TV面包台
2026-08-03 02:01:57,410 - IPTVCollector - INFO - 📌 未分类频道追加到 '其他': ABN China
2026-08-03 02:01:57,410 - IPTVCollector - INFO - 📌 未分类频道追加到 '其他': 第一财经
2026-08-03 02:01:57,410 - IPTVCollector - INFO - 📌 未分类频道追加到 '其他': 东丰
2026-08-03 02:01:57,410 - IPTVCollector - INFO - 📌 未分类频道追加到 '其他': 九台
2026-08-03 02:01:57,410 - IPTVCollector - INFO - 📌 未分类频道追加到 '其他': 耀才财经
2026-08-03 02:01:57,410 - IPTVCollector - INFO - 📌 未分类频道追加到 '其他': 双辽
2026-08-03 02:01:57,410 - IPTVCollector - INFO - 📌 未分类频道追加到 '其他': 柳河
2026-08-03 02:01:57,410 - IPTVCollector - INFO - 📌 未分类频道追加到 '其他': 延边2
2026-08-03 02:01:57,411 - IPTVCollector - INFO - 📌 未分类频道追加到 '其他': 桦甸
2026-08-03 02:01:57,411 - IPTVCollector - INFO - 📌 未分类频道追加到 '其他': 汪清
2026-08-03 02:01:57,411 - IPTVCollector - INFO - 📌 未分类频道追加到 '其他': 珲春新闻
2026-08-03 02:01:57,411 - IPTVCollector - INFO - 📌 未分类频道追加到 '其他': 磐石
2026-08-03 02:01:57,411 - IPTVCollector - INFO - 📌 未分类频道追加到 '其他': 辉南新闻
2026-08-03 02:01:57,411 - IPTVCollector - INFO - 📌 未分类频道追加到 '其他': 舒兰新闻
2026-08-03 02:01:57,411 - IPTVCollector - INFO - 📌 未分类频道追加到 '其他': Home Plus
2026-08-03 02:01:57,413 - IPTVCollector - INFO - 🌏 自动追加: 通化县 -> ☘️吉林频道
2026-08-03 02:01:57,413 - IPTVCollector - INFO - 📌 未分类频道追加到 '其他': 龙井
2026-08-03 02:01:57,413 - IPTVCollector - INFO - 📌 未分类频道追加到 '其他': VOA美国之音
2026-08-03 02:01:57,413 - IPTVCollector - INFO - 📌 未分类频道追加到 '其他': Harbin Comprehensive News Channel
2026-08-03 02:01:57,413 - IPTVCollector - INFO - 📌 未分类频道追加到 '其他': Chifeng Comprehensive News Chanel
2026-08-03 02:01:57,413 - IPTVCollector - INFO - 📌 未分类频道追加到 '其他': Nei Monggol TV 2 Mongolian Culture Channel [Not 24/7]
2026-08-03 02:01:57,413 - IPTVCollector - INFO - 📌 未分类频道追加到 '其他': Siping TV
2026-08-03 02:01:57,415 - IPTVCollector - INFO - 🌏 自动追加: 长白山电视台 -> ☘️吉林频道
2026-08-03 02:01:57,415 - IPTVCollector - INFO - 📌 未分类频道追加到 '其他': Nei Monggol TV [Not 24/7]
2026-08-03 02:01:57,415 - IPTVCollector - INFO - 📌 未分类频道追加到 '其他': QTV-1
2026-08-03 02:01:57,415 - IPTVCollector - INFO - 📌 未分类频道追加到 '其他': TV BRICS Chinese
2026-08-03 02:01:57,415 - IPTVCollector - INFO - 📌 未分类频道追加到 '其他': Zhejiang TV International
2026-08-03 02:01:57,415 - IPTVCollector - INFO - 📌 未分类频道追加到 '其他': Hunan TV
2026-08-03 02:01:57,415 - IPTVCollector - INFO - 📌 未分类频道追加到 '其他': Xinjiang TV 3
2026-08-03 02:01:57,416 - IPTVCollector - INFO - 📌 未分类频道追加到 '其他': Xinjiang TV 8
2026-08-03 02:01:57,416 - IPTVCollector - INFO - 📌 未分类频道追加到 '其他': Harbin Movie Channel
2026-08-03 02:01:57,417 - IPTVCollector - INFO - 🌏 自动追加: 白城新闻综合 [Geo-blocked] -> ☘️吉林频道
2026-08-03 02:01:57,417 - IPTVCollector - INFO - 📌 未分类频道追加到 '其他': 大立电视台
2026-08-03 02:01:57,417 - IPTVCollector - INFO - 📌 未分类频道追加到 '其他': CGTN Documentary
2026-08-03 02:01:57,417 - IPTVCollector - INFO - 🌏 自动追加: 绍兴电视台公共 -> ☘️浙江频道
2026-08-03 02:01:57,418 - IPTVCollector - INFO - 📌 未分类频道追加到 '其他': 通海电视台
2026-08-03 02:01:57,418 - IPTVCollector - INFO - 📌 未分类频道追加到 '其他': Xinjiang TV 2
2026-08-03 02:01:57,418 - IPTVCollector - INFO - 📌 未分类频道追加到 '其他': 兴隆综合
2026-08-03 02:01:57,418 - IPTVCollector - INFO - 📌 未分类频道追加到 '其他': 农安新闻综合 [Geo-blocked]
2026-08-03 02:01:57,418 - IPTVCollector - INFO - 📌 未分类频道追加到 '其他': 前郭综合 [Geo-blocked]
2026-08-03 02:01:57,419 - IPTVCollector - INFO - 🌏 自动追加: 吉林市新闻综合 [Geo-blocked] -> ☘️吉林频道
2026-08-03 02:01:57,421 - IPTVCollector - INFO - 🌏 自动追加: 四平新闻综合 [Geo-blocked] -> ☘️吉林频道
2026-08-03 02:01:57,421 - IPTVCollector - INFO - 📌 未分类频道追加到 '其他': 延边新闻综合 [Geo-blocked]
2026-08-03 02:01:57,422 - IPTVCollector - INFO - 🌏 自动追加: 松原新闻综合 [Geo-blocked] -> ☘️吉林频道
2026-08-03 02:01:57,422 - IPTVCollector - INFO - 📌 未分类频道追加到 '其他': RT News
2026-08-03 02:01:57,422 - IPTVCollector - INFO - 📌 未分类频道追加到 '其他': 江津经济生活
2026-08-03 02:01:57,422 - IPTVCollector - INFO - 📌 未分类频道追加到 '其他': 武进新闻 [Not 24/7]
2026-08-03 02:01:57,423 - IPTVCollector - INFO - 📌 未分类频道追加到 '其他': 武进生活 [Not 24/7]
2026-08-03 02:01:57,423 - IPTVCollector - INFO - 📌 未分类频道追加到 '其他': 龙门飞甲
2026-08-03 02:01:57,424 - IPTVCollector - INFO - 🌏 自动追加: 白山新闻综合 [Geo-blocked] -> ☘️吉林频道
2026-08-03 02:01:57,424 - IPTVCollector - INFO - 📌 未分类频道追加到 '其他': 辽新闻综合 [Geo-blocked]
2026-08-03 02:01:57,425 - IPTVCollector - INFO - 🌏 自动追加: 通化新闻 [Geo-blocked] -> ☘️吉林频道
2026-08-03 02:01:57,427 - IPTVCollector - INFO - 🌏 自动追加: 长春综合 [Geo-blocked] -> ☘️吉林频道
2026-08-03 02:01:57,427 - IPTVCollector - INFO - 📌 未分类频道追加到 '其他': 集安综合 [Geo-blocked]
2026-08-03 02:01:57,427 - IPTVCollector - INFO - 📌 未分类频道追加到 '其他': CGTN French
2026-08-03 02:01:57,427 - IPTVCollector - INFO - 📌 未分类频道追加到 '其他': 荣昌综合 [Not 24/7]
2026-08-03 02:01:57,427 - IPTVCollector - INFO - 📌 未分类频道追加到 '其他': 奎屯汉语
2026-08-03 02:01:57,427 - IPTVCollector - INFO - 📌 未分类频道追加到 '其他': 伊犁经济法制
2026-08-03 02:01:57,427 - IPTVCollector - INFO - 📌 未分类频道追加到 '其他': 玛纳斯
2026-08-03 02:01:57,427 - IPTVCollector - INFO - 📌 未分类频道追加到 '其他': 浙江钱江都市
2026-08-03 02:01:57,428 - IPTVCollector - INFO - 📌 未分类频道追加到 '其他': 靖江新闻綜合 [Not 24/7]
2026-08-03 02:01:57,428 - IPTVCollector - INFO - 📌 未分类频道追加到 '其他': Xinjiang TV 1
2026-08-03 02:01:57,428 - IPTVCollector - INFO - 📌 未分类频道追加到 '其他': 玛纳斯综合
2026-08-03 02:01:57,429 - IPTVCollector - INFO - 🌏 自动追加: 邯郸公共频道 -> ☘️河北频道
2026-08-03 02:01:57,429 - IPTVCollector - INFO - 📌 未分类频道追加到 '其他': 东南卫视
2026-08-03 02:01:57,429 - IPTVCollector - INFO - 📌 未分类频道追加到 '其他': CGTN记录
2026-08-03 02:01:57,429 - IPTVCollector - INFO - 🌏 自动追加: 上海卫视 -> ☘️上海频道
2026-08-03 02:01:57,429 - IPTVCollector - INFO - 📌 未分类频道追加到 '其他': 熊猫直
2026-08-03 02:01:57,430 - IPTVCollector - INFO - 📌 未分类频道追加到 '其他': 梨园
2026-08-03 02:01:57,430 - IPTVCollector - INFO - 🎯 Demo 筛选：原始 357 -> 匹配/分类后 357 个频道
2026-08-03 02:01:57,430 - IPTVCollector - INFO - 📊 Demo筛选后: 357
2026-08-03 02:01:57,431 - IPTVCollector - INFO - ✅ M3U 文件已生成: output/tv.m3u
2026-08-03 02:01:57,431 - IPTVCollector - INFO - ✅ TXT 文件已生成: output/tv.txt
2026-08-03 02:01:57,431 - IPTVCollector - INFO - ✅ 多源 M3U 文件已生成: output/tv_multi.m3u
2026-08-03 02:01:57,434 - IPTVCollector - INFO - ✅ JSON API 已生成: output/channels.json
2026-08-03 02:01:57,434 - IPTVCollector - INFO - ✅ 精简版已生成: output/tv_lite.m3u
2026-08-03 02:01:57,435 - IPTVCollector - INFO - ✅ M3U 文件已生成: output/tv_epg.m3u
2026-08-03 02:01:57,435 - IPTVCollector - INFO - 🚀 IPTV 自治系统启动
2026-08-03 02:01:57,435 - IPTVCollector - INFO - ⏭️ 跳过发现阶段
2026-08-03 02:01:57,435 - IPTVCollector - INFO - ==================================================
阶段2: 从缓存观察候选源
==================================================
2026-08-03 02:01:57,465 - IPTVCollector - INFO -   📊 观察进度: 100/125，稳定 0 个
2026-08-03 02:01:57,466 - IPTVCollector - INFO - ✅ 候选源稳定:  (成功率 66.67%, 延迟 1889ms)
2026-08-03 02:01:57,470 - IPTVCollector - INFO - ✅ 观察阶段完成: 1 个源达到稳定标准
2026-08-03 02:01:57,470 - IPTVCollector - INFO - ==================================================
阶段3: 提升稳定源
==================================================
2026-08-03 02:01:57,471 - IPTVCollector - INFO - ✅  已提升为稳定源
2026-08-03 02:01:57,472 - IPTVCollector - INFO - 📌 已提升: 
2026-08-03 02:01:57,472 - IPTVCollector - INFO - ✅ 提升阶段完成: 1 个源被提升
2026-08-03 02:01:57,472 - IPTVCollector - INFO - 📊 自治模式统计:
2026-08-03 02:01:57,473 - IPTVCollector - INFO -   候选池总数: 608, 观察中: 124, 稳定: 481
2026-08-03 02:01:57,473 - IPTVCollector - INFO -   本次新提升: 1
2026-08-03 02:01:57,473 - IPTVCollector - INFO - 🎉 全部完成！
2026-08-03 09:26:39,613 - IPTVCollector - INFO - 🚀 IPTV 智能整理平台启动
2026-08-03 09:26:39,615 - IPTVCollector - INFO - ✅ 数据库缓存已启用: data/iptv_cache.db
2026-08-03 09:26:39,617 - IPTVCollector - INFO - 📌 CCTV-1 已设为固定源 (auto_optimize=True)
2026-08-03 09:26:39,619 - IPTVCollector - INFO - 📌 CCTV-2 已设为固定源 (auto_optimize=True)
2026-08-03 09:26:39,620 - IPTVCollector - INFO - 📌 CCTV-3 已设为固定源 (auto_optimize=True)
2026-08-03 09:26:39,621 - IPTVCollector - INFO - 📌 CCTV-4 已设为固定源 (auto_optimize=True)
2026-08-03 09:26:39,622 - IPTVCollector - INFO - 📌 CCTV-5 已设为固定源 (auto_optimize=True)
2026-08-03 09:26:39,623 - IPTVCollector - INFO - 📌 CCTV-5+ 已设为固定源 (auto_optimize=True)
2026-08-03 09:26:39,624 - IPTVCollector - INFO - 📌 CCTV-6 已设为固定源 (auto_optimize=True)
2026-08-03 09:26:39,625 - IPTVCollector - INFO - 📌 CCTV-7 已设为固定源 (auto_optimize=True)
2026-08-03 09:26:39,627 - IPTVCollector - INFO - 📌 CCTV-8 已设为固定源 (auto_optimize=True)
2026-08-03 09:26:39,628 - IPTVCollector - INFO - 📌 CCTV-9 已设为固定源 (auto_optimize=True)
2026-08-03 09:26:39,629 - IPTVCollector - INFO - 📌 CCTV-10 已设为固定源 (auto_optimize=True)
2026-08-03 09:26:39,630 - IPTVCollector - INFO - 📌 CCTV-11 已设为固定源 (auto_optimize=True)
2026-08-03 09:26:39,631 - IPTVCollector - INFO - 📌 CCTV-12 已设为固定源 (auto_optimize=True)
2026-08-03 09:26:39,632 - IPTVCollector - INFO - 📌 CCTV-13 已设为固定源 (auto_optimize=True)
2026-08-03 09:26:39,633 - IPTVCollector - INFO - 📌 CCTV-14 已设为固定源 (auto_optimize=True)
2026-08-03 09:26:39,634 - IPTVCollector - INFO - 📌 CCTV-15 已设为固定源 (auto_optimize=True)
2026-08-03 09:26:39,635 - IPTVCollector - INFO - 📌 CCTV-16 已设为固定源 (auto_optimize=True)
2026-08-03 09:26:39,636 - IPTVCollector - INFO - 📌 CCTV-17 已设为固定源 (auto_optimize=True)
2026-08-03 09:26:39,637 - IPTVCollector - INFO - 📌 CCTV4欧洲 已设为固定源 (auto_optimize=True)
2026-08-03 09:26:39,639 - IPTVCollector - INFO - 📌 CCTV4美洲 已设为固定源 (auto_optimize=True)
2026-08-03 09:26:39,639 - IPTVCollector - INFO - 📌 固定源已同步到数据库
2026-08-03 09:26:39,639 - IPTVCollector - INFO - 📋 订阅源解析：普通 11 个，白名单 0 个
2026-08-03 09:26:39,639 - IPTVCollector - INFO - 📋 使用 11 个源
2026-08-03 09:27:02,820 - IPTVCollector - INFO - 📊 测速完成，有效频道: 430 个
2026-08-03 09:27:02,820 - IPTVCollector - INFO - 📊 通过测速的频道数: 430
2026-08-03 09:27:03,080 - IPTVCollector - INFO - 🔍 ffmpeg 深度验证: 0 个需验证，429 个来自缓存/HTTP
2026-08-03 09:27:03,081 - IPTVCollector - INFO - ✅ ffmpeg 验证完成: 通过 429/430 个频道
2026-08-03 09:27:03,081 - IPTVCollector - INFO - 📊 通过ffmpeg验证的频道数: 429
2026-08-03 09:27:03,089 - IPTVCollector - INFO - 📌 已使用 18 个固定源（含自动优化）
2026-08-03 09:27:03,089 - IPTVCollector - INFO - 📊 合并完成: 共 371 个频道
2026-08-03 09:27:03,090 - IPTVCollector - INFO - 📊 合并后的频道数: 371
2026-08-03 09:27:03,123 - IPTVCollector - INFO - 📊 黑名单过滤后: 354
2026-08-03 09:27:03,127 - IPTVCollector - INFO - 📋 从 demo.txt 解析到 3541 个有序频道
2026-08-03 09:27:03,129 - IPTVCollector - INFO - 📋 从 demo.txt 解析到 3541 个有序频道
2026-08-03 09:28:39,320 - IPTVCollector - INFO - 📌 未分类频道追加到 '其他': 浙江经济
2026-08-03 09:28:39,320 - IPTVCollector - INFO - 📌 未分类频道追加到 '其他': 浙江钱江频道
2026-08-03 09:28:39,320 - IPTVCollector - INFO - 📌 未分类频道追加到 '其他': 浙江民生休闲
2026-08-03 09:28:39,320 - IPTVCollector - INFO - 📌 未分类频道追加到 '其他': 浙江教育
2026-08-03 09:28:39,321 - IPTVCollector - INFO - 📌 未分类频道追加到 '其他': 凤凰资讯
2026-08-03 09:28:39,321 - IPTVCollector - INFO - 🌏 自动追加: 凤凰香港 -> 🌊港·澳·台
2026-08-03 09:28:39,321 - IPTVCollector - INFO - 📌 未分类频道追加到 '其他': CHC电影
2026-08-03 09:28:39,321 - IPTVCollector - INFO - 📌 未分类频道追加到 '其他': 韩国电影2
2026-08-03 09:28:39,321 - IPTVCollector - INFO - 📌 未分类频道追加到 '其他': 韩国电影1
2026-08-03 09:28:39,321 - IPTVCollector - INFO - 📌 未分类频道追加到 '其他': 凤凰中文
2026-08-03 09:28:39,322 - IPTVCollector - INFO - 📌 未分类频道追加到 '其他': 浙江生活
2026-08-03 09:28:39,323 - IPTVCollector - INFO - 🌏 自动追加: 武汉一台新闻综合 -> ☘️湖北频道
2026-08-03 09:28:39,323 - IPTVCollector - INFO - 📌 未分类频道追加到 '其他': 第一财经
2026-08-03 09:28:39,323 - IPTVCollector - INFO - 📌 未分类频道追加到 '其他': 东丰
2026-08-03 09:28:39,324 - IPTVCollector - INFO - 📌 未分类频道追加到 '其他': 耀才财经
2026-08-03 09:28:39,325 - IPTVCollector - INFO - 🌏 自动追加: 长沙新闻综合 -> ☘️湖南频道
2026-08-03 09:28:39,325 - IPTVCollector - INFO - 📌 未分类频道追加到 '其他': 九台
2026-08-03 09:28:39,325 - IPTVCollector - INFO - 📌 未分类频道追加到 '其他': FZTV3
2026-08-03 09:28:39,326 - IPTVCollector - INFO - 📌 未分类频道追加到 '其他': 辽宁青少
2026-08-03 09:28:39,326 - IPTVCollector - INFO - 📌 未分类频道追加到 '其他': 双辽
2026-08-03 09:28:39,326 - IPTVCollector - INFO - 📌 未分类频道追加到 '其他': 柳河
2026-08-03 09:28:39,326 - IPTVCollector - INFO - 📌 未分类频道追加到 '其他': 桦甸
2026-08-03 09:28:39,326 - IPTVCollector - INFO - 📌 未分类频道追加到 '其他': 江津新闻
2026-08-03 09:28:39,326 - IPTVCollector - INFO - 📌 未分类频道追加到 '其他': 陕西新闻咨询
2026-08-03 09:28:39,327 - IPTVCollector - INFO - 📌 未分类频道追加到 '其他': 延边2
2026-08-03 09:28:39,327 - IPTVCollector - INFO - 📌 未分类频道追加到 '其他': 河南电视剧
2026-08-03 09:28:39,327 - IPTVCollector - INFO - 📌 未分类频道追加到 '其他': 汪清
2026-08-03 09:28:39,327 - IPTVCollector - INFO - 📌 未分类频道追加到 '其他': 都市青春
2026-08-03 09:28:39,327 - IPTVCollector - INFO - 📌 未分类频道追加到 '其他': 舒兰新闻
2026-08-03 09:28:39,327 - IPTVCollector - INFO - 📌 未分类频道追加到 '其他': 辉南新闻
2026-08-03 09:28:39,329 - IPTVCollector - INFO - 🌏 自动追加: 哈尔滨都市咨询 -> ☘️黑龙江频道
2026-08-03 09:28:39,329 - IPTVCollector - INFO - 📌 未分类频道追加到 '其他': 珲春新闻
2026-08-03 09:28:39,330 - IPTVCollector - INFO - 🌏 自动追加: 通化县 -> ☘️吉林频道
2026-08-03 09:28:39,330 - IPTVCollector - INFO - 📌 未分类频道追加到 '其他': 龙井
2026-08-03 09:28:39,330 - IPTVCollector - INFO - 📌 未分类频道追加到 '其他': 无线新闻台
2026-08-03 09:28:39,332 - IPTVCollector - INFO - 🌏 自动追加: 长白山电视台 -> ☘️吉林频道
2026-08-03 09:28:39,332 - IPTVCollector - INFO - 📌 未分类频道追加到 '其他': 磐石
2026-08-03 09:28:39,332 - IPTVCollector - INFO - 📌 未分类频道追加到 '其他': 新闻咨询
2026-08-03 09:28:39,332 - IPTVCollector - INFO - 🌏 自动追加: 绍兴电视台公共 -> ☘️浙江频道
2026-08-03 09:28:39,333 - IPTVCollector - INFO - 📌 未分类频道追加到 '其他': 大立电视台
2026-08-03 09:28:39,333 - IPTVCollector - INFO - 📌 未分类频道追加到 '其他': 韩国EBS少儿
2026-08-03 09:28:39,333 - IPTVCollector - INFO - 📌 未分类频道追加到 '其他': 音乐欣赏
2026-08-03 09:28:39,333 - IPTVCollector - INFO - 📌 未分类频道追加到 '其他': 通海电视台
2026-08-03 09:28:39,333 - IPTVCollector - INFO - 📌 未分类频道追加到 '其他': 人与自然
2026-08-03 09:28:39,333 - IPTVCollector - INFO - 📌 未分类频道追加到 '其他': 自然传奇
2026-08-03 09:28:39,333 - IPTVCollector - INFO - 📌 未分类频道追加到 '其他': 1989年春晚
2026-08-03 09:28:39,334 - IPTVCollector - INFO - 📌 未分类频道追加到 '其他': 1987年春晚
2026-08-03 09:28:39,334 - IPTVCollector - INFO - 📌 未分类频道追加到 '其他': 1988年春晚
2026-08-03 09:28:39,334 - IPTVCollector - INFO - 📌 未分类频道追加到 '其他': 地理中国
2026-08-03 09:28:39,334 - IPTVCollector - INFO - 📌 未分类频道追加到 '其他': 飞碟之谜01
2026-08-03 09:28:39,334 - IPTVCollector - INFO - 📌 未分类频道追加到 '其他': 音乐现场
2026-08-03 09:28:39,334 - IPTVCollector - INFO - 📌 未分类频道追加到 '其他': Beautiful Life TV
2026-08-03 09:28:39,335 - IPTVCollector - INFO - 📌 未分类频道追加到 '其他': Arirang
2026-08-03 09:28:39,335 - IPTVCollector - INFO - 📌 未分类频道追加到 '其他': Dali TV
2026-08-03 09:28:39,335 - IPTVCollector - INFO - 📌 未分类频道追加到 '其他': CNA
2026-08-03 09:28:39,335 - IPTVCollector - INFO - 📌 未分类频道追加到 '其他': Newsmax
2026-08-03 09:28:39,335 - IPTVCollector - INFO - 📌 未分类频道追加到 '其他': RT News
2026-08-03 09:28:39,335 - IPTVCollector - INFO - 📌 未分类频道追加到 '其他': 2024年春晚
2026-08-03 09:28:39,336 - IPTVCollector - INFO - 📌 未分类频道追加到 '其他': Good
2026-08-03 09:28:39,336 - IPTVCollector - INFO - 📌 未分类频道追加到 '其他': Good 2
2026-08-03 09:28:39,336 - IPTVCollector - INFO - 📌 未分类频道追加到 '其他': RT Documentary
2026-08-03 09:28:39,336 - IPTVCollector - INFO - 📌 未分类频道追加到 '其他': Supreme Master TV
2026-08-03 09:28:39,336 - IPTVCollector - INFO - 📌 未分类频道追加到 '其他': TVB News
2026-08-03 09:28:39,336 - IPTVCollector - INFO - 📌 未分类频道追加到 '其他': Trace Sports
2026-08-03 09:28:39,337 - IPTVCollector - INFO - 📌 未分类频道追加到 '其他': Pet Club TV
2026-08-03 09:28:39,337 - IPTVCollector - INFO - 📌 未分类频道追加到 '其他': Wild Earth
2026-08-03 09:28:39,337 - IPTVCollector - INFO - 📌 未分类频道追加到 '其他': RT Balkan
2026-08-03 09:28:39,337 - IPTVCollector - INFO - 📌 未分类频道追加到 '其他': 倩女幽魂妖魔道
2026-08-03 09:28:39,337 - IPTVCollector - INFO - 📌 未分类频道追加到 '其他': 倩女幽魂人间道
2026-08-03 09:28:39,337 - IPTVCollector - INFO - 📌 未分类频道追加到 '其他': TVB Plus
2026-08-03 09:28:39,338 - IPTVCollector - INFO - 📌 未分类频道追加到 '其他': WionNews
2026-08-03 09:28:39,338 - IPTVCollector - INFO - 📌 未分类频道追加到 '其他': 倩女幽魂道道道
2026-08-03 09:28:39,338 - IPTVCollector - INFO - 📌 未分类频道追加到 '其他': RT DE
2026-08-03 09:28:39,338 - IPTVCollector - INFO - 📌 未分类频道追加到 '其他': RT Español
2026-08-03 09:28:39,338 - IPTVCollector - INFO - 📌 未分类频道追加到 '其他': 春晚2025
2026-08-03 09:28:39,338 - IPTVCollector - INFO - 📌 未分类频道追加到 '其他': RT Français
2026-08-03 09:28:39,339 - IPTVCollector - INFO - 📌 未分类频道追加到 '其他': 春晚2024
2026-08-03 09:28:39,339 - IPTVCollector - INFO - 📌 未分类频道追加到 '其他': 龙门飞甲
2026-08-03 09:28:39,339 - IPTVCollector - INFO - 📌 未分类频道追加到 '其他': 环球电视
2026-08-03 09:28:39,339 - IPTVCollector - INFO - 📌 未分类频道追加到 '其他': 奎屯汉语
2026-08-03 09:28:39,339 - IPTVCollector - INFO - 📌 未分类频道追加到 '其他': 玛纳斯综合
2026-08-03 09:28:39,339 - IPTVCollector - INFO - 📌 未分类频道追加到 '其他': 伊犁经济法制
2026-08-03 09:28:39,340 - IPTVCollector - INFO - 📌 未分类频道追加到 '其他': 浙江钱江都市
2026-08-03 09:28:39,340 - IPTVCollector - INFO - 📌 未分类频道追加到 '其他': 玛纳斯
2026-08-03 09:28:39,340 - IPTVCollector - INFO - 📌 未分类频道追加到 '其他': 象视界
2026-08-03 09:28:39,341 - IPTVCollector - INFO - 🌏 自动追加: 邯郸公共频道 -> ☘️河北频道
2026-08-03 09:28:39,341 - IPTVCollector - INFO - 🌏 自动追加: 浙江 Ⅰ 绍兴综合 -> ☘️浙江频道
2026-08-03 09:28:39,341 - IPTVCollector - INFO - 🌏 自动追加: 浙江 Ⅰ 绍兴影视 -> ☘️浙江频道
2026-08-03 09:28:39,342 - IPTVCollector - INFO - 🌏 自动追加: 福州广电视台新闻综合频道 -> ☘️福建频道
2026-08-03 09:28:39,342 - IPTVCollector - INFO - 📌 未分类频道追加到 '其他': 数码时代
2026-08-03 09:28:39,342 - IPTVCollector - INFO - 📌 未分类频道追加到 '其他': 梨园
2026-08-03 09:28:39,342 - IPTVCollector - INFO - 📌 未分类频道追加到 '其他': 浙江教科影视
2026-08-03 09:28:39,342 - IPTVCollector - INFO - 📌 未分类频道追加到 '其他': 浙江教科影院
2026-08-03 09:28:39,343 - IPTVCollector - INFO - 📌 未分类频道追加到 '其他': ABN China
2026-08-03 09:28:39,343 - IPTVCollector - INFO - 📌 未分类频道追加到 '其他': Bread TV面包台
2026-08-03 09:28:39,343 - IPTVCollector - INFO - 📌 未分类频道追加到 '其他': VOA美国之音
2026-08-03 09:28:39,343 - IPTVCollector - INFO - 📌 未分类频道追加到 '其他': Home Plus
2026-08-03 09:28:39,343 - IPTVCollector - INFO - 📌 未分类频道追加到 '其他': Harbin Comprehensive News Channel
2026-08-03 09:28:39,343 - IPTVCollector - INFO - 📌 未分类频道追加到 '其他': Zhejiang TV International
2026-08-03 09:28:39,344 - IPTVCollector - INFO - 📌 未分类频道追加到 '其他': Xinjiang TV 3
2026-08-03 09:28:39,344 - IPTVCollector - INFO - 📌 未分类频道追加到 '其他': QTV-1
2026-08-03 09:28:39,345 - IPTVCollector - INFO - 🌏 自动追加: 白城新闻综合 [Geo-blocked] -> ☘️吉林频道
2026-08-03 09:28:39,345 - IPTVCollector - INFO - 📌 未分类频道追加到 '其他': Hunan TV
2026-08-03 09:28:39,345 - IPTVCollector - INFO - 📌 未分类频道追加到 '其他': TV BRICS Chinese
2026-08-03 09:28:39,346 - IPTVCollector - INFO - 📌 未分类频道追加到 '其他': Harbin Movie Channel
2026-08-03 09:28:39,346 - IPTVCollector - INFO - 📌 未分类频道追加到 '其他': Xinjiang TV 2
2026-08-03 09:28:39,346 - IPTVCollector - INFO - 📌 未分类频道追加到 '其他': CGTN Documentary
2026-08-03 09:28:39,346 - IPTVCollector - INFO - 📌 未分类频道追加到 '其他': Chifeng Comprehensive News Chanel
2026-08-03 09:28:39,346 - IPTVCollector - INFO - 📌 未分类频道追加到 '其他': Nei Monggol TV 2 Mongolian Culture Channel [Not 24/7]
2026-08-03 09:28:39,347 - IPTVCollector - INFO - 📌 未分类频道追加到 '其他': Siping TV
2026-08-03 09:28:39,347 - IPTVCollector - INFO - 📌 未分类频道追加到 '其他': Nei Monggol TV [Not 24/7]
2026-08-03 09:28:39,347 - IPTVCollector - INFO - 📌 未分类频道追加到 '其他': 兴隆综合
2026-08-03 09:28:39,347 - IPTVCollector - INFO - 📌 未分类频道追加到 '其他': 武进新闻 [Not 24/7]
2026-08-03 09:28:39,348 - IPTVCollector - INFO - 🌏 自动追加: 松原新闻综合 [Geo-blocked] -> ☘️吉林频道
2026-08-03 09:28:39,349 - IPTVCollector - INFO - 📌 未分类频道追加到 '其他': 农安新闻综合 [Geo-blocked]
2026-08-03 09:28:39,349 - IPTVCollector - INFO - 📌 未分类频道追加到 '其他': 武进生活 [Not 24/7]
2026-08-03 09:28:39,349 - IPTVCollector - INFO - 📌 未分类频道追加到 '其他': 前郭综合 [Geo-blocked]
2026-08-03 09:28:39,350 - IPTVCollector - INFO - 🌏 自动追加: 吉林市新闻综合 [Geo-blocked] -> ☘️吉林频道
2026-08-03 09:28:39,350 - IPTVCollector - INFO - 📌 未分类频道追加到 '其他': 延边新闻综合 [Geo-blocked]
2026-08-03 09:28:39,352 - IPTVCollector - INFO - 🌏 自动追加: 白山新闻综合 [Geo-blocked] -> ☘️吉林频道
2026-08-03 09:28:39,353 - IPTVCollector - INFO - 🌏 自动追加: 四平新闻综合 [Geo-blocked] -> ☘️吉林频道
2026-08-03 09:28:39,354 - IPTVCollector - INFO - 🌏 自动追加: 长春综合 [Geo-blocked] -> ☘️吉林频道
2026-08-03 09:28:39,355 - IPTVCollector - INFO - 📌 未分类频道追加到 '其他': 辽新闻综合 [Geo-blocked]
2026-08-03 09:28:39,356 - IPTVCollector - INFO - 🌏 自动追加: 通化新闻 [Geo-blocked] -> ☘️吉林频道
2026-08-03 09:28:39,356 - IPTVCollector - INFO - 📌 未分类频道追加到 '其他': CGTN French
2026-08-03 09:28:39,356 - IPTVCollector - INFO - 📌 未分类频道追加到 '其他': 集安综合 [Geo-blocked]
2026-08-03 09:28:39,356 - IPTVCollector - INFO - 📌 未分类频道追加到 '其他': 荣昌综合 [Not 24/7]
2026-08-03 09:28:39,357 - IPTVCollector - INFO - 📌 未分类频道追加到 '其他': 靖江新闻綜合 [Not 24/7]
2026-08-03 09:28:39,357 - IPTVCollector - INFO - 📌 未分类频道追加到 '其他': 江津经济生活
2026-08-03 09:28:39,357 - IPTVCollector - INFO - 📌 未分类频道追加到 '其他': Xinjiang TV 1
2026-08-03 09:28:39,357 - IPTVCollector - INFO - 📌 未分类频道追加到 '其他': CGTN记录
2026-08-03 09:28:39,357 - IPTVCollector - INFO - 📌 未分类频道追加到 '其他': 东南卫视
2026-08-03 09:28:39,357 - IPTVCollector - INFO - 📌 未分类频道追加到 '其他': 熊猫直
2026-08-03 09:28:39,358 - IPTVCollector - INFO - 🌏 自动追加: 上海卫视 -> ☘️上海频道
2026-08-03 09:28:39,358 - IPTVCollector - INFO - 🎯 Demo 筛选：原始 354 -> 匹配/分类后 354 个频道
2026-08-03 09:28:39,358 - IPTVCollector - INFO - 📊 Demo筛选后: 354
2026-08-03 09:28:39,359 - IPTVCollector - INFO - ✅ M3U 文件已生成: output/tv.m3u
2026-08-03 09:28:39,359 - IPTVCollector - INFO - ✅ TXT 文件已生成: output/tv.txt
2026-08-03 09:28:39,360 - IPTVCollector - INFO - ✅ 多源 M3U 文件已生成: output/tv_multi.m3u
2026-08-03 09:28:39,362 - IPTVCollector - INFO - ✅ JSON API 已生成: output/channels.json
2026-08-03 09:28:39,363 - IPTVCollector - INFO - ✅ 精简版已生成: output/tv_lite.m3u
2026-08-03 09:28:39,363 - IPTVCollector - INFO - ✅ M3U 文件已生成: output/tv_epg.m3u
2026-08-03 09:28:39,363 - IPTVCollector - INFO - 🚀 IPTV 自治系统启动
2026-08-03 09:28:39,363 - IPTVCollector - INFO - ⏭️ 跳过发现阶段
2026-08-03 09:28:39,364 - IPTVCollector - INFO - ==================================================
阶段2: 从缓存观察候选源
==================================================
2026-08-03 09:28:39,404 - IPTVCollector - INFO -   📊 观察进度: 100/117，稳定 0 个
2026-08-03 09:28:39,407 - IPTVCollector - INFO - ✅ 候选源稳定: Xinjiang TV 3 (成功率 66.67%, 延迟 708ms)
2026-08-03 09:28:39,409 - IPTVCollector - INFO - ✅ 观察阶段完成: 1 个源达到稳定标准
2026-08-03 09:28:39,409 - IPTVCollector - INFO - ==================================================
阶段3: 提升稳定源
==================================================
2026-08-03 09:28:39,411 - IPTVCollector - INFO - ✅ Xinjiang TV 3 已提升为稳定源
2026-08-03 09:28:39,412 - IPTVCollector - INFO - 📌 已提升: Xinjiang TV 3
2026-08-03 09:28:39,412 - IPTVCollector - INFO - ✅ 提升阶段完成: 1 个源被提升
2026-08-03 09:28:39,412 - IPTVCollector - INFO - 📊 自治模式统计:
2026-08-03 09:28:39,412 - IPTVCollector - INFO -   候选池总数: 608, 观察中: 116, 稳定: 488
2026-08-03 09:28:39,412 - IPTVCollector - INFO -   本次新提升: 1
2026-08-03 09:28:39,413 - IPTVCollector - INFO - 🎉 全部完成！
2026-08-03 14:19:32,140 - IPTVCollector - INFO - 🚀 IPTV 智能整理平台启动
2026-08-03 14:19:32,142 - IPTVCollector - INFO - ✅ 数据库缓存已启用: data/iptv_cache.db
2026-08-03 14:19:32,144 - IPTVCollector - INFO - 📌 CCTV-1 已设为固定源 (auto_optimize=True)
2026-08-03 14:19:32,145 - IPTVCollector - INFO - 📌 CCTV-2 已设为固定源 (auto_optimize=True)
2026-08-03 14:19:32,146 - IPTVCollector - INFO - 📌 CCTV-3 已设为固定源 (auto_optimize=True)
2026-08-03 14:19:32,148 - IPTVCollector - INFO - 📌 CCTV-4 已设为固定源 (auto_optimize=True)
2026-08-03 14:19:32,149 - IPTVCollector - INFO - 📌 CCTV-5 已设为固定源 (auto_optimize=True)
2026-08-03 14:19:32,150 - IPTVCollector - INFO - 📌 CCTV-5+ 已设为固定源 (auto_optimize=True)
2026-08-03 14:19:32,151 - IPTVCollector - INFO - 📌 CCTV-6 已设为固定源 (auto_optimize=True)
2026-08-03 14:19:32,153 - IPTVCollector - INFO - 📌 CCTV-7 已设为固定源 (auto_optimize=True)
2026-08-03 14:19:32,154 - IPTVCollector - INFO - 📌 CCTV-8 已设为固定源 (auto_optimize=True)
2026-08-03 14:19:32,155 - IPTVCollector - INFO - 📌 CCTV-9 已设为固定源 (auto_optimize=True)
2026-08-03 14:19:32,157 - IPTVCollector - INFO - 📌 CCTV-10 已设为固定源 (auto_optimize=True)
2026-08-03 14:19:32,158 - IPTVCollector - INFO - 📌 CCTV-11 已设为固定源 (auto_optimize=True)
2026-08-03 14:19:32,159 - IPTVCollector - INFO - 📌 CCTV-12 已设为固定源 (auto_optimize=True)
2026-08-03 14:19:32,161 - IPTVCollector - INFO - 📌 CCTV-13 已设为固定源 (auto_optimize=True)
2026-08-03 14:19:32,162 - IPTVCollector - INFO - 📌 CCTV-14 已设为固定源 (auto_optimize=True)
2026-08-03 14:19:32,163 - IPTVCollector - INFO - 📌 CCTV-15 已设为固定源 (auto_optimize=True)
2026-08-03 14:19:32,165 - IPTVCollector - INFO - 📌 CCTV-16 已设为固定源 (auto_optimize=True)
2026-08-03 14:19:32,166 - IPTVCollector - INFO - 📌 CCTV-17 已设为固定源 (auto_optimize=True)
2026-08-03 14:19:32,167 - IPTVCollector - INFO - 📌 CCTV4欧洲 已设为固定源 (auto_optimize=True)
2026-08-03 14:19:32,168 - IPTVCollector - INFO - 📌 CCTV4美洲 已设为固定源 (auto_optimize=True)
2026-08-03 14:19:32,168 - IPTVCollector - INFO - 📌 固定源已同步到数据库
2026-08-03 14:19:32,169 - IPTVCollector - INFO - 📋 订阅源解析：普通 11 个，白名单 0 个
2026-08-03 14:19:32,169 - IPTVCollector - INFO - 📋 使用 11 个源
2026-08-03 14:20:01,936 - IPTVCollector - INFO - 📊 测速完成，有效频道: 416 个
2026-08-03 14:20:01,937 - IPTVCollector - INFO - 📊 通过测速的频道数: 416
2026-08-03 14:20:02,022 - IPTVCollector - INFO - 🔍 ffmpeg 深度验证: 0 个需验证，415 个来自缓存/HTTP
2026-08-03 14:20:02,022 - IPTVCollector - INFO - ✅ ffmpeg 验证完成: 通过 415/416 个频道
2026-08-03 14:20:02,022 - IPTVCollector - INFO - 📊 通过ffmpeg验证的频道数: 415
2026-08-03 14:20:02,028 - IPTVCollector - INFO - 📌 已使用 19 个固定源（含自动优化）
2026-08-03 14:20:02,028 - IPTVCollector - INFO - 📊 合并完成: 共 358 个频道
2026-08-03 14:20:02,028 - IPTVCollector - INFO - 📊 合并后的频道数: 358
2026-08-03 14:20:02,051 - IPTVCollector - INFO - 📊 黑名单过滤后: 341
2026-08-03 14:20:02,054 - IPTVCollector - INFO - 📋 从 demo.txt 解析到 3541 个有序频道
2026-08-03 14:20:02,056 - IPTVCollector - INFO - 📋 从 demo.txt 解析到 3541 个有序频道
2026-08-03 14:21:06,237 - IPTVCollector - INFO - 📌 未分类频道追加到 '其他': 韩国电影2
2026-08-03 14:21:06,237 - IPTVCollector - INFO - 📌 未分类频道追加到 '其他': 韩国电影1
2026-08-03 14:21:06,237 - IPTVCollector - INFO - 📌 未分类频道追加到 '其他': 第一财经
2026-08-03 14:21:06,237 - IPTVCollector - INFO - 📌 未分类频道追加到 '其他': CHC电影
2026-08-03 14:21:06,237 - IPTVCollector - INFO - 📌 未分类频道追加到 '其他': FZTV3
2026-08-03 14:21:06,237 - IPTVCollector - INFO - 📌 未分类频道追加到 '其他': 耀才财经
2026-08-03 14:21:06,237 - IPTVCollector - INFO - 📌 未分类频道追加到 '其他': 东丰
2026-08-03 14:21:06,238 - IPTVCollector - INFO - 📌 未分类频道追加到 '其他': 辽宁青少
2026-08-03 14:21:06,238 - IPTVCollector - INFO - 📌 未分类频道追加到 '其他': 都市青春
2026-08-03 14:21:06,238 - IPTVCollector - INFO - 📌 未分类频道追加到 '其他': 九台
2026-08-03 14:21:06,238 - IPTVCollector - INFO - 📌 未分类频道追加到 '其他': 江津新闻
2026-08-03 14:21:06,238 - IPTVCollector - INFO - 📌 未分类频道追加到 '其他': 陕西新闻咨询
2026-08-03 14:21:06,238 - IPTVCollector - INFO - 📌 未分类频道追加到 '其他': 河南电视剧
2026-08-03 14:21:06,238 - IPTVCollector - INFO - 📌 未分类频道追加到 '其他': 延边2
2026-08-03 14:21:06,238 - IPTVCollector - INFO - 📌 未分类频道追加到 '其他': 双辽
2026-08-03 14:21:06,239 - IPTVCollector - INFO - 📌 未分类频道追加到 '其他': 桦甸
2026-08-03 14:21:06,239 - IPTVCollector - INFO - 📌 未分类频道追加到 '其他': 汪清
2026-08-03 14:21:06,239 - IPTVCollector - INFO - 📌 未分类频道追加到 '其他': 柳河
2026-08-03 14:21:06,239 - IPTVCollector - INFO - 📌 未分类频道追加到 '其他': 磐石
2026-08-03 14:21:06,239 - IPTVCollector - INFO - 📌 未分类频道追加到 '其他': 珲春新闻
2026-08-03 14:21:06,240 - IPTVCollector - INFO - 🌏 自动追加: 哈尔滨都市咨询 -> ☘️黑龙江频道
2026-08-03 14:21:06,240 - IPTVCollector - INFO - 📌 未分类频道追加到 '其他': 辉南新闻
2026-08-03 14:21:06,241 - IPTVCollector - INFO - 🌏 自动追加: 通化县 -> ☘️吉林频道
2026-08-03 14:21:06,241 - IPTVCollector - INFO - 📌 未分类频道追加到 '其他': 无线新闻台
2026-08-03 14:21:06,242 - IPTVCollector - INFO - 🌏 自动追加: 长白山电视台 -> ☘️吉林频道
2026-08-03 14:21:06,242 - IPTVCollector - INFO - 📌 未分类频道追加到 '其他': 新闻咨询
2026-08-03 14:21:06,242 - IPTVCollector - INFO - 📌 未分类频道追加到 '其他': 龙井
2026-08-03 14:21:06,242 - IPTVCollector - INFO - 📌 未分类频道追加到 '其他': 舒兰新闻
2026-08-03 14:21:06,242 - IPTVCollector - INFO - 📌 未分类频道追加到 '其他': 韩国EBS少儿
2026-08-03 14:21:06,242 - IPTVCollector - INFO - 📌 未分类频道追加到 '其他': 音乐现场
2026-08-03 14:21:06,242 - IPTVCollector - INFO - 📌 未分类频道追加到 '其他': 地理中国
2026-08-03 14:21:06,243 - IPTVCollector - INFO - 📌 未分类频道追加到 '其他': 自然传奇
2026-08-03 14:21:06,243 - IPTVCollector - INFO - 📌 未分类频道追加到 '其他': 人与自然
2026-08-03 14:21:06,243 - IPTVCollector - INFO - 📌 未分类频道追加到 '其他': 音乐欣赏
2026-08-03 14:21:06,243 - IPTVCollector - INFO - 📌 未分类频道追加到 '其他': 大立电视台
2026-08-03 14:21:06,243 - IPTVCollector - INFO - 🌏 自动追加: 绍兴电视台公共 -> ☘️浙江频道
2026-08-03 14:21:06,243 - IPTVCollector - INFO - 📌 未分类频道追加到 '其他': 通海电视台
2026-08-03 14:21:06,243 - IPTVCollector - INFO - 📌 未分类频道追加到 '其他': 1989年春晚
2026-08-03 14:21:06,243 - IPTVCollector - INFO - 📌 未分类频道追加到 '其他': 1988年春晚
2026-08-03 14:21:06,243 - IPTVCollector - INFO - 📌 未分类频道追加到 '其他': 1987年春晚
2026-08-03 14:21:06,243 - IPTVCollector - INFO - 📌 未分类频道追加到 '其他': 飞碟之谜01
2026-08-03 14:21:06,243 - IPTVCollector - INFO - 📌 未分类频道追加到 '其他': Newsmax
2026-08-03 14:21:06,243 - IPTVCollector - INFO - 📌 未分类频道追加到 '其他': Dali TV
2026-08-03 14:21:06,244 - IPTVCollector - INFO - 📌 未分类频道追加到 '其他': CNA
2026-08-03 14:21:06,244 - IPTVCollector - INFO - 📌 未分类频道追加到 '其他': Arirang
2026-08-03 14:21:06,244 - IPTVCollector - INFO - 📌 未分类频道追加到 '其他': Beautiful Life TV
2026-08-03 14:21:06,244 - IPTVCollector - INFO - 📌 未分类频道追加到 '其他': Good
2026-08-03 14:21:06,244 - IPTVCollector - INFO - 📌 未分类频道追加到 '其他': Good 2
2026-08-03 14:21:06,244 - IPTVCollector - INFO - 📌 未分类频道追加到 '其他': TVB News
2026-08-03 14:21:06,244 - IPTVCollector - INFO - 📌 未分类频道追加到 '其他': TVB Plus
2026-08-03 14:21:06,244 - IPTVCollector - INFO - 📌 未分类频道追加到 '其他': Supreme Master TV
2026-08-03 14:21:06,244 - IPTVCollector - INFO - 📌 未分类频道追加到 '其他': Wild Earth
2026-08-03 14:21:06,244 - IPTVCollector - INFO - 📌 未分类频道追加到 '其他': Trace Sports
2026-08-03 14:21:06,244 - IPTVCollector - INFO - 📌 未分类频道追加到 '其他': WionNews
2026-08-03 14:21:06,244 - IPTVCollector - INFO - 📌 未分类频道追加到 '其他': Pet Club TV
2026-08-03 14:21:06,244 - IPTVCollector - INFO - 📌 未分类频道追加到 '其他': RT Español
2026-08-03 14:21:06,244 - IPTVCollector - INFO - 📌 未分类频道追加到 '其他': RT Balkan
2026-08-03 14:21:06,244 - IPTVCollector - INFO - 📌 未分类频道追加到 '其他': 春晚2025
2026-08-03 14:21:06,245 - IPTVCollector - INFO - 📌 未分类频道追加到 '其他': 倩女幽魂人间道
2026-08-03 14:21:06,245 - IPTVCollector - INFO - 📌 未分类频道追加到 '其他': 倩女幽魂道道道
2026-08-03 14:21:06,245 - IPTVCollector - INFO - 📌 未分类频道追加到 '其他': 倩女幽魂妖魔道
2026-08-03 14:21:06,245 - IPTVCollector - INFO - 📌 未分类频道追加到 '其他': 龙门飞甲
2026-08-03 14:21:06,245 - IPTVCollector - INFO - 📌 未分类频道追加到 '其他': 伊犁经济法制
2026-08-03 14:21:06,245 - IPTVCollector - INFO - 📌 未分类频道追加到 '其他': RT DE
2026-08-03 14:21:06,245 - IPTVCollector - INFO - 📌 未分类频道追加到 '其他': 玛纳斯综合
2026-08-03 14:21:06,245 - IPTVCollector - INFO - 📌 未分类频道追加到 '其他': 奎屯汉语
2026-08-03 14:21:06,245 - IPTVCollector - INFO - 📌 未分类频道追加到 '其他': 环球电视
2026-08-03 14:21:06,245 - IPTVCollector - INFO - 📌 未分类频道追加到 '其他': 浙江钱江都市
2026-08-03 14:21:06,245 - IPTVCollector - INFO - 📌 未分类频道追加到 '其他': 玛纳斯
2026-08-03 14:21:06,245 - IPTVCollector - INFO - 📌 未分类频道追加到 '其他': 春晚2024
2026-08-03 14:21:06,245 - IPTVCollector - INFO - 📌 未分类频道追加到 '其他': 象视界
2026-08-03 14:21:06,246 - IPTVCollector - INFO - 🌏 自动追加: 浙江 Ⅰ 绍兴影视 -> ☘️浙江频道
2026-08-03 14:21:06,246 - IPTVCollector - INFO - 🌏 自动追加: 福州广电视台新闻综合频道 -> ☘️福建频道
2026-08-03 14:21:06,247 - IPTVCollector - INFO - 🌏 自动追加: 邯郸公共频道 -> ☘️河北频道
2026-08-03 14:21:06,247 - IPTVCollector - INFO - 📌 未分类频道追加到 '其他': 数码时代
2026-08-03 14:21:06,247 - IPTVCollector - INFO - 📌 未分类频道追加到 '其他': 梨园
2026-08-03 14:21:06,247 - IPTVCollector - INFO - 📌 未分类频道追加到 '其他': 浙江教科影视
2026-08-03 14:21:06,247 - IPTVCollector - INFO - 📌 未分类频道追加到 '其他': 浙江教科影院
2026-08-03 14:21:06,247 - IPTVCollector - INFO - 📌 未分类频道追加到 '其他': 浙江教育
2026-08-03 14:21:06,247 - IPTVCollector - INFO - 🌏 自动追加: 浙江 Ⅰ 绍兴综合 -> ☘️浙江频道
2026-08-03 14:21:06,247 - IPTVCollector - INFO - 📌 未分类频道追加到 '其他': 浙江民生休闲
2026-08-03 14:21:06,247 - IPTVCollector - INFO - 📌 未分类频道追加到 '其他': 浙江经济
2026-08-03 14:21:06,247 - IPTVCollector - INFO - 📌 未分类频道追加到 '其他': 浙江钱江频道
2026-08-03 14:21:06,248 - IPTVCollector - INFO - 📌 未分类频道追加到 '其他': Bread TV面包台
2026-08-03 14:21:06,249 - IPTVCollector - INFO - 🌏 自动追加: 武汉一台新闻综合 -> ☘️湖北频道
2026-08-03 14:21:06,249 - IPTVCollector - INFO - 📌 未分类频道追加到 '其他': ABN China
2026-08-03 14:21:06,249 - IPTVCollector - INFO - 📌 未分类频道追加到 '其他': Home Plus
2026-08-03 14:21:06,249 - IPTVCollector - INFO - 📌 未分类频道追加到 '其他': VOA美国之音
2026-08-03 14:21:06,249 - IPTVCollector - INFO - 📌 未分类频道追加到 '其他': Zhejiang TV International
2026-08-03 14:21:06,250 - IPTVCollector - INFO - 🌏 自动追加: 白城新闻综合 [Geo-blocked] -> ☘️吉林频道
2026-08-03 14:21:06,250 - IPTVCollector - INFO - 📌 未分类频道追加到 '其他': CGTN Documentary
2026-08-03 14:21:06,250 - IPTVCollector - INFO - 📌 未分类频道追加到 '其他': Chifeng Comprehensive News Chanel
2026-08-03 14:21:06,250 - IPTVCollector - INFO - 📌 未分类频道追加到 '其他': Harbin Comprehensive News Channel
2026-08-03 14:21:06,250 - IPTVCollector - INFO - 📌 未分类频道追加到 '其他': Siping TV
2026-08-03 14:21:06,251 - IPTVCollector - INFO - 📌 未分类频道追加到 '其他': TV BRICS Chinese
2026-08-03 14:21:06,251 - IPTVCollector - INFO - 📌 未分类频道追加到 '其他': Nei Monggol TV 2 Mongolian Culture Channel [Not 24/7]
2026-08-03 14:21:06,251 - IPTVCollector - INFO - 📌 未分类频道追加到 '其他': 兴隆综合
2026-08-03 14:21:06,251 - IPTVCollector - INFO - 📌 未分类频道追加到 '其他': QTV-1
2026-08-03 14:21:06,251 - IPTVCollector - INFO - 📌 未分类频道追加到 '其他': Xinjiang TV 3
2026-08-03 14:21:06,251 - IPTVCollector - INFO - 📌 未分类频道追加到 '其他': Hunan TV
2026-08-03 14:21:06,251 - IPTVCollector - INFO - 📌 未分类频道追加到 '其他': 农安新闻综合 [Geo-blocked]
2026-08-03 14:21:06,252 - IPTVCollector - INFO - 🌏 自动追加: 四平新闻综合 [Geo-blocked] -> ☘️吉林频道
2026-08-03 14:21:06,252 - IPTVCollector - INFO - 📌 未分类频道追加到 '其他': 武进新闻 [Not 24/7]
2026-08-03 14:21:06,252 - IPTVCollector - INFO - 📌 未分类频道追加到 '其他': Xinjiang TV 2
2026-08-03 14:21:06,253 - IPTVCollector - INFO - 📌 未分类频道追加到 '其他': 武进生活 [Not 24/7]
2026-08-03 14:21:06,253 - IPTVCollector - INFO - 📌 未分类频道追加到 '其他': Nei Monggol TV [Not 24/7]
2026-08-03 14:21:06,254 - IPTVCollector - INFO - 🌏 自动追加: 松原新闻综合 [Geo-blocked] -> ☘️吉林频道
2026-08-03 14:21:06,254 - IPTVCollector - INFO - 📌 未分类频道追加到 '其他': Harbin Movie Channel
2026-08-03 14:21:06,255 - IPTVCollector - INFO - 🌏 自动追加: 吉林市新闻综合 [Geo-blocked] -> ☘️吉林频道
2026-08-03 14:21:06,255 - IPTVCollector - INFO - 📌 未分类频道追加到 '其他': 延边新闻综合 [Geo-blocked]
2026-08-03 14:21:06,256 - IPTVCollector - INFO - 🌏 自动追加: 白山新闻综合 [Geo-blocked] -> ☘️吉林频道
2026-08-03 14:21:06,256 - IPTVCollector - INFO - 📌 未分类频道追加到 '其他': 辽新闻综合 [Geo-blocked]
2026-08-03 14:21:06,257 - IPTVCollector - INFO - 🌏 自动追加: 长春综合 [Geo-blocked] -> ☘️吉林频道
2026-08-03 14:21:06,258 - IPTVCollector - INFO - 🌏 自动追加: 通化新闻 [Geo-blocked] -> ☘️吉林频道
2026-08-03 14:21:06,258 - IPTVCollector - INFO - 📌 未分类频道追加到 '其他': 集安综合 [Geo-blocked]
2026-08-03 14:21:06,258 - IPTVCollector - INFO - 📌 未分类频道追加到 '其他': CGTN French
2026-08-03 14:21:06,258 - IPTVCollector - INFO - 📌 未分类频道追加到 '其他': 前郭综合 [Geo-blocked]
2026-08-03 14:21:06,258 - IPTVCollector - INFO - 📌 未分类频道追加到 '其他': 江津经济生活
2026-08-03 14:21:06,258 - IPTVCollector - INFO - 📌 未分类频道追加到 '其他': 靖江新闻綜合 [Not 24/7]
2026-08-03 14:21:06,258 - IPTVCollector - INFO - 📌 未分类频道追加到 '其他': CGTN记录
2026-08-03 14:21:06,258 - IPTVCollector - INFO - 🌏 自动追加: 上海卫视 -> ☘️上海频道
2026-08-03 14:21:06,259 - IPTVCollector - INFO - 📌 未分类频道追加到 '其他': 东南卫视
2026-08-03 14:21:06,259 - IPTVCollector - INFO - 📌 未分类频道追加到 '其他': Xinjiang TV 1
2026-08-03 14:21:06,259 - IPTVCollector - INFO - 📌 未分类频道追加到 '其他': 熊猫直
2026-08-03 14:21:06,259 - IPTVCollector - INFO - 🎯 Demo 筛选：原始 341 -> 匹配/分类后 341 个频道
2026-08-03 14:21:06,259 - IPTVCollector - INFO - 📊 Demo筛选后: 341
2026-08-03 14:21:06,260 - IPTVCollector - INFO - ✅ M3U 文件已生成: output/tv.m3u
2026-08-03 14:21:06,260 - IPTVCollector - INFO - ✅ TXT 文件已生成: output/tv.txt
2026-08-03 14:21:06,261 - IPTVCollector - INFO - ✅ 多源 M3U 文件已生成: output/tv_multi.m3u
2026-08-03 14:21:06,262 - IPTVCollector - INFO - ✅ JSON API 已生成: output/channels.json
2026-08-03 14:21:06,263 - IPTVCollector - INFO - ✅ 精简版已生成: output/tv_lite.m3u
2026-08-03 14:21:06,263 - IPTVCollector - INFO - ✅ M3U 文件已生成: output/tv_epg.m3u
2026-08-03 14:21:06,263 - IPTVCollector - INFO - 🚀 IPTV 自治系统启动
2026-08-03 14:21:06,263 - IPTVCollector - INFO - ⏭️ 跳过发现阶段
2026-08-03 14:21:06,263 - IPTVCollector - INFO - ==================================================
阶段2: 从缓存观察候选源
==================================================
2026-08-03 14:21:06,288 - IPTVCollector - INFO -   📊 观察进度: 100/126，稳定 0 个
2026-08-03 14:21:06,292 - IPTVCollector - INFO - ✅ 观察阶段完成: 0 个源达到稳定标准
2026-08-03 14:21:06,293 - IPTVCollector - INFO - ==================================================
阶段3: 提升稳定源
==================================================
2026-08-03 14:21:06,293 - IPTVCollector - INFO - 📭 没有稳定的候选源需要提升
2026-08-03 14:21:06,293 - IPTVCollector - INFO - 📊 自治模式统计:
2026-08-03 14:21:06,293 - IPTVCollector - INFO -   候选池总数: 608, 观察中: 126, 稳定: 478
2026-08-03 14:21:06,293 - IPTVCollector - INFO -   本次新提升: 0
2026-08-03 14:21:06,293 - IPTVCollector - INFO - 🎉 全部完成！
2026-08-03 19:21:49,056 - IPTVCollector - INFO - 🚀 IPTV 智能整理平台启动
2026-08-03 19:21:49,059 - IPTVCollector - INFO - ✅ 数据库缓存已启用: data/iptv_cache.db
2026-08-03 19:21:49,063 - IPTVCollector - INFO - 📌 CCTV-1 已设为固定源 (auto_optimize=True)
2026-08-03 19:21:49,065 - IPTVCollector - INFO - 📌 CCTV-2 已设为固定源 (auto_optimize=True)
2026-08-03 19:21:49,067 - IPTVCollector - INFO - 📌 CCTV-3 已设为固定源 (auto_optimize=True)
2026-08-03 19:21:49,068 - IPTVCollector - INFO - 📌 CCTV-4 已设为固定源 (auto_optimize=True)
2026-08-03 19:21:49,069 - IPTVCollector - INFO - 📌 CCTV-5 已设为固定源 (auto_optimize=True)
2026-08-03 19:21:49,070 - IPTVCollector - INFO - 📌 CCTV-5+ 已设为固定源 (auto_optimize=True)
2026-08-03 19:21:49,072 - IPTVCollector - INFO - 📌 CCTV-6 已设为固定源 (auto_optimize=True)
2026-08-03 19:21:49,073 - IPTVCollector - INFO - 📌 CCTV-7 已设为固定源 (auto_optimize=True)
2026-08-03 19:21:49,074 - IPTVCollector - INFO - 📌 CCTV-8 已设为固定源 (auto_optimize=True)
2026-08-03 19:21:49,075 - IPTVCollector - INFO - 📌 CCTV-9 已设为固定源 (auto_optimize=True)
2026-08-03 19:21:49,076 - IPTVCollector - INFO - 📌 CCTV-10 已设为固定源 (auto_optimize=True)
2026-08-03 19:21:49,077 - IPTVCollector - INFO - 📌 CCTV-11 已设为固定源 (auto_optimize=True)
2026-08-03 19:21:49,079 - IPTVCollector - INFO - 📌 CCTV-12 已设为固定源 (auto_optimize=True)
2026-08-03 19:21:49,080 - IPTVCollector - INFO - 📌 CCTV-13 已设为固定源 (auto_optimize=True)
2026-08-03 19:21:49,081 - IPTVCollector - INFO - 📌 CCTV-14 已设为固定源 (auto_optimize=True)
2026-08-03 19:21:49,082 - IPTVCollector - INFO - 📌 CCTV-15 已设为固定源 (auto_optimize=True)
2026-08-03 19:21:49,083 - IPTVCollector - INFO - 📌 CCTV-16 已设为固定源 (auto_optimize=True)
2026-08-03 19:21:49,085 - IPTVCollector - INFO - 📌 CCTV-17 已设为固定源 (auto_optimize=True)
2026-08-03 19:21:49,086 - IPTVCollector - INFO - 📌 CCTV4欧洲 已设为固定源 (auto_optimize=True)
2026-08-03 19:21:49,087 - IPTVCollector - INFO - 📌 CCTV4美洲 已设为固定源 (auto_optimize=True)
2026-08-03 19:21:49,087 - IPTVCollector - INFO - 📌 固定源已同步到数据库
2026-08-03 19:21:49,088 - IPTVCollector - INFO - 📋 订阅源解析：普通 11 个，白名单 0 个
2026-08-03 19:21:49,088 - IPTVCollector - INFO - 📋 使用 11 个源
2026-08-03 19:22:07,184 - IPTVCollector - INFO - 📊 测速完成，有效频道: 427 个
2026-08-03 19:22:07,185 - IPTVCollector - INFO - 📊 通过测速的频道数: 427
2026-08-03 19:22:07,686 - IPTVCollector - INFO - 🔍 ffmpeg 深度验证: 0 个需验证，426 个来自缓存/HTTP
2026-08-03 19:22:07,686 - IPTVCollector - INFO - ✅ ffmpeg 验证完成: 通过 426/427 个频道
2026-08-03 19:22:07,686 - IPTVCollector - INFO - 📊 通过ffmpeg验证的频道数: 426
2026-08-03 19:22:07,695 - IPTVCollector - INFO - 📌 已使用 19 个固定源（含自动优化）
2026-08-03 19:22:07,695 - IPTVCollector - INFO - 📊 合并完成: 共 369 个频道
2026-08-03 19:22:07,695 - IPTVCollector - INFO - 📊 合并后的频道数: 369
2026-08-03 19:22:07,729 - IPTVCollector - INFO - 📊 黑名单过滤后: 352
2026-08-03 19:22:07,733 - IPTVCollector - INFO - 📋 从 demo.txt 解析到 3541 个有序频道
2026-08-03 19:22:07,735 - IPTVCollector - INFO - 📋 从 demo.txt 解析到 3541 个有序频道
2026-08-03 19:23:44,537 - IPTVCollector - INFO - 📌 未分类频道追加到 '其他': 韩国电影2
2026-08-03 19:23:44,537 - IPTVCollector - INFO - 📌 未分类频道追加到 '其他': 韩国电影1
2026-08-03 19:23:44,537 - IPTVCollector - INFO - 📌 未分类频道追加到 '其他': Bread TV面包台
2026-08-03 19:23:44,537 - IPTVCollector - INFO - 📌 未分类频道追加到 '其他': 第一财经
2026-08-03 19:23:44,538 - IPTVCollector - INFO - 📌 未分类频道追加到 '其他': FZTV3
2026-08-03 19:23:44,538 - IPTVCollector - INFO - 📌 未分类频道追加到 '其他': 河南电视剧
2026-08-03 19:23:44,538 - IPTVCollector - INFO - 📌 未分类频道追加到 '其他': 辽宁青少
2026-08-03 19:23:44,540 - IPTVCollector - INFO - 🌏 自动追加: 长沙新闻综合 -> ☘️湖南频道
2026-08-03 19:23:44,540 - IPTVCollector - INFO - 📌 未分类频道追加到 '其他': 九台
2026-08-03 19:23:44,540 - IPTVCollector - INFO - 📌 未分类频道追加到 '其他': 耀才财经
2026-08-03 19:23:44,540 - IPTVCollector - INFO - 📌 未分类频道追加到 '其他': 东丰
2026-08-03 19:23:44,540 - IPTVCollector - INFO - 📌 未分类频道追加到 '其他': 都市青春
2026-08-03 19:23:44,541 - IPTVCollector - INFO - 📌 未分类频道追加到 '其他': 双辽
2026-08-03 19:23:44,541 - IPTVCollector - INFO - 📌 未分类频道追加到 '其他': 陕西新闻咨询
2026-08-03 19:23:44,541 - IPTVCollector - INFO - 📌 未分类频道追加到 '其他': 江津新闻
2026-08-03 19:23:44,541 - IPTVCollector - INFO - 📌 未分类频道追加到 '其他': 延边2
2026-08-03 19:23:44,541 - IPTVCollector - INFO - 📌 未分类频道追加到 '其他': 柳河
2026-08-03 19:23:44,541 - IPTVCollector - INFO - 📌 未分类频道追加到 '其他': 桦甸
2026-08-03 19:23:44,541 - IPTVCollector - INFO - 📌 未分类频道追加到 '其他': 汪清
2026-08-03 19:23:44,542 - IPTVCollector - INFO - 📌 未分类频道追加到 '其他': 珲春新闻
2026-08-03 19:23:44,542 - IPTVCollector - INFO - 📌 未分类频道追加到 '其他': 磐石
2026-08-03 19:23:44,542 - IPTVCollector - INFO - 📌 未分类频道追加到 '其他': 舒兰新闻
2026-08-03 19:23:44,543 - IPTVCollector - INFO - 🌏 自动追加: 哈尔滨都市咨询 -> ☘️黑龙江频道
2026-08-03 19:23:44,543 - IPTVCollector - INFO - 📌 未分类频道追加到 '其他': 辉南新闻
2026-08-03 19:23:44,545 - IPTVCollector - INFO - 🌏 自动追加: 通化县 -> ☘️吉林频道
2026-08-03 19:23:44,546 - IPTVCollector - INFO - 🌏 自动追加: 长白山电视台 -> ☘️吉林频道
2026-08-03 19:23:44,546 - IPTVCollector - INFO - 📌 未分类频道追加到 '其他': 无线新闻台
2026-08-03 19:23:44,546 - IPTVCollector - INFO - 📌 未分类频道追加到 '其他': 龙井
2026-08-03 19:23:44,547 - IPTVCollector - INFO - 📌 未分类频道追加到 '其他': Home Plus
2026-08-03 19:23:44,547 - IPTVCollector - INFO - 📌 未分类频道追加到 '其他': 新闻咨询
2026-08-03 19:23:44,547 - IPTVCollector - INFO - 📌 未分类频道追加到 '其他': VOA美国之音
2026-08-03 19:23:44,547 - IPTVCollector - INFO - 📌 未分类频道追加到 '其他': 韩国EBS少儿
2026-08-03 19:23:44,547 - IPTVCollector - INFO - 📌 未分类频道追加到 '其他': Nei Monggol TV [Not 24/7]
2026-08-03 19:23:44,547 - IPTVCollector - INFO - 📌 未分类频道追加到 '其他': Chifeng Comprehensive News Chanel
2026-08-03 19:23:44,548 - IPTVCollector - INFO - 📌 未分类频道追加到 '其他': 地理中国
2026-08-03 19:23:44,548 - IPTVCollector - INFO - 📌 未分类频道追加到 '其他': Nei Monggol TV 2 Mongolian Culture Channel [Not 24/7]
2026-08-03 19:23:44,548 - IPTVCollector - INFO - 📌 未分类频道追加到 '其他': 音乐现场
2026-08-03 19:23:44,548 - IPTVCollector - INFO - 📌 未分类频道追加到 '其他': 人与自然
2026-08-03 19:23:44,548 - IPTVCollector - INFO - 📌 未分类频道追加到 '其他': Harbin Comprehensive News Channel
2026-08-03 19:23:44,548 - IPTVCollector - INFO - 📌 未分类频道追加到 '其他': 自然传奇
2026-08-03 19:23:44,548 - IPTVCollector - INFO - 📌 未分类频道追加到 '其他': Harbin Movie Channel
2026-08-03 19:23:44,549 - IPTVCollector - INFO - 📌 未分类频道追加到 '其他': 音乐欣赏
2026-08-03 19:23:44,549 - IPTVCollector - INFO - 📌 未分类频道追加到 '其他': QTV-1
2026-08-03 19:23:44,549 - IPTVCollector - INFO - 📌 未分类频道追加到 '其他': Hunan TV
2026-08-03 19:23:44,549 - IPTVCollector - INFO - 📌 未分类频道追加到 '其他': Xinjiang TV 2
2026-08-03 19:23:44,549 - IPTVCollector - INFO - 📌 未分类频道追加到 '其他': TV BRICS Chinese
2026-08-03 19:23:44,549 - IPTVCollector - INFO - 📌 未分类频道追加到 '其他': 飞碟之谜01
2026-08-03 19:23:44,550 - IPTVCollector - INFO - 📌 未分类频道追加到 '其他': 大立电视台
2026-08-03 19:23:44,550 - IPTVCollector - INFO - 📌 未分类频道追加到 '其他': Xinjiang TV 3
2026-08-03 19:23:44,550 - IPTVCollector - INFO - 📌 未分类频道追加到 '其他': 1988年春晚
2026-08-03 19:23:44,550 - IPTVCollector - INFO - 📌 未分类频道追加到 '其他': 1989年春晚
2026-08-03 19:23:44,550 - IPTVCollector - INFO - 📌 未分类频道追加到 '其他': 1987年春晚
2026-08-03 19:23:44,550 - IPTVCollector - INFO - 📌 未分类频道追加到 '其他': Siping TV
2026-08-03 19:23:44,550 - IPTVCollector - INFO - 📌 未分类频道追加到 '其他': Zhejiang TV International
2026-08-03 19:23:44,551 - IPTVCollector - INFO - 🌏 自动追加: 绍兴电视台公共 -> ☘️浙江频道
2026-08-03 19:23:44,552 - IPTVCollector - INFO - 🌏 自动追加: 白城新闻综合 [Geo-blocked] -> ☘️吉林频道
2026-08-03 19:23:44,552 - IPTVCollector - INFO - 📌 未分类频道追加到 '其他': 通海电视台
2026-08-03 19:23:44,552 - IPTVCollector - INFO - 📌 未分类频道追加到 '其他': Dali TV
2026-08-03 19:23:44,552 - IPTVCollector - INFO - 📌 未分类频道追加到 '其他': CNA
2026-08-03 19:23:44,553 - IPTVCollector - INFO - 📌 未分类频道追加到 '其他': Beautiful Life TV
2026-08-03 19:23:44,553 - IPTVCollector - INFO - 📌 未分类频道追加到 '其他': Newsmax
2026-08-03 19:23:44,553 - IPTVCollector - INFO - 📌 未分类频道追加到 '其他': Arirang
2026-08-03 19:23:44,553 - IPTVCollector - INFO - 📌 未分类频道追加到 '其他': Good
2026-08-03 19:23:44,553 - IPTVCollector - INFO - 📌 未分类频道追加到 '其他': Good 2
2026-08-03 19:23:44,553 - IPTVCollector - INFO - 📌 未分类频道追加到 '其他': 2024年春晚
2026-08-03 19:23:44,554 - IPTVCollector - INFO - 📌 未分类频道追加到 '其他': Supreme Master TV
2026-08-03 19:23:44,554 - IPTVCollector - INFO - 📌 未分类频道追加到 '其他': 农安新闻综合 [Geo-blocked]
2026-08-03 19:23:44,554 - IPTVCollector - INFO - 📌 未分类频道追加到 '其他': RT News
2026-08-03 19:23:44,554 - IPTVCollector - INFO - 📌 未分类频道追加到 '其他': TVB News
2026-08-03 19:23:44,554 - IPTVCollector - INFO - 📌 未分类频道追加到 '其他': TVB Plus
2026-08-03 19:23:44,554 - IPTVCollector - INFO - 📌 未分类频道追加到 '其他': Pet Club TV
2026-08-03 19:23:44,554 - IPTVCollector - INFO - 📌 未分类频道追加到 '其他': 前郭综合 [Geo-blocked]
2026-08-03 19:23:44,556 - IPTVCollector - INFO - 🌏 自动追加: 四平新闻综合 [Geo-blocked] -> ☘️吉林频道
2026-08-03 19:23:44,557 - IPTVCollector - INFO - 🌏 自动追加: 吉林市新闻综合 [Geo-blocked] -> ☘️吉林频道
2026-08-03 19:23:44,557 - IPTVCollector - INFO - 📌 未分类频道追加到 '其他': Trace Sports
2026-08-03 19:23:44,557 - IPTVCollector - INFO - 📌 未分类频道追加到 '其他': 兴隆综合
2026-08-03 19:23:44,557 - IPTVCollector - INFO - 📌 未分类频道追加到 '其他': Wild Earth
2026-08-03 19:23:44,558 - IPTVCollector - INFO - 📌 未分类频道追加到 '其他': 延边新闻综合 [Geo-blocked]
2026-08-03 19:23:44,558 - IPTVCollector - INFO - 📌 未分类频道追加到 '其他': RT Balkan
2026-08-03 19:23:44,559 - IPTVCollector - INFO - 🌏 自动追加: 松原新闻综合 [Geo-blocked] -> ☘️吉林频道
2026-08-03 19:23:44,559 - IPTVCollector - INFO - 📌 未分类频道追加到 '其他': WionNews
2026-08-03 19:23:44,559 - IPTVCollector - INFO - 📌 未分类频道追加到 '其他': RT DE
2026-08-03 19:23:44,560 - IPTVCollector - INFO - 📌 未分类频道追加到 '其他': RT Español
2026-08-03 19:23:44,560 - IPTVCollector - INFO - 📌 未分类频道追加到 '其他': RT Français
2026-08-03 19:23:44,560 - IPTVCollector - INFO - 🌏 自动追加: 浙江 Ⅰ 绍兴影视 -> ☘️浙江频道
2026-08-03 19:23:44,560 - IPTVCollector - INFO - 📌 未分类频道追加到 '其他': 武进生活 [Not 24/7]
2026-08-03 19:23:44,560 - IPTVCollector - INFO - 📌 未分类频道追加到 '其他': 倩女幽魂道道道
2026-08-03 19:23:44,560 - IPTVCollector - INFO - 📌 未分类频道追加到 '其他': 倩女幽魂人间道
2026-08-03 19:23:44,561 - IPTVCollector - INFO - 📌 未分类频道追加到 '其他': 武进新闻 [Not 24/7]
2026-08-03 19:23:44,561 - IPTVCollector - INFO - 📌 未分类频道追加到 '其他': 倩女幽魂妖魔道
2026-08-03 19:23:44,561 - IPTVCollector - INFO - 📌 未分类频道追加到 '其他': 春晚2025
2026-08-03 19:23:44,561 - IPTVCollector - INFO - 🌏 自动追加: 浙江 Ⅰ 绍兴综合 -> ☘️浙江频道
2026-08-03 19:23:44,561 - IPTVCollector - INFO - 📌 未分类频道追加到 '其他': 江津经济生活
2026-08-03 19:23:44,562 - IPTVCollector - INFO - 📌 未分类频道追加到 '其他': 龙门飞甲
2026-08-03 19:23:44,562 - IPTVCollector - INFO - 📌 未分类频道追加到 '其他': 春晚2024
2026-08-03 19:23:44,562 - IPTVCollector - INFO - 📌 未分类频道追加到 '其他': 伊犁经济法制
2026-08-03 19:23:44,562 - IPTVCollector - INFO - 📌 未分类频道追加到 '其他': 象视界
2026-08-03 19:23:44,563 - IPTVCollector - INFO - 🌏 自动追加: 白山新闻综合 [Geo-blocked] -> ☘️吉林频道
2026-08-03 19:23:44,563 - IPTVCollector - INFO - 📌 未分类频道追加到 '其他': 环球电视
2026-08-03 19:23:44,564 - IPTVCollector - INFO - 📌 未分类频道追加到 '其他': 浙江经济
2026-08-03 19:23:44,564 - IPTVCollector - INFO - 📌 未分类频道追加到 '其他': 玛纳斯
2026-08-03 19:23:44,564 - IPTVCollector - INFO - 📌 未分类频道追加到 '其他': 辽新闻综合 [Geo-blocked]
2026-08-03 19:23:44,564 - IPTVCollector - INFO - 📌 未分类频道追加到 '其他': CGTN-Documentary
2026-08-03 19:23:44,565 - IPTVCollector - INFO - 🌏 自动追加: 通化新闻 [Geo-blocked] -> ☘️吉林频道
2026-08-03 19:23:44,567 - IPTVCollector - INFO - 🌏 自动追加: 长春综合 [Geo-blocked] -> ☘️吉林频道
2026-08-03 19:23:44,567 - IPTVCollector - INFO - 📌 未分类频道追加到 '其他': 玛纳斯综合
2026-08-03 19:23:44,567 - IPTVCollector - INFO - 📌 未分类频道追加到 '其他': 集安综合 [Geo-blocked]
2026-08-03 19:23:44,567 - IPTVCollector - INFO - 📌 未分类频道追加到 '其他': 奎屯汉语
2026-08-03 19:23:44,567 - IPTVCollector - INFO - 📌 未分类频道追加到 '其他': 浙江钱江都市
2026-08-03 19:23:44,567 - IPTVCollector - INFO - 📌 未分类频道追加到 '其他': 荣昌综合 [Not 24/7]
2026-08-03 19:23:44,568 - IPTVCollector - INFO - 📌 未分类频道追加到 '其他': CGTN French
2026-08-03 19:23:44,568 - IPTVCollector - INFO - 📌 未分类频道追加到 '其他': 靖江新闻綜合 [Not 24/7]
2026-08-03 19:23:44,568 - IPTVCollector - INFO - 🌏 自动追加: 福州广电视台新闻综合频道 -> ☘️福建频道
2026-08-03 19:23:44,568 - IPTVCollector - INFO - 📌 未分类频道追加到 '其他': Xinjiang TV 1
2026-08-03 19:23:44,569 - IPTVCollector - INFO - 🌏 自动追加: 邯郸公共频道 -> ☘️河北频道
2026-08-03 19:23:44,570 - IPTVCollector - INFO - 📌 未分类频道追加到 '其他': CGTN记录
2026-08-03 19:23:44,570 - IPTVCollector - INFO - 📌 未分类频道追加到 '其他': 梨园
2026-08-03 19:23:44,570 - IPTVCollector - INFO - 🌏 自动追加: 上海卫视 -> ☘️上海频道
2026-08-03 19:23:44,570 - IPTVCollector - INFO - 📌 未分类频道追加到 '其他': 数码时代
2026-08-03 19:23:44,570 - IPTVCollector - INFO - 📌 未分类频道追加到 '其他': 东南卫视
2026-08-03 19:23:44,570 - IPTVCollector - INFO - 📌 未分类频道追加到 '其他': 熊猫直
2026-08-03 19:23:44,571 - IPTVCollector - INFO - 📌 未分类频道追加到 '其他': 浙江教科影视
2026-08-03 19:23:44,571 - IPTVCollector - INFO - 📌 未分类频道追加到 '其他': 浙江教科影院
2026-08-03 19:23:44,571 - IPTVCollector - INFO - 📌 未分类频道追加到 '其他': 浙江教育
2026-08-03 19:23:44,571 - IPTVCollector - INFO - 📌 未分类频道追加到 '其他': 浙江民生休闲
2026-08-03 19:23:44,571 - IPTVCollector - INFO - 📌 未分类频道追加到 '其他': 浙江钱江频道
2026-08-03 19:23:44,571 - IPTVCollector - INFO - 📌 未分类频道追加到 '其他': 浙江生活
2026-08-03 19:23:44,571 - IPTVCollector - INFO - 📌 未分类频道追加到 '其他': 凤凰中文
2026-08-03 19:23:44,572 - IPTVCollector - INFO - 📌 未分类频道追加到 '其他': 凤凰资讯
2026-08-03 19:23:44,573 - IPTVCollector - INFO - 🌏 自动追加: 武汉一台新闻综合 -> ☘️湖北频道
2026-08-03 19:23:44,573 - IPTVCollector - INFO - 📌 未分类频道追加到 '其他': CHC电影
2026-08-03 19:23:44,573 - IPTVCollector - INFO - 📌 未分类频道追加到 '其他': ABN China
2026-08-03 19:23:44,574 - IPTVCollector - INFO - 🌏 自动追加: 凤凰香港 -> 🌊港·澳·台
2026-08-03 19:23:44,574 - IPTVCollector - INFO - 🎯 Demo 筛选：原始 352 -> 匹配/分类后 352 个频道
2026-08-03 19:23:44,574 - IPTVCollector - INFO - 📊 Demo筛选后: 352
2026-08-03 19:23:44,575 - IPTVCollector - INFO - ✅ M3U 文件已生成: output/tv.m3u
2026-08-03 19:23:44,575 - IPTVCollector - INFO - ✅ TXT 文件已生成: output/tv.txt
2026-08-03 19:23:44,576 - IPTVCollector - INFO - ✅ 多源 M3U 文件已生成: output/tv_multi.m3u
2026-08-03 19:23:44,578 - IPTVCollector - INFO - ✅ JSON API 已生成: output/channels.json
2026-08-03 19:23:44,579 - IPTVCollector - INFO - ✅ 精简版已生成: output/tv_lite.m3u
2026-08-03 19:23:44,579 - IPTVCollector - INFO - ✅ M3U 文件已生成: output/tv_epg.m3u
2026-08-03 19:23:44,579 - IPTVCollector - INFO - 🚀 IPTV 自治系统启动
2026-08-03 19:23:44,579 - IPTVCollector - INFO - ⏭️ 跳过发现阶段
2026-08-03 19:23:44,580 - IPTVCollector - INFO - ==================================================
阶段2: 从缓存观察候选源
==================================================
2026-08-03 19:23:44,621 - IPTVCollector - INFO -   📊 观察进度: 100/125，稳定 0 个
2026-08-03 19:23:44,626 - IPTVCollector - INFO - ✅ 观察阶段完成: 0 个源达到稳定标准
2026-08-03 19:23:44,627 - IPTVCollector - INFO - ==================================================
阶段3: 提升稳定源
==================================================
2026-08-03 19:23:44,627 - IPTVCollector - INFO - 📭 没有稳定的候选源需要提升
2026-08-03 19:23:44,627 - IPTVCollector - INFO - 📊 自治模式统计:
2026-08-03 19:23:44,627 - IPTVCollector - INFO -   候选池总数: 608, 观察中: 125, 稳定: 479
2026-08-03 19:23:44,627 - IPTVCollector - INFO -   本次新提升: 0
2026-08-03 19:23:44,627 - IPTVCollector - INFO - 🎉 全部完成！
2026-08-04 01:45:31,700 - IPTVCollector - INFO - 🚀 IPTV 智能整理平台启动
2026-08-04 01:45:31,702 - IPTVCollector - INFO - ✅ 数据库缓存已启用: data/iptv_cache.db
2026-08-04 01:45:31,704 - IPTVCollector - INFO - 📌 CCTV-1 已设为固定源 (auto_optimize=True)
2026-08-04 01:45:31,706 - IPTVCollector - INFO - 📌 CCTV-2 已设为固定源 (auto_optimize=True)
2026-08-04 01:45:31,707 - IPTVCollector - INFO - 📌 CCTV-3 已设为固定源 (auto_optimize=True)
2026-08-04 01:45:31,708 - IPTVCollector - INFO - 📌 CCTV-4 已设为固定源 (auto_optimize=True)
2026-08-04 01:45:31,709 - IPTVCollector - INFO - 📌 CCTV-5 已设为固定源 (auto_optimize=True)
2026-08-04 01:45:31,710 - IPTVCollector - INFO - 📌 CCTV-5+ 已设为固定源 (auto_optimize=True)
2026-08-04 01:45:31,711 - IPTVCollector - INFO - 📌 CCTV-6 已设为固定源 (auto_optimize=True)
2026-08-04 01:45:31,712 - IPTVCollector - INFO - 📌 CCTV-7 已设为固定源 (auto_optimize=True)
2026-08-04 01:45:31,713 - IPTVCollector - INFO - 📌 CCTV-8 已设为固定源 (auto_optimize=True)
2026-08-04 01:45:31,714 - IPTVCollector - INFO - 📌 CCTV-9 已设为固定源 (auto_optimize=True)
2026-08-04 01:45:31,715 - IPTVCollector - INFO - 📌 CCTV-10 已设为固定源 (auto_optimize=True)
2026-08-04 01:45:31,716 - IPTVCollector - INFO - 📌 CCTV-11 已设为固定源 (auto_optimize=True)
2026-08-04 01:45:31,717 - IPTVCollector - INFO - 📌 CCTV-12 已设为固定源 (auto_optimize=True)
2026-08-04 01:45:31,718 - IPTVCollector - INFO - 📌 CCTV-13 已设为固定源 (auto_optimize=True)
2026-08-04 01:45:31,719 - IPTVCollector - INFO - 📌 CCTV-14 已设为固定源 (auto_optimize=True)
2026-08-04 01:45:31,720 - IPTVCollector - INFO - 📌 CCTV-15 已设为固定源 (auto_optimize=True)
2026-08-04 01:45:31,721 - IPTVCollector - INFO - 📌 CCTV-16 已设为固定源 (auto_optimize=True)
2026-08-04 01:45:31,722 - IPTVCollector - INFO - 📌 CCTV-17 已设为固定源 (auto_optimize=True)
2026-08-04 01:45:31,723 - IPTVCollector - INFO - 📌 CCTV4欧洲 已设为固定源 (auto_optimize=True)
2026-08-04 01:45:31,724 - IPTVCollector - INFO - 📌 CCTV4美洲 已设为固定源 (auto_optimize=True)
2026-08-04 01:45:31,724 - IPTVCollector - INFO - 📌 固定源已同步到数据库
2026-08-04 01:45:31,724 - IPTVCollector - INFO - 📋 订阅源解析：普通 11 个，白名单 0 个
2026-08-04 01:45:31,724 - IPTVCollector - INFO - 📋 使用 11 个源
2026-08-04 01:45:59,336 - IPTVCollector - INFO - 📊 测速完成，有效频道: 423 个
2026-08-04 01:45:59,336 - IPTVCollector - INFO - 📊 通过测速的频道数: 423
2026-08-04 01:45:59,729 - IPTVCollector - INFO - 🔍 ffmpeg 深度验证: 0 个需验证，422 个来自缓存/HTTP
2026-08-04 01:45:59,729 - IPTVCollector - INFO - ✅ ffmpeg 验证完成: 通过 422/423 个频道
2026-08-04 01:45:59,729 - IPTVCollector - INFO - 📊 通过ffmpeg验证的频道数: 422
2026-08-04 01:45:59,738 - IPTVCollector - INFO - 📌 已使用 19 个固定源（含自动优化）
2026-08-04 01:45:59,738 - IPTVCollector - INFO - 📊 合并完成: 共 366 个频道
2026-08-04 01:45:59,738 - IPTVCollector - INFO - 📊 合并后的频道数: 366
2026-08-04 01:45:59,769 - IPTVCollector - INFO - 📊 黑名单过滤后: 350
2026-08-04 01:45:59,773 - IPTVCollector - INFO - 📋 从 demo.txt 解析到 3541 个有序频道
2026-08-04 01:45:59,775 - IPTVCollector - INFO - 📋 从 demo.txt 解析到 3541 个有序频道
2026-08-04 01:47:28,182 - IPTVCollector - INFO - 📌 未分类频道追加到 '其他': 韩国电影2
2026-08-04 01:47:28,182 - IPTVCollector - INFO - 📌 未分类频道追加到 '其他': 韩国电影1
2026-08-04 01:47:28,182 - IPTVCollector - INFO - 📌 未分类频道追加到 '其他': ABN China
2026-08-04 01:47:28,183 - IPTVCollector - INFO - 📌 未分类频道追加到 '其他': Bread TV面包台
2026-08-04 01:47:28,183 - IPTVCollector - INFO - 📌 未分类频道追加到 '其他': 东丰
2026-08-04 01:47:28,183 - IPTVCollector - INFO - 📌 未分类频道追加到 '其他': FZTV3
2026-08-04 01:47:28,184 - IPTVCollector - INFO - 🌏 自动追加: 长沙新闻综合 -> ☘️湖南频道
2026-08-04 01:47:28,184 - IPTVCollector - INFO - 📌 未分类频道追加到 '其他': 第一财经
2026-08-04 01:47:28,185 - IPTVCollector - INFO - 📌 未分类频道追加到 '其他': 耀才财经
2026-08-04 01:47:28,185 - IPTVCollector - INFO - 📌 未分类频道追加到 '其他': 双辽
2026-08-04 01:47:28,185 - IPTVCollector - INFO - 📌 未分类频道追加到 '其他': 辽宁青少
2026-08-04 01:47:28,185 - IPTVCollector - INFO - 📌 未分类频道追加到 '其他': 都市青春
2026-08-04 01:47:28,185 - IPTVCollector - INFO - 📌 未分类频道追加到 '其他': 江津新闻
2026-08-04 01:47:28,185 - IPTVCollector - INFO - 📌 未分类频道追加到 '其他': 陕西新闻咨询
2026-08-04 01:47:28,185 - IPTVCollector - INFO - 📌 未分类频道追加到 '其他': 柳河
2026-08-04 01:47:28,185 - IPTVCollector - INFO - 📌 未分类频道追加到 '其他': 延边2
2026-08-04 01:47:28,186 - IPTVCollector - INFO - 📌 未分类频道追加到 '其他': 九台
2026-08-04 01:47:28,186 - IPTVCollector - INFO - 📌 未分类频道追加到 '其他': 桦甸
2026-08-04 01:47:28,186 - IPTVCollector - INFO - 📌 未分类频道追加到 '其他': 汪清
2026-08-04 01:47:28,186 - IPTVCollector - INFO - 📌 未分类频道追加到 '其他': 磐石
2026-08-04 01:47:28,187 - IPTVCollector - INFO - 🌏 自动追加: 哈尔滨都市咨询 -> ☘️黑龙江频道
2026-08-04 01:47:28,187 - IPTVCollector - INFO - 📌 未分类频道追加到 '其他': 舒兰新闻
2026-08-04 01:47:28,187 - IPTVCollector - INFO - 📌 未分类频道追加到 '其他': 珲春新闻
2026-08-04 01:47:28,187 - IPTVCollector - INFO - 📌 未分类频道追加到 '其他': 辉南新闻
2026-08-04 01:47:28,189 - IPTVCollector - INFO - 🌏 自动追加: 通化县 -> ☘️吉林频道
2026-08-04 01:47:28,190 - IPTVCollector - INFO - 🌏 自动追加: 长白山电视台 -> ☘️吉林频道
2026-08-04 01:47:28,190 - IPTVCollector - INFO - 📌 未分类频道追加到 '其他': 无线新闻台
2026-08-04 01:47:28,190 - IPTVCollector - INFO - 📌 未分类频道追加到 '其他': 新闻咨询
2026-08-04 01:47:28,191 - IPTVCollector - INFO - 📌 未分类频道追加到 '其他': Home Plus
2026-08-04 01:47:28,191 - IPTVCollector - INFO - 📌 未分类频道追加到 '其他': 龙井
2026-08-04 01:47:28,191 - IPTVCollector - INFO - 📌 未分类频道追加到 '其他': Chifeng Comprehensive News Chanel
2026-08-04 01:47:28,191 - IPTVCollector - INFO - 📌 未分类频道追加到 '其他': Harbin Comprehensive News Channel
2026-08-04 01:47:28,191 - IPTVCollector - INFO - 📌 未分类频道追加到 '其他': Nei Monggol TV [Not 24/7]
2026-08-04 01:47:28,191 - IPTVCollector - INFO - 📌 未分类频道追加到 '其他': Nei Monggol TV 2 Mongolian Culture Channel [Not 24/7]
2026-08-04 01:47:28,191 - IPTVCollector - INFO - 📌 未分类频道追加到 '其他': 韩国EBS少儿
2026-08-04 01:47:28,192 - IPTVCollector - INFO - 📌 未分类频道追加到 '其他': VOA美国之音
2026-08-04 01:47:28,192 - IPTVCollector - INFO - 📌 未分类频道追加到 '其他': Hunan TV
2026-08-04 01:47:28,192 - IPTVCollector - INFO - 📌 未分类频道追加到 '其他': 音乐欣赏
2026-08-04 01:47:28,192 - IPTVCollector - INFO - 📌 未分类频道追加到 '其他': Siping TV
2026-08-04 01:47:28,192 - IPTVCollector - INFO - 📌 未分类频道追加到 '其他': QTV-1
2026-08-04 01:47:28,192 - IPTVCollector - INFO - 📌 未分类频道追加到 '其他': Harbin Movie Channel
2026-08-04 01:47:28,192 - IPTVCollector - INFO - 📌 未分类频道追加到 '其他': Xinjiang TV 2
2026-08-04 01:47:28,193 - IPTVCollector - INFO - 📌 未分类频道追加到 '其他': 音乐现场
2026-08-04 01:47:28,193 - IPTVCollector - INFO - 📌 未分类频道追加到 '其他': 人与自然
2026-08-04 01:47:28,193 - IPTVCollector - INFO - 📌 未分类频道追加到 '其他': 自然传奇
2026-08-04 01:47:28,193 - IPTVCollector - INFO - 📌 未分类频道追加到 '其他': 地理中国
2026-08-04 01:47:28,193 - IPTVCollector - INFO - 📌 未分类频道追加到 '其他': 飞碟之谜01
2026-08-04 01:47:28,193 - IPTVCollector - INFO - 📌 未分类频道追加到 '其他': Xinjiang TV 3
2026-08-04 01:47:28,193 - IPTVCollector - INFO - 📌 未分类频道追加到 '其他': TV BRICS Chinese
2026-08-04 01:47:28,194 - IPTVCollector - INFO - 📌 未分类频道追加到 '其他': 1989年春晚
2026-08-04 01:47:28,194 - IPTVCollector - INFO - 📌 未分类频道追加到 '其他': 1987年春晚
2026-08-04 01:47:28,194 - IPTVCollector - INFO - 📌 未分类频道追加到 '其他': 1988年春晚
2026-08-04 01:47:28,194 - IPTVCollector - INFO - 📌 未分类频道追加到 '其他': 大立电视台
2026-08-04 01:47:28,194 - IPTVCollector - INFO - 🌏 自动追加: 绍兴电视台公共 -> ☘️浙江频道
2026-08-04 01:47:28,194 - IPTVCollector - INFO - 📌 未分类频道追加到 '其他': Zhejiang TV International
2026-08-04 01:47:28,195 - IPTVCollector - INFO - 📌 未分类频道追加到 '其他': 通海电视台
2026-08-04 01:47:28,195 - IPTVCollector - INFO - 📌 未分类频道追加到 '其他': Dali TV
2026-08-04 01:47:28,195 - IPTVCollector - INFO - 📌 未分类频道追加到 '其他': CNA
2026-08-04 01:47:28,196 - IPTVCollector - INFO - 🌏 自动追加: 白城新闻综合 [Geo-blocked] -> ☘️吉林频道
2026-08-04 01:47:28,196 - IPTVCollector - INFO - 📌 未分类频道追加到 '其他': Beautiful Life TV
2026-08-04 01:47:28,196 - IPTVCollector - INFO - 📌 未分类频道追加到 '其他': Newsmax
2026-08-04 01:47:28,197 - IPTVCollector - INFO - 📌 未分类频道追加到 '其他': Arirang
2026-08-04 01:47:28,197 - IPTVCollector - INFO - 📌 未分类频道追加到 '其他': Good
2026-08-04 01:47:28,197 - IPTVCollector - INFO - 📌 未分类频道追加到 '其他': Good 2
2026-08-04 01:47:28,197 - IPTVCollector - INFO - 📌 未分类频道追加到 '其他': RT News
2026-08-04 01:47:28,197 - IPTVCollector - INFO - 📌 未分类频道追加到 '其他': 2024年春晚
2026-08-04 01:47:28,197 - IPTVCollector - INFO - 📌 未分类频道追加到 '其他': Supreme Master TV
2026-08-04 01:47:28,197 - IPTVCollector - INFO - 📌 未分类频道追加到 '其他': TVB News
2026-08-04 01:47:28,198 - IPTVCollector - INFO - 📌 未分类频道追加到 '其他': 农安新闻综合 [Geo-blocked]
2026-08-04 01:47:28,198 - IPTVCollector - INFO - 📌 未分类频道追加到 '其他': Trace Sports
2026-08-04 01:47:28,198 - IPTVCollector - INFO - 📌 未分类频道追加到 '其他': 兴隆综合
2026-08-04 01:47:28,198 - IPTVCollector - INFO - 📌 未分类频道追加到 '其他': 前郭综合 [Geo-blocked]
2026-08-04 01:47:28,198 - IPTVCollector - INFO - 📌 未分类频道追加到 '其他': Pet Club TV
2026-08-04 01:47:28,198 - IPTVCollector - INFO - 📌 未分类频道追加到 '其他': RT Español
2026-08-04 01:47:28,200 - IPTVCollector - INFO - 🌏 自动追加: 松原新闻综合 [Geo-blocked] -> ☘️吉林频道
2026-08-04 01:47:28,201 - IPTVCollector - INFO - 🌏 自动追加: 吉林市新闻综合 [Geo-blocked] -> ☘️吉林频道
2026-08-04 01:47:28,201 - IPTVCollector - INFO - 📌 未分类频道追加到 '其他': WionNews
2026-08-04 01:47:28,201 - IPTVCollector - INFO - 📌 未分类频道追加到 '其他': RT DE
2026-08-04 01:47:28,201 - IPTVCollector - INFO - 📌 未分类频道追加到 '其他': RT Balkan
2026-08-04 01:47:28,202 - IPTVCollector - INFO - 🌏 自动追加: 四平新闻综合 [Geo-blocked] -> ☘️吉林频道
2026-08-04 01:47:28,203 - IPTVCollector - INFO - 📌 未分类频道追加到 '其他': Wild Earth
2026-08-04 01:47:28,203 - IPTVCollector - INFO - 📌 未分类频道追加到 '其他': TVB Plus
2026-08-04 01:47:28,203 - IPTVCollector - INFO - 🌏 自动追加: 浙江 Ⅰ 绍兴影视 -> ☘️浙江频道
2026-08-04 01:47:28,203 - IPTVCollector - INFO - 📌 未分类频道追加到 '其他': RT Français
2026-08-04 01:47:28,203 - IPTVCollector - INFO - 📌 未分类频道追加到 '其他': 春晚2025
2026-08-04 01:47:28,204 - IPTVCollector - INFO - 🌏 自动追加: 浙江 Ⅰ 绍兴综合 -> ☘️浙江频道
2026-08-04 01:47:28,204 - IPTVCollector - INFO - 📌 未分类频道追加到 '其他': 江津经济生活
2026-08-04 01:47:28,204 - IPTVCollector - INFO - 📌 未分类频道追加到 '其他': 倩女幽魂妖魔道
2026-08-04 01:47:28,204 - IPTVCollector - INFO - 📌 未分类频道追加到 '其他': 倩女幽魂人间道
2026-08-04 01:47:28,204 - IPTVCollector - INFO - 📌 未分类频道追加到 '其他': 倩女幽魂道道道
2026-08-04 01:47:28,204 - IPTVCollector - INFO - 📌 未分类频道追加到 '其他': 龙门飞甲
2026-08-04 01:47:28,204 - IPTVCollector - INFO - 📌 未分类频道追加到 '其他': 延边新闻综合 [Geo-blocked]
2026-08-04 01:47:28,205 - IPTVCollector - INFO - 📌 未分类频道追加到 '其他': 武进新闻 [Not 24/7]
2026-08-04 01:47:28,205 - IPTVCollector - INFO - 📌 未分类频道追加到 '其他': 武进生活 [Not 24/7]
2026-08-04 01:47:28,205 - IPTVCollector - INFO - 📌 未分类频道追加到 '其他': 环球电视
2026-08-04 01:47:28,205 - IPTVCollector - INFO - 📌 未分类频道追加到 '其他': 伊犁经济法制
2026-08-04 01:47:28,205 - IPTVCollector - INFO - 📌 未分类频道追加到 '其他': 春晚2024
2026-08-04 01:47:28,205 - IPTVCollector - INFO - 📌 未分类频道追加到 '其他': 浙江经济
2026-08-04 01:47:28,206 - IPTVCollector - INFO - 🌏 自动追加: 白山新闻综合 [Geo-blocked] -> ☘️吉林频道
2026-08-04 01:47:28,207 - IPTVCollector - INFO - 📌 未分类频道追加到 '其他': 辽新闻综合 [Geo-blocked]
2026-08-04 01:47:28,207 - IPTVCollector - INFO - 📌 未分类频道追加到 '其他': 玛纳斯
2026-08-04 01:47:28,207 - IPTVCollector - INFO - 📌 未分类频道追加到 '其他': 玛纳斯综合
2026-08-04 01:47:28,208 - IPTVCollector - INFO - 🌏 自动追加: 通化新闻 [Geo-blocked] -> ☘️吉林频道
2026-08-04 01:47:28,208 - IPTVCollector - INFO - 📌 未分类频道追加到 '其他': 奎屯汉语
2026-08-04 01:47:28,209 - IPTVCollector - INFO - 📌 未分类频道追加到 '其他': CGTN-Documentary
2026-08-04 01:47:28,209 - IPTVCollector - INFO - 📌 未分类频道追加到 '其他': 象视界
2026-08-04 01:47:28,209 - IPTVCollector - INFO - 📌 未分类频道追加到 '其他': 荣昌综合 [Not 24/7]
2026-08-04 01:47:28,209 - IPTVCollector - INFO - 📌 未分类频道追加到 '其他': 浙江钱江都市
2026-08-04 01:47:28,209 - IPTVCollector - INFO - 📌 未分类频道追加到 '其他': CGTN French
2026-08-04 01:47:28,209 - IPTVCollector - INFO - 🌏 自动追加: 福州广电视台新闻综合频道 -> ☘️福建频道
2026-08-04 01:47:28,211 - IPTVCollector - INFO - 🌏 自动追加: 长春综合 [Geo-blocked] -> ☘️吉林频道
2026-08-04 01:47:28,211 - IPTVCollector - INFO - 📌 未分类频道追加到 '其他': 集安综合 [Geo-blocked]
2026-08-04 01:47:28,211 - IPTVCollector - INFO - 📌 未分类频道追加到 '其他': 靖江新闻綜合 [Not 24/7]
2026-08-04 01:47:28,211 - IPTVCollector - INFO - 📌 未分类频道追加到 '其他': Xinjiang TV 1
2026-08-04 01:47:28,212 - IPTVCollector - INFO - 🌏 自动追加: 邯郸公共频道 -> ☘️河北频道
2026-08-04 01:47:28,212 - IPTVCollector - INFO - 📌 未分类频道追加到 '其他': 数码时代
2026-08-04 01:47:28,212 - IPTVCollector - INFO - 🌏 自动追加: 上海卫视 -> ☘️上海频道
2026-08-04 01:47:28,213 - IPTVCollector - INFO - 📌 未分类频道追加到 '其他': CGTN记录
2026-08-04 01:47:28,213 - IPTVCollector - INFO - 📌 未分类频道追加到 '其他': 东南卫视
2026-08-04 01:47:28,213 - IPTVCollector - INFO - 📌 未分类频道追加到 '其他': 梨园
2026-08-04 01:47:28,213 - IPTVCollector - INFO - 📌 未分类频道追加到 '其他': 熊猫直
2026-08-04 01:47:28,213 - IPTVCollector - INFO - 📌 未分类频道追加到 '其他': 浙江教科影视
2026-08-04 01:47:28,213 - IPTVCollector - INFO - 📌 未分类频道追加到 '其他': 浙江教科影院
2026-08-04 01:47:28,213 - IPTVCollector - INFO - 📌 未分类频道追加到 '其他': 浙江教育
2026-08-04 01:47:28,214 - IPTVCollector - INFO - 📌 未分类频道追加到 '其他': 浙江民生休闲
2026-08-04 01:47:28,214 - IPTVCollector - INFO - 📌 未分类频道追加到 '其他': 浙江钱江频道
2026-08-04 01:47:28,214 - IPTVCollector - INFO - 📌 未分类频道追加到 '其他': 浙江生活
2026-08-04 01:47:28,215 - IPTVCollector - INFO - 🌏 自动追加: 武汉一台新闻综合 -> ☘️湖北频道
2026-08-04 01:47:28,215 - IPTVCollector - INFO - 🌏 自动追加: 凤凰香港 -> 🌊港·澳·台
2026-08-04 01:47:28,215 - IPTVCollector - INFO - 📌 未分类频道追加到 '其他': CHC电影
2026-08-04 01:47:28,216 - IPTVCollector - INFO - 📌 未分类频道追加到 '其他': 凤凰中文
2026-08-04 01:47:28,216 - IPTVCollector - INFO - 📌 未分类频道追加到 '其他': 凤凰资讯
2026-08-04 01:47:28,216 - IPTVCollector - INFO - 🎯 Demo 筛选：原始 350 -> 匹配/分类后 350 个频道
2026-08-04 01:47:28,216 - IPTVCollector - INFO - 📊 Demo筛选后: 350
2026-08-04 01:47:28,217 - IPTVCollector - INFO - ✅ M3U 文件已生成: output/tv.m3u
2026-08-04 01:47:28,217 - IPTVCollector - INFO - ✅ TXT 文件已生成: output/tv.txt
2026-08-04 01:47:28,218 - IPTVCollector - INFO - ✅ 多源 M3U 文件已生成: output/tv_multi.m3u
2026-08-04 01:47:28,220 - IPTVCollector - INFO - ✅ JSON API 已生成: output/channels.json
2026-08-04 01:47:28,221 - IPTVCollector - INFO - ✅ 精简版已生成: output/tv_lite.m3u
2026-08-04 01:47:28,221 - IPTVCollector - INFO - ✅ M3U 文件已生成: output/tv_epg.m3u
2026-08-04 01:47:28,221 - IPTVCollector - INFO - 🚀 IPTV 自治系统启动
2026-08-04 01:47:28,221 - IPTVCollector - INFO - ⏭️ 跳过发现阶段
2026-08-04 01:47:28,221 - IPTVCollector - INFO - ==================================================
阶段2: 从缓存观察候选源
==================================================
2026-08-04 01:47:28,249 - IPTVCollector - INFO -   📊 观察进度: 100/127，稳定 0 个
2026-08-04 01:47:28,253 - IPTVCollector - INFO - ✅ 观察阶段完成: 0 个源达到稳定标准
2026-08-04 01:47:28,253 - IPTVCollector - INFO - ==================================================
阶段3: 提升稳定源
==================================================
2026-08-04 01:47:28,253 - IPTVCollector - INFO - 📭 没有稳定的候选源需要提升
2026-08-04 01:47:28,254 - IPTVCollector - INFO - 📊 自治模式统计:
2026-08-04 01:47:28,254 - IPTVCollector - INFO -   候选池总数: 608, 观察中: 127, 稳定: 477
2026-08-04 01:47:28,254 - IPTVCollector - INFO -   本次新提升: 0
2026-08-04 01:47:28,254 - IPTVCollector - INFO - 🎉 全部完成！
2026-08-04 08:24:42,043 - IPTVCollector - INFO - 🚀 IPTV 智能整理平台启动
2026-08-04 08:24:42,045 - IPTVCollector - INFO - ✅ 数据库缓存已启用: data/iptv_cache.db
2026-08-04 08:24:42,049 - IPTVCollector - INFO - 📌 CCTV-1 已设为固定源 (auto_optimize=True)
2026-08-04 08:24:42,050 - IPTVCollector - INFO - 📌 CCTV-2 已设为固定源 (auto_optimize=True)
2026-08-04 08:24:42,052 - IPTVCollector - INFO - 📌 CCTV-3 已设为固定源 (auto_optimize=True)
2026-08-04 08:24:42,053 - IPTVCollector - INFO - 📌 CCTV-4 已设为固定源 (auto_optimize=True)
2026-08-04 08:24:42,054 - IPTVCollector - INFO - 📌 CCTV-5 已设为固定源 (auto_optimize=True)
2026-08-04 08:24:42,055 - IPTVCollector - INFO - 📌 CCTV-5+ 已设为固定源 (auto_optimize=True)
2026-08-04 08:24:42,056 - IPTVCollector - INFO - 📌 CCTV-6 已设为固定源 (auto_optimize=True)
2026-08-04 08:24:42,058 - IPTVCollector - INFO - 📌 CCTV-7 已设为固定源 (auto_optimize=True)
2026-08-04 08:24:42,059 - IPTVCollector - INFO - 📌 CCTV-8 已设为固定源 (auto_optimize=True)
2026-08-04 08:24:42,060 - IPTVCollector - INFO - 📌 CCTV-9 已设为固定源 (auto_optimize=True)
2026-08-04 08:24:42,061 - IPTVCollector - INFO - 📌 CCTV-10 已设为固定源 (auto_optimize=True)
2026-08-04 08:24:42,062 - IPTVCollector - INFO - 📌 CCTV-11 已设为固定源 (auto_optimize=True)
2026-08-04 08:24:42,063 - IPTVCollector - INFO - 📌 CCTV-12 已设为固定源 (auto_optimize=True)
2026-08-04 08:24:42,065 - IPTVCollector - INFO - 📌 CCTV-13 已设为固定源 (auto_optimize=True)
2026-08-04 08:24:42,066 - IPTVCollector - INFO - 📌 CCTV-14 已设为固定源 (auto_optimize=True)
2026-08-04 08:24:42,067 - IPTVCollector - INFO - 📌 CCTV-15 已设为固定源 (auto_optimize=True)
2026-08-04 08:24:42,068 - IPTVCollector - INFO - 📌 CCTV-16 已设为固定源 (auto_optimize=True)
2026-08-04 08:24:42,069 - IPTVCollector - INFO - 📌 CCTV-17 已设为固定源 (auto_optimize=True)
2026-08-04 08:24:42,070 - IPTVCollector - INFO - 📌 CCTV4欧洲 已设为固定源 (auto_optimize=True)
2026-08-04 08:24:42,071 - IPTVCollector - INFO - 📌 CCTV4美洲 已设为固定源 (auto_optimize=True)
2026-08-04 08:24:42,071 - IPTVCollector - INFO - 📌 固定源已同步到数据库
2026-08-04 08:24:42,072 - IPTVCollector - INFO - 📋 订阅源解析：普通 11 个，白名单 0 个
2026-08-04 08:24:42,072 - IPTVCollector - INFO - 📋 使用 11 个源
2026-08-04 08:24:42,077 - IPTVCollector - INFO - 🔄 拉取: https://raw.githubusercontent.com/iptv-org/iptv/gh-pages/countries/cn.m3u
2026-08-04 08:24:42,090 - IPTVCollector - INFO - 🔄 拉取: https://raw.githubusercontent.com/iptv-org/iptv/master/streams/cn.m3u
2026-08-04 08:24:42,091 - IPTVCollector - INFO - 🔄 拉取: https://raw.githubusercontent.com/vbskycn/iptv/master/tv/iptv4.txt
2026-08-04 08:24:42,092 - IPTVCollector - INFO - 🔄 拉取: https://raw.githubusercontent.com/zzgpy1/Collect-IPTV/main/best_sorted.m3u
2026-08-04 08:24:42,092 - IPTVCollector - INFO - 🔄 拉取: https://raw.githubusercontent.com/zzgpy1/ITV/main/output/tv.m3u
2026-08-04 08:24:42,093 - IPTVCollector - INFO - 🔄 拉取: https://raw.githubusercontent.com/iptv-org/iptv/refs/heads/master/streams/cn.m3u
2026-08-04 08:24:42,093 - IPTVCollector - INFO - 🔄 拉取: https://raw.githubusercontent.com/zzgpy1/ipv6-iptv/master/tv/iptv4.txt
2026-08-04 08:24:42,093 - IPTVCollector - INFO - 🔄 拉取: https://raw.githubusercontent.com/CCSH/IPTV/refs/heads/main/live.txt
2026-08-04 08:24:42,094 - IPTVCollector - INFO - 🔄 拉取: https://raw.githubusercontent.com/kakaxi-1/IPTV/main/iptv.txt
2026-08-04 08:24:42,094 - IPTVCollector - INFO - 🔄 拉取: https://raw.githubusercontent.com/zzgpy1/iptv-api/master/output/result.txt
2026-08-04 08:24:42,094 - IPTVCollector - INFO - 🔄 拉取: https://tv.19860519.xyz/xymm
2026-08-04 08:25:12,089 - IPTVCollector - INFO - 📊 测速完成，有效频道: 418 个
2026-08-04 08:25:12,089 - IPTVCollector - INFO - 📊 通过测速的频道数: 418
2026-08-04 08:25:18,957 - IPTVCollector - INFO - 🔍 ffmpeg 深度验证: 0 个需验证，417 个来自缓存/HTTP
2026-08-04 08:25:18,957 - IPTVCollector - INFO - ✅ ffmpeg 验证完成: 通过 417/418 个频道
2026-08-04 08:25:18,957 - IPTVCollector - INFO - 📊 通过ffmpeg验证的频道数: 417
2026-08-04 08:25:18,966 - IPTVCollector - INFO - 📌 已使用 19 个固定源（含自动优化）
2026-08-04 08:25:18,966 - IPTVCollector - INFO - 📊 合并完成: 共 363 个频道
2026-08-04 08:25:18,966 - IPTVCollector - INFO - 📊 合并后的频道数: 363
2026-08-04 08:25:18,999 - IPTVCollector - INFO - 📊 黑名单过滤后: 345
2026-08-04 08:25:19,001 - IPTVCollector - INFO - 📋 从 demo.txt 解析到 3541 个有序频道
2026-08-04 08:25:19,005 - IPTVCollector - INFO - 📋 从 demo.txt 解析到 3541 个有序频道
2026-08-04 08:26:54,181 - IPTVCollector - INFO - 📌 未分类频道追加到 '其他': 音乐欣赏
2026-08-04 08:26:54,182 - IPTVCollector - INFO - 📌 未分类频道追加到 '其他': 新闻咨询
2026-08-04 08:26:54,182 - IPTVCollector - INFO - 📌 未分类频道追加到 '其他': 1988年春晚
2026-08-04 08:26:54,182 - IPTVCollector - INFO - 📌 未分类频道追加到 '其他': 1989年春晚
2026-08-04 08:26:54,182 - IPTVCollector - INFO - 📌 未分类频道追加到 '其他': 1987年春晚
2026-08-04 08:26:54,183 - IPTVCollector - INFO - 📌 未分类频道追加到 '其他': 华丽翡翠台
2026-08-04 08:26:54,183 - IPTVCollector - INFO - 📌 未分类频道追加到 '其他': 无线新闻台
2026-08-04 08:26:54,183 - IPTVCollector - INFO - 📌 未分类频道追加到 '其他': CNA
2026-08-04 08:26:54,183 - IPTVCollector - INFO - 📌 未分类频道追加到 '其他': Newsmax
2026-08-04 08:26:54,184 - IPTVCollector - INFO - 📌 未分类频道追加到 '其他': 飞碟之谜01
2026-08-04 08:26:54,184 - IPTVCollector - INFO - 📌 未分类频道追加到 '其他': 韩国EBS少儿
2026-08-04 08:26:54,184 - IPTVCollector - INFO - 📌 未分类频道追加到 '其他': 人与自然
2026-08-04 08:26:54,184 - IPTVCollector - INFO - 📌 未分类频道追加到 '其他': TVB News
2026-08-04 08:26:54,185 - IPTVCollector - INFO - 📌 未分类频道追加到 '其他': Beautiful Life TV
2026-08-04 08:26:54,185 - IPTVCollector - INFO - 📌 未分类频道追加到 '其他': Supreme Master TV
2026-08-04 08:26:54,185 - IPTVCollector - INFO - 📌 未分类频道追加到 '其他': Arirang
2026-08-04 08:26:54,185 - IPTVCollector - INFO - 📌 未分类频道追加到 '其他': 地理中国
2026-08-04 08:26:54,185 - IPTVCollector - INFO - 📌 未分类频道追加到 '其他': Dali TV
2026-08-04 08:26:54,186 - IPTVCollector - INFO - 📌 未分类频道追加到 '其他': Wild Earth
2026-08-04 08:26:54,186 - IPTVCollector - INFO - 📌 未分类频道追加到 '其他': Good 2
2026-08-04 08:26:54,186 - IPTVCollector - INFO - 📌 未分类频道追加到 '其他': Good
2026-08-04 08:26:54,186 - IPTVCollector - INFO - 📌 未分类频道追加到 '其他': 自然传奇
2026-08-04 08:26:54,187 - IPTVCollector - INFO - 📌 未分类频道追加到 '其他': 春晚2025
2026-08-04 08:26:54,187 - IPTVCollector - INFO - 📌 未分类频道追加到 '其他': Trace Sports
2026-08-04 08:26:54,187 - IPTVCollector - INFO - 📌 未分类频道追加到 '其他': 2024年春晚
2026-08-04 08:26:54,187 - IPTVCollector - INFO - 📌 未分类频道追加到 '其他': 音乐现场
2026-08-04 08:26:54,187 - IPTVCollector - INFO - 📌 未分类频道追加到 '其他': RT Balkan
2026-08-04 08:26:54,188 - IPTVCollector - INFO - 📌 未分类频道追加到 '其他': WionNews
2026-08-04 08:26:54,188 - IPTVCollector - INFO - 📌 未分类频道追加到 '其他': RT Español
2026-08-04 08:26:54,188 - IPTVCollector - INFO - 📌 未分类频道追加到 '其他': RT DE
2026-08-04 08:26:54,188 - IPTVCollector - INFO - 📌 未分类频道追加到 '其他': RT Français
2026-08-04 08:26:54,189 - IPTVCollector - INFO - 📌 未分类频道追加到 '其他': Pet Club TV
2026-08-04 08:26:54,189 - IPTVCollector - INFO - 📌 未分类频道追加到 '其他': 春晚2024
2026-08-04 08:26:54,189 - IPTVCollector - INFO - 📌 未分类频道追加到 '其他': 倩女幽魂道道道
2026-08-04 08:26:54,189 - IPTVCollector - INFO - 📌 未分类频道追加到 '其他': 倩女幽魂妖魔道
2026-08-04 08:26:54,189 - IPTVCollector - INFO - 📌 未分类频道追加到 '其他': 环球电视
2026-08-04 08:26:54,190 - IPTVCollector - INFO - 📌 未分类频道追加到 '其他': 倩女幽魂人间道
2026-08-04 08:26:54,190 - IPTVCollector - INFO - 🌏 自动追加: 浙江 Ⅰ 绍兴影视 -> ☘️浙江频道
2026-08-04 08:26:54,190 - IPTVCollector - INFO - 📌 未分类频道追加到 '其他': 象视界
2026-08-04 08:26:54,191 - IPTVCollector - INFO - 🌏 自动追加: 浙江 Ⅰ 绍兴综合 -> ☘️浙江频道
2026-08-04 08:26:54,191 - IPTVCollector - INFO - 🌏 自动追加: 福州广电视台新闻综合频道 -> ☘️福建频道
2026-08-04 08:26:54,191 - IPTVCollector - INFO - 📌 未分类频道追加到 '其他': VOA美国之音
2026-08-04 08:26:54,192 - IPTVCollector - INFO - 📌 未分类频道追加到 '其他': TV BRICS Chinese
2026-08-04 08:26:54,192 - IPTVCollector - INFO - 📌 未分类频道追加到 '其他': Xinjiang TV 2
2026-08-04 08:26:54,192 - IPTVCollector - INFO - 📌 未分类频道追加到 '其他': Xinjiang TV 3
2026-08-04 08:26:54,192 - IPTVCollector - INFO - 📌 未分类频道追加到 '其他': 大立电视台
2026-08-04 08:26:54,193 - IPTVCollector - INFO - 📌 未分类频道追加到 '其他': Zhejiang TV International
2026-08-04 08:26:54,193 - IPTVCollector - INFO - 📌 未分类频道追加到 '其他': CGTN Documentary
2026-08-04 08:26:54,194 - IPTVCollector - INFO - 🌏 自动追加: 白城新闻综合 [Geo-blocked] -> ☘️吉林频道
2026-08-04 08:26:54,195 - IPTVCollector - INFO - 🌏 自动追加: 绍兴电视台公共 -> ☘️浙江频道
2026-08-04 08:26:54,195 - IPTVCollector - INFO - 📌 未分类频道追加到 '其他': RT News
2026-08-04 08:26:54,195 - IPTVCollector - INFO - 📌 未分类频道追加到 '其他': 兴隆综合
2026-08-04 08:26:54,195 - IPTVCollector - INFO - 📌 未分类频道追加到 '其他': 农安新闻综合 [Geo-blocked]
2026-08-04 08:26:54,196 - IPTVCollector - INFO - 📌 未分类频道追加到 '其他': 通海电视台
2026-08-04 08:26:54,196 - IPTVCollector - INFO - 📌 未分类频道追加到 '其他': 前郭综合 [Geo-blocked]
2026-08-04 08:26:54,197 - IPTVCollector - INFO - 🌏 自动追加: 四平新闻综合 [Geo-blocked] -> ☘️吉林频道
2026-08-04 08:26:54,198 - IPTVCollector - INFO - 📌 未分类频道追加到 '其他': 江津经济生活
2026-08-04 08:26:54,199 - IPTVCollector - INFO - 🌏 自动追加: 松原新闻综合 [Geo-blocked] -> ☘️吉林频道
2026-08-04 08:26:54,199 - IPTVCollector - INFO - 📌 未分类频道追加到 '其他': 龙门飞甲
2026-08-04 08:26:54,199 - IPTVCollector - INFO - 📌 未分类频道追加到 '其他': 武进新闻 [Not 24/7]
2026-08-04 08:26:54,200 - IPTVCollector - INFO - 📌 未分类频道追加到 '其他': 武进生活 [Not 24/7]
2026-08-04 08:26:54,200 - IPTVCollector - INFO - 📌 未分类频道追加到 '其他': 浙江经济
2026-08-04 08:26:54,201 - IPTVCollector - INFO - 🌏 自动追加: 白山新闻综合 [Geo-blocked] -> ☘️吉林频道
2026-08-04 08:26:54,202 - IPTVCollector - INFO - 📌 未分类频道追加到 '其他': 辽新闻综合 [Geo-blocked]
2026-08-04 08:26:54,202 - IPTVCollector - INFO - 📌 未分类频道追加到 '其他': 伊犁经济法制
2026-08-04 08:26:54,203 - IPTVCollector - INFO - 🌏 自动追加: 通化新闻 [Geo-blocked] -> ☘️吉林频道
2026-08-04 08:26:54,203 - IPTVCollector - INFO - 📌 未分类频道追加到 '其他': CGTN French
2026-08-04 08:26:54,204 - IPTVCollector - INFO - 📌 未分类频道追加到 '其他': 玛纳斯综合
2026-08-04 08:26:54,204 - IPTVCollector - INFO - 📌 未分类频道追加到 '其他': 奎屯汉语
2026-08-04 08:26:54,205 - IPTVCollector - INFO - 🌏 自动追加: 长春综合 [Geo-blocked] -> ☘️吉林频道
2026-08-04 08:26:54,206 - IPTVCollector - INFO - 📌 未分类频道追加到 '其他': 浙江钱江都市
2026-08-04 08:26:54,206 - IPTVCollector - INFO - 📌 未分类频道追加到 '其他': 靖江新闻綜合 [Not 24/7]
2026-08-04 08:26:54,206 - IPTVCollector - INFO - 📌 未分类频道追加到 '其他': 玛纳斯
2026-08-04 08:26:54,206 - IPTVCollector - INFO - 📌 未分类频道追加到 '其他': 集安综合 [Geo-blocked]
2026-08-04 08:26:54,207 - IPTVCollector - INFO - 📌 未分类频道追加到 '其他': Xinjiang TV 1
2026-08-04 08:26:54,208 - IPTVCollector - INFO - 🌏 自动追加: 邯郸公共频道 -> ☘️河北频道
2026-08-04 08:26:54,208 - IPTVCollector - INFO - 🌏 自动追加: 上海卫视 -> ☘️上海频道
2026-08-04 08:26:54,208 - IPTVCollector - INFO - 📌 未分类频道追加到 '其他': 东南卫视
2026-08-04 08:26:54,208 - IPTVCollector - INFO - 📌 未分类频道追加到 '其他': CGTN记录
2026-08-04 08:26:54,209 - IPTVCollector - INFO - 📌 未分类频道追加到 '其他': 熊猫直
2026-08-04 08:26:54,209 - IPTVCollector - INFO - 📌 未分类频道追加到 '其他': 数码时代
2026-08-04 08:26:54,209 - IPTVCollector - INFO - 📌 未分类频道追加到 '其他': 梨园
2026-08-04 08:26:54,209 - IPTVCollector - INFO - 📌 未分类频道追加到 '其他': 浙江教科影院
2026-08-04 08:26:54,210 - IPTVCollector - INFO - 📌 未分类频道追加到 '其他': 浙江教科影视
2026-08-04 08:26:54,210 - IPTVCollector - INFO - 📌 未分类频道追加到 '其他': 浙江教育
2026-08-04 08:26:54,210 - IPTVCollector - INFO - 📌 未分类频道追加到 '其他': 浙江民生休闲
2026-08-04 08:26:54,210 - IPTVCollector - INFO - 📌 未分类频道追加到 '其他': 浙江钱江频道
2026-08-04 08:26:54,210 - IPTVCollector - INFO - 📌 未分类频道追加到 '其他': 浙江生活
2026-08-04 08:26:54,212 - IPTVCollector - INFO - 🌏 自动追加: 武汉一台新闻综合 -> ☘️湖北频道
2026-08-04 08:26:54,212 - IPTVCollector - INFO - 📌 未分类频道追加到 '其他': 韩国电影1
2026-08-04 08:26:54,212 - IPTVCollector - INFO - 📌 未分类频道追加到 '其他': ABN China
2026-08-04 08:26:54,212 - IPTVCollector - INFO - 📌 未分类频道追加到 '其他': 韩国电影2
2026-08-04 08:26:54,213 - IPTVCollector - INFO - 📌 未分类频道追加到 '其他': Bread TV面包台
2026-08-04 08:26:54,213 - IPTVCollector - INFO - 📌 未分类频道追加到 '其他': 第一财经
2026-08-04 08:26:54,213 - IPTVCollector - INFO - 📌 未分类频道追加到 '其他': 凤凰中文
2026-08-04 08:26:54,213 - IPTVCollector - INFO - 📌 未分类频道追加到 '其他': 凤凰资讯
2026-08-04 08:26:54,213 - IPTVCollector - INFO - 🌏 自动追加: 凤凰香港 -> 🌊港·澳·台
2026-08-04 08:26:54,214 - IPTVCollector - INFO - 📌 未分类频道追加到 '其他': 东丰
2026-08-04 08:26:54,214 - IPTVCollector - INFO - 📌 未分类频道追加到 '其他': 九台
2026-08-04 08:26:54,214 - IPTVCollector - INFO - 📌 未分类频道追加到 '其他': 耀才财经
2026-08-04 08:26:54,214 - IPTVCollector - INFO - 📌 未分类频道追加到 '其他': CHC电影
2026-08-04 08:26:54,214 - IPTVCollector - INFO - 📌 未分类频道追加到 '其他': 河南电视剧
2026-08-04 08:26:54,215 - IPTVCollector - INFO - 📌 未分类频道追加到 '其他': FZTV3
2026-08-04 08:26:54,215 - IPTVCollector - INFO - 📌 未分类频道追加到 '其他': 延边2
2026-08-04 08:26:54,215 - IPTVCollector - INFO - 📌 未分类频道追加到 '其他': 都市青春
2026-08-04 08:26:54,215 - IPTVCollector - INFO - 📌 未分类频道追加到 '其他': 辽宁青少
2026-08-04 08:26:54,215 - IPTVCollector - INFO - 📌 未分类频道追加到 '其他': 桦甸
2026-08-04 08:26:54,216 - IPTVCollector - INFO - 📌 未分类频道追加到 '其他': 陕西新闻咨询
2026-08-04 08:26:54,216 - IPTVCollector - INFO - 📌 未分类频道追加到 '其他': 双辽
2026-08-04 08:26:54,216 - IPTVCollector - INFO - 📌 未分类频道追加到 '其他': 珲春新闻
2026-08-04 08:26:54,216 - IPTVCollector - INFO - 📌 未分类频道追加到 '其他': 江津新闻
2026-08-04 08:26:54,217 - IPTVCollector - INFO - 📌 未分类频道追加到 '其他': 汪清
2026-08-04 08:26:54,217 - IPTVCollector - INFO - 📌 未分类频道追加到 '其他': 辉南新闻
2026-08-04 08:26:54,218 - IPTVCollector - INFO - 🌏 自动追加: 通化县 -> ☘️吉林频道
2026-08-04 08:26:54,218 - IPTVCollector - INFO - 📌 未分类频道追加到 '其他': 磐石
2026-08-04 08:26:54,220 - IPTVCollector - INFO - 🌏 自动追加: 长白山电视台 -> ☘️吉林频道
2026-08-04 08:26:54,221 - IPTVCollector - INFO - 🌏 自动追加: 哈尔滨都市咨询 -> ☘️黑龙江频道
2026-08-04 08:26:54,221 - IPTVCollector - INFO - 📌 未分类频道追加到 '其他': Home Plus
2026-08-04 08:26:54,221 - IPTVCollector - INFO - 📌 未分类频道追加到 '其他': 舒兰新闻
2026-08-04 08:26:54,222 - IPTVCollector - INFO - 📌 未分类频道追加到 '其他': QTV-1
2026-08-04 08:26:54,222 - IPTVCollector - INFO - 📌 未分类频道追加到 '其他': Siping TV
2026-08-04 08:26:54,222 - IPTVCollector - INFO - 📌 未分类频道追加到 '其他': Chifeng Comprehensive News Chanel
2026-08-04 08:26:54,222 - IPTVCollector - INFO - 📌 未分类频道追加到 '其他': Hunan TV
2026-08-04 08:26:54,222 - IPTVCollector - INFO - 📌 未分类频道追加到 '其他': Nei Monggol TV [Not 24/7]
2026-08-04 08:26:54,223 - IPTVCollector - INFO - 📌 未分类频道追加到 '其他': Nei Monggol TV 2 Mongolian Culture Channel [Not 24/7]
2026-08-04 08:26:54,223 - IPTVCollector - INFO - 📌 未分类频道追加到 '其他': Harbin Comprehensive News Channel
2026-08-04 08:26:54,223 - IPTVCollector - INFO - 📌 未分类频道追加到 '其他': Harbin Movie Channel
2026-08-04 08:26:54,223 - IPTVCollector - INFO - 📌 未分类频道追加到 '其他': 龙井
2026-08-04 08:26:54,223 - IPTVCollector - INFO - 🎯 Demo 筛选：原始 345 -> 匹配/分类后 345 个频道
2026-08-04 08:26:54,224 - IPTVCollector - INFO - 📊 Demo筛选后: 345
2026-08-04 08:26:54,226 - IPTVCollector - INFO - ✅ M3U 文件已生成: output/tv.m3u
2026-08-04 08:26:54,226 - IPTVCollector - INFO - ✅ TXT 文件已生成: output/tv.txt
2026-08-04 08:26:54,227 - IPTVCollector - INFO - ✅ 多源 M3U 文件已生成: output/tv_multi.m3u
2026-08-04 08:26:54,229 - IPTVCollector - INFO - ✅ JSON API 已生成: output/channels.json
2026-08-04 08:26:54,230 - IPTVCollector - INFO - ✅ 精简版已生成: output/tv_lite.m3u
2026-08-04 08:26:54,230 - IPTVCollector - INFO - ✅ M3U 文件已生成: output/tv_epg.m3u
2026-08-04 08:26:54,231 - IPTVCollector - INFO - 🚀 IPTV 自治系统启动
2026-08-04 08:26:54,231 - IPTVCollector - INFO - ⏭️ 跳过发现阶段
2026-08-04 08:26:54,231 - IPTVCollector - INFO - ==================================================
阶段2: 从缓存观察候选源
==================================================
2026-08-04 08:26:54,266 - IPTVCollector - INFO -   📊 观察进度: 100/154，稳定 0 个
2026-08-04 08:26:54,269 - IPTVCollector - INFO - ✅ 候选源稳定: 荆门新闻综合 (成功率 66.67%, 延迟 1118ms)
2026-08-04 08:26:54,277 - IPTVCollector - INFO - ✅ 观察阶段完成: 1 个源达到稳定标准
2026-08-04 08:26:54,277 - IPTVCollector - INFO - ==================================================
阶段3: 提升稳定源
==================================================
2026-08-04 08:26:54,279 - IPTVCollector - INFO - ✅ 荆门新闻综合 已提升为稳定源
2026-08-04 08:26:54,280 - IPTVCollector - INFO - 📌 已提升: 荆门新闻综合
2026-08-04 08:26:54,280 - IPTVCollector - INFO - ✅ 提升阶段完成: 1 个源被提升
2026-08-04 08:26:54,280 - IPTVCollector - INFO - 📊 自治模式统计:
2026-08-04 08:26:54,281 - IPTVCollector - INFO -   候选池总数: 634, 观察中: 153, 稳定: 476
2026-08-04 08:26:54,281 - IPTVCollector - INFO -   本次新提升: 1
2026-08-04 08:26:54,281 - IPTVCollector - INFO - 🎉 全部完成！
2026-08-04 13:51:11,195 - IPTVCollector - INFO - 🚀 IPTV 智能整理平台启动
2026-08-04 13:51:11,197 - IPTVCollector - INFO - ✅ 数据库缓存已启用: data/iptv_cache.db
2026-08-04 13:51:11,199 - IPTVCollector - INFO - 📌 CCTV-1 已设为固定源 (auto_optimize=True)
2026-08-04 13:51:11,200 - IPTVCollector - INFO - 📌 CCTV-2 已设为固定源 (auto_optimize=True)
2026-08-04 13:51:11,201 - IPTVCollector - INFO - 📌 CCTV-3 已设为固定源 (auto_optimize=True)
2026-08-04 13:51:11,202 - IPTVCollector - INFO - 📌 CCTV-4 已设为固定源 (auto_optimize=True)
2026-08-04 13:51:11,203 - IPTVCollector - INFO - 📌 CCTV-5 已设为固定源 (auto_optimize=True)
2026-08-04 13:51:11,204 - IPTVCollector - INFO - 📌 CCTV-5+ 已设为固定源 (auto_optimize=True)
2026-08-04 13:51:11,205 - IPTVCollector - INFO - 📌 CCTV-6 已设为固定源 (auto_optimize=True)
2026-08-04 13:51:11,206 - IPTVCollector - INFO - 📌 CCTV-7 已设为固定源 (auto_optimize=True)
2026-08-04 13:51:11,207 - IPTVCollector - INFO - 📌 CCTV-8 已设为固定源 (auto_optimize=True)
2026-08-04 13:51:11,209 - IPTVCollector - INFO - 📌 CCTV-9 已设为固定源 (auto_optimize=True)
2026-08-04 13:51:11,209 - IPTVCollector - INFO - 📌 CCTV-10 已设为固定源 (auto_optimize=True)
2026-08-04 13:51:11,210 - IPTVCollector - INFO - 📌 CCTV-11 已设为固定源 (auto_optimize=True)
2026-08-04 13:51:11,211 - IPTVCollector - INFO - 📌 CCTV-12 已设为固定源 (auto_optimize=True)
2026-08-04 13:51:11,212 - IPTVCollector - INFO - 📌 CCTV-13 已设为固定源 (auto_optimize=True)
2026-08-04 13:51:11,213 - IPTVCollector - INFO - 📌 CCTV-14 已设为固定源 (auto_optimize=True)
2026-08-04 13:51:11,214 - IPTVCollector - INFO - 📌 CCTV-15 已设为固定源 (auto_optimize=True)
2026-08-04 13:51:11,215 - IPTVCollector - INFO - 📌 CCTV-16 已设为固定源 (auto_optimize=True)
2026-08-04 13:51:11,216 - IPTVCollector - INFO - 📌 CCTV-17 已设为固定源 (auto_optimize=True)
2026-08-04 13:51:11,217 - IPTVCollector - INFO - 📌 CCTV4欧洲 已设为固定源 (auto_optimize=True)
2026-08-04 13:51:11,218 - IPTVCollector - INFO - 📌 CCTV4美洲 已设为固定源 (auto_optimize=True)
2026-08-04 13:51:11,218 - IPTVCollector - INFO - 📌 固定源已同步到数据库
2026-08-04 13:51:11,219 - IPTVCollector - INFO - 📋 订阅源解析：普通 11 个，白名单 0 个
2026-08-04 13:51:11,219 - IPTVCollector - INFO - 📋 使用 11 个源
2026-08-04 13:51:40,157 - IPTVCollector - INFO - 📊 测速完成，有效频道: 406 个
2026-08-04 13:51:40,157 - IPTVCollector - INFO - 📊 通过测速的频道数: 406
2026-08-04 13:51:40,554 - IPTVCollector - INFO - 🔍 ffmpeg 深度验证: 0 个需验证，405 个来自缓存/HTTP
2026-08-04 13:51:40,555 - IPTVCollector - INFO - ✅ ffmpeg 验证完成: 通过 405/406 个频道
2026-08-04 13:51:40,555 - IPTVCollector - INFO - 📊 通过ffmpeg验证的频道数: 405
2026-08-04 13:51:40,563 - IPTVCollector - INFO - 📌 已使用 19 个固定源（含自动优化）
2026-08-04 13:51:40,563 - IPTVCollector - INFO - 📊 合并完成: 共 355 个频道
2026-08-04 13:51:40,563 - IPTVCollector - INFO - 📊 合并后的频道数: 355
2026-08-04 13:51:40,594 - IPTVCollector - INFO - 📊 黑名单过滤后: 338
2026-08-04 13:51:40,597 - IPTVCollector - INFO - 📋 从 demo.txt 解析到 3541 个有序频道
2026-08-04 13:51:40,600 - IPTVCollector - INFO - 📋 从 demo.txt 解析到 3541 个有序频道
2026-08-04 13:52:57,130 - IPTVCollector - INFO - 📌 未分类频道追加到 '其他': Bread TV面包台
2026-08-04 13:52:57,131 - IPTVCollector - INFO - 📌 未分类频道追加到 '其他': 第一财经
2026-08-04 13:52:57,131 - IPTVCollector - INFO - 📌 未分类频道追加到 '其他': ABN China
2026-08-04 13:52:57,131 - IPTVCollector - INFO - 📌 未分类频道追加到 '其他': 东丰
2026-08-04 13:52:57,131 - IPTVCollector - INFO - 📌 未分类频道追加到 '其他': 耀才财经
2026-08-04 13:52:57,131 - IPTVCollector - INFO - 📌 未分类频道追加到 '其他': 延边2
2026-08-04 13:52:57,131 - IPTVCollector - INFO - 📌 未分类频道追加到 '其他': 柳河
2026-08-04 13:52:57,132 - IPTVCollector - INFO - 📌 未分类频道追加到 '其他': 双辽
2026-08-04 13:52:57,132 - IPTVCollector - INFO - 📌 未分类频道追加到 '其他': 桦甸
2026-08-04 13:52:57,132 - IPTVCollector - INFO - 📌 未分类频道追加到 '其他': 珲春新闻
2026-08-04 13:52:57,132 - IPTVCollector - INFO - 📌 未分类频道追加到 '其他': 磐石
2026-08-04 13:52:57,132 - IPTVCollector - INFO - 📌 未分类频道追加到 '其他': 九台
2026-08-04 13:52:57,133 - IPTVCollector - INFO - 📌 未分类频道追加到 '其他': 舒兰新闻
2026-08-04 13:52:57,133 - IPTVCollector - INFO - 📌 未分类频道追加到 '其他': 辉南新闻
2026-08-04 13:52:57,134 - IPTVCollector - INFO - 🌏 自动追加: 通化县 -> ☘️吉林频道
2026-08-04 13:52:57,136 - IPTVCollector - INFO - 🌏 自动追加: 长白山电视台 -> ☘️吉林频道
2026-08-04 13:52:57,136 - IPTVCollector - INFO - 📌 未分类频道追加到 '其他': Home Plus
2026-08-04 13:52:57,136 - IPTVCollector - INFO - 📌 未分类频道追加到 '其他': 汪清
2026-08-04 13:52:57,136 - IPTVCollector - INFO - 📌 未分类频道追加到 '其他': 龙井
2026-08-04 13:52:57,136 - IPTVCollector - INFO - 📌 未分类频道追加到 '其他': VOA美国之音
2026-08-04 13:52:57,137 - IPTVCollector - INFO - 📌 未分类频道追加到 '其他': Hunan TV
2026-08-04 13:52:57,137 - IPTVCollector - INFO - 📌 未分类频道追加到 '其他': TV BRICS Chinese
2026-08-04 13:52:57,137 - IPTVCollector - INFO - 📌 未分类频道追加到 '其他': Chifeng Comprehensive News Chanel
2026-08-04 13:52:57,137 - IPTVCollector - INFO - 📌 未分类频道追加到 '其他': Harbin Comprehensive News Channel
2026-08-04 13:52:57,137 - IPTVCollector - INFO - 📌 未分类频道追加到 '其他': Harbin Movie Channel
2026-08-04 13:52:57,137 - IPTVCollector - INFO - 📌 未分类频道追加到 '其他': Nei Monggol TV [Not 24/7]
2026-08-04 13:52:57,138 - IPTVCollector - INFO - 📌 未分类频道追加到 '其他': QTV-1
2026-08-04 13:52:57,138 - IPTVCollector - INFO - 📌 未分类频道追加到 '其他': Xinjiang TV 2
2026-08-04 13:52:57,138 - IPTVCollector - INFO - 📌 未分类频道追加到 '其他': Nei Monggol TV 2 Mongolian Culture Channel [Not 24/7]
2026-08-04 13:52:57,138 - IPTVCollector - INFO - 📌 未分类频道追加到 '其他': 大立电视台
2026-08-04 13:52:57,138 - IPTVCollector - INFO - 📌 未分类频道追加到 '其他': Siping TV
2026-08-04 13:52:57,138 - IPTVCollector - INFO - 📌 未分类频道追加到 '其他': 通海电视台
2026-08-04 13:52:57,140 - IPTVCollector - INFO - 🌏 自动追加: 白城新闻综合 [Geo-blocked] -> ☘️吉林频道
2026-08-04 13:52:57,140 - IPTVCollector - INFO - 📌 未分类频道追加到 '其他': Xinjiang TV 3
2026-08-04 13:52:57,140 - IPTVCollector - INFO - 📌 未分类频道追加到 '其他': Zhejiang TV International
2026-08-04 13:52:57,140 - IPTVCollector - INFO - 📌 未分类频道追加到 '其他': RT News
2026-08-04 13:52:57,141 - IPTVCollector - INFO - 🌏 自动追加: 绍兴电视台公共 -> ☘️浙江频道
2026-08-04 13:52:57,141 - IPTVCollector - INFO - 📌 未分类频道追加到 '其他': 农安新闻综合 [Geo-blocked]
2026-08-04 13:52:57,141 - IPTVCollector - INFO - 📌 未分类频道追加到 '其他': 前郭综合 [Geo-blocked]
2026-08-04 13:52:57,142 - IPTVCollector - INFO - 🌏 自动追加: 吉林市新闻综合 [Geo-blocked] -> ☘️吉林频道
2026-08-04 13:52:57,142 - IPTVCollector - INFO - 📌 未分类频道追加到 '其他': 延边新闻综合 [Geo-blocked]
2026-08-04 13:52:57,144 - IPTVCollector - INFO - 🌏 自动追加: 松原新闻综合 [Geo-blocked] -> ☘️吉林频道
2026-08-04 13:52:57,144 - IPTVCollector - INFO - 📌 未分类频道追加到 '其他': 龙门飞甲
2026-08-04 13:52:57,144 - IPTVCollector - INFO - 📌 未分类频道追加到 '其他': 武进生活 [Not 24/7]
2026-08-04 13:52:57,144 - IPTVCollector - INFO - 📌 未分类频道追加到 '其他': 武进新闻 [Not 24/7]
2026-08-04 13:52:57,144 - IPTVCollector - INFO - 📌 未分类频道追加到 '其他': 伊犁经济法制
2026-08-04 13:52:57,145 - IPTVCollector - INFO - 📌 未分类频道追加到 '其他': 江津经济生活
2026-08-04 13:52:57,145 - IPTVCollector - INFO - 📌 未分类频道追加到 '其他': 玛纳斯
2026-08-04 13:52:57,145 - IPTVCollector - INFO - 🌏 自动追加: 浙江 Ⅰ 绍兴影视 -> ☘️浙江频道
2026-08-04 13:52:57,145 - IPTVCollector - INFO - 📌 未分类频道追加到 '其他': 浙江经济
2026-08-04 13:52:57,145 - IPTVCollector - INFO - 📌 未分类频道追加到 '其他': 奎屯汉语
2026-08-04 13:52:57,146 - IPTVCollector - INFO - 📌 未分类频道追加到 '其他': 玛纳斯综合
2026-08-04 13:52:57,146 - IPTVCollector - INFO - 🌏 自动追加: 浙江 Ⅰ 绍兴综合 -> ☘️浙江频道
2026-08-04 13:52:57,146 - IPTVCollector - INFO - 📌 未分类频道追加到 '其他': 浙江钱江都市
2026-08-04 13:52:57,146 - IPTVCollector - INFO - 📌 未分类频道追加到 '其他': 集安综合 [Geo-blocked]
2026-08-04 13:52:57,147 - IPTVCollector - INFO - 🌏 自动追加: 长春综合 [Geo-blocked] -> ☘️吉林频道
2026-08-04 13:52:57,148 - IPTVCollector - INFO - 🌏 自动追加: 福州广电视台新闻综合频道 -> ☘️福建频道
2026-08-04 13:52:57,148 - IPTVCollector - INFO - 📌 未分类频道追加到 '其他': CGTN French
2026-08-04 13:52:57,148 - IPTVCollector - INFO - 📌 未分类频道追加到 '其他': 辽新闻综合 [Geo-blocked]
2026-08-04 13:52:57,148 - IPTVCollector - INFO - 📌 未分类频道追加到 '其他': 靖江新闻綜合 [Not 24/7]
2026-08-04 13:52:57,149 - IPTVCollector - INFO - 📌 未分类频道追加到 '其他': Xinjiang TV 1
2026-08-04 13:52:57,150 - IPTVCollector - INFO - 🌏 自动追加: 邯郸公共频道 -> ☘️河北频道
2026-08-04 13:52:57,150 - IPTVCollector - INFO - 📌 未分类频道追加到 '其他': CGTN记录
2026-08-04 13:52:57,150 - IPTVCollector - INFO - 🌏 自动追加: 上海卫视 -> ☘️上海频道
2026-08-04 13:52:57,150 - IPTVCollector - INFO - 📌 未分类频道追加到 '其他': 东南卫视
2026-08-04 13:52:57,150 - IPTVCollector - INFO - 📌 未分类频道追加到 '其他': 熊猫直
2026-08-04 13:52:57,151 - IPTVCollector - INFO - 📌 未分类频道追加到 '其他': 梨园
2026-08-04 13:52:57,151 - IPTVCollector - INFO - 📌 未分类频道追加到 '其他': 数码时代
2026-08-04 13:52:57,151 - IPTVCollector - INFO - 📌 未分类频道追加到 '其他': 浙江教科影院
2026-08-04 13:52:57,151 - IPTVCollector - INFO - 📌 未分类频道追加到 '其他': 浙江教育
2026-08-04 13:52:57,151 - IPTVCollector - INFO - 📌 未分类频道追加到 '其他': 浙江教科影视
2026-08-04 13:52:57,151 - IPTVCollector - INFO - 📌 未分类频道追加到 '其他': 浙江民生休闲
2026-08-04 13:52:57,151 - IPTVCollector - INFO - 📌 未分类频道追加到 '其他': 浙江生活
2026-08-04 13:52:57,152 - IPTVCollector - INFO - 📌 未分类频道追加到 '其他': 浙江钱江频道
2026-08-04 13:52:57,152 - IPTVCollector - INFO - 📌 未分类频道追加到 '其他': 韩国电影2
2026-08-04 13:52:57,152 - IPTVCollector - INFO - 📌 未分类频道追加到 '其他': 韩国电影1
2026-08-04 13:52:57,152 - IPTVCollector - INFO - 📌 未分类频道追加到 '其他': 凤凰中文
2026-08-04 13:52:57,153 - IPTVCollector - INFO - 🌏 自动追加: 武汉一台新闻综合 -> ☘️湖北频道
2026-08-04 13:52:57,154 - IPTVCollector - INFO - 📌 未分类频道追加到 '其他': 凤凰资讯
2026-08-04 13:52:57,154 - IPTVCollector - INFO - 🌏 自动追加: 凤凰香港 -> 🌊港·澳·台
2026-08-04 13:52:57,154 - IPTVCollector - INFO - 📌 未分类频道追加到 '其他': FZTV3
2026-08-04 13:52:57,154 - IPTVCollector - INFO - 📌 未分类频道追加到 '其他': 河南电视剧
2026-08-04 13:52:57,154 - IPTVCollector - INFO - 📌 未分类频道追加到 '其他': 都市青春
2026-08-04 13:52:57,154 - IPTVCollector - INFO - 📌 未分类频道追加到 '其他': CHC电影
2026-08-04 13:52:57,154 - IPTVCollector - INFO - 📌 未分类频道追加到 '其他': 辽宁青少
2026-08-04 13:52:57,155 - IPTVCollector - INFO - 📌 未分类频道追加到 '其他': 陕西新闻咨询
2026-08-04 13:52:57,156 - IPTVCollector - INFO - 🌏 自动追加: 哈尔滨都市咨询 -> ☘️黑龙江频道
2026-08-04 13:52:57,156 - IPTVCollector - INFO - 📌 未分类频道追加到 '其他': 无线新闻台
2026-08-04 13:52:57,156 - IPTVCollector - INFO - 📌 未分类频道追加到 '其他': 新闻咨询
2026-08-04 13:52:57,156 - IPTVCollector - INFO - 📌 未分类频道追加到 '其他': 1987年春晚
2026-08-04 13:52:57,157 - IPTVCollector - INFO - 📌 未分类频道追加到 '其他': 1988年春晚
2026-08-04 13:52:57,157 - IPTVCollector - INFO - 📌 未分类频道追加到 '其他': 1989年春晚
2026-08-04 13:52:57,157 - IPTVCollector - INFO - 📌 未分类频道追加到 '其他': 音乐欣赏
2026-08-04 13:52:57,157 - IPTVCollector - INFO - 📌 未分类频道追加到 '其他': CNA
2026-08-04 13:52:57,157 - IPTVCollector - INFO - 📌 未分类频道追加到 '其他': 音乐现场
2026-08-04 13:52:57,157 - IPTVCollector - INFO - 📌 未分类频道追加到 '其他': Newsmax
2026-08-04 13:52:57,158 - IPTVCollector - INFO - 📌 未分类频道追加到 '其他': Dali TV
2026-08-04 13:52:57,158 - IPTVCollector - INFO - 📌 未分类频道追加到 '其他': 地理中国
2026-08-04 13:52:57,158 - IPTVCollector - INFO - 📌 未分类频道追加到 '其他': 人与自然
2026-08-04 13:52:57,158 - IPTVCollector - INFO - 📌 未分类频道追加到 '其他': 自然传奇
2026-08-04 13:52:57,158 - IPTVCollector - INFO - 📌 未分类频道追加到 '其他': 华丽翡翠台
2026-08-04 13:52:57,158 - IPTVCollector - INFO - 📌 未分类频道追加到 '其他': TVB News
2026-08-04 13:52:57,159 - IPTVCollector - INFO - 📌 未分类频道追加到 '其他': 韩国EBS少儿
2026-08-04 13:52:57,159 - IPTVCollector - INFO - 📌 未分类频道追加到 '其他': Good 2
2026-08-04 13:52:57,159 - IPTVCollector - INFO - 📌 未分类频道追加到 '其他': Good
2026-08-04 13:52:57,159 - IPTVCollector - INFO - 📌 未分类频道追加到 '其他': Wild Earth
2026-08-04 13:52:57,159 - IPTVCollector - INFO - 📌 未分类频道追加到 '其他': Supreme Master TV
2026-08-04 13:52:57,159 - IPTVCollector - INFO - 📌 未分类频道追加到 '其他': Beautiful Life TV
2026-08-04 13:52:57,160 - IPTVCollector - INFO - 📌 未分类频道追加到 '其他': RT Balkan
2026-08-04 13:52:57,160 - IPTVCollector - INFO - 📌 未分类频道追加到 '其他': 春晚2025
2026-08-04 13:52:57,160 - IPTVCollector - INFO - 📌 未分类频道追加到 '其他': Pet Club TV
2026-08-04 13:52:57,160 - IPTVCollector - INFO - 📌 未分类频道追加到 '其他': Trace Sports
2026-08-04 13:52:57,160 - IPTVCollector - INFO - 📌 未分类频道追加到 '其他': Arirang
2026-08-04 13:52:57,160 - IPTVCollector - INFO - 📌 未分类频道追加到 '其他': 倩女幽魂妖魔道
2026-08-04 13:52:57,161 - IPTVCollector - INFO - 📌 未分类频道追加到 '其他': RT Español
2026-08-04 13:52:57,161 - IPTVCollector - INFO - 📌 未分类频道追加到 '其他': 倩女幽魂人间道
2026-08-04 13:52:57,161 - IPTVCollector - INFO - 📌 未分类频道追加到 '其他': 2024年春晚
2026-08-04 13:52:57,161 - IPTVCollector - INFO - 📌 未分类频道追加到 '其他': RT DE
2026-08-04 13:52:57,161 - IPTVCollector - INFO - 📌 未分类频道追加到 '其他': CGTN-Documentary
2026-08-04 13:52:57,161 - IPTVCollector - INFO - 📌 未分类频道追加到 '其他': 倩女幽魂道道道
2026-08-04 13:52:57,162 - IPTVCollector - INFO - 📌 未分类频道追加到 '其他': WionNews
2026-08-04 13:52:57,162 - IPTVCollector - INFO - 📌 未分类频道追加到 '其他': 飞碟之谜01
2026-08-04 13:52:57,162 - IPTVCollector - INFO - 📌 未分类频道追加到 '其他': 环球电视
2026-08-04 13:52:57,162 - IPTVCollector - INFO - 📌 未分类频道追加到 '其他': 象视界
2026-08-04 13:52:57,162 - IPTVCollector - INFO - 📌 未分类频道追加到 '其他': RT Français
2026-08-04 13:52:57,162 - IPTVCollector - INFO - 📌 未分类频道追加到 '其他': 春晚2024
2026-08-04 13:52:57,162 - IPTVCollector - INFO - 🎯 Demo 筛选：原始 338 -> 匹配/分类后 338 个频道
2026-08-04 13:52:57,163 - IPTVCollector - INFO - 📊 Demo筛选后: 338
2026-08-04 13:52:57,164 - IPTVCollector - INFO - ✅ M3U 文件已生成: output/tv.m3u
2026-08-04 13:52:57,164 - IPTVCollector - INFO - ✅ TXT 文件已生成: output/tv.txt
2026-08-04 13:52:57,165 - IPTVCollector - INFO - ✅ 多源 M3U 文件已生成: output/tv_multi.m3u
2026-08-04 13:52:57,167 - IPTVCollector - INFO - ✅ JSON API 已生成: output/channels.json
2026-08-04 13:52:57,168 - IPTVCollector - INFO - ✅ 精简版已生成: output/tv_lite.m3u
2026-08-04 13:52:57,168 - IPTVCollector - INFO - ✅ M3U 文件已生成: output/tv_epg.m3u
2026-08-04 13:52:57,169 - IPTVCollector - INFO - 🚀 IPTV 自治系统启动
2026-08-04 13:52:57,169 - IPTVCollector - INFO - ⏭️ 跳过发现阶段
2026-08-04 13:52:57,169 - IPTVCollector - INFO - ==================================================
阶段2: 从缓存观察候选源
==================================================
2026-08-04 13:52:57,196 - IPTVCollector - INFO -   📊 观察进度: 100/168，稳定 0 个
2026-08-04 13:52:57,205 - IPTVCollector - INFO - ✅ 观察阶段完成: 0 个源达到稳定标准
2026-08-04 13:52:57,205 - IPTVCollector - INFO - ==================================================
阶段3: 提升稳定源
==================================================
2026-08-04 13:52:57,205 - IPTVCollector - INFO - 📭 没有稳定的候选源需要提升
2026-08-04 13:52:57,206 - IPTVCollector - INFO - 📊 自治模式统计:
2026-08-04 13:52:57,206 - IPTVCollector - INFO -   候选池总数: 634, 观察中: 168, 稳定: 461
2026-08-04 13:52:57,206 - IPTVCollector - INFO -   本次新提升: 0
2026-08-04 13:52:57,206 - IPTVCollector - INFO - 🎉 全部完成！
2026-08-04 19:20:30,425 - IPTVCollector - INFO - 🚀 IPTV 智能整理平台启动
2026-08-04 19:20:30,427 - IPTVCollector - INFO - ✅ 数据库缓存已启用: data/iptv_cache.db
2026-08-04 19:20:30,430 - IPTVCollector - INFO - 📌 CCTV-1 已设为固定源 (auto_optimize=True)
2026-08-04 19:20:30,432 - IPTVCollector - INFO - 📌 CCTV-2 已设为固定源 (auto_optimize=True)
2026-08-04 19:20:30,433 - IPTVCollector - INFO - 📌 CCTV-3 已设为固定源 (auto_optimize=True)
2026-08-04 19:20:30,434 - IPTVCollector - INFO - 📌 CCTV-4 已设为固定源 (auto_optimize=True)
2026-08-04 19:20:30,435 - IPTVCollector - INFO - 📌 CCTV-5 已设为固定源 (auto_optimize=True)
2026-08-04 19:20:30,436 - IPTVCollector - INFO - 📌 CCTV-5+ 已设为固定源 (auto_optimize=True)
2026-08-04 19:20:30,437 - IPTVCollector - INFO - 📌 CCTV-6 已设为固定源 (auto_optimize=True)
2026-08-04 19:20:30,438 - IPTVCollector - INFO - 📌 CCTV-7 已设为固定源 (auto_optimize=True)
2026-08-04 19:20:30,439 - IPTVCollector - INFO - 📌 CCTV-8 已设为固定源 (auto_optimize=True)
2026-08-04 19:20:30,440 - IPTVCollector - INFO - 📌 CCTV-9 已设为固定源 (auto_optimize=True)
2026-08-04 19:20:30,441 - IPTVCollector - INFO - 📌 CCTV-10 已设为固定源 (auto_optimize=True)
2026-08-04 19:20:30,442 - IPTVCollector - INFO - 📌 CCTV-11 已设为固定源 (auto_optimize=True)
2026-08-04 19:20:30,443 - IPTVCollector - INFO - 📌 CCTV-12 已设为固定源 (auto_optimize=True)
2026-08-04 19:20:30,444 - IPTVCollector - INFO - 📌 CCTV-13 已设为固定源 (auto_optimize=True)
2026-08-04 19:20:30,445 - IPTVCollector - INFO - 📌 CCTV-14 已设为固定源 (auto_optimize=True)
2026-08-04 19:20:30,446 - IPTVCollector - INFO - 📌 CCTV-15 已设为固定源 (auto_optimize=True)
2026-08-04 19:20:30,447 - IPTVCollector - INFO - 📌 CCTV-16 已设为固定源 (auto_optimize=True)
2026-08-04 19:20:30,448 - IPTVCollector - INFO - 📌 CCTV-17 已设为固定源 (auto_optimize=True)
2026-08-04 19:20:30,449 - IPTVCollector - INFO - 📌 CCTV4欧洲 已设为固定源 (auto_optimize=True)
2026-08-04 19:20:30,450 - IPTVCollector - INFO - 📌 CCTV4美洲 已设为固定源 (auto_optimize=True)
2026-08-04 19:20:30,450 - IPTVCollector - INFO - 📌 固定源已同步到数据库
2026-08-04 19:20:30,450 - IPTVCollector - INFO - 📋 订阅源解析：普通 11 个，白名单 0 个
2026-08-04 19:20:30,451 - IPTVCollector - INFO - 📋 使用 11 个源
2026-08-04 19:20:54,530 - IPTVCollector - INFO - 📊 测速完成，有效频道: 420 个
2026-08-04 19:20:54,530 - IPTVCollector - INFO - 📊 通过测速的频道数: 420
2026-08-04 19:20:55,083 - IPTVCollector - INFO - 🔍 ffmpeg 深度验证: 0 个需验证，419 个来自缓存/HTTP
2026-08-04 19:20:55,083 - IPTVCollector - INFO - ✅ ffmpeg 验证完成: 通过 419/420 个频道
2026-08-04 19:20:55,083 - IPTVCollector - INFO - 📊 通过ffmpeg验证的频道数: 419
2026-08-04 19:20:55,092 - IPTVCollector - INFO - 📌 已使用 19 个固定源（含自动优化）
2026-08-04 19:20:55,092 - IPTVCollector - INFO - 📊 合并完成: 共 366 个频道
2026-08-04 19:20:55,092 - IPTVCollector - INFO - 📊 合并后的频道数: 366
2026-08-04 19:20:55,124 - IPTVCollector - INFO - 📊 黑名单过滤后: 348
2026-08-04 19:20:55,126 - IPTVCollector - INFO - 📋 从 demo.txt 解析到 3541 个有序频道
2026-08-04 19:20:55,129 - IPTVCollector - INFO - 📋 从 demo.txt 解析到 3541 个有序频道
2026-08-04 19:22:12,425 - IPTVCollector - INFO - 📌 未分类频道追加到 '其他': 韩国电影1
2026-08-04 19:22:12,426 - IPTVCollector - INFO - 📌 未分类频道追加到 '其他': 韩国电影2
2026-08-04 19:22:12,426 - IPTVCollector - INFO - 🌏 自动追加: 凤凰香港 -> 🌊港·澳·台
2026-08-04 19:22:12,426 - IPTVCollector - INFO - 📌 未分类频道追加到 '其他': 第一财经
2026-08-04 19:22:12,426 - IPTVCollector - INFO - 📌 未分类频道追加到 '其他': ABN China
2026-08-04 19:22:12,426 - IPTVCollector - INFO - 📌 未分类频道追加到 '其他': Bread TV面包台
2026-08-04 19:22:12,426 - IPTVCollector - INFO - 📌 未分类频道追加到 '其他': 东丰
2026-08-04 19:22:12,427 - IPTVCollector - INFO - 📌 未分类频道追加到 '其他': 都市青春
2026-08-04 19:22:12,427 - IPTVCollector - INFO - 📌 未分类频道追加到 '其他': 九台
2026-08-04 19:22:12,427 - IPTVCollector - INFO - 📌 未分类频道追加到 '其他': 双辽
2026-08-04 19:22:12,427 - IPTVCollector - INFO - 📌 未分类频道追加到 '其他': 耀才财经
2026-08-04 19:22:12,427 - IPTVCollector - INFO - 📌 未分类频道追加到 '其他': FZTV3
2026-08-04 19:22:12,427 - IPTVCollector - INFO - 📌 未分类频道追加到 '其他': 江津新闻
2026-08-04 19:22:12,427 - IPTVCollector - INFO - 📌 未分类频道追加到 '其他': 延边2
2026-08-04 19:22:12,427 - IPTVCollector - INFO - 📌 未分类频道追加到 '其他': 陕西新闻咨询
2026-08-04 19:22:12,428 - IPTVCollector - INFO - 📌 未分类频道追加到 '其他': 柳河
2026-08-04 19:22:12,428 - IPTVCollector - INFO - 📌 未分类频道追加到 '其他': 桦甸
2026-08-04 19:22:12,428 - IPTVCollector - INFO - 📌 未分类频道追加到 '其他': 汪清
2026-08-04 19:22:12,428 - IPTVCollector - INFO - 📌 未分类频道追加到 '其他': 珲春新闻
2026-08-04 19:22:12,428 - IPTVCollector - INFO - 📌 未分类频道追加到 '其他': 磐石
2026-08-04 19:22:12,428 - IPTVCollector - INFO - 📌 未分类频道追加到 '其他': 舒兰新闻
2026-08-04 19:22:12,429 - IPTVCollector - INFO - 🌏 自动追加: 哈尔滨都市咨询 -> ☘️黑龙江频道
2026-08-04 19:22:12,430 - IPTVCollector - INFO - 📌 未分类频道追加到 '其他': 辉南新闻
2026-08-04 19:22:12,431 - IPTVCollector - INFO - 🌏 自动追加: 通化县 -> ☘️吉林频道
2026-08-04 19:22:12,433 - IPTVCollector - INFO - 🌏 自动追加: 长白山电视台 -> ☘️吉林频道
2026-08-04 19:22:12,433 - IPTVCollector - INFO - 📌 未分类频道追加到 '其他': 华丽翡翠台
2026-08-04 19:22:12,433 - IPTVCollector - INFO - 📌 未分类频道追加到 '其他': 无线新闻台
2026-08-04 19:22:12,433 - IPTVCollector - INFO - 📌 未分类频道追加到 '其他': 龙井
2026-08-04 19:22:12,433 - IPTVCollector - INFO - 📌 未分类频道追加到 '其他': Home Plus
2026-08-04 19:22:12,433 - IPTVCollector - INFO - 📌 未分类频道追加到 '其他': 新闻咨询
2026-08-04 19:22:12,434 - IPTVCollector - INFO - 📌 未分类频道追加到 '其他': Harbin Movie Channel
2026-08-04 19:22:12,434 - IPTVCollector - INFO - 📌 未分类频道追加到 '其他': Chifeng Comprehensive News Chanel
2026-08-04 19:22:12,434 - IPTVCollector - INFO - 📌 未分类频道追加到 '其他': Nei Monggol TV [Not 24/7]
2026-08-04 19:22:12,434 - IPTVCollector - INFO - 📌 未分类频道追加到 '其他': Nei Monggol TV 2 Mongolian Culture Channel [Not 24/7]
2026-08-04 19:22:12,434 - IPTVCollector - INFO - 📌 未分类频道追加到 '其他': QTV-1
2026-08-04 19:22:12,434 - IPTVCollector - INFO - 📌 未分类频道追加到 '其他': Siping TV
2026-08-04 19:22:12,435 - IPTVCollector - INFO - 📌 未分类频道追加到 '其他': Harbin Comprehensive News Channel
2026-08-04 19:22:12,435 - IPTVCollector - INFO - 📌 未分类频道追加到 '其他': Hunan TV
2026-08-04 19:22:12,435 - IPTVCollector - INFO - 📌 未分类频道追加到 '其他': VOA美国之音
2026-08-04 19:22:12,435 - IPTVCollector - INFO - 📌 未分类频道追加到 '其他': 音乐欣赏
2026-08-04 19:22:12,435 - IPTVCollector - INFO - 📌 未分类频道追加到 '其他': 通海电视台
2026-08-04 19:22:12,435 - IPTVCollector - INFO - 📌 未分类频道追加到 '其他': 大立电视台
2026-08-04 19:22:12,436 - IPTVCollector - INFO - 🌏 自动追加: 绍兴电视台公共 -> ☘️浙江频道
2026-08-04 19:22:12,436 - IPTVCollector - INFO - 📌 未分类频道追加到 '其他': 音乐现场
2026-08-04 19:22:12,436 - IPTVCollector - INFO - 📌 未分类频道追加到 '其他': 韩国EBS少儿
2026-08-04 19:22:12,436 - IPTVCollector - INFO - 📌 未分类频道追加到 '其他': Xinjiang TV 2
2026-08-04 19:22:12,436 - IPTVCollector - INFO - 📌 未分类频道追加到 '其他': Xinjiang TV 3
2026-08-04 19:22:12,437 - IPTVCollector - INFO - 📌 未分类频道追加到 '其他': TV BRICS Chinese
2026-08-04 19:22:12,437 - IPTVCollector - INFO - 📌 未分类频道追加到 '其他': 自然传奇
2026-08-04 19:22:12,437 - IPTVCollector - INFO - 📌 未分类频道追加到 '其他': 人与自然
2026-08-04 19:22:12,437 - IPTVCollector - INFO - 📌 未分类频道追加到 '其他': 地理中国
2026-08-04 19:22:12,437 - IPTVCollector - INFO - 📌 未分类频道追加到 '其他': 飞碟之谜01
2026-08-04 19:22:12,438 - IPTVCollector - INFO - 📌 未分类频道追加到 '其他': Zhejiang TV International
2026-08-04 19:22:12,438 - IPTVCollector - INFO - 📌 未分类频道追加到 '其他': 1987年春晚
2026-08-04 19:22:12,438 - IPTVCollector - INFO - 📌 未分类频道追加到 '其他': 1988年春晚
2026-08-04 19:22:12,438 - IPTVCollector - INFO - 📌 未分类频道追加到 '其他': 1989年春晚
2026-08-04 19:22:12,438 - IPTVCollector - INFO - 📌 未分类频道追加到 '其他': Arirang
2026-08-04 19:22:12,438 - IPTVCollector - INFO - 📌 未分类频道追加到 '其他': RT News
2026-08-04 19:22:12,439 - IPTVCollector - INFO - 📌 未分类频道追加到 '其他': Dali TV
2026-08-04 19:22:12,439 - IPTVCollector - INFO - 📌 未分类频道追加到 '其他': Newsmax
2026-08-04 19:22:12,439 - IPTVCollector - INFO - 📌 未分类频道追加到 '其他': CNA
2026-08-04 19:22:12,440 - IPTVCollector - INFO - 🌏 自动追加: 白城新闻综合 [Geo-blocked] -> ☘️吉林频道
2026-08-04 19:22:12,441 - IPTVCollector - INFO - 📌 未分类频道追加到 '其他': Beautiful Life TV
2026-08-04 19:22:12,441 - IPTVCollector - INFO - 📌 未分类频道追加到 '其他': Good
2026-08-04 19:22:12,441 - IPTVCollector - INFO - 📌 未分类频道追加到 '其他': Good 2
2026-08-04 19:22:12,441 - IPTVCollector - INFO - 📌 未分类频道追加到 '其他': Pet Club TV
2026-08-04 19:22:12,441 - IPTVCollector - INFO - 📌 未分类频道追加到 '其他': 2024年春晚
2026-08-04 19:22:12,442 - IPTVCollector - INFO - 📌 未分类频道追加到 '其他': 农安新闻综合 [Geo-blocked]
2026-08-04 19:22:12,442 - IPTVCollector - INFO - 📌 未分类频道追加到 '其他': Supreme Master TV
2026-08-04 19:22:12,442 - IPTVCollector - INFO - 📌 未分类频道追加到 '其他': TVB News
2026-08-04 19:22:12,442 - IPTVCollector - INFO - 📌 未分类频道追加到 '其他': Trace Sports
2026-08-04 19:22:12,442 - IPTVCollector - INFO - 📌 未分类频道追加到 '其他': RT Balkan
2026-08-04 19:22:12,442 - IPTVCollector - INFO - 📌 未分类频道追加到 '其他': RT DE
2026-08-04 19:22:12,444 - IPTVCollector - INFO - 🌏 自动追加: 吉林市新闻综合 [Geo-blocked] -> ☘️吉林频道
2026-08-04 19:22:12,444 - IPTVCollector - INFO - 📌 未分类频道追加到 '其他': 前郭综合 [Geo-blocked]
2026-08-04 19:22:12,444 - IPTVCollector - INFO - 📌 未分类频道追加到 '其他': RT Français
2026-08-04 19:22:12,444 - IPTVCollector - INFO - 📌 未分类频道追加到 '其他': 延边新闻综合 [Geo-blocked]
2026-08-04 19:22:12,445 - IPTVCollector - INFO - 📌 未分类频道追加到 '其他': Wild Earth
2026-08-04 19:22:12,445 - IPTVCollector - INFO - 📌 未分类频道追加到 '其他': 兴隆综合
2026-08-04 19:22:12,445 - IPTVCollector - INFO - 📌 未分类频道追加到 '其他': RT Español
2026-08-04 19:22:12,446 - IPTVCollector - INFO - 🌏 自动追加: 四平新闻综合 [Geo-blocked] -> ☘️吉林频道
2026-08-04 19:22:12,446 - IPTVCollector - INFO - 📌 未分类频道追加到 '其他': WionNews
2026-08-04 19:22:12,447 - IPTVCollector - INFO - 📌 未分类频道追加到 '其他': 龙门飞甲
2026-08-04 19:22:12,448 - IPTVCollector - INFO - 🌏 自动追加: 松原新闻综合 [Geo-blocked] -> ☘️吉林频道
2026-08-04 19:22:12,448 - IPTVCollector - INFO - 🌏 自动追加: 浙江 Ⅰ 绍兴影视 -> ☘️浙江频道
2026-08-04 19:22:12,449 - IPTVCollector - INFO - 📌 未分类频道追加到 '其他': 伊犁经济法制
2026-08-04 19:22:12,449 - IPTVCollector - INFO - 📌 未分类频道追加到 '其他': 倩女幽魂人间道
2026-08-04 19:22:12,449 - IPTVCollector - INFO - 📌 未分类频道追加到 '其他': 春晚2025
2026-08-04 19:22:12,449 - IPTVCollector - INFO - 📌 未分类频道追加到 '其他': 倩女幽魂妖魔道
2026-08-04 19:22:12,449 - IPTVCollector - INFO - 📌 未分类频道追加到 '其他': 倩女幽魂道道道
2026-08-04 19:22:12,450 - IPTVCollector - INFO - 🌏 自动追加: 浙江 Ⅰ 绍兴综合 -> ☘️浙江频道
2026-08-04 19:22:12,450 - IPTVCollector - INFO - 📌 未分类频道追加到 '其他': 江津经济生活
2026-08-04 19:22:12,450 - IPTVCollector - INFO - 📌 未分类频道追加到 '其他': 浙江经济
2026-08-04 19:22:12,450 - IPTVCollector - INFO - 📌 未分类频道追加到 '其他': 武进生活 [Not 24/7]
2026-08-04 19:22:12,450 - IPTVCollector - INFO - 📌 未分类频道追加到 '其他': 武进新闻 [Not 24/7]
2026-08-04 19:22:12,450 - IPTVCollector - INFO - 📌 未分类频道追加到 '其他': 春晚2024
2026-08-04 19:22:12,451 - IPTVCollector - INFO - 📌 未分类频道追加到 '其他': 玛纳斯
2026-08-04 19:22:12,451 - IPTVCollector - INFO - 📌 未分类频道追加到 '其他': 环球电视
2026-08-04 19:22:12,451 - IPTVCollector - INFO - 📌 未分类频道追加到 '其他': 玛纳斯综合
2026-08-04 19:22:12,451 - IPTVCollector - INFO - 📌 未分类频道追加到 '其他': 奎屯汉语
2026-08-04 19:22:12,452 - IPTVCollector - INFO - 🌏 自动追加: 白山新闻综合 [Geo-blocked] -> ☘️吉林频道
2026-08-04 19:22:12,453 - IPTVCollector - INFO - 📌 未分类频道追加到 '其他': 浙江钱江都市
2026-08-04 19:22:12,453 - IPTVCollector - INFO - 📌 未分类频道追加到 '其他': 辽新闻综合 [Geo-blocked]
2026-08-04 19:22:12,453 - IPTVCollector - INFO - 📌 未分类频道追加到 '其他': CGTN-Documentary
2026-08-04 19:22:12,454 - IPTVCollector - INFO - 🌏 自动追加: 通化新闻 [Geo-blocked] -> ☘️吉林频道
2026-08-04 19:22:12,456 - IPTVCollector - INFO - 🌏 自动追加: 长春综合 [Geo-blocked] -> ☘️吉林频道
2026-08-04 19:22:12,456 - IPTVCollector - INFO - 📌 未分类频道追加到 '其他': 集安综合 [Geo-blocked]
2026-08-04 19:22:12,456 - IPTVCollector - INFO - 🌏 自动追加: 福州广电视台新闻综合频道 -> ☘️福建频道
2026-08-04 19:22:12,456 - IPTVCollector - INFO - 📌 未分类频道追加到 '其他': CGTN French
2026-08-04 19:22:12,457 - IPTVCollector - INFO - 📌 未分类频道追加到 '其他': 象视界
2026-08-04 19:22:12,457 - IPTVCollector - INFO - 📌 未分类频道追加到 '其他': 荣昌综合 [Not 24/7]
2026-08-04 19:22:12,457 - IPTVCollector - INFO - 📌 未分类频道追加到 '其他': 靖江新闻綜合 [Not 24/7]
2026-08-04 19:22:12,457 - IPTVCollector - INFO - 📌 未分类频道追加到 '其他': Xinjiang TV 1
2026-08-04 19:22:12,458 - IPTVCollector - INFO - 🌏 自动追加: 邯郸公共频道 -> ☘️河北频道
2026-08-04 19:22:12,458 - IPTVCollector - INFO - 📌 未分类频道追加到 '其他': CGTN记录
2026-08-04 19:22:12,459 - IPTVCollector - INFO - 🌏 自动追加: 上海卫视 -> ☘️上海频道
2026-08-04 19:22:12,459 - IPTVCollector - INFO - 📌 未分类频道追加到 '其他': 东南卫视
2026-08-04 19:22:12,459 - IPTVCollector - INFO - 📌 未分类频道追加到 '其他': 梨园
2026-08-04 19:22:12,459 - IPTVCollector - INFO - 📌 未分类频道追加到 '其他': 熊猫直
2026-08-04 19:22:12,459 - IPTVCollector - INFO - 📌 未分类频道追加到 '其他': 数码时代
2026-08-04 19:22:12,459 - IPTVCollector - INFO - 📌 未分类频道追加到 '其他': 浙江教科影视
2026-08-04 19:22:12,460 - IPTVCollector - INFO - 📌 未分类频道追加到 '其他': 浙江教科影院
2026-08-04 19:22:12,460 - IPTVCollector - INFO - 📌 未分类频道追加到 '其他': 浙江教育
2026-08-04 19:22:12,460 - IPTVCollector - INFO - 📌 未分类频道追加到 '其他': 浙江民生休闲
2026-08-04 19:22:12,460 - IPTVCollector - INFO - 📌 未分类频道追加到 '其他': 浙江生活
2026-08-04 19:22:12,460 - IPTVCollector - INFO - 📌 未分类频道追加到 '其他': 浙江钱江频道
2026-08-04 19:22:12,460 - IPTVCollector - INFO - 📌 未分类频道追加到 '其他': 凤凰中文
2026-08-04 19:22:12,461 - IPTVCollector - INFO - 📌 未分类频道追加到 '其他': 凤凰资讯
2026-08-04 19:22:12,462 - IPTVCollector - INFO - 🌏 自动追加: 武汉一台新闻综合 -> ☘️湖北频道
2026-08-04 19:22:12,462 - IPTVCollector - INFO - 📌 未分类频道追加到 '其他': CHC电影
2026-08-04 19:22:12,462 - IPTVCollector - INFO - 🎯 Demo 筛选：原始 348 -> 匹配/分类后 348 个频道
2026-08-04 19:22:12,462 - IPTVCollector - INFO - 📊 Demo筛选后: 348
2026-08-04 19:22:12,463 - IPTVCollector - INFO - ✅ M3U 文件已生成: output/tv.m3u
2026-08-04 19:22:12,464 - IPTVCollector - INFO - ✅ TXT 文件已生成: output/tv.txt
2026-08-04 19:22:12,464 - IPTVCollector - INFO - ✅ 多源 M3U 文件已生成: output/tv_multi.m3u
2026-08-04 19:22:12,467 - IPTVCollector - INFO - ✅ JSON API 已生成: output/channels.json
2026-08-04 19:22:12,467 - IPTVCollector - INFO - ✅ 精简版已生成: output/tv_lite.m3u
2026-08-04 19:22:12,468 - IPTVCollector - INFO - ✅ M3U 文件已生成: output/tv_epg.m3u
2026-08-04 19:22:12,468 - IPTVCollector - INFO - 🚀 IPTV 自治系统启动
2026-08-04 19:22:12,468 - IPTVCollector - INFO - ⏭️ 跳过发现阶段
2026-08-04 19:22:12,468 - IPTVCollector - INFO - ==================================================
阶段2: 从缓存观察候选源
==================================================
2026-08-04 19:22:12,501 - IPTVCollector - INFO -   📊 观察进度: 100/168，稳定 0 个
2026-08-04 19:22:12,509 - IPTVCollector - INFO - ✅ 观察阶段完成: 0 个源达到稳定标准
2026-08-04 19:22:12,509 - IPTVCollector - INFO - ==================================================
阶段3: 提升稳定源
==================================================
2026-08-04 19:22:12,509 - IPTVCollector - INFO - 📭 没有稳定的候选源需要提升
2026-08-04 19:22:12,509 - IPTVCollector - INFO - 📊 自治模式统计:
2026-08-04 19:22:12,510 - IPTVCollector - INFO -   候选池总数: 634, 观察中: 168, 稳定: 461
2026-08-04 19:22:12,510 - IPTVCollector - INFO -   本次新提升: 0
2026-08-04 19:22:12,510 - IPTVCollector - INFO - 🎉 全部完成！
2026-08-05 01:47:36,225 - IPTVCollector - INFO - 🚀 IPTV 智能整理平台启动
2026-08-05 01:47:36,227 - IPTVCollector - INFO - ✅ 数据库缓存已启用: data/iptv_cache.db
2026-08-05 01:47:36,230 - IPTVCollector - INFO - 📌 CCTV-1 已设为固定源 (auto_optimize=True)
2026-08-05 01:47:36,231 - IPTVCollector - INFO - 📌 CCTV-2 已设为固定源 (auto_optimize=True)
2026-08-05 01:47:36,232 - IPTVCollector - INFO - 📌 CCTV-3 已设为固定源 (auto_optimize=True)
2026-08-05 01:47:36,233 - IPTVCollector - INFO - 📌 CCTV-4 已设为固定源 (auto_optimize=True)
2026-08-05 01:47:36,235 - IPTVCollector - INFO - 📌 CCTV-5 已设为固定源 (auto_optimize=True)
2026-08-05 01:47:36,236 - IPTVCollector - INFO - 📌 CCTV-5+ 已设为固定源 (auto_optimize=True)
2026-08-05 01:47:36,237 - IPTVCollector - INFO - 📌 CCTV-6 已设为固定源 (auto_optimize=True)
2026-08-05 01:47:36,238 - IPTVCollector - INFO - 📌 CCTV-7 已设为固定源 (auto_optimize=True)
2026-08-05 01:47:36,239 - IPTVCollector - INFO - 📌 CCTV-8 已设为固定源 (auto_optimize=True)
2026-08-05 01:47:36,240 - IPTVCollector - INFO - 📌 CCTV-9 已设为固定源 (auto_optimize=True)
2026-08-05 01:47:36,241 - IPTVCollector - INFO - 📌 CCTV-10 已设为固定源 (auto_optimize=True)
2026-08-05 01:47:36,245 - IPTVCollector - INFO - 📌 CCTV-11 已设为固定源 (auto_optimize=True)
2026-08-05 01:47:36,246 - IPTVCollector - INFO - 📌 CCTV-12 已设为固定源 (auto_optimize=True)
2026-08-05 01:47:36,247 - IPTVCollector - INFO - 📌 CCTV-13 已设为固定源 (auto_optimize=True)
2026-08-05 01:47:36,248 - IPTVCollector - INFO - 📌 CCTV-14 已设为固定源 (auto_optimize=True)
2026-08-05 01:47:36,250 - IPTVCollector - INFO - 📌 CCTV-15 已设为固定源 (auto_optimize=True)
2026-08-05 01:47:36,251 - IPTVCollector - INFO - 📌 CCTV-16 已设为固定源 (auto_optimize=True)
2026-08-05 01:47:36,252 - IPTVCollector - INFO - 📌 CCTV-17 已设为固定源 (auto_optimize=True)
2026-08-05 01:47:36,253 - IPTVCollector - INFO - 📌 CCTV4欧洲 已设为固定源 (auto_optimize=True)
2026-08-05 01:47:36,254 - IPTVCollector - INFO - 📌 CCTV4美洲 已设为固定源 (auto_optimize=True)
2026-08-05 01:47:36,254 - IPTVCollector - INFO - 📌 固定源已同步到数据库
2026-08-05 01:47:36,255 - IPTVCollector - INFO - 📋 订阅源解析：普通 11 个，白名单 0 个
2026-08-05 01:47:36,255 - IPTVCollector - INFO - 📋 使用 11 个源
2026-08-05 01:47:55,573 - IPTVCollector - INFO - 📊 测速完成，有效频道: 417 个
2026-08-05 01:47:55,574 - IPTVCollector - INFO - 📊 通过测速的频道数: 417
2026-08-05 01:47:56,024 - IPTVCollector - INFO - 🔍 ffmpeg 深度验证: 0 个需验证，416 个来自缓存/HTTP
2026-08-05 01:47:56,024 - IPTVCollector - INFO - ✅ ffmpeg 验证完成: 通过 416/417 个频道
2026-08-05 01:47:56,024 - IPTVCollector - INFO - 📊 通过ffmpeg验证的频道数: 416
2026-08-05 01:47:56,033 - IPTVCollector - INFO - 📌 已使用 19 个固定源（含自动优化）
2026-08-05 01:47:56,033 - IPTVCollector - INFO - 📊 合并完成: 共 365 个频道
2026-08-05 01:47:56,033 - IPTVCollector - INFO - 📊 合并后的频道数: 365
2026-08-05 01:47:56,067 - IPTVCollector - INFO - 📊 黑名单过滤后: 347
2026-08-05 01:47:56,070 - IPTVCollector - INFO - 📋 从 demo.txt 解析到 3541 个有序频道
2026-08-05 01:47:56,072 - IPTVCollector - INFO - 📋 从 demo.txt 解析到 3541 个有序频道
2026-08-05 01:49:34,434 - IPTVCollector - INFO - 📌 未分类频道追加到 '其他': 都市青春
2026-08-05 01:49:34,434 - IPTVCollector - INFO - 📌 未分类频道追加到 '其他': 陕西新闻咨询
2026-08-05 01:49:34,435 - IPTVCollector - INFO - 📌 未分类频道追加到 '其他': FZTV3
2026-08-05 01:49:34,435 - IPTVCollector - INFO - 📌 未分类频道追加到 '其他': 河南电视剧
2026-08-05 01:49:34,435 - IPTVCollector - INFO - 📌 未分类频道追加到 '其他': 江津新闻
2026-08-05 01:49:34,436 - IPTVCollector - INFO - 🌏 自动追加: 哈尔滨都市咨询 -> ☘️黑龙江频道
2026-08-05 01:49:34,437 - IPTVCollector - INFO - 📌 未分类频道追加到 '其他': 华丽翡翠台
2026-08-05 01:49:34,437 - IPTVCollector - INFO - 📌 未分类频道追加到 '其他': 无线新闻台
2026-08-05 01:49:34,437 - IPTVCollector - INFO - 📌 未分类频道追加到 '其他': 新闻咨询
2026-08-05 01:49:34,437 - IPTVCollector - INFO - 📌 未分类频道追加到 '其他': 音乐欣赏
2026-08-05 01:49:34,437 - IPTVCollector - INFO - 📌 未分类频道追加到 '其他': Home Plus
2026-08-05 01:49:34,438 - IPTVCollector - INFO - 📌 未分类频道追加到 '其他': 1987年春晚
2026-08-05 01:49:34,438 - IPTVCollector - INFO - 📌 未分类频道追加到 '其他': 1988年春晚
2026-08-05 01:49:34,438 - IPTVCollector - INFO - 📌 未分类频道追加到 '其他': 1989年春晚
2026-08-05 01:49:34,438 - IPTVCollector - INFO - 📌 未分类频道追加到 '其他': VOA美国之音
2026-08-05 01:49:34,439 - IPTVCollector - INFO - 📌 未分类频道追加到 '其他': 韩国EBS少儿
2026-08-05 01:49:34,439 - IPTVCollector - INFO - 📌 未分类频道追加到 '其他': 音乐现场
2026-08-05 01:49:34,439 - IPTVCollector - INFO - 📌 未分类频道追加到 '其他': 飞碟之谜01
2026-08-05 01:49:34,439 - IPTVCollector - INFO - 📌 未分类频道追加到 '其他': 地理中国
2026-08-05 01:49:34,440 - IPTVCollector - INFO - 📌 未分类频道追加到 '其他': 人与自然
2026-08-05 01:49:34,440 - IPTVCollector - INFO - 📌 未分类频道追加到 '其他': 自然传奇
2026-08-05 01:49:34,440 - IPTVCollector - INFO - 📌 未分类频道追加到 '其他': Xinjiang TV 2
2026-08-05 01:49:34,440 - IPTVCollector - INFO - 📌 未分类频道追加到 '其他': Chifeng Comprehensive News Chanel
2026-08-05 01:49:34,440 - IPTVCollector - INFO - 📌 未分类频道追加到 '其他': Xinjiang TV 3
2026-08-05 01:49:34,441 - IPTVCollector - INFO - 📌 未分类频道追加到 '其他': Nei Monggol TV 2 Mongolian Culture Channel [Not 24/7]
2026-08-05 01:49:34,441 - IPTVCollector - INFO - 📌 未分类频道追加到 '其他': Nei Monggol TV [Not 24/7]
2026-08-05 01:49:34,441 - IPTVCollector - INFO - 📌 未分类频道追加到 '其他': TV BRICS Chinese
2026-08-05 01:49:34,441 - IPTVCollector - INFO - 📌 未分类频道追加到 '其他': QTV-1
2026-08-05 01:49:34,442 - IPTVCollector - INFO - 📌 未分类频道追加到 '其他': Harbin Movie Channel
2026-08-05 01:49:34,442 - IPTVCollector - INFO - 📌 未分类频道追加到 '其他': Harbin Comprehensive News Channel
2026-08-05 01:49:34,442 - IPTVCollector - INFO - 📌 未分类频道追加到 '其他': Zhejiang TV International
2026-08-05 01:49:34,442 - IPTVCollector - INFO - 📌 未分类频道追加到 '其他': Arirang
2026-08-05 01:49:34,442 - IPTVCollector - INFO - 📌 未分类频道追加到 '其他': Hunan TV
2026-08-05 01:49:34,443 - IPTVCollector - INFO - 📌 未分类频道追加到 '其他': CNA
2026-08-05 01:49:34,443 - IPTVCollector - INFO - 📌 未分类频道追加到 '其他': Beautiful Life TV
2026-08-05 01:49:34,443 - IPTVCollector - INFO - 📌 未分类频道追加到 '其他': Newsmax
2026-08-05 01:49:34,443 - IPTVCollector - INFO - 📌 未分类频道追加到 '其他': Supreme Master TV
2026-08-05 01:49:34,444 - IPTVCollector - INFO - 📌 未分类频道追加到 '其他': Siping TV
2026-08-05 01:49:34,444 - IPTVCollector - INFO - 📌 未分类频道追加到 '其他': Dali TV
2026-08-05 01:49:34,444 - IPTVCollector - INFO - 📌 未分类频道追加到 '其他': TVB News
2026-08-05 01:49:34,444 - IPTVCollector - INFO - 📌 未分类频道追加到 '其他': 2024年春晚
2026-08-05 01:49:34,444 - IPTVCollector - INFO - 📌 未分类频道追加到 '其他': Good
2026-08-05 01:49:34,445 - IPTVCollector - INFO - 📌 未分类频道追加到 '其他': Good 2
2026-08-05 01:49:34,446 - IPTVCollector - INFO - 🌏 自动追加: 白城新闻综合 [Geo-blocked] -> ☘️吉林频道
2026-08-05 01:49:34,446 - IPTVCollector - INFO - 📌 未分类频道追加到 '其他': Trace Sports
2026-08-05 01:49:34,446 - IPTVCollector - INFO - 📌 未分类频道追加到 '其他': Pet Club TV
2026-08-05 01:49:34,447 - IPTVCollector - INFO - 📌 未分类频道追加到 '其他': Wild Earth
2026-08-05 01:49:34,448 - IPTVCollector - INFO - 🌏 自动追加: 四平新闻综合 [Geo-blocked] -> ☘️吉林频道
2026-08-05 01:49:34,448 - IPTVCollector - INFO - 📌 未分类频道追加到 '其他': WionNews
2026-08-05 01:49:34,448 - IPTVCollector - INFO - 📌 未分类频道追加到 '其他': RT Français
2026-08-05 01:49:34,449 - IPTVCollector - INFO - 📌 未分类频道追加到 '其他': 农安新闻综合 [Geo-blocked]
2026-08-05 01:49:34,450 - IPTVCollector - INFO - 🌏 自动追加: 吉林市新闻综合 [Geo-blocked] -> ☘️吉林频道
2026-08-05 01:49:34,450 - IPTVCollector - INFO - 📌 未分类频道追加到 '其他': 春晚2025
2026-08-05 01:49:34,450 - IPTVCollector - INFO - 📌 未分类频道追加到 '其他': 兴隆综合
2026-08-05 01:49:34,451 - IPTVCollector - INFO - 📌 未分类频道追加到 '其他': RT Balkan
2026-08-05 01:49:34,452 - IPTVCollector - INFO - 🌏 自动追加: 松原新闻综合 [Geo-blocked] -> ☘️吉林频道
2026-08-05 01:49:34,452 - IPTVCollector - INFO - 📌 未分类频道追加到 '其他': RT Español
2026-08-05 01:49:34,452 - IPTVCollector - INFO - 📌 未分类频道追加到 '其他': 延边新闻综合 [Geo-blocked]
2026-08-05 01:49:34,453 - IPTVCollector - INFO - 📌 未分类频道追加到 '其他': 倩女幽魂妖魔道
2026-08-05 01:49:34,453 - IPTVCollector - INFO - 📌 未分类频道追加到 '其他': 倩女幽魂人间道
2026-08-05 01:49:34,453 - IPTVCollector - INFO - 📌 未分类频道追加到 '其他': 倩女幽魂道道道
2026-08-05 01:49:34,453 - IPTVCollector - INFO - 📌 未分类频道追加到 '其他': 春晚2024
2026-08-05 01:49:34,454 - IPTVCollector - INFO - 📌 未分类频道追加到 '其他': 环球电视
2026-08-05 01:49:34,454 - IPTVCollector - INFO - 📌 未分类频道追加到 '其他': RT DE
2026-08-05 01:49:34,454 - IPTVCollector - INFO - 📌 未分类频道追加到 '其他': 武进生活 [Not 24/7]
2026-08-05 01:49:34,454 - IPTVCollector - INFO - 📌 未分类频道追加到 '其他': 武进新闻 [Not 24/7]
2026-08-05 01:49:34,455 - IPTVCollector - INFO - 📌 未分类频道追加到 '其他': CGTN-Documentary
2026-08-05 01:49:34,455 - IPTVCollector - INFO - 🌏 自动追加: 浙江 Ⅰ 绍兴影视 -> ☘️浙江频道
2026-08-05 01:49:34,455 - IPTVCollector - INFO - 📌 未分类频道追加到 '其他': 前郭综合 [Geo-blocked]
2026-08-05 01:49:34,455 - IPTVCollector - INFO - 🌏 自动追加: 浙江 Ⅰ 绍兴综合 -> ☘️浙江频道
2026-08-05 01:49:34,456 - IPTVCollector - INFO - 📌 未分类频道追加到 '其他': 浙江经济
2026-08-05 01:49:34,457 - IPTVCollector - INFO - 🌏 自动追加: 白山新闻综合 [Geo-blocked] -> ☘️吉林频道
2026-08-05 01:49:34,457 - IPTVCollector - INFO - 🌏 自动追加: 福州广电视台新闻综合频道 -> ☘️福建频道
2026-08-05 01:49:34,458 - IPTVCollector - INFO - 📌 未分类频道追加到 '其他': 象视界
2026-08-05 01:49:34,458 - IPTVCollector - INFO - 📌 未分类频道追加到 '其他': 辽新闻综合 [Geo-blocked]
2026-08-05 01:49:34,459 - IPTVCollector - INFO - 🌏 自动追加: 长春综合 [Geo-blocked] -> ☘️吉林频道
2026-08-05 01:49:34,461 - IPTVCollector - INFO - 🌏 自动追加: 通化新闻 [Geo-blocked] -> ☘️吉林频道
2026-08-05 01:49:34,461 - IPTVCollector - INFO - 📌 未分类频道追加到 '其他': 集安综合 [Geo-blocked]
2026-08-05 01:49:34,461 - IPTVCollector - INFO - 📌 未分类频道追加到 '其他': CGTN French
2026-08-05 01:49:34,461 - IPTVCollector - INFO - 📌 未分类频道追加到 '其他': 荣昌综合 [Not 24/7]
2026-08-05 01:49:34,462 - IPTVCollector - INFO - 📌 未分类频道追加到 '其他': 靖江新闻綜合 [Not 24/7]
2026-08-05 01:49:34,462 - IPTVCollector - INFO - 📌 未分类频道追加到 '其他': 江津经济生活
2026-08-05 01:49:34,462 - IPTVCollector - INFO - 📌 未分类频道追加到 '其他': Xinjiang TV 1
2026-08-05 01:49:34,462 - IPTVCollector - INFO - 📌 未分类频道追加到 '其他': CGTN记录
2026-08-05 01:49:34,462 - IPTVCollector - INFO - 📌 未分类频道追加到 '其他': 熊猫直
2026-08-05 01:49:34,463 - IPTVCollector - INFO - 📌 未分类频道追加到 '其他': 东南卫视
2026-08-05 01:49:34,463 - IPTVCollector - INFO - 🌏 自动追加: 上海卫视 -> ☘️上海频道
2026-08-05 01:49:34,463 - IPTVCollector - INFO - 📌 未分类频道追加到 '其他': 第一财经
2026-08-05 01:49:34,463 - IPTVCollector - INFO - 📌 未分类频道追加到 '其他': ABN China
2026-08-05 01:49:34,464 - IPTVCollector - INFO - 📌 未分类频道追加到 '其他': 九台
2026-08-05 01:49:34,464 - IPTVCollector - INFO - 📌 未分类频道追加到 '其他': 延边2
2026-08-05 01:49:34,464 - IPTVCollector - INFO - 📌 未分类频道追加到 '其他': Bread TV面包台
2026-08-05 01:49:34,464 - IPTVCollector - INFO - 📌 未分类频道追加到 '其他': 双辽
2026-08-05 01:49:34,465 - IPTVCollector - INFO - 📌 未分类频道追加到 '其他': 柳河
2026-08-05 01:49:34,465 - IPTVCollector - INFO - 📌 未分类频道追加到 '其他': 汪清
2026-08-05 01:49:34,465 - IPTVCollector - INFO - 📌 未分类频道追加到 '其他': 耀才财经
2026-08-05 01:49:34,465 - IPTVCollector - INFO - 📌 未分类频道追加到 '其他': 东丰
2026-08-05 01:49:34,465 - IPTVCollector - INFO - 📌 未分类频道追加到 '其他': 珲春新闻
2026-08-05 01:49:34,466 - IPTVCollector - INFO - 📌 未分类频道追加到 '其他': 磐石
2026-08-05 01:49:34,466 - IPTVCollector - INFO - 📌 未分类频道追加到 '其他': 舒兰新闻
2026-08-05 01:49:34,466 - IPTVCollector - INFO - 📌 未分类频道追加到 '其他': 桦甸
2026-08-05 01:49:34,466 - IPTVCollector - INFO - 📌 未分类频道追加到 '其他': 辉南新闻
2026-08-05 01:49:34,467 - IPTVCollector - INFO - 🌏 自动追加: 通化县 -> ☘️吉林频道
2026-08-05 01:49:34,467 - IPTVCollector - INFO - 📌 未分类频道追加到 '其他': 大立电视台
2026-08-05 01:49:34,468 - IPTVCollector - INFO - 📌 未分类频道追加到 '其他': 龙井
2026-08-05 01:49:34,469 - IPTVCollector - INFO - 🌏 自动追加: 长白山电视台 -> ☘️吉林频道
2026-08-05 01:49:34,469 - IPTVCollector - INFO - 🌏 自动追加: 绍兴电视台公共 -> ☘️浙江频道
2026-08-05 01:49:34,469 - IPTVCollector - INFO - 📌 未分类频道追加到 '其他': 通海电视台
2026-08-05 01:49:34,469 - IPTVCollector - INFO - 📌 未分类频道追加到 '其他': 龙门飞甲
2026-08-05 01:49:34,470 - IPTVCollector - INFO - 📌 未分类频道追加到 '其他': RT News
2026-08-05 01:49:34,470 - IPTVCollector - INFO - 📌 未分类频道追加到 '其他': 伊犁经济法制
2026-08-05 01:49:34,470 - IPTVCollector - INFO - 📌 未分类频道追加到 '其他': 奎屯汉语
2026-08-05 01:49:34,470 - IPTVCollector - INFO - 📌 未分类频道追加到 '其他': 浙江钱江都市
2026-08-05 01:49:34,470 - IPTVCollector - INFO - 📌 未分类频道追加到 '其他': 玛纳斯
2026-08-05 01:49:34,470 - IPTVCollector - INFO - 📌 未分类频道追加到 '其他': 玛纳斯综合
2026-08-05 01:49:34,471 - IPTVCollector - INFO - 🌏 自动追加: 邯郸公共频道 -> ☘️河北频道
2026-08-05 01:49:34,472 - IPTVCollector - INFO - 📌 未分类频道追加到 '其他': 数码时代
2026-08-05 01:49:34,472 - IPTVCollector - INFO - 📌 未分类频道追加到 '其他': 浙江教科影视
2026-08-05 01:49:34,472 - IPTVCollector - INFO - 📌 未分类频道追加到 '其他': 浙江教科影院
2026-08-05 01:49:34,472 - IPTVCollector - INFO - 📌 未分类频道追加到 '其他': 浙江民生休闲
2026-08-05 01:49:34,472 - IPTVCollector - INFO - 📌 未分类频道追加到 '其他': 浙江教育
2026-08-05 01:49:34,472 - IPTVCollector - INFO - 📌 未分类频道追加到 '其他': 凤凰中文
2026-08-05 01:49:34,473 - IPTVCollector - INFO - 📌 未分类频道追加到 '其他': 浙江钱江频道
2026-08-05 01:49:34,473 - IPTVCollector - INFO - 📌 未分类频道追加到 '其他': 梨园
2026-08-05 01:49:34,473 - IPTVCollector - INFO - 🌏 自动追加: 凤凰香港 -> 🌊港·澳·台
2026-08-05 01:49:34,473 - IPTVCollector - INFO - 📌 未分类频道追加到 '其他': 凤凰资讯
2026-08-05 01:49:34,473 - IPTVCollector - INFO - 📌 未分类频道追加到 '其他': 浙江生活
2026-08-05 01:49:34,473 - IPTVCollector - INFO - 📌 未分类频道追加到 '其他': 韩国电影1
2026-08-05 01:49:34,474 - IPTVCollector - INFO - 📌 未分类频道追加到 '其他': 韩国电影2
2026-08-05 01:49:34,474 - IPTVCollector - INFO - 📌 未分类频道追加到 '其他': CHC电影
2026-08-05 01:49:34,475 - IPTVCollector - INFO - 🌏 自动追加: 武汉一台新闻综合 -> ☘️湖北频道
2026-08-05 01:49:34,475 - IPTVCollector - INFO - 🎯 Demo 筛选：原始 347 -> 匹配/分类后 347 个频道
2026-08-05 01:49:34,475 - IPTVCollector - INFO - 📊 Demo筛选后: 347
2026-08-05 01:49:34,476 - IPTVCollector - INFO - ✅ M3U 文件已生成: output/tv.m3u
2026-08-05 01:49:34,477 - IPTVCollector - INFO - ✅ TXT 文件已生成: output/tv.txt
2026-08-05 01:49:34,477 - IPTVCollector - INFO - ✅ 多源 M3U 文件已生成: output/tv_multi.m3u
2026-08-05 01:49:34,480 - IPTVCollector - INFO - ✅ JSON API 已生成: output/channels.json
2026-08-05 01:49:34,480 - IPTVCollector - INFO - ✅ 精简版已生成: output/tv_lite.m3u
2026-08-05 01:49:34,481 - IPTVCollector - INFO - ✅ M3U 文件已生成: output/tv_epg.m3u
2026-08-05 01:49:34,481 - IPTVCollector - INFO - 🚀 IPTV 自治系统启动
2026-08-05 01:49:34,481 - IPTVCollector - INFO - ⏭️ 跳过发现阶段
2026-08-05 01:49:34,481 - IPTVCollector - INFO - ==================================================
阶段2: 从缓存观察候选源
==================================================
2026-08-05 01:49:34,518 - IPTVCollector - INFO -   📊 观察进度: 100/140，稳定 0 个
2026-08-05 01:49:34,527 - IPTVCollector - INFO - ✅ 观察阶段完成: 0 个源达到稳定标准
2026-08-05 01:49:34,527 - IPTVCollector - INFO - ==================================================
阶段3: 提升稳定源
==================================================
2026-08-05 01:49:34,527 - IPTVCollector - INFO - 📭 没有稳定的候选源需要提升
2026-08-05 01:49:34,527 - IPTVCollector - INFO - 📊 自治模式统计:
2026-08-05 01:49:34,528 - IPTVCollector - INFO -   候选池总数: 634, 观察中: 140, 稳定: 489
2026-08-05 01:49:34,528 - IPTVCollector - INFO -   本次新提升: 0
2026-08-05 01:49:34,528 - IPTVCollector - INFO - 🎉 全部完成！
2026-08-05 08:20:56,966 - IPTVCollector - INFO - 🚀 IPTV 智能整理平台启动
2026-08-05 08:20:56,968 - IPTVCollector - INFO - ✅ 数据库缓存已启用: data/iptv_cache.db
2026-08-05 08:20:56,971 - IPTVCollector - INFO - 📌 CCTV-1 已设为固定源 (auto_optimize=True)
2026-08-05 08:20:56,972 - IPTVCollector - INFO - 📌 CCTV-2 已设为固定源 (auto_optimize=True)
2026-08-05 08:20:56,973 - IPTVCollector - INFO - 📌 CCTV-3 已设为固定源 (auto_optimize=True)
2026-08-05 08:20:56,974 - IPTVCollector - INFO - 📌 CCTV-4 已设为固定源 (auto_optimize=True)
2026-08-05 08:20:56,975 - IPTVCollector - INFO - 📌 CCTV-5 已设为固定源 (auto_optimize=True)
2026-08-05 08:20:56,976 - IPTVCollector - INFO - 📌 CCTV-5+ 已设为固定源 (auto_optimize=True)
2026-08-05 08:20:56,977 - IPTVCollector - INFO - 📌 CCTV-6 已设为固定源 (auto_optimize=True)
2026-08-05 08:20:56,978 - IPTVCollector - INFO - 📌 CCTV-7 已设为固定源 (auto_optimize=True)
2026-08-05 08:20:56,979 - IPTVCollector - INFO - 📌 CCTV-8 已设为固定源 (auto_optimize=True)
2026-08-05 08:20:56,980 - IPTVCollector - INFO - 📌 CCTV-9 已设为固定源 (auto_optimize=True)
2026-08-05 08:20:56,981 - IPTVCollector - INFO - 📌 CCTV-10 已设为固定源 (auto_optimize=True)
2026-08-05 08:20:56,982 - IPTVCollector - INFO - 📌 CCTV-11 已设为固定源 (auto_optimize=True)
2026-08-05 08:20:56,983 - IPTVCollector - INFO - 📌 CCTV-12 已设为固定源 (auto_optimize=True)
2026-08-05 08:20:56,984 - IPTVCollector - INFO - 📌 CCTV-13 已设为固定源 (auto_optimize=True)
2026-08-05 08:20:56,984 - IPTVCollector - INFO - 📌 CCTV-14 已设为固定源 (auto_optimize=True)
2026-08-05 08:20:56,985 - IPTVCollector - INFO - 📌 CCTV-15 已设为固定源 (auto_optimize=True)
2026-08-05 08:20:56,986 - IPTVCollector - INFO - 📌 CCTV-16 已设为固定源 (auto_optimize=True)
2026-08-05 08:20:56,987 - IPTVCollector - INFO - 📌 CCTV-17 已设为固定源 (auto_optimize=True)
2026-08-05 08:20:56,988 - IPTVCollector - INFO - 📌 CCTV4欧洲 已设为固定源 (auto_optimize=True)
2026-08-05 08:20:56,989 - IPTVCollector - INFO - 📌 CCTV4美洲 已设为固定源 (auto_optimize=True)
2026-08-05 08:20:56,989 - IPTVCollector - INFO - 📌 固定源已同步到数据库
2026-08-05 08:20:56,990 - IPTVCollector - INFO - 📋 订阅源解析：普通 11 个，白名单 0 个
2026-08-05 08:20:56,990 - IPTVCollector - INFO - 📋 使用 11 个源
2026-08-05 08:21:24,627 - IPTVCollector - INFO - 📊 测速完成，有效频道: 394 个
2026-08-05 08:21:24,627 - IPTVCollector - INFO - 📊 通过测速的频道数: 394
2026-08-05 08:21:24,903 - IPTVCollector - INFO - 🔍 ffmpeg 深度验证: 0 个需验证，393 个来自缓存/HTTP
2026-08-05 08:21:24,903 - IPTVCollector - INFO - ✅ ffmpeg 验证完成: 通过 393/394 个频道
2026-08-05 08:21:24,903 - IPTVCollector - INFO - 📊 通过ffmpeg验证的频道数: 393
2026-08-05 08:21:24,912 - IPTVCollector - INFO - 📌 已使用 19 个固定源（含自动优化）
2026-08-05 08:21:24,912 - IPTVCollector - INFO - 📊 合并完成: 共 344 个频道
2026-08-05 08:21:24,912 - IPTVCollector - INFO - 📊 合并后的频道数: 344
2026-08-05 08:21:24,942 - IPTVCollector - INFO - 📊 黑名单过滤后: 326
2026-08-05 08:21:24,944 - IPTVCollector - INFO - 📋 从 demo.txt 解析到 3541 个有序频道
2026-08-05 08:21:24,948 - IPTVCollector - INFO - 📋 从 demo.txt 解析到 3541 个有序频道
2026-08-05 08:22:39,121 - IPTVCollector - INFO - 📌 未分类频道追加到 '其他': 陕西新闻咨询
2026-08-05 08:22:39,122 - IPTVCollector - INFO - 📌 未分类频道追加到 '其他': 江津新闻
2026-08-05 08:22:39,122 - IPTVCollector - INFO - 📌 未分类频道追加到 '其他': 都市青春
2026-08-05 08:22:39,122 - IPTVCollector - INFO - 📌 未分类频道追加到 '其他': 九台
2026-08-05 08:22:39,122 - IPTVCollector - INFO - 📌 未分类频道追加到 '其他': 耀才财经
2026-08-05 08:22:39,122 - IPTVCollector - INFO - 📌 未分类频道追加到 '其他': 延边2
2026-08-05 08:22:39,123 - IPTVCollector - INFO - 📌 未分类频道追加到 '其他': 双辽
2026-08-05 08:22:39,123 - IPTVCollector - INFO - 📌 未分类频道追加到 '其他': 东丰
2026-08-05 08:22:39,123 - IPTVCollector - INFO - 📌 未分类频道追加到 '其他': 柳河
2026-08-05 08:22:39,123 - IPTVCollector - INFO - 📌 未分类频道追加到 '其他': 桦甸
2026-08-05 08:22:39,124 - IPTVCollector - INFO - 🌏 自动追加: 哈尔滨都市咨询 -> ☘️黑龙江频道
2026-08-05 08:22:39,124 - IPTVCollector - INFO - 📌 未分类频道追加到 '其他': 汪清
2026-08-05 08:22:39,125 - IPTVCollector - INFO - 📌 未分类频道追加到 '其他': 辉南新闻
2026-08-05 08:22:39,126 - IPTVCollector - INFO - 🌏 自动追加: 通化县 -> ☘️吉林频道
2026-08-05 08:22:39,126 - IPTVCollector - INFO - 📌 未分类频道追加到 '其他': 磐石
2026-08-05 08:22:39,126 - IPTVCollector - INFO - 📌 未分类频道追加到 '其他': 华丽翡翠台
2026-08-05 08:22:39,128 - IPTVCollector - INFO - 🌏 自动追加: 长白山电视台 -> ☘️吉林频道
2026-08-05 08:22:39,128 - IPTVCollector - INFO - 📌 未分类频道追加到 '其他': 无线新闻台
2026-08-05 08:22:39,128 - IPTVCollector - INFO - 📌 未分类频道追加到 '其他': 新闻咨询
2026-08-05 08:22:39,129 - IPTVCollector - INFO - 📌 未分类频道追加到 '其他': Home Plus
2026-08-05 08:22:39,129 - IPTVCollector - INFO - 📌 未分类频道追加到 '其他': 珲春新闻
2026-08-05 08:22:39,129 - IPTVCollector - INFO - 📌 未分类频道追加到 '其他': 龙井
2026-08-05 08:22:39,129 - IPTVCollector - INFO - 📌 未分类频道追加到 '其他': 韩国EBS少儿
2026-08-05 08:22:39,129 - IPTVCollector - INFO - 📌 未分类频道追加到 '其他': 音乐欣赏
2026-08-05 08:22:39,129 - IPTVCollector - INFO - 📌 未分类频道追加到 '其他': Harbin Comprehensive News Channel
2026-08-05 08:22:39,130 - IPTVCollector - INFO - 📌 未分类频道追加到 '其他': Chifeng Comprehensive News Chanel
2026-08-05 08:22:39,130 - IPTVCollector - INFO - 📌 未分类频道追加到 '其他': 音乐现场
2026-08-05 08:22:39,130 - IPTVCollector - INFO - 📌 未分类频道追加到 '其他': Harbin Movie Channel
2026-08-05 08:22:39,130 - IPTVCollector - INFO - 📌 未分类频道追加到 '其他': Nei Monggol TV [Not 24/7]
2026-08-05 08:22:39,130 - IPTVCollector - INFO - 📌 未分类频道追加到 '其他': QTV-1
2026-08-05 08:22:39,131 - IPTVCollector - INFO - 📌 未分类频道追加到 '其他': Hunan TV
2026-08-05 08:22:39,131 - IPTVCollector - INFO - 📌 未分类频道追加到 '其他': 大立电视台
2026-08-05 08:22:39,131 - IPTVCollector - INFO - 📌 未分类频道追加到 '其他': Nei Monggol TV 2 Mongolian Culture Channel [Not 24/7]
2026-08-05 08:22:39,131 - IPTVCollector - INFO - 📌 未分类频道追加到 '其他': 飞碟之谜01
2026-08-05 08:22:39,131 - IPTVCollector - INFO - 📌 未分类频道追加到 '其他': VOA美国之音
2026-08-05 08:22:39,132 - IPTVCollector - INFO - 📌 未分类频道追加到 '其他': 1989年春晚
2026-08-05 08:22:39,132 - IPTVCollector - INFO - 📌 未分类频道追加到 '其他': 1988年春晚
2026-08-05 08:22:39,132 - IPTVCollector - INFO - 📌 未分类频道追加到 '其他': 1987年春晚
2026-08-05 08:22:39,132 - IPTVCollector - INFO - 📌 未分类频道追加到 '其他': TV BRICS Chinese
2026-08-05 08:22:39,133 - IPTVCollector - INFO - 🌏 自动追加: 绍兴电视台公共 -> ☘️浙江频道
2026-08-05 08:22:39,133 - IPTVCollector - INFO - 📌 未分类频道追加到 '其他': Xinjiang TV 3
2026-08-05 08:22:39,133 - IPTVCollector - INFO - 📌 未分类频道追加到 '其他': Arirang
2026-08-05 08:22:39,133 - IPTVCollector - INFO - 📌 未分类频道追加到 '其他': RT News
2026-08-05 08:22:39,133 - IPTVCollector - INFO - 📌 未分类频道追加到 '其他': Beautiful Life TV
2026-08-05 08:22:39,133 - IPTVCollector - INFO - 📌 未分类频道追加到 '其他': Siping TV
2026-08-05 08:22:39,134 - IPTVCollector - INFO - 📌 未分类频道追加到 '其他': CNA
2026-08-05 08:22:39,134 - IPTVCollector - INFO - 📌 未分类频道追加到 '其他': Dali TV
2026-08-05 08:22:39,134 - IPTVCollector - INFO - 📌 未分类频道追加到 '其他': 2024年春晚
2026-08-05 08:22:39,134 - IPTVCollector - INFO - 📌 未分类频道追加到 '其他': Newsmax
2026-08-05 08:22:39,134 - IPTVCollector - INFO - 📌 未分类频道追加到 '其他': 通海电视台
2026-08-05 08:22:39,135 - IPTVCollector - INFO - 📌 未分类频道追加到 '其他': Good
2026-08-05 08:22:39,135 - IPTVCollector - INFO - 📌 未分类频道追加到 '其他': Zhejiang TV International
2026-08-05 08:22:39,135 - IPTVCollector - INFO - 📌 未分类频道追加到 '其他': Good 2
2026-08-05 08:22:39,135 - IPTVCollector - INFO - 📌 未分类频道追加到 '其他': Pet Club TV
2026-08-05 08:22:39,135 - IPTVCollector - INFO - 📌 未分类频道追加到 '其他': TVB News
2026-08-05 08:22:39,135 - IPTVCollector - INFO - 📌 未分类频道追加到 '其他': Supreme Master TV
2026-08-05 08:22:39,136 - IPTVCollector - INFO - 📌 未分类频道追加到 '其他': RT Balkan
2026-08-05 08:22:39,136 - IPTVCollector - INFO - 📌 未分类频道追加到 '其他': RT Español
2026-08-05 08:22:39,136 - IPTVCollector - INFO - 📌 未分类频道追加到 '其他': Wild Earth
2026-08-05 08:22:39,136 - IPTVCollector - INFO - 📌 未分类频道追加到 '其他': RT Français
2026-08-05 08:22:39,136 - IPTVCollector - INFO - 📌 未分类频道追加到 '其他': Trace Sports
2026-08-05 08:22:39,136 - IPTVCollector - INFO - 📌 未分类频道追加到 '其他': RT DE
2026-08-05 08:22:39,137 - IPTVCollector - INFO - 📌 未分类频道追加到 '其他': WionNews
2026-08-05 08:22:39,137 - IPTVCollector - INFO - 📌 未分类频道追加到 '其他': 兴隆综合
2026-08-05 08:22:39,138 - IPTVCollector - INFO - 🌏 自动追加: 吉林市新闻综合 [Geo-blocked] -> ☘️吉林频道
2026-08-05 08:22:39,138 - IPTVCollector - INFO - 📌 未分类频道追加到 '其他': 前郭综合 [Geo-blocked]
2026-08-05 08:22:39,139 - IPTVCollector - INFO - 📌 未分类频道追加到 '其他': 倩女幽魂妖魔道
2026-08-05 08:22:39,139 - IPTVCollector - INFO - 📌 未分类频道追加到 '其他': 春晚2025
2026-08-05 08:22:39,139 - IPTVCollector - INFO - 📌 未分类频道追加到 '其他': 倩女幽魂人间道
2026-08-05 08:22:39,139 - IPTVCollector - INFO - 📌 未分类频道追加到 '其他': 龙门飞甲
2026-08-05 08:22:39,139 - IPTVCollector - INFO - 📌 未分类频道追加到 '其他': 倩女幽魂道道道
2026-08-05 08:22:39,139 - IPTVCollector - INFO - 📌 未分类频道追加到 '其他': 春晚2024
2026-08-05 08:22:39,141 - IPTVCollector - INFO - 🌏 自动追加: 四平新闻综合 [Geo-blocked] -> ☘️吉林频道
2026-08-05 08:22:39,141 - IPTVCollector - INFO - 📌 未分类频道追加到 '其他': 伊犁经济法制
2026-08-05 08:22:39,141 - IPTVCollector - INFO - 📌 未分类频道追加到 '其他': 环球电视
2026-08-05 08:22:39,141 - IPTVCollector - INFO - 📌 未分类频道追加到 '其他': 农安新闻综合 [Geo-blocked]
2026-08-05 08:22:39,142 - IPTVCollector - INFO - 📌 未分类频道追加到 '其他': 江津经济生活
2026-08-05 08:22:39,142 - IPTVCollector - INFO - 🌏 自动追加: 浙江 Ⅰ 绍兴综合 -> ☘️浙江频道
2026-08-05 08:22:39,143 - IPTVCollector - INFO - 🌏 自动追加: 松原新闻综合 [Geo-blocked] -> ☘️吉林频道
2026-08-05 08:22:39,144 - IPTVCollector - INFO - 📌 未分类频道追加到 '其他': 武进新闻 [Not 24/7]
2026-08-05 08:22:39,144 - IPTVCollector - INFO - 📌 未分类频道追加到 '其他': 武进生活 [Not 24/7]
2026-08-05 08:22:39,144 - IPTVCollector - INFO - 📌 未分类频道追加到 '其他': 玛纳斯
2026-08-05 08:22:39,144 - IPTVCollector - INFO - 🌏 自动追加: 浙江 Ⅰ 绍兴影视 -> ☘️浙江频道
2026-08-05 08:22:39,144 - IPTVCollector - INFO - 📌 未分类频道追加到 '其他': 浙江经济
2026-08-05 08:22:39,145 - IPTVCollector - INFO - 📌 未分类频道追加到 '其他': 玛纳斯综合
2026-08-05 08:22:39,145 - IPTVCollector - INFO - 📌 未分类频道追加到 '其他': 奎屯汉语
2026-08-05 08:22:39,145 - IPTVCollector - INFO - 📌 未分类频道追加到 '其他': CGTN-Documentary
2026-08-05 08:22:39,145 - IPTVCollector - INFO - 📌 未分类频道追加到 '其他': 象视界
2026-08-05 08:22:39,145 - IPTVCollector - INFO - 📌 未分类频道追加到 '其他': 浙江钱江都市
2026-08-05 08:22:39,147 - IPTVCollector - INFO - 🌏 自动追加: 白山新闻综合 [Geo-blocked] -> ☘️吉林频道
2026-08-05 08:22:39,147 - IPTVCollector - INFO - 📌 未分类频道追加到 '其他': 辽新闻综合 [Geo-blocked]
2026-08-05 08:22:39,148 - IPTVCollector - INFO - 🌏 自动追加: 通化新闻 [Geo-blocked] -> ☘️吉林频道
2026-08-05 08:22:39,150 - IPTVCollector - INFO - 🌏 自动追加: 长春综合 [Geo-blocked] -> ☘️吉林频道
2026-08-05 08:22:39,150 - IPTVCollector - INFO - 📌 未分类频道追加到 '其他': 荣昌综合 [Not 24/7]
2026-08-05 08:22:39,150 - IPTVCollector - INFO - 📌 未分类频道追加到 '其他': CGTN French
2026-08-05 08:22:39,150 - IPTVCollector - INFO - 📌 未分类频道追加到 '其他': 集安综合 [Geo-blocked]
2026-08-05 08:22:39,151 - IPTVCollector - INFO - 📌 未分类频道追加到 '其他': 靖江新闻綜合 [Not 24/7]
2026-08-05 08:22:39,151 - IPTVCollector - INFO - 🌏 自动追加: 福州广电视台新闻综合频道 -> ☘️福建频道
2026-08-05 08:22:39,151 - IPTVCollector - INFO - 📌 未分类频道追加到 '其他': Xinjiang TV 2
2026-08-05 08:22:39,152 - IPTVCollector - INFO - 📌 未分类频道追加到 '其他': 梨园
2026-08-05 08:22:39,152 - IPTVCollector - INFO - 📌 未分类频道追加到 '其他': CGTN记录
2026-08-05 08:22:39,152 - IPTVCollector - INFO - 📌 未分类频道追加到 '其他': 熊猫直
2026-08-05 08:22:39,152 - IPTVCollector - INFO - 📌 未分类频道追加到 '其他': 数码时代
2026-08-05 08:22:39,152 - IPTVCollector - INFO - 📌 未分类频道追加到 '其他': 东南卫视
2026-08-05 08:22:39,152 - IPTVCollector - INFO - 🌏 自动追加: 上海卫视 -> ☘️上海频道
2026-08-05 08:22:39,153 - IPTVCollector - INFO - 📌 未分类频道追加到 '其他': 浙江教科影视
2026-08-05 08:22:39,153 - IPTVCollector - INFO - 📌 未分类频道追加到 '其他': 浙江教科影院
2026-08-05 08:22:39,153 - IPTVCollector - INFO - 📌 未分类频道追加到 '其他': 浙江教育
2026-08-05 08:22:39,153 - IPTVCollector - INFO - 📌 未分类频道追加到 '其他': 浙江民生休闲
2026-08-05 08:22:39,153 - IPTVCollector - INFO - 📌 未分类频道追加到 '其他': 浙江钱江频道
2026-08-05 08:22:39,155 - IPTVCollector - INFO - 🌏 自动追加: 武汉一台新闻综合 -> ☘️湖北频道
2026-08-05 08:22:39,155 - IPTVCollector - INFO - 📌 未分类频道追加到 '其他': 韩国电影1
2026-08-05 08:22:39,155 - IPTVCollector - INFO - 📌 未分类频道追加到 '其他': 韩国电影2
2026-08-05 08:22:39,156 - IPTVCollector - INFO - 📌 未分类频道追加到 '其他': CHC电影
2026-08-05 08:22:39,156 - IPTVCollector - INFO - 📌 未分类频道追加到 '其他': 凤凰中文
2026-08-05 08:22:39,156 - IPTVCollector - INFO - 📌 未分类频道追加到 '其他': 凤凰资讯
2026-08-05 08:22:39,156 - IPTVCollector - INFO - 📌 未分类频道追加到 '其他': ABN China
2026-08-05 08:22:39,156 - IPTVCollector - INFO - 🌏 自动追加: 凤凰香港 -> 🌊港·澳·台
2026-08-05 08:22:39,156 - IPTVCollector - INFO - 📌 未分类频道追加到 '其他': FZTV3
2026-08-05 08:22:39,156 - IPTVCollector - INFO - 📌 未分类频道追加到 '其他': Bread TV面包台
2026-08-05 08:22:39,157 - IPTVCollector - INFO - 📌 未分类频道追加到 '其他': 第一财经
2026-08-05 08:22:39,157 - IPTVCollector - INFO - 📌 未分类频道追加到 '其他': 河南电视剧
2026-08-05 08:22:39,157 - IPTVCollector - INFO - 🎯 Demo 筛选：原始 326 -> 匹配/分类后 326 个频道
2026-08-05 08:22:39,157 - IPTVCollector - INFO - 📊 Demo筛选后: 326
2026-08-05 08:22:39,158 - IPTVCollector - INFO - ✅ M3U 文件已生成: output/tv.m3u
2026-08-05 08:22:39,158 - IPTVCollector - INFO - ✅ TXT 文件已生成: output/tv.txt
2026-08-05 08:22:39,159 - IPTVCollector - INFO - ✅ 多源 M3U 文件已生成: output/tv_multi.m3u
2026-08-05 08:22:39,162 - IPTVCollector - INFO - ✅ JSON API 已生成: output/channels.json
2026-08-05 08:22:39,162 - IPTVCollector - INFO - ✅ 精简版已生成: output/tv_lite.m3u
2026-08-05 08:22:39,163 - IPTVCollector - INFO - ✅ M3U 文件已生成: output/tv_epg.m3u
2026-08-05 08:22:39,163 - IPTVCollector - INFO - 🚀 IPTV 自治系统启动
2026-08-05 08:22:39,163 - IPTVCollector - INFO - ⏭️ 跳过发现阶段
2026-08-05 08:22:39,163 - IPTVCollector - INFO - ==================================================
阶段2: 从缓存观察候选源
==================================================
2026-08-05 08:22:39,188 - IPTVCollector - INFO -   📊 观察进度: 100/136，稳定 0 个
2026-08-05 08:22:39,191 - IPTVCollector - INFO - ✅ 候选源稳定: 剑阁综合 (成功率 66.67%, 延迟 1671ms)
2026-08-05 08:22:39,194 - IPTVCollector - INFO - ✅ 观察阶段完成: 1 个源达到稳定标准
2026-08-05 08:22:39,194 - IPTVCollector - INFO - ==================================================
阶段3: 提升稳定源
==================================================
2026-08-05 08:22:39,195 - IPTVCollector - INFO - ✅ 剑阁综合 已提升为稳定源
2026-08-05 08:22:39,196 - IPTVCollector - INFO - 📌 已提升: 剑阁综合
2026-08-05 08:22:39,196 - IPTVCollector - INFO - ✅ 提升阶段完成: 1 个源被提升
2026-08-05 08:22:39,196 - IPTVCollector - INFO - 📊 自治模式统计:
2026-08-05 08:22:39,197 - IPTVCollector - INFO -   候选池总数: 634, 观察中: 135, 稳定: 493
2026-08-05 08:22:39,197 - IPTVCollector - INFO -   本次新提升: 1
2026-08-05 08:22:39,197 - IPTVCollector - INFO - 🎉 全部完成！
2026-08-05 13:46:39,648 - IPTVCollector - INFO - 🚀 IPTV 智能整理平台启动
2026-08-05 13:46:39,649 - IPTVCollector - INFO - ✅ 数据库缓存已启用: data/iptv_cache.db
2026-08-05 13:46:39,653 - IPTVCollector - INFO - 📌 CCTV-1 已设为固定源 (auto_optimize=True)
2026-08-05 13:46:39,654 - IPTVCollector - INFO - 📌 CCTV-2 已设为固定源 (auto_optimize=True)
2026-08-05 13:46:39,655 - IPTVCollector - INFO - 📌 CCTV-3 已设为固定源 (auto_optimize=True)
2026-08-05 13:46:39,658 - IPTVCollector - INFO - 📌 CCTV-4 已设为固定源 (auto_optimize=True)
2026-08-05 13:46:39,659 - IPTVCollector - INFO - 📌 CCTV-5 已设为固定源 (auto_optimize=True)
2026-08-05 13:46:39,660 - IPTVCollector - INFO - 📌 CCTV-5+ 已设为固定源 (auto_optimize=True)
2026-08-05 13:46:39,661 - IPTVCollector - INFO - 📌 CCTV-6 已设为固定源 (auto_optimize=True)
2026-08-05 13:46:39,662 - IPTVCollector - INFO - 📌 CCTV-7 已设为固定源 (auto_optimize=True)
2026-08-05 13:46:39,663 - IPTVCollector - INFO - 📌 CCTV-8 已设为固定源 (auto_optimize=True)
2026-08-05 13:46:39,663 - IPTVCollector - INFO - 📌 CCTV-9 已设为固定源 (auto_optimize=True)
2026-08-05 13:46:39,664 - IPTVCollector - INFO - 📌 CCTV-10 已设为固定源 (auto_optimize=True)
2026-08-05 13:46:39,666 - IPTVCollector - INFO - 📌 CCTV-11 已设为固定源 (auto_optimize=True)
2026-08-05 13:46:39,667 - IPTVCollector - INFO - 📌 CCTV-12 已设为固定源 (auto_optimize=True)
2026-08-05 13:46:39,668 - IPTVCollector - INFO - 📌 CCTV-13 已设为固定源 (auto_optimize=True)
2026-08-05 13:46:39,669 - IPTVCollector - INFO - 📌 CCTV-14 已设为固定源 (auto_optimize=True)
2026-08-05 13:46:39,670 - IPTVCollector - INFO - 📌 CCTV-15 已设为固定源 (auto_optimize=True)
2026-08-05 13:46:39,671 - IPTVCollector - INFO - 📌 CCTV-16 已设为固定源 (auto_optimize=True)
2026-08-05 13:46:39,672 - IPTVCollector - INFO - 📌 CCTV-17 已设为固定源 (auto_optimize=True)
2026-08-05 13:46:39,673 - IPTVCollector - INFO - 📌 CCTV4欧洲 已设为固定源 (auto_optimize=True)
2026-08-05 13:46:39,674 - IPTVCollector - INFO - 📌 CCTV4美洲 已设为固定源 (auto_optimize=True)
2026-08-05 13:46:39,674 - IPTVCollector - INFO - 📌 固定源已同步到数据库
2026-08-05 13:46:39,674 - IPTVCollector - INFO - 📋 订阅源解析：普通 11 个，白名单 0 个
2026-08-05 13:46:39,674 - IPTVCollector - INFO - 📋 使用 11 个源
2026-08-05 13:47:05,924 - IPTVCollector - INFO - 📊 测速完成，有效频道: 392 个
2026-08-05 13:47:05,925 - IPTVCollector - INFO - 📊 通过测速的频道数: 392
2026-08-05 13:47:06,011 - IPTVCollector - INFO - 🔍 ffmpeg 深度验证: 0 个需验证，391 个来自缓存/HTTP
2026-08-05 13:47:06,011 - IPTVCollector - INFO - ✅ ffmpeg 验证完成: 通过 391/392 个频道
2026-08-05 13:47:06,011 - IPTVCollector - INFO - 📊 通过ffmpeg验证的频道数: 391
2026-08-05 13:47:06,017 - IPTVCollector - INFO - 📌 已使用 18 个固定源（含自动优化）
2026-08-05 13:47:06,017 - IPTVCollector - INFO - 📊 合并完成: 共 341 个频道
2026-08-05 13:47:06,017 - IPTVCollector - INFO - 📊 合并后的频道数: 341
2026-08-05 13:47:06,040 - IPTVCollector - INFO - 📊 黑名单过滤后: 324
2026-08-05 13:47:06,042 - IPTVCollector - INFO - 📋 从 demo.txt 解析到 3541 个有序频道
2026-08-05 13:47:06,045 - IPTVCollector - INFO - 📋 从 demo.txt 解析到 3541 个有序频道
2026-08-05 13:48:03,657 - IPTVCollector - INFO - 📌 未分类频道追加到 '其他': 无线新闻台
2026-08-05 13:48:03,657 - IPTVCollector - INFO - 📌 未分类频道追加到 '其他': 华丽翡翠台
2026-08-05 13:48:03,657 - IPTVCollector - INFO - 📌 未分类频道追加到 '其他': 新闻咨询
2026-08-05 13:48:03,657 - IPTVCollector - INFO - 📌 未分类频道追加到 '其他': CNA
2026-08-05 13:48:03,658 - IPTVCollector - INFO - 📌 未分类频道追加到 '其他': 音乐欣赏
2026-08-05 13:48:03,658 - IPTVCollector - INFO - 📌 未分类频道追加到 '其他': 音乐现场
2026-08-05 13:48:03,658 - IPTVCollector - INFO - 📌 未分类频道追加到 '其他': Newsmax
2026-08-05 13:48:03,658 - IPTVCollector - INFO - 📌 未分类频道追加到 '其他': 韩国EBS少儿
2026-08-05 13:48:03,658 - IPTVCollector - INFO - 📌 未分类频道追加到 '其他': Dali TV
2026-08-05 13:48:03,658 - IPTVCollector - INFO - 📌 未分类频道追加到 '其他': 地理中国
2026-08-05 13:48:03,658 - IPTVCollector - INFO - 📌 未分类频道追加到 '其他': 自然传奇
2026-08-05 13:48:03,658 - IPTVCollector - INFO - 📌 未分类频道追加到 '其他': Beautiful Life TV
2026-08-05 13:48:03,659 - IPTVCollector - INFO - 📌 未分类频道追加到 '其他': 1989年春晚
2026-08-05 13:48:03,659 - IPTVCollector - INFO - 📌 未分类频道追加到 '其他': 1988年春晚
2026-08-05 13:48:03,659 - IPTVCollector - INFO - 📌 未分类频道追加到 '其他': 1987年春晚
2026-08-05 13:48:03,659 - IPTVCollector - INFO - 📌 未分类频道追加到 '其他': 人与自然
2026-08-05 13:48:03,659 - IPTVCollector - INFO - 📌 未分类频道追加到 '其他': TVB News
2026-08-05 13:48:03,659 - IPTVCollector - INFO - 📌 未分类频道追加到 '其他': Arirang
2026-08-05 13:48:03,659 - IPTVCollector - INFO - 📌 未分类频道追加到 '其他': 飞碟之谜01
2026-08-05 13:48:03,659 - IPTVCollector - INFO - 📌 未分类频道追加到 '其他': Good
2026-08-05 13:48:03,659 - IPTVCollector - INFO - 📌 未分类频道追加到 '其他': Supreme Master TV
2026-08-05 13:48:03,659 - IPTVCollector - INFO - 📌 未分类频道追加到 '其他': Wild Earth
2026-08-05 13:48:03,660 - IPTVCollector - INFO - 📌 未分类频道追加到 '其他': Good 2
2026-08-05 13:48:03,660 - IPTVCollector - INFO - 📌 未分类频道追加到 '其他': 春晚2025
2026-08-05 13:48:03,660 - IPTVCollector - INFO - 📌 未分类频道追加到 '其他': Trace Sports
2026-08-05 13:48:03,660 - IPTVCollector - INFO - 📌 未分类频道追加到 '其他': WionNews
2026-08-05 13:48:03,660 - IPTVCollector - INFO - 📌 未分类频道追加到 '其他': Pet Club TV
2026-08-05 13:48:03,660 - IPTVCollector - INFO - 📌 未分类频道追加到 '其他': 倩女幽魂道道道
2026-08-05 13:48:03,660 - IPTVCollector - INFO - 📌 未分类频道追加到 '其他': 倩女幽魂人间道
2026-08-05 13:48:03,660 - IPTVCollector - INFO - 📌 未分类频道追加到 '其他': 倩女幽魂妖魔道
2026-08-05 13:48:03,660 - IPTVCollector - INFO - 📌 未分类频道追加到 '其他': 环球电视
2026-08-05 13:48:03,660 - IPTVCollector - INFO - 📌 未分类频道追加到 '其他': 春晚2024
2026-08-05 13:48:03,660 - IPTVCollector - INFO - 📌 未分类频道追加到 '其他': 象视界
2026-08-05 13:48:03,661 - IPTVCollector - INFO - 📌 未分类频道追加到 '其他': RT Français
2026-08-05 13:48:03,661 - IPTVCollector - INFO - 🌏 自动追加: 浙江 Ⅰ 绍兴影视 -> ☘️浙江频道
2026-08-05 13:48:03,661 - IPTVCollector - INFO - 🌏 自动追加: 福州广电视台新闻综合频道 -> ☘️福建频道
2026-08-05 13:48:03,661 - IPTVCollector - INFO - 🌏 自动追加: 浙江 Ⅰ 绍兴综合 -> ☘️浙江频道
2026-08-05 13:48:03,661 - IPTVCollector - INFO - 📌 未分类频道追加到 '其他': 桦甸
2026-08-05 13:48:03,661 - IPTVCollector - INFO - 📌 未分类频道追加到 '其他': 柳河
2026-08-05 13:48:03,661 - IPTVCollector - INFO - 📌 未分类频道追加到 '其他': 汪清
2026-08-05 13:48:03,662 - IPTVCollector - INFO - 📌 未分类频道追加到 '其他': 辉南新闻
2026-08-05 13:48:03,663 - IPTVCollector - INFO - 🌏 自动追加: 通化县 -> ☘️吉林频道
2026-08-05 13:48:03,664 - IPTVCollector - INFO - 🌏 自动追加: 长白山电视台 -> ☘️吉林频道
2026-08-05 13:48:03,664 - IPTVCollector - INFO - 📌 未分类频道追加到 '其他': 珲春新闻
2026-08-05 13:48:03,664 - IPTVCollector - INFO - 📌 未分类频道追加到 '其他': 舒兰新闻
2026-08-05 13:48:03,664 - IPTVCollector - INFO - 📌 未分类频道追加到 '其他': 龙井
2026-08-05 13:48:03,664 - IPTVCollector - INFO - 📌 未分类频道追加到 '其他': 磐石
2026-08-05 13:48:03,664 - IPTVCollector - INFO - 📌 未分类频道追加到 '其他': 大立电视台
2026-08-05 13:48:03,664 - IPTVCollector - INFO - 📌 未分类频道追加到 '其他': Home Plus
2026-08-05 13:48:03,664 - IPTVCollector - INFO - 🌏 自动追加: 绍兴电视台公共 -> ☘️浙江频道
2026-08-05 13:48:03,665 - IPTVCollector - INFO - 📌 未分类频道追加到 '其他': VOA美国之音
2026-08-05 13:48:03,665 - IPTVCollector - INFO - 📌 未分类频道追加到 '其他': Siping TV
2026-08-05 13:48:03,665 - IPTVCollector - INFO - 📌 未分类频道追加到 '其他': Chifeng Comprehensive News Chanel
2026-08-05 13:48:03,665 - IPTVCollector - INFO - 📌 未分类频道追加到 '其他': Nei Monggol TV 2 Mongolian Culture Channel [Not 24/7]
2026-08-05 13:48:03,665 - IPTVCollector - INFO - 📌 未分类频道追加到 '其他': Hunan TV
2026-08-05 13:48:03,665 - IPTVCollector - INFO - 📌 未分类频道追加到 '其他': 通海电视台
2026-08-05 13:48:03,665 - IPTVCollector - INFO - 📌 未分类频道追加到 '其他': Harbin Comprehensive News Channel
2026-08-05 13:48:03,665 - IPTVCollector - INFO - 📌 未分类频道追加到 '其他': Nei Monggol TV [Not 24/7]
2026-08-05 13:48:03,665 - IPTVCollector - INFO - 📌 未分类频道追加到 '其他': QTV-1
2026-08-05 13:48:03,666 - IPTVCollector - INFO - 📌 未分类频道追加到 '其他': TV BRICS Chinese
2026-08-05 13:48:03,666 - IPTVCollector - INFO - 📌 未分类频道追加到 '其他': Xinjiang TV 3
2026-08-05 13:48:03,666 - IPTVCollector - INFO - 📌 未分类频道追加到 '其他': Harbin Movie Channel
2026-08-05 13:48:03,666 - IPTVCollector - INFO - 📌 未分类频道追加到 '其他': Zhejiang TV International
2026-08-05 13:48:03,666 - IPTVCollector - INFO - 📌 未分类频道追加到 '其他': CGTN Documentary
2026-08-05 13:48:03,666 - IPTVCollector - INFO - 📌 未分类频道追加到 '其他': Xinjiang TV 2
2026-08-05 13:48:03,666 - IPTVCollector - INFO - 📌 未分类频道追加到 '其他': 前郭综合 [Geo-blocked]
2026-08-05 13:48:03,667 - IPTVCollector - INFO - 🌏 自动追加: 吉林市新闻综合 [Geo-blocked] -> ☘️吉林频道
2026-08-05 13:48:03,668 - IPTVCollector - INFO - 🌏 自动追加: 四平新闻综合 [Geo-blocked] -> ☘️吉林频道
2026-08-05 13:48:03,668 - IPTVCollector - INFO - 📌 未分类频道追加到 '其他': 伊犁经济法制
2026-08-05 13:48:03,668 - IPTVCollector - INFO - 📌 未分类频道追加到 '其他': 龙门飞甲
2026-08-05 13:48:03,669 - IPTVCollector - INFO - 📌 未分类频道追加到 '其他': 农安新闻综合 [Geo-blocked]
2026-08-05 13:48:03,669 - IPTVCollector - INFO - 📌 未分类频道追加到 '其他': 玛纳斯综合
2026-08-05 13:48:03,669 - IPTVCollector - INFO - 📌 未分类频道追加到 '其他': 玛纳斯
2026-08-05 13:48:03,669 - IPTVCollector - INFO - 📌 未分类频道追加到 '其他': 兴隆综合
2026-08-05 13:48:03,669 - IPTVCollector - INFO - 📌 未分类频道追加到 '其他': 江津经济生活
2026-08-05 13:48:03,669 - IPTVCollector - INFO - 📌 未分类频道追加到 '其他': 浙江钱江都市
2026-08-05 13:48:03,669 - IPTVCollector - INFO - 📌 未分类频道追加到 '其他': 武进新闻 [Not 24/7]
2026-08-05 13:48:03,669 - IPTVCollector - INFO - 📌 未分类频道追加到 '其他': 武进生活 [Not 24/7]
2026-08-05 13:48:03,669 - IPTVCollector - INFO - 📌 未分类频道追加到 '其他': 奎屯汉语
2026-08-05 13:48:03,670 - IPTVCollector - INFO - 📌 未分类频道追加到 '其他': 浙江经济
2026-08-05 13:48:03,671 - IPTVCollector - INFO - 🌏 自动追加: 白山新闻综合 [Geo-blocked] -> ☘️吉林频道
2026-08-05 13:48:03,671 - IPTVCollector - INFO - 📌 未分类频道追加到 '其他': 辽新闻综合 [Geo-blocked]
2026-08-05 13:48:03,672 - IPTVCollector - INFO - 🌏 自动追加: 通化新闻 [Geo-blocked] -> ☘️吉林频道
2026-08-05 13:48:03,672 - IPTVCollector - INFO - 📌 未分类频道追加到 '其他': 集安综合 [Geo-blocked]
2026-08-05 13:48:03,672 - IPTVCollector - INFO - 📌 未分类频道追加到 '其他': CGTN French
2026-08-05 13:48:03,672 - IPTVCollector - INFO - 📌 未分类频道追加到 '其他': 靖江新闻綜合 [Not 24/7]
2026-08-05 13:48:03,672 - IPTVCollector - INFO - 📌 未分类频道追加到 '其他': 荣昌综合 [Not 24/7]
2026-08-05 13:48:03,673 - IPTVCollector - INFO - 🌏 自动追加: 长春综合 [Geo-blocked] -> ☘️吉林频道
2026-08-05 13:48:03,673 - IPTVCollector - INFO - 📌 未分类频道追加到 '其他': 数码时代
2026-08-05 13:48:03,673 - IPTVCollector - INFO - 📌 未分类频道追加到 '其他': 梨园
2026-08-05 13:48:03,674 - IPTVCollector - INFO - 🌏 自动追加: 上海卫视 -> ☘️上海频道
2026-08-05 13:48:03,674 - IPTVCollector - INFO - 📌 未分类频道追加到 '其他': 东南卫视
2026-08-05 13:48:03,674 - IPTVCollector - INFO - 📌 未分类频道追加到 '其他': CGTN记录
2026-08-05 13:48:03,674 - IPTVCollector - INFO - 📌 未分类频道追加到 '其他': 浙江教科影视
2026-08-05 13:48:03,674 - IPTVCollector - INFO - 📌 未分类频道追加到 '其他': 浙江教科影院
2026-08-05 13:48:03,674 - IPTVCollector - INFO - 📌 未分类频道追加到 '其他': 浙江教育
2026-08-05 13:48:03,674 - IPTVCollector - INFO - 📌 未分类频道追加到 '其他': 熊猫直
2026-08-05 13:48:03,674 - IPTVCollector - INFO - 📌 未分类频道追加到 '其他': 浙江民生休闲
2026-08-05 13:48:03,674 - IPTVCollector - INFO - 📌 未分类频道追加到 '其他': 浙江生活
2026-08-05 13:48:03,674 - IPTVCollector - INFO - 📌 未分类频道追加到 '其他': 凤凰资讯
2026-08-05 13:48:03,675 - IPTVCollector - INFO - 📌 未分类频道追加到 '其他': 凤凰中文
2026-08-05 13:48:03,675 - IPTVCollector - INFO - 🌏 自动追加: 凤凰香港 -> 🌊港·澳·台
2026-08-05 13:48:03,675 - IPTVCollector - INFO - 📌 未分类频道追加到 '其他': 浙江钱江频道
2026-08-05 13:48:03,676 - IPTVCollector - INFO - 🌏 自动追加: 武汉一台新闻综合 -> ☘️湖北频道
2026-08-05 13:48:03,676 - IPTVCollector - INFO - 📌 未分类频道追加到 '其他': 韩国电影1
2026-08-05 13:48:03,676 - IPTVCollector - INFO - 📌 未分类频道追加到 '其他': 韩国电影2
2026-08-05 13:48:03,676 - IPTVCollector - INFO - 📌 未分类频道追加到 '其他': CHC电影
2026-08-05 13:48:03,676 - IPTVCollector - INFO - 📌 未分类频道追加到 '其他': FZTV3
2026-08-05 13:48:03,676 - IPTVCollector - INFO - 📌 未分类频道追加到 '其他': 都市青春
2026-08-05 13:48:03,676 - IPTVCollector - INFO - 📌 未分类频道追加到 '其他': 第一财经
2026-08-05 13:48:03,677 - IPTVCollector - INFO - 📌 未分类频道追加到 '其他': Bread TV面包台
2026-08-05 13:48:03,677 - IPTVCollector - INFO - 📌 未分类频道追加到 '其他': 江津新闻
2026-08-05 13:48:03,677 - IPTVCollector - INFO - 📌 未分类频道追加到 '其他': 陕西新闻咨询
2026-08-05 13:48:03,677 - IPTVCollector - INFO - 📌 未分类频道追加到 '其他': ABN China
2026-08-05 13:48:03,677 - IPTVCollector - INFO - 📌 未分类频道追加到 '其他': 河南电视剧
2026-08-05 13:48:03,677 - IPTVCollector - INFO - 📌 未分类频道追加到 '其他': 九台
2026-08-05 13:48:03,677 - IPTVCollector - INFO - 📌 未分类频道追加到 '其他': 东丰
2026-08-05 13:48:03,677 - IPTVCollector - INFO - 📌 未分类频道追加到 '其他': 双辽
2026-08-05 13:48:03,677 - IPTVCollector - INFO - 📌 未分类频道追加到 '其他': 延边2
2026-08-05 13:48:03,677 - IPTVCollector - INFO - 📌 未分类频道追加到 '其他': 耀才财经
2026-08-05 13:48:03,678 - IPTVCollector - INFO - 🌏 自动追加: 哈尔滨都市咨询 -> ☘️黑龙江频道
2026-08-05 13:48:03,679 - IPTVCollector - INFO - 🎯 Demo 筛选：原始 324 -> 匹配/分类后 324 个频道
2026-08-05 13:48:03,679 - IPTVCollector - INFO - 📊 Demo筛选后: 324
2026-08-05 13:48:03,679 - IPTVCollector - INFO - ✅ M3U 文件已生成: output/tv.m3u
2026-08-05 13:48:03,680 - IPTVCollector - INFO - ✅ TXT 文件已生成: output/tv.txt
2026-08-05 13:48:03,680 - IPTVCollector - INFO - ✅ 多源 M3U 文件已生成: output/tv_multi.m3u
2026-08-05 13:48:03,682 - IPTVCollector - INFO - ✅ JSON API 已生成: output/channels.json
2026-08-05 13:48:03,682 - IPTVCollector - INFO - ✅ 精简版已生成: output/tv_lite.m3u
2026-08-05 13:48:03,683 - IPTVCollector - INFO - ✅ M3U 文件已生成: output/tv_epg.m3u
2026-08-05 13:48:03,683 - IPTVCollector - INFO - 🚀 IPTV 自治系统启动
2026-08-05 13:48:03,683 - IPTVCollector - INFO - ⏭️ 跳过发现阶段
2026-08-05 13:48:03,683 - IPTVCollector - INFO - ==================================================
阶段2: 从缓存观察候选源
==================================================
2026-08-05 13:48:03,703 - IPTVCollector - INFO -   📊 观察进度: 100/142，稳定 0 个
2026-08-05 13:48:03,709 - IPTVCollector - INFO - ✅ 观察阶段完成: 0 个源达到稳定标准
2026-08-05 13:48:03,709 - IPTVCollector - INFO - ==================================================
阶段3: 提升稳定源
==================================================
2026-08-05 13:48:03,709 - IPTVCollector - INFO - 📭 没有稳定的候选源需要提升
2026-08-05 13:48:03,709 - IPTVCollector - INFO - 📊 自治模式统计:
2026-08-05 13:48:03,709 - IPTVCollector - INFO -   候选池总数: 634, 观察中: 142, 稳定: 486
2026-08-05 13:48:03,709 - IPTVCollector - INFO -   本次新提升: 0
2026-08-05 13:48:03,709 - IPTVCollector - INFO - 🎉 全部完成！
2026-08-05 19:17:55,789 - IPTVCollector - INFO - 🚀 IPTV 智能整理平台启动
2026-08-05 19:17:55,791 - IPTVCollector - INFO - ✅ 数据库缓存已启用: data/iptv_cache.db
2026-08-05 19:17:55,794 - IPTVCollector - INFO - 📌 CCTV-1 已设为固定源 (auto_optimize=True)
2026-08-05 19:17:55,795 - IPTVCollector - INFO - 📌 CCTV-2 已设为固定源 (auto_optimize=True)
2026-08-05 19:17:55,796 - IPTVCollector - INFO - 📌 CCTV-3 已设为固定源 (auto_optimize=True)
2026-08-05 19:17:55,797 - IPTVCollector - INFO - 📌 CCTV-4 已设为固定源 (auto_optimize=True)
2026-08-05 19:17:55,799 - IPTVCollector - INFO - 📌 CCTV-5 已设为固定源 (auto_optimize=True)
2026-08-05 19:17:55,800 - IPTVCollector - INFO - 📌 CCTV-5+ 已设为固定源 (auto_optimize=True)
2026-08-05 19:17:55,801 - IPTVCollector - INFO - 📌 CCTV-6 已设为固定源 (auto_optimize=True)
2026-08-05 19:17:55,802 - IPTVCollector - INFO - 📌 CCTV-7 已设为固定源 (auto_optimize=True)
2026-08-05 19:17:55,803 - IPTVCollector - INFO - 📌 CCTV-8 已设为固定源 (auto_optimize=True)
2026-08-05 19:17:55,804 - IPTVCollector - INFO - 📌 CCTV-9 已设为固定源 (auto_optimize=True)
2026-08-05 19:17:55,805 - IPTVCollector - INFO - 📌 CCTV-10 已设为固定源 (auto_optimize=True)
2026-08-05 19:17:55,807 - IPTVCollector - INFO - 📌 CCTV-11 已设为固定源 (auto_optimize=True)
2026-08-05 19:17:55,808 - IPTVCollector - INFO - 📌 CCTV-12 已设为固定源 (auto_optimize=True)
2026-08-05 19:17:55,809 - IPTVCollector - INFO - 📌 CCTV-13 已设为固定源 (auto_optimize=True)
2026-08-05 19:17:55,810 - IPTVCollector - INFO - 📌 CCTV-14 已设为固定源 (auto_optimize=True)
2026-08-05 19:17:55,812 - IPTVCollector - INFO - 📌 CCTV-15 已设为固定源 (auto_optimize=True)
2026-08-05 19:17:55,813 - IPTVCollector - INFO - 📌 CCTV-16 已设为固定源 (auto_optimize=True)
2026-08-05 19:17:55,814 - IPTVCollector - INFO - 📌 CCTV-17 已设为固定源 (auto_optimize=True)
2026-08-05 19:17:55,816 - IPTVCollector - INFO - 📌 CCTV4欧洲 已设为固定源 (auto_optimize=True)
2026-08-05 19:17:55,817 - IPTVCollector - INFO - 📌 CCTV4美洲 已设为固定源 (auto_optimize=True)
2026-08-05 19:17:55,817 - IPTVCollector - INFO - 📌 固定源已同步到数据库
2026-08-05 19:17:55,817 - IPTVCollector - INFO - 📋 订阅源解析：普通 11 个，白名单 0 个
2026-08-05 19:17:55,818 - IPTVCollector - INFO - 📋 使用 11 个源
2026-08-05 19:18:12,489 - IPTVCollector - INFO - 📊 测速完成，有效频道: 405 个
2026-08-05 19:18:12,489 - IPTVCollector - INFO - 📊 通过测速的频道数: 405
2026-08-05 19:18:12,753 - IPTVCollector - INFO - 🔍 ffmpeg 深度验证: 0 个需验证，404 个来自缓存/HTTP
2026-08-05 19:18:12,753 - IPTVCollector - INFO - ✅ ffmpeg 验证完成: 通过 404/405 个频道
2026-08-05 19:18:12,753 - IPTVCollector - INFO - 📊 通过ffmpeg验证的频道数: 404
2026-08-05 19:18:12,762 - IPTVCollector - INFO - 📌 已使用 18 个固定源（含自动优化）
2026-08-05 19:18:12,762 - IPTVCollector - INFO - 📊 合并完成: 共 352 个频道
2026-08-05 19:18:12,762 - IPTVCollector - INFO - 📊 合并后的频道数: 352
2026-08-05 19:18:12,794 - IPTVCollector - INFO - 📊 黑名单过滤后: 335
2026-08-05 19:18:12,798 - IPTVCollector - INFO - 📋 从 demo.txt 解析到 3541 个有序频道
2026-08-05 19:18:12,800 - IPTVCollector - INFO - 📋 从 demo.txt 解析到 3541 个有序频道
2026-08-05 19:19:46,240 - IPTVCollector - INFO - 🌏 自动追加: 长白山电视台 -> ☘️吉林频道
2026-08-05 19:19:46,240 - IPTVCollector - INFO - 📌 未分类频道追加到 '其他': 舒兰新闻
2026-08-05 19:19:46,240 - IPTVCollector - INFO - 📌 未分类频道追加到 '其他': 龙井
2026-08-05 19:19:46,240 - IPTVCollector - INFO - 📌 未分类频道追加到 '其他': 珲春新闻
2026-08-05 19:19:46,242 - IPTVCollector - INFO - 🌏 自动追加: 通化县 -> ☘️吉林频道
2026-08-05 19:19:46,242 - IPTVCollector - INFO - 📌 未分类频道追加到 '其他': 磐石
2026-08-05 19:19:46,242 - IPTVCollector - INFO - 📌 未分类频道追加到 '其他': 辉南新闻
2026-08-05 19:19:46,242 - IPTVCollector - INFO - 📌 未分类频道追加到 '其他': 汪清
2026-08-05 19:19:46,243 - IPTVCollector - INFO - 📌 未分类频道追加到 '其他': 大立电视台
2026-08-05 19:19:46,243 - IPTVCollector - INFO - 🌏 自动追加: 绍兴电视台公共 -> ☘️浙江频道
2026-08-05 19:19:46,243 - IPTVCollector - INFO - 📌 未分类频道追加到 '其他': 通海电视台
2026-08-05 19:19:46,244 - IPTVCollector - INFO - 📌 未分类频道追加到 '其他': RT News
2026-08-05 19:19:46,244 - IPTVCollector - INFO - 📌 未分类频道追加到 '其他': 玛纳斯综合
2026-08-05 19:19:46,244 - IPTVCollector - INFO - 📌 未分类频道追加到 '其他': 玛纳斯
2026-08-05 19:19:46,244 - IPTVCollector - INFO - 📌 未分类频道追加到 '其他': 伊犁经济法制
2026-08-05 19:19:46,244 - IPTVCollector - INFO - 📌 未分类频道追加到 '其他': 龙门飞甲
2026-08-05 19:19:46,245 - IPTVCollector - INFO - 📌 未分类频道追加到 '其他': 浙江钱江都市
2026-08-05 19:19:46,245 - IPTVCollector - INFO - 📌 未分类频道追加到 '其他': 奎屯汉语
2026-08-05 19:19:46,245 - IPTVCollector - INFO - 📌 未分类频道追加到 '其他': 数码时代
2026-08-05 19:19:46,245 - IPTVCollector - INFO - 📌 未分类频道追加到 '其他': 梨园
2026-08-05 19:19:46,246 - IPTVCollector - INFO - 📌 未分类频道追加到 '其他': 浙江教育
2026-08-05 19:19:46,246 - IPTVCollector - INFO - 📌 未分类频道追加到 '其他': 浙江教科影院
2026-08-05 19:19:46,246 - IPTVCollector - INFO - 📌 未分类频道追加到 '其他': 浙江教科影视
2026-08-05 19:19:46,246 - IPTVCollector - INFO - 📌 未分类频道追加到 '其他': 浙江民生休闲
2026-08-05 19:19:46,247 - IPTVCollector - INFO - 📌 未分类频道追加到 '其他': 浙江经济
2026-08-05 19:19:46,247 - IPTVCollector - INFO - 📌 未分类频道追加到 '其他': 凤凰资讯
2026-08-05 19:19:46,247 - IPTVCollector - INFO - 📌 未分类频道追加到 '其他': 凤凰中文
2026-08-05 19:19:46,247 - IPTVCollector - INFO - 📌 未分类频道追加到 '其他': 浙江钱江频道
2026-08-05 19:19:46,247 - IPTVCollector - INFO - 🌏 自动追加: 凤凰香港 -> 🌊港·澳·台
2026-08-05 19:19:46,248 - IPTVCollector - INFO - 📌 未分类频道追加到 '其他': CHC电影
2026-08-05 19:19:46,249 - IPTVCollector - INFO - 🌏 自动追加: 武汉一台新闻综合 -> ☘️湖北频道
2026-08-05 19:19:46,249 - IPTVCollector - INFO - 📌 未分类频道追加到 '其他': 浙江生活
2026-08-05 19:19:46,250 - IPTVCollector - INFO - 📌 未分类频道追加到 '其他': 都市青春
2026-08-05 19:19:46,250 - IPTVCollector - INFO - 📌 未分类频道追加到 '其他': 韩国电影1
2026-08-05 19:19:46,250 - IPTVCollector - INFO - 📌 未分类频道追加到 '其他': FZTV3
2026-08-05 19:19:46,250 - IPTVCollector - INFO - 📌 未分类频道追加到 '其他': 韩国电影2
2026-08-05 19:19:46,251 - IPTVCollector - INFO - 📌 未分类频道追加到 '其他': 陕西新闻咨询
2026-08-05 19:19:46,251 - IPTVCollector - INFO - 📌 未分类频道追加到 '其他': ABN China
2026-08-05 19:19:46,251 - IPTVCollector - INFO - 📌 未分类频道追加到 '其他': Bread TV面包台
2026-08-05 19:19:46,251 - IPTVCollector - INFO - 📌 未分类频道追加到 '其他': 江津新闻
2026-08-05 19:19:46,253 - IPTVCollector - INFO - 🌏 自动追加: 哈尔滨都市咨询 -> ☘️黑龙江频道
2026-08-05 19:19:46,253 - IPTVCollector - INFO - 📌 未分类频道追加到 '其他': 华丽翡翠台
2026-08-05 19:19:46,253 - IPTVCollector - INFO - 📌 未分类频道追加到 '其他': 无线新闻台
2026-08-05 19:19:46,253 - IPTVCollector - INFO - 📌 未分类频道追加到 '其他': 新闻咨询
2026-08-05 19:19:46,253 - IPTVCollector - INFO - 📌 未分类频道追加到 '其他': 音乐欣赏
2026-08-05 19:19:46,254 - IPTVCollector - INFO - 📌 未分类频道追加到 '其他': 河南电视剧
2026-08-05 19:19:46,254 - IPTVCollector - INFO - 📌 未分类频道追加到 '其他': 1988年春晚
2026-08-05 19:19:46,254 - IPTVCollector - INFO - 📌 未分类频道追加到 '其他': 1989年春晚
2026-08-05 19:19:46,254 - IPTVCollector - INFO - 📌 未分类频道追加到 '其他': 1987年春晚
2026-08-05 19:19:46,254 - IPTVCollector - INFO - 📌 未分类频道追加到 '其他': CNA
2026-08-05 19:19:46,255 - IPTVCollector - INFO - 📌 未分类频道追加到 '其他': Home Plus
2026-08-05 19:19:46,255 - IPTVCollector - INFO - 📌 未分类频道追加到 '其他': Dali TV
2026-08-05 19:19:46,255 - IPTVCollector - INFO - 📌 未分类频道追加到 '其他': 韩国EBS少儿
2026-08-05 19:19:46,255 - IPTVCollector - INFO - 📌 未分类频道追加到 '其他': 自然传奇
2026-08-05 19:19:46,255 - IPTVCollector - INFO - 📌 未分类频道追加到 '其他': 人与自然
2026-08-05 19:19:46,256 - IPTVCollector - INFO - 📌 未分类频道追加到 '其他': Beautiful Life TV
2026-08-05 19:19:46,256 - IPTVCollector - INFO - 📌 未分类频道追加到 '其他': 地理中国
2026-08-05 19:19:46,256 - IPTVCollector - INFO - 📌 未分类频道追加到 '其他': 音乐现场
2026-08-05 19:19:46,256 - IPTVCollector - INFO - 📌 未分类频道追加到 '其他': Newsmax
2026-08-05 19:19:46,256 - IPTVCollector - INFO - 📌 未分类频道追加到 '其他': 飞碟之谜01
2026-08-05 19:19:46,257 - IPTVCollector - INFO - 📌 未分类频道追加到 '其他': Arirang
2026-08-05 19:19:46,257 - IPTVCollector - INFO - 📌 未分类频道追加到 '其他': VOA美国之音
2026-08-05 19:19:46,257 - IPTVCollector - INFO - 📌 未分类频道追加到 '其他': Supreme Master TV
2026-08-05 19:19:46,257 - IPTVCollector - INFO - 📌 未分类频道追加到 '其他': Harbin Comprehensive News Channel
2026-08-05 19:19:46,257 - IPTVCollector - INFO - 📌 未分类频道追加到 '其他': Good
2026-08-05 19:19:46,258 - IPTVCollector - INFO - 📌 未分类频道追加到 '其他': TVB News
2026-08-05 19:19:46,258 - IPTVCollector - INFO - 📌 未分类频道追加到 '其他': Good 2
2026-08-05 19:19:46,258 - IPTVCollector - INFO - 📌 未分类频道追加到 '其他': Zhejiang TV International
2026-08-05 19:19:46,258 - IPTVCollector - INFO - 📌 未分类频道追加到 '其他': Xinjiang TV 2
2026-08-05 19:19:46,259 - IPTVCollector - INFO - 📌 未分类频道追加到 '其他': Trace Sports
2026-08-05 19:19:46,259 - IPTVCollector - INFO - 📌 未分类频道追加到 '其他': Xinjiang TV 3
2026-08-05 19:19:46,259 - IPTVCollector - INFO - 📌 未分类频道追加到 '其他': Nei Monggol TV [Not 24/7]
2026-08-05 19:19:46,259 - IPTVCollector - INFO - 📌 未分类频道追加到 '其他': Chifeng Comprehensive News Chanel
2026-08-05 19:19:46,259 - IPTVCollector - INFO - 📌 未分类频道追加到 '其他': 2024年春晚
2026-08-05 19:19:46,260 - IPTVCollector - INFO - 📌 未分类频道追加到 '其他': Siping TV
2026-08-05 19:19:46,260 - IPTVCollector - INFO - 📌 未分类频道追加到 '其他': QTV-1
2026-08-05 19:19:46,260 - IPTVCollector - INFO - 📌 未分类频道追加到 '其他': Hunan TV
2026-08-05 19:19:46,260 - IPTVCollector - INFO - 📌 未分类频道追加到 '其他': Nei Monggol TV 2 Mongolian Culture Channel [Not 24/7]
2026-08-05 19:19:46,260 - IPTVCollector - INFO - 📌 未分类频道追加到 '其他': Harbin Movie Channel
2026-08-05 19:19:46,261 - IPTVCollector - INFO - 📌 未分类频道追加到 '其他': Wild Earth
2026-08-05 19:19:46,261 - IPTVCollector - INFO - 📌 未分类频道追加到 '其他': WionNews
2026-08-05 19:19:46,261 - IPTVCollector - INFO - 📌 未分类频道追加到 '其他': TV BRICS Chinese
2026-08-05 19:19:46,261 - IPTVCollector - INFO - 📌 未分类频道追加到 '其他': Pet Club TV
2026-08-05 19:19:46,261 - IPTVCollector - INFO - 📌 未分类频道追加到 '其他': RT Balkan
2026-08-05 19:19:46,262 - IPTVCollector - INFO - 📌 未分类频道追加到 '其他': 春晚2025
2026-08-05 19:19:46,262 - IPTVCollector - INFO - 📌 未分类频道追加到 '其他': 倩女幽魂妖魔道
2026-08-05 19:19:46,262 - IPTVCollector - INFO - 📌 未分类频道追加到 '其他': 倩女幽魂道道道
2026-08-05 19:19:46,262 - IPTVCollector - INFO - 📌 未分类频道追加到 '其他': 倩女幽魂人间道
2026-08-05 19:19:46,262 - IPTVCollector - INFO - 📌 未分类频道追加到 '其他': 春晚2024
2026-08-05 19:19:46,263 - IPTVCollector - INFO - 📌 未分类频道追加到 '其他': 环球电视
2026-08-05 19:19:46,263 - IPTVCollector - INFO - 📌 未分类频道追加到 '其他': CGTN-Documentary
2026-08-05 19:19:46,263 - IPTVCollector - INFO - 📌 未分类频道追加到 '其他': 兴隆综合
2026-08-05 19:19:46,263 - IPTVCollector - INFO - 📌 未分类频道追加到 '其他': 前郭综合 [Geo-blocked]
2026-08-05 19:19:46,264 - IPTVCollector - INFO - 📌 未分类频道追加到 '其他': 武进新闻 [Not 24/7]
2026-08-05 19:19:46,264 - IPTVCollector - INFO - 📌 未分类频道追加到 '其他': 农安新闻综合 [Geo-blocked]
2026-08-05 19:19:46,264 - IPTVCollector - INFO - 📌 未分类频道追加到 '其他': 武进生活 [Not 24/7]
2026-08-05 19:19:46,265 - IPTVCollector - INFO - 🌏 自动追加: 四平新闻综合 [Geo-blocked] -> ☘️吉林频道
2026-08-05 19:19:46,266 - IPTVCollector - INFO - 🌏 自动追加: 浙江 Ⅰ 绍兴影视 -> ☘️浙江频道
2026-08-05 19:19:46,267 - IPTVCollector - INFO - 🌏 自动追加: 吉林市新闻综合 [Geo-blocked] -> ☘️吉林频道
2026-08-05 19:19:46,267 - IPTVCollector - INFO - 📌 未分类频道追加到 '其他': RT Français
2026-08-05 19:19:46,267 - IPTVCollector - INFO - 📌 未分类频道追加到 '其他': 延边新闻综合 [Geo-blocked]
2026-08-05 19:19:46,268 - IPTVCollector - INFO - 🌏 自动追加: 浙江 Ⅰ 绍兴综合 -> ☘️浙江频道
2026-08-05 19:19:46,269 - IPTVCollector - INFO - 🌏 自动追加: 松原新闻综合 [Geo-blocked] -> ☘️吉林频道
2026-08-05 19:19:46,269 - IPTVCollector - INFO - 📌 未分类频道追加到 '其他': 江津经济生活
2026-08-05 19:19:46,269 - IPTVCollector - INFO - 📌 未分类频道追加到 '其他': 象视界
2026-08-05 19:19:46,271 - IPTVCollector - INFO - 🌏 自动追加: 白山新闻综合 [Geo-blocked] -> ☘️吉林频道
2026-08-05 19:19:46,271 - IPTVCollector - INFO - 📌 未分类频道追加到 '其他': 辽新闻综合 [Geo-blocked]
2026-08-05 19:19:46,272 - IPTVCollector - INFO - 🌏 自动追加: 通化新闻 [Geo-blocked] -> ☘️吉林频道
2026-08-05 19:19:46,274 - IPTVCollector - INFO - 🌏 自动追加: 长春综合 [Geo-blocked] -> ☘️吉林频道
2026-08-05 19:19:46,274 - IPTVCollector - INFO - 📌 未分类频道追加到 '其他': 集安综合 [Geo-blocked]
2026-08-05 19:19:46,274 - IPTVCollector - INFO - 📌 未分类频道追加到 '其他': CGTN French
2026-08-05 19:19:46,275 - IPTVCollector - INFO - 🌏 自动追加: 福州广电视台新闻综合频道 -> ☘️福建频道
2026-08-05 19:19:46,275 - IPTVCollector - INFO - 📌 未分类频道追加到 '其他': 荣昌综合 [Not 24/7]
2026-08-05 19:19:46,275 - IPTVCollector - INFO - 📌 未分类频道追加到 '其他': 靖江新闻綜合 [Not 24/7]
2026-08-05 19:19:46,275 - IPTVCollector - INFO - 🌏 自动追加: 上海卫视 -> ☘️上海频道
2026-08-05 19:19:46,275 - IPTVCollector - INFO - 📌 未分类频道追加到 '其他': 东南卫视
2026-08-05 19:19:46,276 - IPTVCollector - INFO - 📌 未分类频道追加到 '其他': CGTN记录
2026-08-05 19:19:46,276 - IPTVCollector - INFO - 📌 未分类频道追加到 '其他': 熊猫直
2026-08-05 19:19:46,276 - IPTVCollector - INFO - 📌 未分类频道追加到 '其他': 第一财经
2026-08-05 19:19:46,276 - IPTVCollector - INFO - 📌 未分类频道追加到 '其他': 东丰
2026-08-05 19:19:46,276 - IPTVCollector - INFO - 📌 未分类频道追加到 '其他': 九台
2026-08-05 19:19:46,277 - IPTVCollector - INFO - 📌 未分类频道追加到 '其他': 双辽
2026-08-05 19:19:46,277 - IPTVCollector - INFO - 📌 未分类频道追加到 '其他': 延边2
2026-08-05 19:19:46,277 - IPTVCollector - INFO - 📌 未分类频道追加到 '其他': 柳河
2026-08-05 19:19:46,277 - IPTVCollector - INFO - 📌 未分类频道追加到 '其他': 桦甸
2026-08-05 19:19:46,277 - IPTVCollector - INFO - 📌 未分类频道追加到 '其他': 耀才财经
2026-08-05 19:19:46,278 - IPTVCollector - INFO - 🎯 Demo 筛选：原始 335 -> 匹配/分类后 335 个频道
2026-08-05 19:19:46,278 - IPTVCollector - INFO - 📊 Demo筛选后: 335
2026-08-05 19:19:46,279 - IPTVCollector - INFO - ✅ M3U 文件已生成: output/tv.m3u
2026-08-05 19:19:46,279 - IPTVCollector - INFO - ✅ TXT 文件已生成: output/tv.txt
2026-08-05 19:19:46,280 - IPTVCollector - INFO - ✅ 多源 M3U 文件已生成: output/tv_multi.m3u
2026-08-05 19:19:46,282 - IPTVCollector - INFO - ✅ JSON API 已生成: output/channels.json
2026-08-05 19:19:46,283 - IPTVCollector - INFO - ✅ 精简版已生成: output/tv_lite.m3u
2026-08-05 19:19:46,283 - IPTVCollector - INFO - ✅ M3U 文件已生成: output/tv_epg.m3u
2026-08-05 19:19:46,284 - IPTVCollector - INFO - 🚀 IPTV 自治系统启动
2026-08-05 19:19:46,284 - IPTVCollector - INFO - ⏭️ 跳过发现阶段
2026-08-05 19:19:46,284 - IPTVCollector - INFO - ==================================================
阶段2: 从缓存观察候选源
==================================================
2026-08-05 19:19:46,324 - IPTVCollector - INFO -   📊 观察进度: 100/142，稳定 0 个
2026-08-05 19:19:46,332 - IPTVCollector - INFO - ✅ 观察阶段完成: 0 个源达到稳定标准
2026-08-05 19:19:46,332 - IPTVCollector - INFO - ==================================================
阶段3: 提升稳定源
==================================================
2026-08-05 19:19:46,332 - IPTVCollector - INFO - 📭 没有稳定的候选源需要提升
2026-08-05 19:19:46,332 - IPTVCollector - INFO - 📊 自治模式统计:
2026-08-05 19:19:46,332 - IPTVCollector - INFO -   候选池总数: 634, 观察中: 142, 稳定: 486
2026-08-05 19:19:46,333 - IPTVCollector - INFO -   本次新提升: 0
2026-08-05 19:19:46,333 - IPTVCollector - INFO - 🎉 全部完成！
2026-08-06 01:47:37,978 - IPTVCollector - INFO - 🚀 IPTV 智能整理平台启动
2026-08-06 01:47:37,980 - IPTVCollector - INFO - ✅ 数据库缓存已启用: data/iptv_cache.db
2026-08-06 01:47:37,982 - IPTVCollector - INFO - 📌 CCTV-1 已设为固定源 (auto_optimize=True)
2026-08-06 01:47:37,983 - IPTVCollector - INFO - 📌 CCTV-2 已设为固定源 (auto_optimize=True)
2026-08-06 01:47:37,984 - IPTVCollector - INFO - 📌 CCTV-3 已设为固定源 (auto_optimize=True)
2026-08-06 01:47:37,985 - IPTVCollector - INFO - 📌 CCTV-4 已设为固定源 (auto_optimize=True)
2026-08-06 01:47:37,986 - IPTVCollector - INFO - 📌 CCTV-5 已设为固定源 (auto_optimize=True)
2026-08-06 01:47:37,987 - IPTVCollector - INFO - 📌 CCTV-5+ 已设为固定源 (auto_optimize=True)
2026-08-06 01:47:37,988 - IPTVCollector - INFO - 📌 CCTV-6 已设为固定源 (auto_optimize=True)
2026-08-06 01:47:37,989 - IPTVCollector - INFO - 📌 CCTV-7 已设为固定源 (auto_optimize=True)
2026-08-06 01:47:37,990 - IPTVCollector - INFO - 📌 CCTV-8 已设为固定源 (auto_optimize=True)
2026-08-06 01:47:37,991 - IPTVCollector - INFO - 📌 CCTV-9 已设为固定源 (auto_optimize=True)
2026-08-06 01:47:37,992 - IPTVCollector - INFO - 📌 CCTV-10 已设为固定源 (auto_optimize=True)
2026-08-06 01:47:37,993 - IPTVCollector - INFO - 📌 CCTV-11 已设为固定源 (auto_optimize=True)
2026-08-06 01:47:37,993 - IPTVCollector - INFO - 📌 CCTV-12 已设为固定源 (auto_optimize=True)
2026-08-06 01:47:37,994 - IPTVCollector - INFO - 📌 CCTV-13 已设为固定源 (auto_optimize=True)
2026-08-06 01:47:37,995 - IPTVCollector - INFO - 📌 CCTV-14 已设为固定源 (auto_optimize=True)
2026-08-06 01:47:37,996 - IPTVCollector - INFO - 📌 CCTV-15 已设为固定源 (auto_optimize=True)
2026-08-06 01:47:37,997 - IPTVCollector - INFO - 📌 CCTV-16 已设为固定源 (auto_optimize=True)
2026-08-06 01:47:37,998 - IPTVCollector - INFO - 📌 CCTV-17 已设为固定源 (auto_optimize=True)
2026-08-06 01:47:37,999 - IPTVCollector - INFO - 📌 CCTV4欧洲 已设为固定源 (auto_optimize=True)
2026-08-06 01:47:38,000 - IPTVCollector - INFO - 📌 CCTV4美洲 已设为固定源 (auto_optimize=True)
2026-08-06 01:47:38,000 - IPTVCollector - INFO - 📌 固定源已同步到数据库
2026-08-06 01:47:38,000 - IPTVCollector - INFO - 📋 订阅源解析：普通 11 个，白名单 0 个
2026-08-06 01:47:38,000 - IPTVCollector - INFO - 📋 使用 11 个源
2026-08-06 01:47:59,318 - IPTVCollector - INFO - 📊 测速完成，有效频道: 398 个
2026-08-06 01:47:59,318 - IPTVCollector - INFO - 📊 通过测速的频道数: 398
2026-08-06 01:47:59,678 - IPTVCollector - INFO - 🔍 ffmpeg 深度验证: 0 个需验证，397 个来自缓存/HTTP
2026-08-06 01:47:59,678 - IPTVCollector - INFO - ✅ ffmpeg 验证完成: 通过 397/398 个频道
2026-08-06 01:47:59,678 - IPTVCollector - INFO - 📊 通过ffmpeg验证的频道数: 397
2026-08-06 01:47:59,687 - IPTVCollector - INFO - 📌 已使用 18 个固定源（含自动优化）
2026-08-06 01:47:59,687 - IPTVCollector - INFO - 📊 合并完成: 共 345 个频道
2026-08-06 01:47:59,687 - IPTVCollector - INFO - 📊 合并后的频道数: 345
2026-08-06 01:47:59,717 - IPTVCollector - INFO - 📊 黑名单过滤后: 329
2026-08-06 01:47:59,721 - IPTVCollector - INFO - 📋 从 demo.txt 解析到 3541 个有序频道
2026-08-06 01:47:59,723 - IPTVCollector - INFO - 📋 从 demo.txt 解析到 3541 个有序频道
2026-08-06 01:49:14,573 - IPTVCollector - INFO - 📌 未分类频道追加到 '其他': 汪清
2026-08-06 01:49:14,573 - IPTVCollector - INFO - 📌 未分类频道追加到 '其他': 磐石
2026-08-06 01:49:14,575 - IPTVCollector - INFO - 🌏 自动追加: 通化县 -> ☘️吉林频道
2026-08-06 01:49:14,575 - IPTVCollector - INFO - 📌 未分类频道追加到 '其他': 辉南新闻
2026-08-06 01:49:14,575 - IPTVCollector - INFO - 📌 未分类频道追加到 '其他': 舒兰新闻
2026-08-06 01:49:14,576 - IPTVCollector - INFO - 🌏 自动追加: 长白山电视台 -> ☘️吉林频道
2026-08-06 01:49:14,577 - IPTVCollector - INFO - 📌 未分类频道追加到 '其他': 龙井
2026-08-06 01:49:14,577 - IPTVCollector - INFO - 📌 未分类频道追加到 '其他': 珲春新闻
2026-08-06 01:49:14,577 - IPTVCollector - INFO - 📌 未分类频道追加到 '其他': 大立电视台
2026-08-06 01:49:14,577 - IPTVCollector - INFO - 🌏 自动追加: 绍兴电视台公共 -> ☘️浙江频道
2026-08-06 01:49:14,577 - IPTVCollector - INFO - 📌 未分类频道追加到 '其他': 通海电视台
2026-08-06 01:49:14,577 - IPTVCollector - INFO - 📌 未分类频道追加到 '其他': RT News
2026-08-06 01:49:14,578 - IPTVCollector - INFO - 📌 未分类频道追加到 '其他': 龙门飞甲
2026-08-06 01:49:14,578 - IPTVCollector - INFO - 📌 未分类频道追加到 '其他': 伊犁经济法制
2026-08-06 01:49:14,578 - IPTVCollector - INFO - 📌 未分类频道追加到 '其他': 浙江钱江都市
2026-08-06 01:49:14,578 - IPTVCollector - INFO - 📌 未分类频道追加到 '其他': 玛纳斯
2026-08-06 01:49:14,578 - IPTVCollector - INFO - 📌 未分类频道追加到 '其他': 玛纳斯综合
2026-08-06 01:49:14,578 - IPTVCollector - INFO - 📌 未分类频道追加到 '其他': 奎屯汉语
2026-08-06 01:49:14,578 - IPTVCollector - INFO - 📌 未分类频道追加到 '其他': 数码时代
2026-08-06 01:49:14,578 - IPTVCollector - INFO - 📌 未分类频道追加到 '其他': 梨园
2026-08-06 01:49:14,579 - IPTVCollector - INFO - 📌 未分类频道追加到 '其他': 浙江教科影院
2026-08-06 01:49:14,579 - IPTVCollector - INFO - 📌 未分类频道追加到 '其他': 浙江教育
2026-08-06 01:49:14,579 - IPTVCollector - INFO - 📌 未分类频道追加到 '其他': 浙江教科影视
2026-08-06 01:49:14,579 - IPTVCollector - INFO - 📌 未分类频道追加到 '其他': 浙江民生休闲
2026-08-06 01:49:14,579 - IPTVCollector - INFO - 📌 未分类频道追加到 '其他': 浙江经济
2026-08-06 01:49:14,579 - IPTVCollector - INFO - 📌 未分类频道追加到 '其他': 浙江钱江频道
2026-08-06 01:49:14,579 - IPTVCollector - INFO - 📌 未分类频道追加到 '其他': 韩国电影2
2026-08-06 01:49:14,580 - IPTVCollector - INFO - 📌 未分类频道追加到 '其他': 韩国电影1
2026-08-06 01:49:14,580 - IPTVCollector - INFO - 📌 未分类频道追加到 '其他': CHC电影
2026-08-06 01:49:14,581 - IPTVCollector - INFO - 🌏 自动追加: 武汉一台新闻综合 -> ☘️湖北频道
2026-08-06 01:49:14,581 - IPTVCollector - INFO - 📌 未分类频道追加到 '其他': 凤凰中文
2026-08-06 01:49:14,581 - IPTVCollector - INFO - 🌏 自动追加: 凤凰香港 -> 🌊港·澳·台
2026-08-06 01:49:14,582 - IPTVCollector - INFO - 📌 未分类频道追加到 '其他': 凤凰资讯
2026-08-06 01:49:14,582 - IPTVCollector - INFO - 📌 未分类频道追加到 '其他': FZTV3
2026-08-06 01:49:14,582 - IPTVCollector - INFO - 📌 未分类频道追加到 '其他': 陕西新闻咨询
2026-08-06 01:49:14,582 - IPTVCollector - INFO - 📌 未分类频道追加到 '其他': 都市青春
2026-08-06 01:49:14,582 - IPTVCollector - INFO - 📌 未分类频道追加到 '其他': 浙江生活
2026-08-06 01:49:14,582 - IPTVCollector - INFO - 📌 未分类频道追加到 '其他': ABN China
2026-08-06 01:49:14,582 - IPTVCollector - INFO - 📌 未分类频道追加到 '其他': 江津新闻
2026-08-06 01:49:14,582 - IPTVCollector - INFO - 📌 未分类频道追加到 '其他': Bread TV面包台
2026-08-06 01:49:14,584 - IPTVCollector - INFO - 🌏 自动追加: 哈尔滨都市咨询 -> ☘️黑龙江频道
2026-08-06 01:49:14,584 - IPTVCollector - INFO - 📌 未分类频道追加到 '其他': 华丽翡翠台
2026-08-06 01:49:14,584 - IPTVCollector - INFO - 📌 未分类频道追加到 '其他': 无线新闻台
2026-08-06 01:49:14,584 - IPTVCollector - INFO - 📌 未分类频道追加到 '其他': 新闻咨询
2026-08-06 01:49:14,584 - IPTVCollector - INFO - 📌 未分类频道追加到 '其他': 音乐欣赏
2026-08-06 01:49:14,584 - IPTVCollector - INFO - 📌 未分类频道追加到 '其他': 飞碟之谜01
2026-08-06 01:49:14,585 - IPTVCollector - INFO - 📌 未分类频道追加到 '其他': 1989年春晚
2026-08-06 01:49:14,585 - IPTVCollector - INFO - 📌 未分类频道追加到 '其他': 音乐现场
2026-08-06 01:49:14,585 - IPTVCollector - INFO - 📌 未分类频道追加到 '其他': 1988年春晚
2026-08-06 01:49:14,585 - IPTVCollector - INFO - 📌 未分类频道追加到 '其他': 1987年春晚
2026-08-06 01:49:14,585 - IPTVCollector - INFO - 📌 未分类频道追加到 '其他': Home Plus
2026-08-06 01:49:14,585 - IPTVCollector - INFO - 📌 未分类频道追加到 '其他': 自然传奇
2026-08-06 01:49:14,585 - IPTVCollector - INFO - 📌 未分类频道追加到 '其他': 人与自然
2026-08-06 01:49:14,586 - IPTVCollector - INFO - 📌 未分类频道追加到 '其他': 地理中国
2026-08-06 01:49:14,586 - IPTVCollector - INFO - 📌 未分类频道追加到 '其他': 韩国EBS少儿
2026-08-06 01:49:14,586 - IPTVCollector - INFO - 📌 未分类频道追加到 '其他': Dali TV
2026-08-06 01:49:14,586 - IPTVCollector - INFO - 📌 未分类频道追加到 '其他': Newsmax
2026-08-06 01:49:14,586 - IPTVCollector - INFO - 📌 未分类频道追加到 '其他': CNA
2026-08-06 01:49:14,586 - IPTVCollector - INFO - 📌 未分类频道追加到 '其他': Beautiful Life TV
2026-08-06 01:49:14,586 - IPTVCollector - INFO - 📌 未分类频道追加到 '其他': Harbin Comprehensive News Channel
2026-08-06 01:49:14,587 - IPTVCollector - INFO - 📌 未分类频道追加到 '其他': Chifeng Comprehensive News Chanel
2026-08-06 01:49:14,587 - IPTVCollector - INFO - 📌 未分类频道追加到 '其他': Arirang
2026-08-06 01:49:14,587 - IPTVCollector - INFO - 📌 未分类频道追加到 '其他': VOA美国之音
2026-08-06 01:49:14,587 - IPTVCollector - INFO - 📌 未分类频道追加到 '其他': Supreme Master TV
2026-08-06 01:49:14,587 - IPTVCollector - INFO - 📌 未分类频道追加到 '其他': Trace Sports
2026-08-06 01:49:14,587 - IPTVCollector - INFO - 📌 未分类频道追加到 '其他': Nei Monggol TV [Not 24/7]
2026-08-06 01:49:14,587 - IPTVCollector - INFO - 📌 未分类频道追加到 '其他': Good 2
2026-08-06 01:49:14,588 - IPTVCollector - INFO - 📌 未分类频道追加到 '其他': TVB News
2026-08-06 01:49:14,588 - IPTVCollector - INFO - 📌 未分类频道追加到 '其他': Good
2026-08-06 01:49:14,588 - IPTVCollector - INFO - 📌 未分类频道追加到 '其他': Zhejiang TV International
2026-08-06 01:49:14,588 - IPTVCollector - INFO - 📌 未分类频道追加到 '其他': 2024年春晚
2026-08-06 01:49:14,588 - IPTVCollector - INFO - 📌 未分类频道追加到 '其他': Xinjiang TV 2
2026-08-06 01:49:14,588 - IPTVCollector - INFO - 📌 未分类频道追加到 '其他': QTV-1
2026-08-06 01:49:14,588 - IPTVCollector - INFO - 📌 未分类频道追加到 '其他': Nei Monggol TV 2 Mongolian Culture Channel [Not 24/7]
2026-08-06 01:49:14,588 - IPTVCollector - INFO - 📌 未分类频道追加到 '其他': Xinjiang TV 3
2026-08-06 01:49:14,589 - IPTVCollector - INFO - 📌 未分类频道追加到 '其他': Harbin Movie Channel
2026-08-06 01:49:14,589 - IPTVCollector - INFO - 📌 未分类频道追加到 '其他': TV BRICS Chinese
2026-08-06 01:49:14,589 - IPTVCollector - INFO - 📌 未分类频道追加到 '其他': Hunan TV
2026-08-06 01:49:14,589 - IPTVCollector - INFO - 📌 未分类频道追加到 '其他': Wild Earth
2026-08-06 01:49:14,589 - IPTVCollector - INFO - 📌 未分类频道追加到 '其他': 春晚2025
2026-08-06 01:49:14,589 - IPTVCollector - INFO - 📌 未分类频道追加到 '其他': 倩女幽魂人间道
2026-08-06 01:49:14,589 - IPTVCollector - INFO - 📌 未分类频道追加到 '其他': Pet Club TV
2026-08-06 01:49:14,590 - IPTVCollector - INFO - 📌 未分类频道追加到 '其他': 倩女幽魂道道道
2026-08-06 01:49:14,590 - IPTVCollector - INFO - 📌 未分类频道追加到 '其他': 倩女幽魂妖魔道
2026-08-06 01:49:14,590 - IPTVCollector - INFO - 📌 未分类频道追加到 '其他': RT Balkan
2026-08-06 01:49:14,590 - IPTVCollector - INFO - 📌 未分类频道追加到 '其他': Siping TV
2026-08-06 01:49:14,590 - IPTVCollector - INFO - 📌 未分类频道追加到 '其他': RT Français
2026-08-06 01:49:14,590 - IPTVCollector - INFO - 📌 未分类频道追加到 '其他': 春晚2024
2026-08-06 01:49:14,590 - IPTVCollector - INFO - 📌 未分类频道追加到 '其他': CGTN-Documentary
2026-08-06 01:49:14,590 - IPTVCollector - INFO - 📌 未分类频道追加到 '其他': 兴隆综合
2026-08-06 01:49:14,591 - IPTVCollector - INFO - 📌 未分类频道追加到 '其他': WionNews
2026-08-06 01:49:14,591 - IPTVCollector - INFO - 📌 未分类频道追加到 '其他': 武进新闻 [Not 24/7]
2026-08-06 01:49:14,591 - IPTVCollector - INFO - 📌 未分类频道追加到 '其他': 武进生活 [Not 24/7]
2026-08-06 01:49:14,591 - IPTVCollector - INFO - 📌 未分类频道追加到 '其他': 环球电视
2026-08-06 01:49:14,591 - IPTVCollector - INFO - 📌 未分类频道追加到 '其他': 农安新闻综合 [Geo-blocked]
2026-08-06 01:49:14,591 - IPTVCollector - INFO - 📌 未分类频道追加到 '其他': 前郭综合 [Geo-blocked]
2026-08-06 01:49:14,593 - IPTVCollector - INFO - 🌏 自动追加: 四平新闻综合 [Geo-blocked] -> ☘️吉林频道
2026-08-06 01:49:14,593 - IPTVCollector - INFO - 🌏 自动追加: 浙江 Ⅰ 绍兴影视 -> ☘️浙江频道
2026-08-06 01:49:14,593 - IPTVCollector - INFO - 📌 未分类频道追加到 '其他': 江津经济生活
2026-08-06 01:49:14,593 - IPTVCollector - INFO - 🌏 自动追加: 浙江 Ⅰ 绍兴综合 -> ☘️浙江频道
2026-08-06 01:49:14,593 - IPTVCollector - INFO - 📌 未分类频道追加到 '其他': 象视界
2026-08-06 01:49:14,594 - IPTVCollector - INFO - 📌 未分类频道追加到 '其他': 延边新闻综合 [Geo-blocked]
2026-08-06 01:49:14,595 - IPTVCollector - INFO - 🌏 自动追加: 白山新闻综合 [Geo-blocked] -> ☘️吉林频道
2026-08-06 01:49:14,596 - IPTVCollector - INFO - 🌏 自动追加: 吉林市新闻综合 [Geo-blocked] -> ☘️吉林频道
2026-08-06 01:49:14,597 - IPTVCollector - INFO - 🌏 自动追加: 福州广电视台新闻综合频道 -> ☘️福建频道
2026-08-06 01:49:14,598 - IPTVCollector - INFO - 🌏 自动追加: 松原新闻综合 [Geo-blocked] -> ☘️吉林频道
2026-08-06 01:49:14,598 - IPTVCollector - INFO - 📌 未分类频道追加到 '其他': 辽新闻综合 [Geo-blocked]
2026-08-06 01:49:14,599 - IPTVCollector - INFO - 🌏 自动追加: 通化新闻 [Geo-blocked] -> ☘️吉林频道
2026-08-06 01:49:14,601 - IPTVCollector - INFO - 🌏 自动追加: 长春综合 [Geo-blocked] -> ☘️吉林频道
2026-08-06 01:49:14,601 - IPTVCollector - INFO - 📌 未分类频道追加到 '其他': CGTN French
2026-08-06 01:49:14,601 - IPTVCollector - INFO - 📌 未分类频道追加到 '其他': 荣昌综合 [Not 24/7]
2026-08-06 01:49:14,601 - IPTVCollector - INFO - 📌 未分类频道追加到 '其他': 集安综合 [Geo-blocked]
2026-08-06 01:49:14,601 - IPTVCollector - INFO - 📌 未分类频道追加到 '其他': CGTN记录
2026-08-06 01:49:14,601 - IPTVCollector - INFO - 🌏 自动追加: 上海卫视 -> ☘️上海频道
2026-08-06 01:49:14,602 - IPTVCollector - INFO - 📌 未分类频道追加到 '其他': 靖江新闻綜合 [Not 24/7]
2026-08-06 01:49:14,602 - IPTVCollector - INFO - 📌 未分类频道追加到 '其他': 东南卫视
2026-08-06 01:49:14,602 - IPTVCollector - INFO - 📌 未分类频道追加到 '其他': 第一财经
2026-08-06 01:49:14,602 - IPTVCollector - INFO - 📌 未分类频道追加到 '其他': 熊猫直
2026-08-06 01:49:14,602 - IPTVCollector - INFO - 📌 未分类频道追加到 '其他': 东丰
2026-08-06 01:49:14,602 - IPTVCollector - INFO - 📌 未分类频道追加到 '其他': 九台
2026-08-06 01:49:14,602 - IPTVCollector - INFO - 📌 未分类频道追加到 '其他': 双辽
2026-08-06 01:49:14,602 - IPTVCollector - INFO - 📌 未分类频道追加到 '其他': 延边2
2026-08-06 01:49:14,603 - IPTVCollector - INFO - 📌 未分类频道追加到 '其他': 桦甸
2026-08-06 01:49:14,603 - IPTVCollector - INFO - 📌 未分类频道追加到 '其他': 柳河
2026-08-06 01:49:14,603 - IPTVCollector - INFO - 📌 未分类频道追加到 '其他': 耀才财经
2026-08-06 01:49:14,603 - IPTVCollector - INFO - 🎯 Demo 筛选：原始 329 -> 匹配/分类后 329 个频道
2026-08-06 01:49:14,603 - IPTVCollector - INFO - 📊 Demo筛选后: 329
2026-08-06 01:49:14,604 - IPTVCollector - INFO - ✅ M3U 文件已生成: output/tv.m3u
2026-08-06 01:49:14,604 - IPTVCollector - INFO - ✅ TXT 文件已生成: output/tv.txt
2026-08-06 01:49:14,605 - IPTVCollector - INFO - ✅ 多源 M3U 文件已生成: output/tv_multi.m3u
2026-08-06 01:49:14,607 - IPTVCollector - INFO - ✅ JSON API 已生成: output/channels.json
2026-08-06 01:49:14,608 - IPTVCollector - INFO - ✅ 精简版已生成: output/tv_lite.m3u
2026-08-06 01:49:14,608 - IPTVCollector - INFO - ✅ M3U 文件已生成: output/tv_epg.m3u
2026-08-06 01:49:14,608 - IPTVCollector - INFO - 🚀 IPTV 自治系统启动
2026-08-06 01:49:14,608 - IPTVCollector - INFO - ⏭️ 跳过发现阶段
2026-08-06 01:49:14,609 - IPTVCollector - INFO - ==================================================
阶段2: 从缓存观察候选源
==================================================
2026-08-06 01:49:14,635 - IPTVCollector - INFO -   📊 观察进度: 100/134，稳定 0 个
2026-08-06 01:49:14,641 - IPTVCollector - INFO - ✅ 观察阶段完成: 0 个源达到稳定标准
2026-08-06 01:49:14,641 - IPTVCollector - INFO - ==================================================
阶段3: 提升稳定源
==================================================
2026-08-06 01:49:14,641 - IPTVCollector - INFO - 📭 没有稳定的候选源需要提升
2026-08-06 01:49:14,641 - IPTVCollector - INFO - 📊 自治模式统计:
2026-08-06 01:49:14,641 - IPTVCollector - INFO -   候选池总数: 634, 观察中: 134, 稳定: 494
2026-08-06 01:49:14,641 - IPTVCollector - INFO -   本次新提升: 0
2026-08-06 01:49:14,641 - IPTVCollector - INFO - 🎉 全部完成！
2026-08-06 08:18:37,570 - IPTVCollector - INFO - 🚀 IPTV 智能整理平台启动
2026-08-06 08:18:37,572 - IPTVCollector - INFO - ✅ 数据库缓存已启用: data/iptv_cache.db
2026-08-06 08:18:37,577 - IPTVCollector - INFO - 📌 CCTV-1 已设为固定源 (auto_optimize=True)
2026-08-06 08:18:37,578 - IPTVCollector - INFO - 📌 CCTV-2 已设为固定源 (auto_optimize=True)
2026-08-06 08:18:37,579 - IPTVCollector - INFO - 📌 CCTV-3 已设为固定源 (auto_optimize=True)
2026-08-06 08:18:37,580 - IPTVCollector - INFO - 📌 CCTV-4 已设为固定源 (auto_optimize=True)
2026-08-06 08:18:37,581 - IPTVCollector - INFO - 📌 CCTV-5 已设为固定源 (auto_optimize=True)
2026-08-06 08:18:37,582 - IPTVCollector - INFO - 📌 CCTV-5+ 已设为固定源 (auto_optimize=True)
2026-08-06 08:18:37,583 - IPTVCollector - INFO - 📌 CCTV-6 已设为固定源 (auto_optimize=True)
2026-08-06 08:18:37,584 - IPTVCollector - INFO - 📌 CCTV-7 已设为固定源 (auto_optimize=True)
2026-08-06 08:18:37,585 - IPTVCollector - INFO - 📌 CCTV-8 已设为固定源 (auto_optimize=True)
2026-08-06 08:18:37,585 - IPTVCollector - INFO - 📌 CCTV-9 已设为固定源 (auto_optimize=True)
2026-08-06 08:18:37,586 - IPTVCollector - INFO - 📌 CCTV-10 已设为固定源 (auto_optimize=True)
2026-08-06 08:18:37,587 - IPTVCollector - INFO - 📌 CCTV-11 已设为固定源 (auto_optimize=True)
2026-08-06 08:18:37,588 - IPTVCollector - INFO - 📌 CCTV-12 已设为固定源 (auto_optimize=True)
2026-08-06 08:18:37,589 - IPTVCollector - INFO - 📌 CCTV-13 已设为固定源 (auto_optimize=True)
2026-08-06 08:18:37,590 - IPTVCollector - INFO - 📌 CCTV-14 已设为固定源 (auto_optimize=True)
2026-08-06 08:18:37,591 - IPTVCollector - INFO - 📌 CCTV-15 已设为固定源 (auto_optimize=True)
2026-08-06 08:18:37,592 - IPTVCollector - INFO - 📌 CCTV-16 已设为固定源 (auto_optimize=True)
2026-08-06 08:18:37,593 - IPTVCollector - INFO - 📌 CCTV-17 已设为固定源 (auto_optimize=True)
2026-08-06 08:18:37,594 - IPTVCollector - INFO - 📌 CCTV4欧洲 已设为固定源 (auto_optimize=True)
2026-08-06 08:18:37,595 - IPTVCollector - INFO - 📌 CCTV4美洲 已设为固定源 (auto_optimize=True)
2026-08-06 08:18:37,595 - IPTVCollector - INFO - 📌 固定源已同步到数据库
2026-08-06 08:18:37,595 - IPTVCollector - INFO - 📋 订阅源解析：普通 11 个，白名单 0 个
2026-08-06 08:18:37,595 - IPTVCollector - INFO - 📋 使用 11 个源
2026-08-06 08:19:00,552 - IPTVCollector - INFO - 📊 测速完成，有效频道: 391 个
2026-08-06 08:19:00,552 - IPTVCollector - INFO - 📊 通过测速的频道数: 391
2026-08-06 08:19:00,875 - IPTVCollector - INFO - 🔍 ffmpeg 深度验证: 0 个需验证，390 个来自缓存/HTTP
2026-08-06 08:19:00,875 - IPTVCollector - INFO - ✅ ffmpeg 验证完成: 通过 390/391 个频道
2026-08-06 08:19:00,875 - IPTVCollector - INFO - 📊 通过ffmpeg验证的频道数: 390
2026-08-06 08:19:00,883 - IPTVCollector - INFO - 📌 已使用 18 个固定源（含自动优化）
2026-08-06 08:19:00,883 - IPTVCollector - INFO - 📊 合并完成: 共 338 个频道
2026-08-06 08:19:00,883 - IPTVCollector - INFO - 📊 合并后的频道数: 338
2026-08-06 08:19:00,913 - IPTVCollector - INFO - 📊 黑名单过滤后: 322
2026-08-06 08:19:00,915 - IPTVCollector - INFO - 📋 从 demo.txt 解析到 3541 个有序频道
2026-08-06 08:19:00,919 - IPTVCollector - INFO - 📋 从 demo.txt 解析到 3541 个有序频道
2026-08-06 08:20:13,662 - IPTVCollector - INFO - 📌 未分类频道追加到 '其他': 音乐欣赏
2026-08-06 08:20:13,663 - IPTVCollector - INFO - 📌 未分类频道追加到 '其他': 新闻咨询
2026-08-06 08:20:13,663 - IPTVCollector - INFO - 📌 未分类频道追加到 '其他': Newsmax
2026-08-06 08:20:13,663 - IPTVCollector - INFO - 📌 未分类频道追加到 '其他': 1989年春晚
2026-08-06 08:20:13,663 - IPTVCollector - INFO - 📌 未分类频道追加到 '其他': 1987年春晚
2026-08-06 08:20:13,664 - IPTVCollector - INFO - 📌 未分类频道追加到 '其他': 1988年春晚
2026-08-06 08:20:13,664 - IPTVCollector - INFO - 📌 未分类频道追加到 '其他': 无线新闻台
2026-08-06 08:20:13,664 - IPTVCollector - INFO - 📌 未分类频道追加到 '其他': CNA
2026-08-06 08:20:13,664 - IPTVCollector - INFO - 📌 未分类频道追加到 '其他': TVB News
2026-08-06 08:20:13,664 - IPTVCollector - INFO - 📌 未分类频道追加到 '其他': Beautiful Life TV
2026-08-06 08:20:13,664 - IPTVCollector - INFO - 📌 未分类频道追加到 '其他': 飞碟之谜01
2026-08-06 08:20:13,664 - IPTVCollector - INFO - 📌 未分类频道追加到 '其他': Arirang
2026-08-06 08:20:13,664 - IPTVCollector - INFO - 📌 未分类频道追加到 '其他': Supreme Master TV
2026-08-06 08:20:13,665 - IPTVCollector - INFO - 📌 未分类频道追加到 '其他': Wild Earth
2026-08-06 08:20:13,665 - IPTVCollector - INFO - 📌 未分类频道追加到 '其他': 音乐现场
2026-08-06 08:20:13,665 - IPTVCollector - INFO - 📌 未分类频道追加到 '其他': 地理中国
2026-08-06 08:20:13,665 - IPTVCollector - INFO - 📌 未分类频道追加到 '其他': 自然传奇
2026-08-06 08:20:13,665 - IPTVCollector - INFO - 📌 未分类频道追加到 '其他': 人与自然
2026-08-06 08:20:13,665 - IPTVCollector - INFO - 📌 未分类频道追加到 '其他': Trace Sports
2026-08-06 08:20:13,665 - IPTVCollector - INFO - 📌 未分类频道追加到 '其他': 韩国EBS少儿
2026-08-06 08:20:13,666 - IPTVCollector - INFO - 📌 未分类频道追加到 '其他': 春晚2025
2026-08-06 08:20:13,666 - IPTVCollector - INFO - 📌 未分类频道追加到 '其他': RT Français
2026-08-06 08:20:13,666 - IPTVCollector - INFO - 📌 未分类频道追加到 '其他': Good
2026-08-06 08:20:13,666 - IPTVCollector - INFO - 📌 未分类频道追加到 '其他': Good 2
2026-08-06 08:20:13,666 - IPTVCollector - INFO - 📌 未分类频道追加到 '其他': WionNews
2026-08-06 08:20:13,667 - IPTVCollector - INFO - 📌 未分类频道追加到 '其他': Dali TV
2026-08-06 08:20:13,667 - IPTVCollector - INFO - 📌 未分类频道追加到 '其他': Pet Club TV
2026-08-06 08:20:13,667 - IPTVCollector - INFO - 📌 未分类频道追加到 '其他': RT Balkan
2026-08-06 08:20:13,667 - IPTVCollector - INFO - 📌 未分类频道追加到 '其他': 倩女幽魂妖魔道
2026-08-06 08:20:13,667 - IPTVCollector - INFO - 📌 未分类频道追加到 '其他': 倩女幽魂人间道
2026-08-06 08:20:13,668 - IPTVCollector - INFO - 📌 未分类频道追加到 '其他': 倩女幽魂道道道
2026-08-06 08:20:13,668 - IPTVCollector - INFO - 📌 未分类频道追加到 '其他': 春晚2024
2026-08-06 08:20:13,668 - IPTVCollector - INFO - 📌 未分类频道追加到 '其他': 环球电视
2026-08-06 08:20:13,668 - IPTVCollector - INFO - 🌏 自动追加: 浙江 Ⅰ 绍兴影视 -> ☘️浙江频道
2026-08-06 08:20:13,668 - IPTVCollector - INFO - 🌏 自动追加: 浙江 Ⅰ 绍兴综合 -> ☘️浙江频道
2026-08-06 08:20:13,669 - IPTVCollector - INFO - 🌏 自动追加: 福州广电视台新闻综合频道 -> ☘️福建频道
2026-08-06 08:20:13,669 - IPTVCollector - INFO - 📌 未分类频道追加到 '其他': 舒兰新闻
2026-08-06 08:20:13,669 - IPTVCollector - INFO - 📌 未分类频道追加到 '其他': 辉南新闻
2026-08-06 08:20:13,671 - IPTVCollector - INFO - 🌏 自动追加: 通化县 -> ☘️吉林频道
2026-08-06 08:20:13,671 - IPTVCollector - INFO - 📌 未分类频道追加到 '其他': 龙井
2026-08-06 08:20:13,671 - IPTVCollector - INFO - 📌 未分类频道追加到 '其他': 大立电视台
2026-08-06 08:20:13,671 - IPTVCollector - INFO - 📌 未分类频道追加到 '其他': Home Plus
2026-08-06 08:20:13,672 - IPTVCollector - INFO - 🌏 自动追加: 长白山电视台 -> ☘️吉林频道
2026-08-06 08:20:13,673 - IPTVCollector - INFO - 🌏 自动追加: 绍兴电视台公共 -> ☘️浙江频道
2026-08-06 08:20:13,673 - IPTVCollector - INFO - 📌 未分类频道追加到 '其他': Hunan TV
2026-08-06 08:20:13,673 - IPTVCollector - INFO - 📌 未分类频道追加到 '其他': RT News
2026-08-06 08:20:13,673 - IPTVCollector - INFO - 📌 未分类频道追加到 '其他': VOA美国之音
2026-08-06 08:20:13,673 - IPTVCollector - INFO - 📌 未分类频道追加到 '其他': Chifeng Comprehensive News Chanel
2026-08-06 08:20:13,674 - IPTVCollector - INFO - 📌 未分类频道追加到 '其他': Nei Monggol TV [Not 24/7]
2026-08-06 08:20:13,674 - IPTVCollector - INFO - 📌 未分类频道追加到 '其他': Nei Monggol TV 2 Mongolian Culture Channel [Not 24/7]
2026-08-06 08:20:13,674 - IPTVCollector - INFO - 📌 未分类频道追加到 '其他': Siping TV
2026-08-06 08:20:13,674 - IPTVCollector - INFO - 📌 未分类频道追加到 '其他': TV BRICS Chinese
2026-08-06 08:20:13,674 - IPTVCollector - INFO - 📌 未分类频道追加到 '其他': Harbin Movie Channel
2026-08-06 08:20:13,674 - IPTVCollector - INFO - 📌 未分类频道追加到 '其他': Harbin Comprehensive News Channel
2026-08-06 08:20:13,675 - IPTVCollector - INFO - 📌 未分类频道追加到 '其他': Xinjiang TV 3
2026-08-06 08:20:13,675 - IPTVCollector - INFO - 📌 未分类频道追加到 '其他': Xinjiang TV 2
2026-08-06 08:20:13,675 - IPTVCollector - INFO - 📌 未分类频道追加到 '其他': 通海电视台
2026-08-06 08:20:13,675 - IPTVCollector - INFO - 📌 未分类频道追加到 '其他': CGTN Documentary
2026-08-06 08:20:13,675 - IPTVCollector - INFO - 📌 未分类频道追加到 '其他': QTV-1
2026-08-06 08:20:13,675 - IPTVCollector - INFO - 📌 未分类频道追加到 '其他': Zhejiang TV International
2026-08-06 08:20:13,676 - IPTVCollector - INFO - 📌 未分类频道追加到 '其他': 龙门飞甲
2026-08-06 08:20:13,676 - IPTVCollector - INFO - 📌 未分类频道追加到 '其他': 农安新闻综合 [Geo-blocked]
2026-08-06 08:20:13,676 - IPTVCollector - INFO - 📌 未分类频道追加到 '其他': 前郭综合 [Geo-blocked]
2026-08-06 08:20:13,676 - IPTVCollector - INFO - 📌 未分类频道追加到 '其他': 伊犁经济法制
2026-08-06 08:20:13,676 - IPTVCollector - INFO - 📌 未分类频道追加到 '其他': 延边新闻综合 [Geo-blocked]
2026-08-06 08:20:13,678 - IPTVCollector - INFO - 🌏 自动追加: 吉林市新闻综合 [Geo-blocked] -> ☘️吉林频道
2026-08-06 08:20:13,678 - IPTVCollector - INFO - 📌 未分类频道追加到 '其他': 兴隆综合
2026-08-06 08:20:13,679 - IPTVCollector - INFO - 🌏 自动追加: 松原新闻综合 [Geo-blocked] -> ☘️吉林频道
2026-08-06 08:20:13,679 - IPTVCollector - INFO - 📌 未分类频道追加到 '其他': 玛纳斯综合
2026-08-06 08:20:13,680 - IPTVCollector - INFO - 📌 未分类频道追加到 '其他': 奎屯汉语
2026-08-06 08:20:13,680 - IPTVCollector - INFO - 📌 未分类频道追加到 '其他': 浙江钱江都市
2026-08-06 08:20:13,680 - IPTVCollector - INFO - 📌 未分类频道追加到 '其他': 江津经济生活
2026-08-06 08:20:13,680 - IPTVCollector - INFO - 📌 未分类频道追加到 '其他': 浙江经济
2026-08-06 08:20:13,681 - IPTVCollector - INFO - 🌏 自动追加: 白山新闻综合 [Geo-blocked] -> ☘️吉林频道
2026-08-06 08:20:13,682 - IPTVCollector - INFO - 📌 未分类频道追加到 '其他': 武进生活 [Not 24/7]
2026-08-06 08:20:13,682 - IPTVCollector - INFO - 📌 未分类频道追加到 '其他': 玛纳斯
2026-08-06 08:20:13,682 - IPTVCollector - INFO - 📌 未分类频道追加到 '其他': 辽新闻综合 [Geo-blocked]
2026-08-06 08:20:13,683 - IPTVCollector - INFO - 🌏 自动追加: 长春综合 [Geo-blocked] -> ☘️吉林频道
2026-08-06 08:20:13,684 - IPTVCollector - INFO - 📌 未分类频道追加到 '其他': CGTN French
2026-08-06 08:20:13,685 - IPTVCollector - INFO - 🌏 自动追加: 通化新闻 [Geo-blocked] -> ☘️吉林频道
2026-08-06 08:20:13,685 - IPTVCollector - INFO - 📌 未分类频道追加到 '其他': 荣昌综合 [Not 24/7]
2026-08-06 08:20:13,685 - IPTVCollector - INFO - 📌 未分类频道追加到 '其他': 集安综合 [Geo-blocked]
2026-08-06 08:20:13,685 - IPTVCollector - INFO - 📌 未分类频道追加到 '其他': 靖江新闻綜合 [Not 24/7]
2026-08-06 08:20:13,686 - IPTVCollector - INFO - 📌 未分类频道追加到 '其他': 数码时代
2026-08-06 08:20:13,686 - IPTVCollector - INFO - 📌 未分类频道追加到 '其他': 梨园
2026-08-06 08:20:13,686 - IPTVCollector - INFO - 📌 未分类频道追加到 '其他': CGTN记录
2026-08-06 08:20:13,686 - IPTVCollector - INFO - 📌 未分类频道追加到 '其他': 浙江教科影视
2026-08-06 08:20:13,686 - IPTVCollector - INFO - 📌 未分类频道追加到 '其他': 浙江教科影院
2026-08-06 08:20:13,686 - IPTVCollector - INFO - 📌 未分类频道追加到 '其他': 浙江教育
2026-08-06 08:20:13,686 - IPTVCollector - INFO - 🌏 自动追加: 上海卫视 -> ☘️上海频道
2026-08-06 08:20:13,687 - IPTVCollector - INFO - 📌 未分类频道追加到 '其他': 浙江民生休闲
2026-08-06 08:20:13,687 - IPTVCollector - INFO - 📌 未分类频道追加到 '其他': 东南卫视
2026-08-06 08:20:13,687 - IPTVCollector - INFO - 📌 未分类频道追加到 '其他': 熊猫直
2026-08-06 08:20:13,687 - IPTVCollector - INFO - 📌 未分类频道追加到 '其他': 凤凰中文
2026-08-06 08:20:13,687 - IPTVCollector - INFO - 📌 未分类频道追加到 '其他': 浙江钱江频道
2026-08-06 08:20:13,687 - IPTVCollector - INFO - 🌏 自动追加: 凤凰香港 -> 🌊港·澳·台
2026-08-06 08:20:13,687 - IPTVCollector - INFO - 📌 未分类频道追加到 '其他': 韩国电影2
2026-08-06 08:20:13,687 - IPTVCollector - INFO - 📌 未分类频道追加到 '其他': 韩国电影1
2026-08-06 08:20:13,688 - IPTVCollector - INFO - 📌 未分类频道追加到 '其他': 凤凰资讯
2026-08-06 08:20:13,688 - IPTVCollector - INFO - 📌 未分类频道追加到 '其他': CHC电影
2026-08-06 08:20:13,688 - IPTVCollector - INFO - 📌 未分类频道追加到 '其他': 都市青春
2026-08-06 08:20:13,688 - IPTVCollector - INFO - 📌 未分类频道追加到 '其他': 第一财经
2026-08-06 08:20:13,688 - IPTVCollector - INFO - 📌 未分类频道追加到 '其他': 陕西新闻咨询
2026-08-06 08:20:13,690 - IPTVCollector - INFO - 🌏 自动追加: 武汉一台新闻综合 -> ☘️湖北频道
2026-08-06 08:20:13,690 - IPTVCollector - INFO - 📌 未分类频道追加到 '其他': Bread TV面包台
2026-08-06 08:20:13,690 - IPTVCollector - INFO - 📌 未分类频道追加到 '其他': ABN China
2026-08-06 08:20:13,690 - IPTVCollector - INFO - 📌 未分类频道追加到 '其他': 东丰
2026-08-06 08:20:13,690 - IPTVCollector - INFO - 📌 未分类频道追加到 '其他': FZTV3
2026-08-06 08:20:13,690 - IPTVCollector - INFO - 📌 未分类频道追加到 '其他': 江津新闻
2026-08-06 08:20:13,690 - IPTVCollector - INFO - 📌 未分类频道追加到 '其他': 双辽
2026-08-06 08:20:13,691 - IPTVCollector - INFO - 📌 未分类频道追加到 '其他': 耀才财经
2026-08-06 08:20:13,691 - IPTVCollector - INFO - 📌 未分类频道追加到 '其他': 延边2
2026-08-06 08:20:13,692 - IPTVCollector - INFO - 🌏 自动追加: 哈尔滨都市咨询 -> ☘️黑龙江频道
2026-08-06 08:20:13,692 - IPTVCollector - INFO - 📌 未分类频道追加到 '其他': 九台
2026-08-06 08:20:13,692 - IPTVCollector - INFO - 📌 未分类频道追加到 '其他': 柳河
2026-08-06 08:20:13,692 - IPTVCollector - INFO - 📌 未分类频道追加到 '其他': 珲春新闻
2026-08-06 08:20:13,693 - IPTVCollector - INFO - 📌 未分类频道追加到 '其他': 华丽翡翠台
2026-08-06 08:20:13,693 - IPTVCollector - INFO - 📌 未分类频道追加到 '其他': 汪清
2026-08-06 08:20:13,693 - IPTVCollector - INFO - 📌 未分类频道追加到 '其他': 桦甸
2026-08-06 08:20:13,693 - IPTVCollector - INFO - 🎯 Demo 筛选：原始 322 -> 匹配/分类后 322 个频道
2026-08-06 08:20:13,693 - IPTVCollector - INFO - 📊 Demo筛选后: 322
2026-08-06 08:20:13,694 - IPTVCollector - INFO - ✅ M3U 文件已生成: output/tv.m3u
2026-08-06 08:20:13,694 - IPTVCollector - INFO - ✅ TXT 文件已生成: output/tv.txt
2026-08-06 08:20:13,695 - IPTVCollector - INFO - ✅ 多源 M3U 文件已生成: output/tv_multi.m3u
2026-08-06 08:20:13,698 - IPTVCollector - INFO - ✅ JSON API 已生成: output/channels.json
2026-08-06 08:20:13,698 - IPTVCollector - INFO - ✅ 精简版已生成: output/tv_lite.m3u
2026-08-06 08:20:13,698 - IPTVCollector - INFO - ✅ M3U 文件已生成: output/tv_epg.m3u
2026-08-06 08:20:13,699 - IPTVCollector - INFO - 🚀 IPTV 自治系统启动
2026-08-06 08:20:13,699 - IPTVCollector - INFO - ⏭️ 跳过发现阶段
2026-08-06 08:20:13,699 - IPTVCollector - INFO - ==================================================
阶段2: 从缓存观察候选源
==================================================
2026-08-06 08:20:13,732 - IPTVCollector - INFO -   📊 观察进度: 100/130，稳定 0 个
2026-08-06 08:20:13,737 - IPTVCollector - INFO - ✅ 观察阶段完成: 0 个源达到稳定标准
2026-08-06 08:20:13,737 - IPTVCollector - INFO - ==================================================
阶段3: 提升稳定源
==================================================
2026-08-06 08:20:13,737 - IPTVCollector - INFO - 📭 没有稳定的候选源需要提升
2026-08-06 08:20:13,737 - IPTVCollector - INFO - 📊 自治模式统计:
2026-08-06 08:20:13,738 - IPTVCollector - INFO -   候选池总数: 634, 观察中: 130, 稳定: 498
2026-08-06 08:20:13,738 - IPTVCollector - INFO -   本次新提升: 0
2026-08-06 08:20:13,738 - IPTVCollector - INFO - 🎉 全部完成！
2026-08-06 13:45:36,093 - IPTVCollector - INFO - 🚀 IPTV 智能整理平台启动
2026-08-06 13:45:36,096 - IPTVCollector - INFO - ✅ 数据库缓存已启用: data/iptv_cache.db
2026-08-06 13:45:36,099 - IPTVCollector - INFO - 📌 CCTV-1 已设为固定源 (auto_optimize=True)
2026-08-06 13:45:36,100 - IPTVCollector - INFO - 📌 CCTV-2 已设为固定源 (auto_optimize=True)
2026-08-06 13:45:36,101 - IPTVCollector - INFO - 📌 CCTV-3 已设为固定源 (auto_optimize=True)
2026-08-06 13:45:36,102 - IPTVCollector - INFO - 📌 CCTV-4 已设为固定源 (auto_optimize=True)
2026-08-06 13:45:36,103 - IPTVCollector - INFO - 📌 CCTV-5 已设为固定源 (auto_optimize=True)
2026-08-06 13:45:36,104 - IPTVCollector - INFO - 📌 CCTV-5+ 已设为固定源 (auto_optimize=True)
2026-08-06 13:45:36,106 - IPTVCollector - INFO - 📌 CCTV-6 已设为固定源 (auto_optimize=True)
2026-08-06 13:45:36,107 - IPTVCollector - INFO - 📌 CCTV-7 已设为固定源 (auto_optimize=True)
2026-08-06 13:45:36,108 - IPTVCollector - INFO - 📌 CCTV-8 已设为固定源 (auto_optimize=True)
2026-08-06 13:45:36,109 - IPTVCollector - INFO - 📌 CCTV-9 已设为固定源 (auto_optimize=True)
2026-08-06 13:45:36,110 - IPTVCollector - INFO - 📌 CCTV-10 已设为固定源 (auto_optimize=True)
2026-08-06 13:45:36,112 - IPTVCollector - INFO - 📌 CCTV-11 已设为固定源 (auto_optimize=True)
2026-08-06 13:45:36,113 - IPTVCollector - INFO - 📌 CCTV-12 已设为固定源 (auto_optimize=True)
2026-08-06 13:45:36,114 - IPTVCollector - INFO - 📌 CCTV-13 已设为固定源 (auto_optimize=True)
2026-08-06 13:45:36,116 - IPTVCollector - INFO - 📌 CCTV-14 已设为固定源 (auto_optimize=True)
2026-08-06 13:45:36,117 - IPTVCollector - INFO - 📌 CCTV-15 已设为固定源 (auto_optimize=True)
2026-08-06 13:45:36,118 - IPTVCollector - INFO - 📌 CCTV-16 已设为固定源 (auto_optimize=True)
2026-08-06 13:45:36,119 - IPTVCollector - INFO - 📌 CCTV-17 已设为固定源 (auto_optimize=True)
2026-08-06 13:45:36,120 - IPTVCollector - INFO - 📌 CCTV4欧洲 已设为固定源 (auto_optimize=True)
2026-08-06 13:45:36,121 - IPTVCollector - INFO - 📌 CCTV4美洲 已设为固定源 (auto_optimize=True)
2026-08-06 13:45:36,121 - IPTVCollector - INFO - 📌 固定源已同步到数据库
2026-08-06 13:45:36,122 - IPTVCollector - INFO - 📋 订阅源解析：普通 11 个，白名单 0 个
2026-08-06 13:45:36,122 - IPTVCollector - INFO - 📋 使用 11 个源
2026-08-06 13:45:36,127 - IPTVCollector - INFO - 🔄 拉取: https://raw.githubusercontent.com/iptv-org/iptv/gh-pages/countries/cn.m3u
2026-08-06 13:45:36,128 - IPTVCollector - INFO - 🔄 拉取: https://raw.githubusercontent.com/iptv-org/iptv/master/streams/cn.m3u
2026-08-06 13:45:36,140 - IPTVCollector - INFO - 🔄 拉取: https://raw.githubusercontent.com/vbskycn/iptv/master/tv/iptv4.txt
2026-08-06 13:45:36,140 - IPTVCollector - INFO - 🔄 拉取: https://raw.githubusercontent.com/zzgpy1/Collect-IPTV/main/best_sorted.m3u
2026-08-06 13:45:36,140 - IPTVCollector - INFO - 🔄 拉取: https://raw.githubusercontent.com/zzgpy1/ITV/main/output/tv.m3u
2026-08-06 13:45:36,141 - IPTVCollector - INFO - 🔄 拉取: https://raw.githubusercontent.com/iptv-org/iptv/refs/heads/master/streams/cn.m3u
2026-08-06 13:45:36,141 - IPTVCollector - INFO - 🔄 拉取: https://raw.githubusercontent.com/zzgpy1/ipv6-iptv/master/tv/iptv4.txt
2026-08-06 13:45:36,142 - IPTVCollector - INFO - 🔄 拉取: https://raw.githubusercontent.com/CCSH/IPTV/refs/heads/main/live.txt
2026-08-06 13:45:36,142 - IPTVCollector - INFO - 🔄 拉取: https://raw.githubusercontent.com/kakaxi-1/IPTV/main/iptv.txt
2026-08-06 13:45:36,142 - IPTVCollector - INFO - 🔄 拉取: https://raw.githubusercontent.com/zzgpy1/iptv-api/master/output/result.txt
2026-08-06 13:45:36,142 - IPTVCollector - INFO - 🔄 拉取: https://tv.19860519.xyz/xymm
2026-08-06 13:46:08,877 - IPTVCollector - INFO - 📊 测速完成，有效频道: 471 个
2026-08-06 13:46:08,877 - IPTVCollector - INFO - 📊 通过测速的频道数: 471
2026-08-06 13:46:41,265 - IPTVCollector - INFO - 🔍 ffmpeg 深度验证: 0 个需验证，470 个来自缓存/HTTP
2026-08-06 13:46:41,265 - IPTVCollector - INFO - ✅ ffmpeg 验证完成: 通过 470/471 个频道
2026-08-06 13:46:41,265 - IPTVCollector - INFO - 📊 通过ffmpeg验证的频道数: 470
2026-08-06 13:46:41,274 - IPTVCollector - INFO - 📌 已使用 19 个固定源（含自动优化）
2026-08-06 13:46:41,274 - IPTVCollector - INFO - 📊 合并完成: 共 418 个频道
2026-08-06 13:46:41,274 - IPTVCollector - INFO - 📊 合并后的频道数: 418
2026-08-06 13:46:41,311 - IPTVCollector - INFO - 📊 黑名单过滤后: 399
2026-08-06 13:46:41,314 - IPTVCollector - INFO - 📋 从 demo.txt 解析到 3541 个有序频道
2026-08-06 13:46:41,316 - IPTVCollector - INFO - 📋 从 demo.txt 解析到 3541 个有序频道
2026-08-06 13:49:23,468 - IPTVCollector - INFO - 📌 未分类频道追加到 '其他': 大立电视台
2026-08-06 13:49:23,469 - IPTVCollector - INFO - 🌏 自动追加: 绍兴电视台公共 -> ☘️浙江频道
2026-08-06 13:49:23,470 - IPTVCollector - INFO - 🌏 自动追加: 吉林市新闻综合 [Geo-blocked] -> ☘️吉林频道
2026-08-06 13:49:23,471 - IPTVCollector - INFO - 📌 未分类频道追加到 '其他': 延边新闻综合 [Geo-blocked]
2026-08-06 13:49:23,471 - IPTVCollector - INFO - 📌 未分类频道追加到 '其他': 兴隆综合
2026-08-06 13:49:23,471 - IPTVCollector - INFO - 📌 未分类频道追加到 '其他': 通海电视台
2026-08-06 13:49:23,471 - IPTVCollector - INFO - 🌏 自动追加: 浙江 Ⅰ 绍兴影视 -> ☘️浙江频道
2026-08-06 13:49:23,471 - IPTVCollector - INFO - 📌 未分类频道追加到 '其他': 武进生活 [Not 24/7]
2026-08-06 13:49:23,472 - IPTVCollector - INFO - 🌏 自动追加: 浙江 Ⅰ 绍兴综合 -> ☘️浙江频道
2026-08-06 13:49:23,472 - IPTVCollector - INFO - 📌 未分类频道追加到 '其他': 武进新闻 [Not 24/7]
2026-08-06 13:49:23,473 - IPTVCollector - INFO - 🌏 自动追加: 四平新闻综合 [Geo-blocked] -> ☘️吉林频道
2026-08-06 13:49:23,473 - IPTVCollector - INFO - 📌 未分类频道追加到 '其他': 都江堰鱼嘴
2026-08-06 13:49:23,475 - IPTVCollector - INFO - 🌏 自动追加: 松原新闻综合 [Geo-blocked] -> ☘️吉林频道
2026-08-06 13:49:23,475 - IPTVCollector - INFO - 🌏 自动追加: 安徽池州九华山风景区九华山 -> ☘️安徽频道
2026-08-06 13:49:23,475 - IPTVCollector - INFO - 📌 未分类频道追加到 '其他': 浙江经济
2026-08-06 13:49:23,475 - IPTVCollector - INFO - 📌 未分类频道追加到 '其他': 泰山大观峰
2026-08-06 13:49:23,475 - IPTVCollector - INFO - 📌 未分类频道追加到 '其他': 农安新闻综合 [Geo-blocked]
2026-08-06 13:49:23,476 - IPTVCollector - INFO - 📌 未分类频道追加到 '其他': 广西玉林大容山莲花山顶
2026-08-06 13:49:23,476 - IPTVCollector - INFO - 📌 未分类频道追加到 '其他': 安徽黟县西递牌坊
2026-08-06 13:49:23,477 - IPTVCollector - INFO - 🌏 自动追加: 白山新闻综合 [Geo-blocked] -> ☘️吉林频道
2026-08-06 13:49:23,478 - IPTVCollector - INFO - 🌏 自动追加: 长春综合 [Geo-blocked] -> ☘️吉林频道
2026-08-06 13:49:23,478 - IPTVCollector - INFO - 📌 未分类频道追加到 '其他': 江津经济生活
2026-08-06 13:49:23,479 - IPTVCollector - INFO - 🌏 自动追加: 黄山始信新道 -> ☘️安徽频道
2026-08-06 13:49:23,479 - IPTVCollector - INFO - 📌 未分类频道追加到 '其他': 集安综合 [Geo-blocked]
2026-08-06 13:49:23,479 - IPTVCollector - INFO - 🌏 自动追加: 福州广电视台新闻综合频道 -> ☘️福建频道
2026-08-06 13:49:23,480 - IPTVCollector - INFO - 🌏 自动追加: 黄山排云亭 -> ☘️安徽频道
2026-08-06 13:49:23,480 - IPTVCollector - INFO - 📌 未分类频道追加到 '其他': CGTN French
2026-08-06 13:49:23,480 - IPTVCollector - INFO - 🌏 自动追加: 黄山飞来石 -> ☘️安徽频道
2026-08-06 13:49:23,481 - IPTVCollector - INFO - 📌 未分类频道追加到 '其他': 辽新闻综合 [Geo-blocked]
2026-08-06 13:49:23,481 - IPTVCollector - INFO - 📌 未分类频道追加到 '其他': 泰山主峰
2026-08-06 13:49:23,481 - IPTVCollector - INFO - 📌 未分类频道追加到 '其他': 安徽黟县芦村远眺
2026-08-06 13:49:23,481 - IPTVCollector - INFO - 📌 未分类频道追加到 '其他': Dragon TV International
2026-08-06 13:49:23,482 - IPTVCollector - INFO - 📌 未分类频道追加到 '其他': Xinjiang TV 2
2026-08-06 13:49:23,482 - IPTVCollector - INFO - 📌 未分类频道追加到 '其他': 泰山碧霞祠
2026-08-06 13:49:23,482 - IPTVCollector - INFO - 📌 未分类频道追加到 '其他': Hebei TV
2026-08-06 13:49:23,483 - IPTVCollector - INFO - 🌏 自动追加: 通化新闻 [Geo-blocked] -> ☘️吉林频道
2026-08-06 13:49:23,484 - IPTVCollector - INFO - 🌏 自动追加: 浙江舟山东极岛 -> ☘️浙江频道
2026-08-06 13:49:23,484 - IPTVCollector - INFO - 🌏 自动追加: 青岛崂山八水河 -> ☘️山东频道
2026-08-06 13:49:23,485 - IPTVCollector - INFO - 📌 未分类频道追加到 '其他': 泰山玉皇顶
2026-08-06 13:49:23,485 - IPTVCollector - INFO - 📌 未分类频道追加到 '其他': 靖江新闻綜合 [Not 24/7]
2026-08-06 13:49:23,485 - IPTVCollector - INFO - 🌏 自动追加: 青岛崂山双福 -> ☘️山东频道
2026-08-06 13:49:23,486 - IPTVCollector - INFO - 📌 未分类频道追加到 '其他': 泰山望人松
2026-08-06 13:49:23,486 - IPTVCollector - INFO - 📌 未分类频道追加到 '其他': 泰山白云亭悬崖
2026-08-06 13:49:23,486 - IPTVCollector - INFO - 📌 未分类频道追加到 '其他': 泰山十八盘
2026-08-06 13:49:23,486 - IPTVCollector - INFO - 📌 未分类频道追加到 '其他': 广西桂林漓江景区
2026-08-06 13:49:23,487 - IPTVCollector - INFO - 📌 未分类频道追加到 '其他': CGTN记录
2026-08-06 13:49:23,487 - IPTVCollector - INFO - 📌 未分类频道追加到 '其他': CGTN阿语
2026-08-06 13:49:23,487 - IPTVCollector - INFO - 📌 未分类频道追加到 '其他': CGTN西语
2026-08-06 13:49:23,487 - IPTVCollector - INFO - 📌 未分类频道追加到 '其他': 伊犁经济法制
2026-08-06 13:49:23,488 - IPTVCollector - INFO - 🌏 自动追加: 上海卫视 -> ☘️上海频道
2026-08-06 13:49:23,488 - IPTVCollector - INFO - 📌 未分类频道追加到 '其他': 东南卫视
2026-08-06 13:49:23,488 - IPTVCollector - INFO - 📌 未分类频道追加到 '其他': 玛纳斯
2026-08-06 13:49:23,488 - IPTVCollector - INFO - 📌 未分类频道追加到 '其他': 玛纳斯综合
2026-08-06 13:49:23,489 - IPTVCollector - INFO - 📌 未分类频道追加到 '其他': 龙门飞甲
2026-08-06 13:49:23,489 - IPTVCollector - INFO - 🌏 自动追加: 南京玄武湖公园 -> ☘️江苏频道
2026-08-06 13:49:23,489 - IPTVCollector - INFO - 📌 未分类频道追加到 '其他': 奎屯汉语
2026-08-06 13:49:23,489 - IPTVCollector - INFO - 📌 未分类频道追加到 '其他': 浙江钱江都市
2026-08-06 13:49:23,490 - IPTVCollector - INFO - 🌏 自动追加: 江苏南京牛首山 -> ☘️江苏频道
2026-08-06 13:49:23,490 - IPTVCollector - INFO - 📌 未分类频道追加到 '其他': 熊猫直
2026-08-06 13:49:23,490 - IPTVCollector - INFO - 📌 未分类频道追加到 '其他': 第一财经
2026-08-06 13:49:23,490 - IPTVCollector - INFO - 📌 未分类频道追加到 '其他': 丽江古城大水车
2026-08-06 13:49:23,490 - IPTVCollector - INFO - 📌 未分类频道追加到 '其他': 云南丽江冰川
2026-08-06 13:49:23,490 - IPTVCollector - INFO - 📌 未分类频道追加到 '其他': 云南丽江印象实景
2026-08-06 13:49:23,490 - IPTVCollector - INFO - 📌 未分类频道追加到 '其他': 梨园
2026-08-06 13:49:23,491 - IPTVCollector - INFO - 📌 未分类频道追加到 '其他': 数码时代
2026-08-06 13:49:23,491 - IPTVCollector - INFO - 📌 未分类频道追加到 '其他': 云南丽江玉龙雪山
2026-08-06 13:49:23,491 - IPTVCollector - INFO - 📌 未分类频道追加到 '其他': 丽江古城大研花巷观景
2026-08-06 13:49:23,491 - IPTVCollector - INFO - 📌 未分类频道追加到 '其他': 云南丽江玉龙雪山草甸
2026-08-06 13:49:23,491 - IPTVCollector - INFO - 📌 未分类频道追加到 '其他': 云南大理崇圣寺三塔中景
2026-08-06 13:49:23,491 - IPTVCollector - INFO - 📌 未分类频道追加到 '其他': 浙江教科影视
2026-08-06 13:49:23,491 - IPTVCollector - INFO - 📌 未分类频道追加到 '其他': 云南大理崇圣寺三塔远景
2026-08-06 13:49:23,491 - IPTVCollector - INFO - 📌 未分类频道追加到 '其他': 云南白沙远眺玉龙雪山
2026-08-06 13:49:23,492 - IPTVCollector - INFO - 📌 未分类频道追加到 '其他': 浙江教科影院
2026-08-06 13:49:23,492 - IPTVCollector - INFO - 📌 未分类频道追加到 '其他': 云南丽江蓝月谷
2026-08-06 13:49:23,492 - IPTVCollector - INFO - 📌 未分类频道追加到 '其他': 浙江教育
2026-08-06 13:49:23,492 - IPTVCollector - INFO - 🌏 自动追加: 江苏徐州云龙湖风景区云龙山观景台西 -> ☘️江苏频道
2026-08-06 13:49:23,493 - IPTVCollector - INFO - 📌 未分类频道追加到 '其他': 浙江民生休闲
2026-08-06 13:49:23,493 - IPTVCollector - INFO - 📌 未分类频道追加到 '其他': 狮子山鸟瞰丽江古城
2026-08-06 13:49:23,493 - IPTVCollector - INFO - 📌 未分类频道追加到 '其他': 浙江钱江频道
2026-08-06 13:49:23,493 - IPTVCollector - INFO - 📌 未分类频道追加到 '其他': 浙江生活
2026-08-06 13:49:23,493 - IPTVCollector - INFO - 📌 未分类频道追加到 '其他': 天涯石
2026-08-06 13:49:23,494 - IPTVCollector - INFO - 📌 未分类频道追加到 '其他': 耀才财经
2026-08-06 13:49:23,494 - IPTVCollector - INFO - 📌 未分类频道追加到 '其他': 泰山南天门
2026-08-06 13:49:23,494 - IPTVCollector - INFO - 📌 未分类频道追加到 '其他': 东丰
2026-08-06 13:49:23,494 - IPTVCollector - INFO - 📌 未分类频道追加到 '其他': 双辽
2026-08-06 13:49:23,494 - IPTVCollector - INFO - 📌 未分类频道追加到 '其他': 凤凰资讯
2026-08-06 13:49:23,495 - IPTVCollector - INFO - 📌 未分类频道追加到 '其他': 凤凰中文
2026-08-06 13:49:23,495 - IPTVCollector - INFO - 🌏 自动追加: 凤凰香港 -> 🌊港·澳·台
2026-08-06 13:49:23,495 - IPTVCollector - INFO - 📌 未分类频道追加到 '其他': CHC电影
2026-08-06 13:49:23,497 - IPTVCollector - INFO - 🌏 自动追加: 武汉一台新闻综合 -> ☘️湖北频道
2026-08-06 13:49:23,497 - IPTVCollector - INFO - 📌 未分类频道追加到 '其他': 柳河
2026-08-06 13:49:23,497 - IPTVCollector - INFO - 📌 未分类频道追加到 '其他': 汪清
2026-08-06 13:49:23,497 - IPTVCollector - INFO - 📌 未分类频道追加到 '其他': 延边2
2026-08-06 13:49:23,498 - IPTVCollector - INFO - 📌 未分类频道追加到 '其他': 珲春新闻
2026-08-06 13:49:23,498 - IPTVCollector - INFO - 📌 未分类频道追加到 '其他': 韩国电影1
2026-08-06 13:49:23,498 - IPTVCollector - INFO - 📌 未分类频道追加到 '其他': 韩国电影2
2026-08-06 13:49:23,500 - IPTVCollector - INFO - 🌏 自动追加: 湖南张家界水绕四门 -> ☘️湖南频道
2026-08-06 13:49:23,501 - IPTVCollector - INFO - 🌏 自动追加: 张掖七彩丹霞 -> ☘️甘肃频道
2026-08-06 13:49:23,501 - IPTVCollector - INFO - 📌 未分类频道追加到 '其他': 辉南新闻
2026-08-06 13:49:23,501 - IPTVCollector - INFO - 📌 未分类频道追加到 '其他': 磐石
2026-08-06 13:49:23,503 - IPTVCollector - INFO - 🌏 自动追加: 湖南张家界御笔峰 -> ☘️湖南频道
2026-08-06 13:49:23,503 - IPTVCollector - INFO - 📌 未分类频道追加到 '其他': FZTV3
2026-08-06 13:49:23,503 - IPTVCollector - INFO - 📌 未分类频道追加到 '其他': 龙井
2026-08-06 13:49:23,504 - IPTVCollector - INFO - 🌏 自动追加: 通化县 -> ☘️吉林频道
2026-08-06 13:49:23,505 - IPTVCollector - INFO - 🌏 自动追加: 乐山大佛全景 -> ☘️四川频道
2026-08-06 13:49:23,505 - IPTVCollector - INFO - 📌 未分类频道追加到 '其他': 桦甸
2026-08-06 13:49:23,506 - IPTVCollector - INFO - 🌏 自动追加: 厦门鼓浪屿 -> ☘️福建频道
2026-08-06 13:49:23,506 - IPTVCollector - INFO - 📌 未分类频道追加到 '其他': 福建武夷山玉女峰
2026-08-06 13:49:23,507 - IPTVCollector - INFO - 🌏 自动追加: 长白山电视台 -> ☘️吉林频道
2026-08-06 13:49:23,508 - IPTVCollector - INFO - 📌 未分类频道追加到 '其他': 四川四姑娘山隆珠措
2026-08-06 13:49:23,508 - IPTVCollector - INFO - 📌 未分类频道追加到 '其他': 乌镇西市河
2026-08-06 13:49:23,508 - IPTVCollector - INFO - 📌 未分类频道追加到 '其他': 六盘山红军长征景区
2026-08-06 13:49:23,509 - IPTVCollector - INFO - 🌏 自动追加: 四川峨眉山普贤菩萨铜像 -> ☘️四川频道
2026-08-06 13:49:23,509 - IPTVCollector - INFO - 🌏 自动追加: 福建漳州醉美沙滩翡翠湾 -> ☘️福建频道
2026-08-06 13:49:23,509 - IPTVCollector - INFO - 📌 未分类频道追加到 '其他': 都市青春
2026-08-06 13:49:23,510 - IPTVCollector - INFO - 📌 未分类频道追加到 '其他': 陕西新闻咨询
2026-08-06 13:49:23,510 - IPTVCollector - INFO - 🌏 自动追加: 四川峨眉山云海日出 -> ☘️四川频道
2026-08-06 13:49:23,510 - IPTVCollector - INFO - 📌 未分类频道追加到 '其他': 泰山太平岭
2026-08-06 13:49:23,511 - IPTVCollector - INFO - 📌 未分类频道追加到 '其他': 江津新闻
2026-08-06 13:49:23,511 - IPTVCollector - INFO - 🌏 自动追加: 四川峨眉山远眺万佛顶 -> ☘️四川频道
2026-08-06 13:49:23,512 - IPTVCollector - INFO - 📌 未分类频道追加到 '其他': 河南电视剧
2026-08-06 13:49:23,512 - IPTVCollector - INFO - 📌 未分类频道追加到 '其他': 陕西洋县国宝朱鹮02
2026-08-06 13:49:23,512 - IPTVCollector - INFO - 🌏 自动追加: 四川峨眉山远眺贡嘎雪山 -> ☘️四川频道
2026-08-06 13:49:23,513 - IPTVCollector - INFO - 📌 未分类频道追加到 '其他': 恒山悬空寺全景
2026-08-06 13:49:23,513 - IPTVCollector - INFO - 📌 未分类频道追加到 '其他': 无线新闻台
2026-08-06 13:49:23,514 - IPTVCollector - INFO - 🌏 自动追加: 哈尔滨都市咨询 -> ☘️黑龙江频道
2026-08-06 13:49:23,515 - IPTVCollector - INFO - 📌 未分类频道追加到 '其他': 乌镇全景
2026-08-06 13:49:23,515 - IPTVCollector - INFO - 📌 未分类频道追加到 '其他': 八里沟风景区桃花湾瀑布
2026-08-06 13:49:23,515 - IPTVCollector - INFO - 📌 未分类频道追加到 '其他': 乌镇蓝印花布
2026-08-06 13:49:23,515 - IPTVCollector - INFO - 📌 未分类频道追加到 '其他': 五彩池
2026-08-06 13:49:23,515 - IPTVCollector - INFO - 📌 未分类频道追加到 '其他': 八里沟风景区天界山玻璃栈道
2026-08-06 13:49:23,516 - IPTVCollector - INFO - 📌 未分类频道追加到 '其他': 鸣沙山
2026-08-06 13:49:23,516 - IPTVCollector - INFO - 📌 未分类频道追加到 '其他': 音乐欣赏
2026-08-06 13:49:23,516 - IPTVCollector - INFO - 📌 未分类频道追加到 '其他': 新闻咨询
2026-08-06 13:49:23,516 - IPTVCollector - INFO - 📌 未分类频道追加到 '其他': 1988年春晚
2026-08-06 13:49:23,517 - IPTVCollector - INFO - 📌 未分类频道追加到 '其他': 1989年春晚
2026-08-06 13:49:23,517 - IPTVCollector - INFO - 📌 未分类频道追加到 '其他': 1987年春晚
2026-08-06 13:49:23,517 - IPTVCollector - INFO - 📌 未分类频道追加到 '其他': 乌镇龙形田
2026-08-06 13:49:23,517 - IPTVCollector - INFO - 📌 未分类频道追加到 '其他': Newsmax
2026-08-06 13:49:23,518 - IPTVCollector - INFO - 📌 未分类频道追加到 '其他': 韩国EBS少儿
2026-08-06 13:49:23,518 - IPTVCollector - INFO - 📌 未分类频道追加到 '其他': Supreme Master TV
2026-08-06 13:49:23,518 - IPTVCollector - INFO - 📌 未分类频道追加到 '其他': Trace Sports
2026-08-06 13:49:23,518 - IPTVCollector - INFO - 📌 未分类频道追加到 '其他': TVB News
2026-08-06 13:49:23,518 - IPTVCollector - INFO - 📌 未分类频道追加到 '其他': Dali TV
2026-08-06 13:49:23,519 - IPTVCollector - INFO - 📌 未分类频道追加到 '其他': CNA
2026-08-06 13:49:23,519 - IPTVCollector - INFO - 📌 未分类频道追加到 '其他': 飞碟之谜01
2026-08-06 13:49:23,519 - IPTVCollector - INFO - 📌 未分类频道追加到 '其他': Beautiful Life TV
2026-08-06 13:49:23,519 - IPTVCollector - INFO - 📌 未分类频道追加到 '其他': 自然传奇
2026-08-06 13:49:23,520 - IPTVCollector - INFO - 📌 未分类频道追加到 '其他': 地理中国
2026-08-06 13:49:23,520 - IPTVCollector - INFO - 📌 未分类频道追加到 '其他': Good 2
2026-08-06 13:49:23,520 - IPTVCollector - INFO - 📌 未分类频道追加到 '其他': Good
2026-08-06 13:49:23,520 - IPTVCollector - INFO - 📌 未分类频道追加到 '其他': Arirang
2026-08-06 13:49:23,520 - IPTVCollector - INFO - 📌 未分类频道追加到 '其他': 人与自然
2026-08-06 13:49:23,521 - IPTVCollector - INFO - 📌 未分类频道追加到 '其他': Wild Earth
2026-08-06 13:49:23,521 - IPTVCollector - INFO - 📌 未分类频道追加到 '其他': 中央电视塔南
2026-08-06 13:49:23,521 - IPTVCollector - INFO - 📌 未分类频道追加到 '其他': 中央电视塔东
2026-08-06 13:49:23,521 - IPTVCollector - INFO - 📌 未分类频道追加到 '其他': Anhui TV
2026-08-06 13:49:23,522 - IPTVCollector - INFO - 📌 未分类频道追加到 '其他': 倩女幽魂人间道
2026-08-06 13:49:23,522 - IPTVCollector - INFO - 📌 未分类频道追加到 '其他': 倩女幽魂妖魔道
2026-08-06 13:49:23,522 - IPTVCollector - INFO - 📌 未分类频道追加到 '其他': 春晚2025
2026-08-06 13:49:23,522 - IPTVCollector - INFO - 📌 未分类频道追加到 '其他': 月牙泉
2026-08-06 13:49:23,523 - IPTVCollector - INFO - 📌 未分类频道追加到 '其他': 倩女幽魂道道道
2026-08-06 13:49:23,523 - IPTVCollector - INFO - 📌 未分类频道追加到 '其他': 望乡台
2026-08-06 13:49:23,523 - IPTVCollector - INFO - 📌 未分类频道追加到 '其他': Pet Club TV
2026-08-06 13:49:23,523 - IPTVCollector - INFO - 📌 未分类频道追加到 '其他': 直中国
2026-08-06 13:49:23,523 - IPTVCollector - INFO - 📌 未分类频道追加到 '其他': WionNews
2026-08-06 13:49:23,524 - IPTVCollector - INFO - 📌 未分类频道追加到 '其他': ABN China
2026-08-06 13:49:23,524 - IPTVCollector - INFO - 📌 未分类频道追加到 '其他': Bread TV面包台
2026-08-06 13:49:23,524 - IPTVCollector - INFO - 📌 未分类频道追加到 '其他': 直中国精编直
2026-08-06 13:49:23,524 - IPTVCollector - INFO - 📌 未分类频道追加到 '其他': 春晚2024
2026-08-06 13:49:23,525 - IPTVCollector - INFO - 📌 未分类频道追加到 '其他': 环球电视
2026-08-06 13:49:23,525 - IPTVCollector - INFO - 📌 未分类频道追加到 '其他': 雪乡梦幻家园
2026-08-06 13:49:23,525 - IPTVCollector - INFO - 📌 未分类频道追加到 '其他': 雪乡大石碑
2026-08-06 13:49:23,525 - IPTVCollector - INFO - 📌 未分类频道追加到 '其他': 黄果树六角亭瀑布
2026-08-06 13:49:23,526 - IPTVCollector - INFO - 📌 未分类频道追加到 '其他': RT Français
2026-08-06 13:49:23,526 - IPTVCollector - INFO - 📌 未分类频道追加到 '其他': RT Balkan
2026-08-06 13:49:23,526 - IPTVCollector - INFO - 📌 未分类频道追加到 '其他': 2024年春晚
2026-08-06 13:49:23,526 - IPTVCollector - INFO - 📌 未分类频道追加到 '其他': 黄花城水长城03
2026-08-06 13:49:23,526 - IPTVCollector - INFO - 📌 未分类频道追加到 '其他': 黄花城水长城01
2026-08-06 13:49:23,527 - IPTVCollector - INFO - 📌 未分类频道追加到 '其他': Home Plus
2026-08-06 13:49:23,527 - IPTVCollector - INFO - 📌 未分类频道追加到 '其他': Harbin Comprehensive News Channel
2026-08-06 13:49:23,527 - IPTVCollector - INFO - 📌 未分类频道追加到 '其他': VOA美国之音
2026-08-06 13:49:23,527 - IPTVCollector - INFO - 📌 未分类频道追加到 '其他': Siping TV
2026-08-06 13:49:23,528 - IPTVCollector - INFO - 📌 未分类频道追加到 '其他': Nei Monggol TV [Not 24/7]
2026-08-06 13:49:23,528 - IPTVCollector - INFO - 📌 未分类频道追加到 '其他': Hunan TV
2026-08-06 13:49:23,528 - IPTVCollector - INFO - 📌 未分类频道追加到 '其他': Chifeng Comprehensive News Chanel
2026-08-06 13:49:23,528 - IPTVCollector - INFO - 📌 未分类频道追加到 '其他': Nei Monggol TV 2 Mongolian Culture Channel [Not 24/7]
2026-08-06 13:49:23,529 - IPTVCollector - INFO - 📌 未分类频道追加到 '其他': Harbin Movie Channel
2026-08-06 13:49:23,529 - IPTVCollector - INFO - 📌 未分类频道追加到 '其他': Zhejiang TV International
2026-08-06 13:49:23,529 - IPTVCollector - INFO - 📌 未分类频道追加到 '其他': QTV-1
2026-08-06 13:49:23,529 - IPTVCollector - INFO - 📌 未分类频道追加到 '其他': Xinjiang TV 3
2026-08-06 13:49:23,529 - IPTVCollector - INFO - 📌 未分类频道追加到 '其他': TV BRICS Chinese
2026-08-06 13:49:23,530 - IPTVCollector - INFO - 📌 未分类频道追加到 '其他': CGTN Documentary
2026-08-06 13:49:23,530 - IPTVCollector - INFO - 🎯 Demo 筛选：原始 399 -> 匹配/分类后 399 个频道
2026-08-06 13:49:23,530 - IPTVCollector - INFO - 📊 Demo筛选后: 399
2026-08-06 13:49:23,531 - IPTVCollector - INFO - ✅ M3U 文件已生成: output/tv.m3u
2026-08-06 13:49:23,532 - IPTVCollector - INFO - ✅ TXT 文件已生成: output/tv.txt
2026-08-06 13:49:23,532 - IPTVCollector - INFO - ✅ 多源 M3U 文件已生成: output/tv_multi.m3u
2026-08-06 13:49:23,535 - IPTVCollector - INFO - ✅ JSON API 已生成: output/channels.json
2026-08-06 13:49:23,535 - IPTVCollector - INFO - ✅ 精简版已生成: output/tv_lite.m3u
2026-08-06 13:49:23,536 - IPTVCollector - INFO - ✅ M3U 文件已生成: output/tv_epg.m3u
2026-08-06 13:49:23,536 - IPTVCollector - INFO - 🚀 IPTV 自治系统启动
2026-08-06 13:49:23,536 - IPTVCollector - INFO - ⏭️ 跳过发现阶段
2026-08-06 13:49:23,536 - IPTVCollector - INFO - ==================================================
阶段2: 从缓存观察候选源
==================================================
2026-08-06 13:49:23,556 - IPTVCollector - INFO -   📊 观察进度: 100/236，稳定 0 个
2026-08-06 13:49:23,575 - IPTVCollector - INFO -   📊 观察进度: 200/236，稳定 0 个
2026-08-06 13:49:23,581 - IPTVCollector - INFO - ✅ 观察阶段完成: 0 个源达到稳定标准
2026-08-06 13:49:23,581 - IPTVCollector - INFO - ==================================================
阶段3: 提升稳定源
==================================================
2026-08-06 13:49:23,581 - IPTVCollector - INFO - 📭 没有稳定的候选源需要提升
2026-08-06 13:49:23,582 - IPTVCollector - INFO - 📊 自治模式统计:
2026-08-06 13:49:23,582 - IPTVCollector - INFO -   候选池总数: 730, 观察中: 236, 稳定: 488
2026-08-06 13:49:23,582 - IPTVCollector - INFO -   本次新提升: 0
2026-08-06 13:49:23,582 - IPTVCollector - INFO - 🎉 全部完成！
2026-08-06 23:52:06,158 - IPTVCollector - INFO - 🚀 IPTV 智能整理平台启动
2026-08-06 23:52:06,160 - IPTVCollector - INFO - ✅ 数据库缓存已启用: data/iptv_cache.db
2026-08-06 23:52:06,162 - IPTVCollector - INFO - 📌 CCTV-1 已设为固定源 (auto_optimize=True)
2026-08-06 23:52:06,163 - IPTVCollector - INFO - 📌 CCTV-2 已设为固定源 (auto_optimize=True)
2026-08-06 23:52:06,164 - IPTVCollector - INFO - 📌 CCTV-3 已设为固定源 (auto_optimize=True)
2026-08-06 23:52:06,165 - IPTVCollector - INFO - 📌 CCTV-4 已设为固定源 (auto_optimize=True)
2026-08-06 23:52:06,166 - IPTVCollector - INFO - 📌 CCTV-5 已设为固定源 (auto_optimize=True)
2026-08-06 23:52:06,167 - IPTVCollector - INFO - 📌 CCTV-5+ 已设为固定源 (auto_optimize=True)
2026-08-06 23:52:06,168 - IPTVCollector - INFO - 📌 CCTV-6 已设为固定源 (auto_optimize=True)
2026-08-06 23:52:06,169 - IPTVCollector - INFO - 📌 CCTV-7 已设为固定源 (auto_optimize=True)
2026-08-06 23:52:06,170 - IPTVCollector - INFO - 📌 CCTV-8 已设为固定源 (auto_optimize=True)
2026-08-06 23:52:06,171 - IPTVCollector - INFO - 📌 CCTV-9 已设为固定源 (auto_optimize=True)
2026-08-06 23:52:06,172 - IPTVCollector - INFO - 📌 CCTV-10 已设为固定源 (auto_optimize=True)
2026-08-06 23:52:06,172 - IPTVCollector - INFO - 📌 CCTV-11 已设为固定源 (auto_optimize=True)
2026-08-06 23:52:06,173 - IPTVCollector - INFO - 📌 CCTV-12 已设为固定源 (auto_optimize=True)
2026-08-06 23:52:06,174 - IPTVCollector - INFO - 📌 CCTV-13 已设为固定源 (auto_optimize=True)
2026-08-06 23:52:06,175 - IPTVCollector - INFO - 📌 CCTV-14 已设为固定源 (auto_optimize=True)
2026-08-06 23:52:06,176 - IPTVCollector - INFO - 📌 CCTV-15 已设为固定源 (auto_optimize=True)
2026-08-06 23:52:06,177 - IPTVCollector - INFO - 📌 CCTV-16 已设为固定源 (auto_optimize=True)
2026-08-06 23:52:06,178 - IPTVCollector - INFO - 📌 CCTV-17 已设为固定源 (auto_optimize=True)
2026-08-06 23:52:06,179 - IPTVCollector - INFO - 📌 CCTV4欧洲 已设为固定源 (auto_optimize=True)
2026-08-06 23:52:06,180 - IPTVCollector - INFO - 📌 CCTV4美洲 已设为固定源 (auto_optimize=True)
2026-08-06 23:52:06,180 - IPTVCollector - INFO - 📌 固定源已同步到数据库
2026-08-06 23:52:06,180 - IPTVCollector - INFO - 📋 订阅源解析：普通 11 个，白名单 0 个
2026-08-06 23:52:06,181 - IPTVCollector - INFO - 📋 使用 11 个源
2026-08-06 23:52:32,875 - IPTVCollector - INFO - 📊 测速完成，有效频道: 471 个
2026-08-06 23:52:32,875 - IPTVCollector - INFO - 📊 通过测速的频道数: 471
2026-08-06 23:52:33,867 - IPTVCollector - INFO - 🔍 ffmpeg 深度验证: 0 个需验证，470 个来自缓存/HTTP
2026-08-06 23:52:33,868 - IPTVCollector - INFO - ✅ ffmpeg 验证完成: 通过 470/471 个频道
2026-08-06 23:52:33,868 - IPTVCollector - INFO - 📊 通过ffmpeg验证的频道数: 470
2026-08-06 23:52:33,876 - IPTVCollector - INFO - 📌 已使用 19 个固定源（含自动优化）
2026-08-06 23:52:33,876 - IPTVCollector - INFO - 📊 合并完成: 共 420 个频道
2026-08-06 23:52:33,876 - IPTVCollector - INFO - 📊 合并后的频道数: 420
2026-08-06 23:52:33,913 - IPTVCollector - INFO - 📊 黑名单过滤后: 402
2026-08-06 23:52:33,917 - IPTVCollector - INFO - 📋 从 demo.txt 解析到 3541 个有序频道
2026-08-06 23:52:33,919 - IPTVCollector - INFO - 📋 从 demo.txt 解析到 3541 个有序频道
2026-08-06 23:54:45,484 - IPTVCollector - INFO - 📌 未分类频道追加到 '其他': 数码时代
2026-08-06 23:54:45,484 - IPTVCollector - INFO - 📌 未分类频道追加到 '其他': 浙江教科影院
2026-08-06 23:54:45,484 - IPTVCollector - INFO - 📌 未分类频道追加到 '其他': 浙江教育
2026-08-06 23:54:45,484 - IPTVCollector - INFO - 📌 未分类频道追加到 '其他': 浙江民生休闲
2026-08-06 23:54:45,485 - IPTVCollector - INFO - 📌 未分类频道追加到 '其他': 浙江教科影视
2026-08-06 23:54:45,485 - IPTVCollector - INFO - 📌 未分类频道追加到 '其他': 浙江经济
2026-08-06 23:54:45,485 - IPTVCollector - INFO - 📌 未分类频道追加到 '其他': 浙江钱江频道
2026-08-06 23:54:45,485 - IPTVCollector - INFO - 🌏 自动追加: 浙江 Ⅰ 绍兴影视 -> ☘️浙江频道
2026-08-06 23:54:45,485 - IPTVCollector - INFO - 🌏 自动追加: 浙江 Ⅰ 绍兴综合 -> ☘️浙江频道
2026-08-06 23:54:45,486 - IPTVCollector - INFO - 📌 未分类频道追加到 '其他': 泰山南天门
2026-08-06 23:54:45,486 - IPTVCollector - INFO - 📌 未分类频道追加到 '其他': 天涯石
2026-08-06 23:54:45,486 - IPTVCollector - INFO - 📌 未分类频道追加到 '其他': CHC电影
2026-08-06 23:54:45,487 - IPTVCollector - INFO - 🌏 自动追加: 福州广电视台新闻综合频道 -> ☘️福建频道
2026-08-06 23:54:45,487 - IPTVCollector - INFO - 📌 未分类频道追加到 '其他': 凤凰中文
2026-08-06 23:54:45,487 - IPTVCollector - INFO - 📌 未分类频道追加到 '其他': 凤凰资讯
2026-08-06 23:54:45,487 - IPTVCollector - INFO - 📌 未分类频道追加到 '其他': 韩国电影1
2026-08-06 23:54:45,487 - IPTVCollector - INFO - 📌 未分类频道追加到 '其他': 韩国电影2
2026-08-06 23:54:45,487 - IPTVCollector - INFO - 🌏 自动追加: 凤凰香港 -> 🌊港·澳·台
2026-08-06 23:54:45,489 - IPTVCollector - INFO - 🌏 自动追加: 武汉一台新闻综合 -> ☘️湖北频道
2026-08-06 23:54:45,491 - IPTVCollector - INFO - 🌏 自动追加: 湖南张家界御笔峰 -> ☘️湖南频道
2026-08-06 23:54:45,491 - IPTVCollector - INFO - 🌏 自动追加: 张掖七彩丹霞 -> ☘️甘肃频道
2026-08-06 23:54:45,493 - IPTVCollector - INFO - 🌏 自动追加: 湖南张家界水绕四门 -> ☘️湖南频道
2026-08-06 23:54:45,494 - IPTVCollector - INFO - 🌏 自动追加: 厦门鼓浪屿 -> ☘️福建频道
2026-08-06 23:54:45,494 - IPTVCollector - INFO - 📌 未分类频道追加到 '其他': FZTV3
2026-08-06 23:54:45,494 - IPTVCollector - INFO - 🌏 自动追加: 福建漳州醉美沙滩翡翠湾 -> ☘️福建频道
2026-08-06 23:54:45,494 - IPTVCollector - INFO - 📌 未分类频道追加到 '其他': 乌镇西市河
2026-08-06 23:54:45,495 - IPTVCollector - INFO - 📌 未分类频道追加到 '其他': 福建武夷山玉女峰
2026-08-06 23:54:45,495 - IPTVCollector - INFO - 📌 未分类频道追加到 '其他': 六盘山红军长征景区
2026-08-06 23:54:45,495 - IPTVCollector - INFO - 📌 未分类频道追加到 '其他': 都市青春
2026-08-06 23:54:45,495 - IPTVCollector - INFO - 📌 未分类频道追加到 '其他': 河南电视剧
2026-08-06 23:54:45,495 - IPTVCollector - INFO - 📌 未分类频道追加到 '其他': 泰山太平岭
2026-08-06 23:54:45,496 - IPTVCollector - INFO - 📌 未分类频道追加到 '其他': 陕西新闻咨询
2026-08-06 23:54:45,496 - IPTVCollector - INFO - 📌 未分类频道追加到 '其他': 江津新闻
2026-08-06 23:54:45,496 - IPTVCollector - INFO - 📌 未分类频道追加到 '其他': 陕西洋县国宝朱鹮02
2026-08-06 23:54:45,496 - IPTVCollector - INFO - 📌 未分类频道追加到 '其他': 恒山悬空寺全景
2026-08-06 23:54:45,497 - IPTVCollector - INFO - 🌏 自动追加: 哈尔滨都市咨询 -> ☘️黑龙江频道
2026-08-06 23:54:45,498 - IPTVCollector - INFO - 📌 未分类频道追加到 '其他': 无线新闻台
2026-08-06 23:54:45,498 - IPTVCollector - INFO - 📌 未分类频道追加到 '其他': 乌镇全景
2026-08-06 23:54:45,498 - IPTVCollector - INFO - 📌 未分类频道追加到 '其他': 乌镇蓝印花布
2026-08-06 23:54:45,498 - IPTVCollector - INFO - 📌 未分类频道追加到 '其他': 乌镇龙形田
2026-08-06 23:54:45,498 - IPTVCollector - INFO - 📌 未分类频道追加到 '其他': 八里沟风景区天界山玻璃栈道
2026-08-06 23:54:45,499 - IPTVCollector - INFO - 📌 未分类频道追加到 '其他': 五彩池
2026-08-06 23:54:45,499 - IPTVCollector - INFO - 📌 未分类频道追加到 '其他': 新闻咨询
2026-08-06 23:54:45,499 - IPTVCollector - INFO - 📌 未分类频道追加到 '其他': 1987年春晚
2026-08-06 23:54:45,499 - IPTVCollector - INFO - 📌 未分类频道追加到 '其他': 1988年春晚
2026-08-06 23:54:45,499 - IPTVCollector - INFO - 📌 未分类频道追加到 '其他': 1989年春晚
2026-08-06 23:54:45,499 - IPTVCollector - INFO - 📌 未分类频道追加到 '其他': 音乐欣赏
2026-08-06 23:54:45,500 - IPTVCollector - INFO - 📌 未分类频道追加到 '其他': 八里沟风景区桃花湾瀑布
2026-08-06 23:54:45,500 - IPTVCollector - INFO - 📌 未分类频道追加到 '其他': 鸣沙山
2026-08-06 23:54:45,500 - IPTVCollector - INFO - 📌 未分类频道追加到 '其他': Newsmax
2026-08-06 23:54:45,500 - IPTVCollector - INFO - 📌 未分类频道追加到 '其他': CNA
2026-08-06 23:54:45,500 - IPTVCollector - INFO - 📌 未分类频道追加到 '其他': Arirang
2026-08-06 23:54:45,501 - IPTVCollector - INFO - 📌 未分类频道追加到 '其他': 飞碟之谜01
2026-08-06 23:54:45,501 - IPTVCollector - INFO - 📌 未分类频道追加到 '其他': TVB News
2026-08-06 23:54:45,501 - IPTVCollector - INFO - 📌 未分类频道追加到 '其他': Supreme Master TV
2026-08-06 23:54:45,501 - IPTVCollector - INFO - 📌 未分类频道追加到 '其他': 自然传奇
2026-08-06 23:54:45,501 - IPTVCollector - INFO - 📌 未分类频道追加到 '其他': Trace Sports
2026-08-06 23:54:45,501 - IPTVCollector - INFO - 📌 未分类频道追加到 '其他': 地理中国
2026-08-06 23:54:45,502 - IPTVCollector - INFO - 📌 未分类频道追加到 '其他': Dali TV
2026-08-06 23:54:45,502 - IPTVCollector - INFO - 📌 未分类频道追加到 '其他': Wild Earth
2026-08-06 23:54:45,502 - IPTVCollector - INFO - 📌 未分类频道追加到 '其他': Beautiful Life TV
2026-08-06 23:54:45,502 - IPTVCollector - INFO - 📌 未分类频道追加到 '其他': 韩国EBS少儿
2026-08-06 23:54:45,502 - IPTVCollector - INFO - 📌 未分类频道追加到 '其他': Good
2026-08-06 23:54:45,503 - IPTVCollector - INFO - 📌 未分类频道追加到 '其他': Good 2
2026-08-06 23:54:45,503 - IPTVCollector - INFO - 📌 未分类频道追加到 '其他': 中央电视塔东
2026-08-06 23:54:45,503 - IPTVCollector - INFO - 📌 未分类频道追加到 '其他': 中央电视塔南
2026-08-06 23:54:45,503 - IPTVCollector - INFO - 📌 未分类频道追加到 '其他': 春晚2025
2026-08-06 23:54:45,503 - IPTVCollector - INFO - 📌 未分类频道追加到 '其他': 月牙泉
2026-08-06 23:54:45,503 - IPTVCollector - INFO - 📌 未分类频道追加到 '其他': WionNews
2026-08-06 23:54:45,504 - IPTVCollector - INFO - 📌 未分类频道追加到 '其他': Pet Club TV
2026-08-06 23:54:45,504 - IPTVCollector - INFO - 📌 未分类频道追加到 '其他': 直中国
2026-08-06 23:54:45,504 - IPTVCollector - INFO - 📌 未分类频道追加到 '其他': 直中国精编直
2026-08-06 23:54:45,504 - IPTVCollector - INFO - 📌 未分类频道追加到 '其他': 人与自然
2026-08-06 23:54:45,504 - IPTVCollector - INFO - 📌 未分类频道追加到 '其他': ABN China
2026-08-06 23:54:45,504 - IPTVCollector - INFO - 📌 未分类频道追加到 '其他': RT Balkan
2026-08-06 23:54:45,505 - IPTVCollector - INFO - 📌 未分类频道追加到 '其他': 雪乡大石碑
2026-08-06 23:54:45,505 - IPTVCollector - INFO - 📌 未分类频道追加到 '其他': 倩女幽魂妖魔道
2026-08-06 23:54:45,505 - IPTVCollector - INFO - 📌 未分类频道追加到 '其他': 倩女幽魂道道道
2026-08-06 23:54:45,505 - IPTVCollector - INFO - 📌 未分类频道追加到 '其他': 雪乡梦幻家园
2026-08-06 23:54:45,505 - IPTVCollector - INFO - 📌 未分类频道追加到 '其他': 倩女幽魂人间道
2026-08-06 23:54:45,506 - IPTVCollector - INFO - 📌 未分类频道追加到 '其他': RT Français
2026-08-06 23:54:45,506 - IPTVCollector - INFO - 📌 未分类频道追加到 '其他': 望乡台
2026-08-06 23:54:45,506 - IPTVCollector - INFO - 📌 未分类频道追加到 '其他': 黄花城水长城01
2026-08-06 23:54:45,506 - IPTVCollector - INFO - 📌 未分类频道追加到 '其他': 黄花城水长城03
2026-08-06 23:54:45,506 - IPTVCollector - INFO - 📌 未分类频道追加到 '其他': 环球电视
2026-08-06 23:54:45,506 - IPTVCollector - INFO - 📌 未分类频道追加到 '其他': 2024年春晚
2026-08-06 23:54:45,507 - IPTVCollector - INFO - 📌 未分类频道追加到 '其他': 黄果树六角亭瀑布
2026-08-06 23:54:45,507 - IPTVCollector - INFO - 📌 未分类频道追加到 '其他': Anhui TV
2026-08-06 23:54:45,507 - IPTVCollector - INFO - 📌 未分类频道追加到 '其他': 丽江古城大水车
2026-08-06 23:54:45,507 - IPTVCollector - INFO - 📌 未分类频道追加到 '其他': 丽江古城大研花巷观景
2026-08-06 23:54:45,507 - IPTVCollector - INFO - 📌 未分类频道追加到 '其他': 春晚2024
2026-08-06 23:54:45,508 - IPTVCollector - INFO - 📌 未分类频道追加到 '其他': 云南丽江印象实景
2026-08-06 23:54:45,508 - IPTVCollector - INFO - 📌 未分类频道追加到 '其他': 云南丽江冰川
2026-08-06 23:54:45,508 - IPTVCollector - INFO - 📌 未分类频道追加到 '其他': Bread TV面包台
2026-08-06 23:54:45,508 - IPTVCollector - INFO - 📌 未分类频道追加到 '其他': 云南丽江玉龙雪山
2026-08-06 23:54:45,508 - IPTVCollector - INFO - 📌 未分类频道追加到 '其他': 云南丽江蓝月谷
2026-08-06 23:54:45,508 - IPTVCollector - INFO - 📌 未分类频道追加到 '其他': 第一财经
2026-08-06 23:54:45,509 - IPTVCollector - INFO - 📌 未分类频道追加到 '其他': 云南大理崇圣寺三塔中景
2026-08-06 23:54:45,509 - IPTVCollector - INFO - 📌 未分类频道追加到 '其他': 云南大理崇圣寺三塔远景
2026-08-06 23:54:45,509 - IPTVCollector - INFO - 🌏 自动追加: 江苏徐州云龙湖风景区云龙山观景台西 -> ☘️江苏频道
2026-08-06 23:54:45,509 - IPTVCollector - INFO - 📌 未分类频道追加到 '其他': 狮子山鸟瞰丽江古城
2026-08-06 23:54:45,510 - IPTVCollector - INFO - 📌 未分类频道追加到 '其他': 云南丽江玉龙雪山草甸
2026-08-06 23:54:45,510 - IPTVCollector - INFO - 📌 未分类频道追加到 '其他': 九台
2026-08-06 23:54:45,510 - IPTVCollector - INFO - 📌 未分类频道追加到 '其他': 双辽
2026-08-06 23:54:45,510 - IPTVCollector - INFO - 📌 未分类频道追加到 '其他': 耀才财经
2026-08-06 23:54:45,510 - IPTVCollector - INFO - 📌 未分类频道追加到 '其他': 东丰
2026-08-06 23:54:45,510 - IPTVCollector - INFO - 📌 未分类频道追加到 '其他': 云南白沙远眺玉龙雪山
2026-08-06 23:54:45,511 - IPTVCollector - INFO - 📌 未分类频道追加到 '其他': 柳河
2026-08-06 23:54:45,511 - IPTVCollector - INFO - 📌 未分类频道追加到 '其他': 桦甸
2026-08-06 23:54:45,511 - IPTVCollector - INFO - 📌 未分类频道追加到 '其他': 延边2
2026-08-06 23:54:45,511 - IPTVCollector - INFO - 📌 未分类频道追加到 '其他': 汪清
2026-08-06 23:54:45,511 - IPTVCollector - INFO - 📌 未分类频道追加到 '其他': 珲春新闻
2026-08-06 23:54:45,511 - IPTVCollector - INFO - 📌 未分类频道追加到 '其他': Home Plus
2026-08-06 23:54:45,512 - IPTVCollector - INFO - 📌 未分类频道追加到 '其他': 磐石
2026-08-06 23:54:45,512 - IPTVCollector - INFO - 📌 未分类频道追加到 '其他': 舒兰新闻
2026-08-06 23:54:45,512 - IPTVCollector - INFO - 📌 未分类频道追加到 '其他': VOA美国之音
2026-08-06 23:54:45,512 - IPTVCollector - INFO - 📌 未分类频道追加到 '其他': 辉南新闻
2026-08-06 23:54:45,514 - IPTVCollector - INFO - 🌏 自动追加: 通化县 -> ☘️吉林频道
2026-08-06 23:54:45,514 - IPTVCollector - INFO - 📌 未分类频道追加到 '其他': Harbin Comprehensive News Channel
2026-08-06 23:54:45,515 - IPTVCollector - INFO - 🌏 自动追加: 长白山电视台 -> ☘️吉林频道
2026-08-06 23:54:45,515 - IPTVCollector - INFO - 📌 未分类频道追加到 '其他': Zhejiang TV International
2026-08-06 23:54:45,516 - IPTVCollector - INFO - 📌 未分类频道追加到 '其他': Xinjiang TV 2
2026-08-06 23:54:45,516 - IPTVCollector - INFO - 📌 未分类频道追加到 '其他': 龙井
2026-08-06 23:54:45,516 - IPTVCollector - INFO - 📌 未分类频道追加到 '其他': Xinjiang TV 3
2026-08-06 23:54:45,516 - IPTVCollector - INFO - 📌 未分类频道追加到 '其他': Siping TV
2026-08-06 23:54:45,516 - IPTVCollector - INFO - 📌 未分类频道追加到 '其他': Nei Monggol TV 2 Mongolian Culture Channel [Not 24/7]
2026-08-06 23:54:45,517 - IPTVCollector - INFO - 🌏 自动追加: 乐山大佛全景 -> ☘️四川频道
2026-08-06 23:54:45,517 - IPTVCollector - INFO - 📌 未分类频道追加到 '其他': Chifeng Comprehensive News Chanel
2026-08-06 23:54:45,517 - IPTVCollector - INFO - 📌 未分类频道追加到 '其他': Hunan TV
2026-08-06 23:54:45,518 - IPTVCollector - INFO - 📌 未分类频道追加到 '其他': CGTN Documentary
2026-08-06 23:54:45,518 - IPTVCollector - INFO - 📌 未分类频道追加到 '其他': Nei Monggol TV [Not 24/7]
2026-08-06 23:54:45,518 - IPTVCollector - INFO - 📌 未分类频道追加到 '其他': 四川四姑娘山隆珠措
2026-08-06 23:54:45,518 - IPTVCollector - INFO - 📌 未分类频道追加到 '其他': QTV-1
2026-08-06 23:54:45,519 - IPTVCollector - INFO - 🌏 自动追加: 四川峨眉山云海日出 -> ☘️四川频道
2026-08-06 23:54:45,519 - IPTVCollector - INFO - 📌 未分类频道追加到 '其他': Harbin Movie Channel
2026-08-06 23:54:45,519 - IPTVCollector - INFO - 🌏 自动追加: 四川峨眉山远眺贡嘎雪山 -> ☘️四川频道
2026-08-06 23:54:45,520 - IPTVCollector - INFO - 🌏 自动追加: 四川峨眉山远眺万佛顶 -> ☘️四川频道
2026-08-06 23:54:45,521 - IPTVCollector - INFO - 🌏 自动追加: 四川峨眉山普贤菩萨铜像 -> ☘️四川频道
2026-08-06 23:54:45,521 - IPTVCollector - INFO - 📌 未分类频道追加到 '其他': TV BRICS Chinese
2026-08-06 23:54:45,521 - IPTVCollector - INFO - 📌 未分类频道追加到 '其他': 都江堰鱼嘴
2026-08-06 23:54:45,521 - IPTVCollector - INFO - 📌 未分类频道追加到 '其他': 大立电视台
2026-08-06 23:54:45,521 - IPTVCollector - INFO - 📌 未分类频道追加到 '其他': 农安新闻综合 [Geo-blocked]
2026-08-06 23:54:45,522 - IPTVCollector - INFO - 🌏 自动追加: 绍兴电视台公共 -> ☘️浙江频道
2026-08-06 23:54:45,522 - IPTVCollector - INFO - 📌 未分类频道追加到 '其他': 前郭综合 [Geo-blocked]
2026-08-06 23:54:45,523 - IPTVCollector - INFO - 🌏 自动追加: 吉林市新闻综合 [Geo-blocked] -> ☘️吉林频道
2026-08-06 23:54:45,524 - IPTVCollector - INFO - 📌 未分类频道追加到 '其他': 延边新闻综合 [Geo-blocked]
2026-08-06 23:54:45,524 - IPTVCollector - INFO - 📌 未分类频道追加到 '其他': 通海电视台
2026-08-06 23:54:45,525 - IPTVCollector - INFO - 🌏 自动追加: 四平新闻综合 [Geo-blocked] -> ☘️吉林频道
2026-08-06 23:54:45,526 - IPTVCollector - INFO - 🌏 自动追加: 松原新闻综合 [Geo-blocked] -> ☘️吉林频道
2026-08-06 23:54:45,527 - IPTVCollector - INFO - 🌏 自动追加: 安徽池州九华山风景区九华山 -> ☘️安徽频道
2026-08-06 23:54:45,527 - IPTVCollector - INFO - 📌 未分类频道追加到 '其他': 安徽黟县芦村远眺
2026-08-06 23:54:45,527 - IPTVCollector - INFO - 📌 未分类频道追加到 '其他': 安徽黟县西递牌坊
2026-08-06 23:54:45,527 - IPTVCollector - INFO - 📌 未分类频道追加到 '其他': 广西玉林大容山莲花山顶
2026-08-06 23:54:45,528 - IPTVCollector - INFO - 📌 未分类频道追加到 '其他': 江津经济生活
2026-08-06 23:54:45,528 - IPTVCollector - INFO - 📌 未分类频道追加到 '其他': 泰山大观峰
2026-08-06 23:54:45,528 - IPTVCollector - INFO - 📌 未分类频道追加到 '其他': 兴隆综合
2026-08-06 23:54:45,528 - IPTVCollector - INFO - 🌏 自动追加: 黄山始信新道 -> ☘️安徽频道
2026-08-06 23:54:45,530 - IPTVCollector - INFO - 🌏 自动追加: 白山新闻综合 [Geo-blocked] -> ☘️吉林频道
2026-08-06 23:54:45,530 - IPTVCollector - INFO - 🌏 自动追加: 黄山排云亭 -> ☘️安徽频道
2026-08-06 23:54:45,530 - IPTVCollector - INFO - 📌 未分类频道追加到 '其他': 辽新闻综合 [Geo-blocked]
2026-08-06 23:54:45,531 - IPTVCollector - INFO - 🌏 自动追加: 黄山飞来石 -> ☘️安徽频道
2026-08-06 23:54:45,532 - IPTVCollector - INFO - 🌏 自动追加: 通化新闻 [Geo-blocked] -> ☘️吉林频道
2026-08-06 23:54:45,532 - IPTVCollector - INFO - 📌 未分类频道追加到 '其他': 泰山主峰
2026-08-06 23:54:45,534 - IPTVCollector - INFO - 🌏 自动追加: 长春综合 [Geo-blocked] -> ☘️吉林频道
2026-08-06 23:54:45,534 - IPTVCollector - INFO - 📌 未分类频道追加到 '其他': CGTN French
2026-08-06 23:54:45,534 - IPTVCollector - INFO - 📌 未分类频道追加到 '其他': 泰山十八盘
2026-08-06 23:54:45,534 - IPTVCollector - INFO - 📌 未分类频道追加到 '其他': 集安综合 [Geo-blocked]
2026-08-06 23:54:45,534 - IPTVCollector - INFO - 📌 未分类频道追加到 '其他': 泰山望人松
2026-08-06 23:54:45,535 - IPTVCollector - INFO - 📌 未分类频道追加到 '其他': 泰山玉皇顶
2026-08-06 23:54:45,535 - IPTVCollector - INFO - 📌 未分类频道追加到 '其他': 泰山碧霞祠
2026-08-06 23:54:45,535 - IPTVCollector - INFO - 🌏 自动追加: 浙江舟山东极岛 -> ☘️浙江频道
2026-08-06 23:54:45,535 - IPTVCollector - INFO - 📌 未分类频道追加到 '其他': Dragon TV International
2026-08-06 23:54:45,536 - IPTVCollector - INFO - 🌏 自动追加: 青岛崂山八水河 -> ☘️山东频道
2026-08-06 23:54:45,536 - IPTVCollector - INFO - 📌 未分类频道追加到 '其他': 荣昌综合 [Not 24/7]
2026-08-06 23:54:45,536 - IPTVCollector - INFO - 📌 未分类频道追加到 '其他': 靖江新闻綜合 [Not 24/7]
2026-08-06 23:54:45,536 - IPTVCollector - INFO - 📌 未分类频道追加到 '其他': Hebei TV
2026-08-06 23:54:45,537 - IPTVCollector - INFO - 🌏 自动追加: 青岛崂山双福 -> ☘️山东频道
2026-08-06 23:54:45,537 - IPTVCollector - INFO - 📌 未分类频道追加到 '其他': 泰山白云亭悬崖
2026-08-06 23:54:45,537 - IPTVCollector - INFO - 📌 未分类频道追加到 '其他': 龙门飞甲
2026-08-06 23:54:45,537 - IPTVCollector - INFO - 📌 未分类频道追加到 '其他': 广西桂林漓江景区
2026-08-06 23:54:45,538 - IPTVCollector - INFO - 📌 未分类频道追加到 '其他': 伊犁经济法制
2026-08-06 23:54:45,538 - IPTVCollector - INFO - 📌 未分类频道追加到 '其他': CGTN阿语
2026-08-06 23:54:45,538 - IPTVCollector - INFO - 📌 未分类频道追加到 '其他': CGTN西语
2026-08-06 23:54:45,538 - IPTVCollector - INFO - 🌏 自动追加: 南京玄武湖公园 -> ☘️江苏频道
2026-08-06 23:54:45,538 - IPTVCollector - INFO - 📌 未分类频道追加到 '其他': 玛纳斯
2026-08-06 23:54:45,539 - IPTVCollector - INFO - 🌏 自动追加: 上海卫视 -> ☘️上海频道
2026-08-06 23:54:45,539 - IPTVCollector - INFO - 📌 未分类频道追加到 '其他': 玛纳斯综合
2026-08-06 23:54:45,539 - IPTVCollector - INFO - 📌 未分类频道追加到 '其他': 东南卫视
2026-08-06 23:54:45,539 - IPTVCollector - INFO - 📌 未分类频道追加到 '其他': 奎屯汉语
2026-08-06 23:54:45,539 - IPTVCollector - INFO - 📌 未分类频道追加到 '其他': 浙江钱江都市
2026-08-06 23:54:45,540 - IPTVCollector - INFO - 📌 未分类频道追加到 '其他': CGTN记录
2026-08-06 23:54:45,540 - IPTVCollector - INFO - 🌏 自动追加: 江苏南京牛首山 -> ☘️江苏频道
2026-08-06 23:54:45,540 - IPTVCollector - INFO - 📌 未分类频道追加到 '其他': 熊猫直
2026-08-06 23:54:45,540 - IPTVCollector - INFO - 📌 未分类频道追加到 '其他': 梨园
2026-08-06 23:54:45,540 - IPTVCollector - INFO - 🎯 Demo 筛选：原始 402 -> 匹配/分类后 402 个频道
2026-08-06 23:54:45,541 - IPTVCollector - INFO - 📊 Demo筛选后: 402
2026-08-06 23:54:45,541 - IPTVCollector - INFO - ✅ M3U 文件已生成: output/tv.m3u
2026-08-06 23:54:45,542 - IPTVCollector - INFO - ✅ TXT 文件已生成: output/tv.txt
2026-08-06 23:54:45,542 - IPTVCollector - INFO - ✅ 多源 M3U 文件已生成: output/tv_multi.m3u
2026-08-06 23:54:45,545 - IPTVCollector - INFO - ✅ JSON API 已生成: output/channels.json
2026-08-06 23:54:45,546 - IPTVCollector - INFO - ✅ 精简版已生成: output/tv_lite.m3u
2026-08-06 23:54:45,546 - IPTVCollector - INFO - ✅ M3U 文件已生成: output/tv_epg.m3u
2026-08-06 23:54:45,546 - IPTVCollector - INFO - 🚀 IPTV 自治系统启动
2026-08-06 23:54:45,546 - IPTVCollector - INFO - ⏭️ 跳过发现阶段
2026-08-06 23:54:45,547 - IPTVCollector - INFO - ==================================================
阶段2: 从缓存观察候选源
==================================================
2026-08-06 23:54:45,577 - IPTVCollector - INFO -   📊 观察进度: 100/240，稳定 0 个
2026-08-06 23:54:45,590 - IPTVCollector - INFO -   📊 观察进度: 200/240，稳定 0 个
2026-08-06 23:54:45,595 - IPTVCollector - INFO - ✅ 观察阶段完成: 0 个源达到稳定标准
2026-08-06 23:54:45,595 - IPTVCollector - INFO - ==================================================
阶段3: 提升稳定源
==================================================
2026-08-06 23:54:45,595 - IPTVCollector - INFO - 📭 没有稳定的候选源需要提升
2026-08-06 23:54:45,595 - IPTVCollector - INFO - 📊 自治模式统计:
2026-08-06 23:54:45,595 - IPTVCollector - INFO -   候选池总数: 730, 观察中: 240, 稳定: 484
2026-08-06 23:54:45,596 - IPTVCollector - INFO -   本次新提升: 0
2026-08-06 23:54:45,596 - IPTVCollector - INFO - 🎉 全部完成！
2026-08-07 02:11:46,002 - IPTVCollector - INFO - 🚀 IPTV 智能整理平台启动
2026-08-07 02:11:46,005 - IPTVCollector - INFO - ✅ 数据库缓存已启用: data/iptv_cache.db
2026-08-07 02:11:46,007 - IPTVCollector - INFO - 📌 CCTV-1 已设为固定源 (auto_optimize=True)
2026-08-07 02:11:46,008 - IPTVCollector - INFO - 📌 CCTV-2 已设为固定源 (auto_optimize=True)
2026-08-07 02:11:46,009 - IPTVCollector - INFO - 📌 CCTV-3 已设为固定源 (auto_optimize=True)
2026-08-07 02:11:46,010 - IPTVCollector - INFO - 📌 CCTV-4 已设为固定源 (auto_optimize=True)
2026-08-07 02:11:46,011 - IPTVCollector - INFO - 📌 CCTV-5 已设为固定源 (auto_optimize=True)
2026-08-07 02:11:46,012 - IPTVCollector - INFO - 📌 CCTV-5+ 已设为固定源 (auto_optimize=True)
2026-08-07 02:11:46,014 - IPTVCollector - INFO - 📌 CCTV-6 已设为固定源 (auto_optimize=True)
2026-08-07 02:11:46,017 - IPTVCollector - INFO - 📌 CCTV-7 已设为固定源 (auto_optimize=True)
2026-08-07 02:11:46,018 - IPTVCollector - INFO - 📌 CCTV-8 已设为固定源 (auto_optimize=True)
2026-08-07 02:11:46,019 - IPTVCollector - INFO - 📌 CCTV-9 已设为固定源 (auto_optimize=True)
2026-08-07 02:11:46,020 - IPTVCollector - INFO - 📌 CCTV-10 已设为固定源 (auto_optimize=True)
2026-08-07 02:11:46,021 - IPTVCollector - INFO - 📌 CCTV-11 已设为固定源 (auto_optimize=True)
2026-08-07 02:11:46,023 - IPTVCollector - INFO - 📌 CCTV-12 已设为固定源 (auto_optimize=True)
2026-08-07 02:11:46,024 - IPTVCollector - INFO - 📌 CCTV-13 已设为固定源 (auto_optimize=True)
2026-08-07 02:11:46,025 - IPTVCollector - INFO - 📌 CCTV-14 已设为固定源 (auto_optimize=True)
2026-08-07 02:11:46,026 - IPTVCollector - INFO - 📌 CCTV-15 已设为固定源 (auto_optimize=True)
2026-08-07 02:11:46,027 - IPTVCollector - INFO - 📌 CCTV-16 已设为固定源 (auto_optimize=True)
2026-08-07 02:11:46,028 - IPTVCollector - INFO - 📌 CCTV-17 已设为固定源 (auto_optimize=True)
2026-08-07 02:11:46,029 - IPTVCollector - INFO - 📌 CCTV4欧洲 已设为固定源 (auto_optimize=True)
2026-08-07 02:11:46,030 - IPTVCollector - INFO - 📌 CCTV4美洲 已设为固定源 (auto_optimize=True)
2026-08-07 02:11:46,030 - IPTVCollector - INFO - 📌 固定源已同步到数据库
2026-08-07 02:11:46,031 - IPTVCollector - INFO - 📋 订阅源解析：普通 11 个，白名单 0 个
2026-08-07 02:11:46,031 - IPTVCollector - INFO - 📋 使用 11 个源
2026-08-07 02:12:06,987 - IPTVCollector - INFO - 📊 测速完成，有效频道: 395 个
2026-08-07 02:12:06,987 - IPTVCollector - INFO - 📊 通过测速的频道数: 395
2026-08-07 02:12:07,398 - IPTVCollector - INFO - 🔍 ffmpeg 深度验证: 0 个需验证，394 个来自缓存/HTTP
2026-08-07 02:12:07,398 - IPTVCollector - INFO - ✅ ffmpeg 验证完成: 通过 394/395 个频道
2026-08-07 02:12:07,398 - IPTVCollector - INFO - 📊 通过ffmpeg验证的频道数: 394
2026-08-07 02:12:07,405 - IPTVCollector - INFO - 📌 已使用 19 个固定源（含自动优化）
2026-08-07 02:12:07,405 - IPTVCollector - INFO - 📊 合并完成: 共 344 个频道
2026-08-07 02:12:07,406 - IPTVCollector - INFO - 📊 合并后的频道数: 344
2026-08-07 02:12:07,437 - IPTVCollector - INFO - 📊 黑名单过滤后: 326
2026-08-07 02:12:07,440 - IPTVCollector - INFO - 📋 从 demo.txt 解析到 3541 个有序频道
2026-08-07 02:12:07,442 - IPTVCollector - INFO - 📋 从 demo.txt 解析到 3541 个有序频道
2026-08-07 02:13:36,646 - IPTVCollector - INFO - 🌏 自动追加: 浙江 Ⅰ 绍兴综合 -> ☘️浙江频道
2026-08-07 02:13:36,647 - IPTVCollector - INFO - 🌏 自动追加: 浙江 Ⅰ 绍兴影视 -> ☘️浙江频道
2026-08-07 02:13:36,690 - IPTVCollector - INFO - 📌 未分类频道追加到 '其他': 东丰
2026-08-07 02:13:36,690 - IPTVCollector - INFO - 📌 未分类频道追加到 '其他': 双辽
2026-08-07 02:13:36,690 - IPTVCollector - INFO - 📌 未分类频道追加到 '其他': 耀才财经
2026-08-07 02:13:36,690 - IPTVCollector - INFO - 📌 未分类频道追加到 '其他': 延边2
2026-08-07 02:13:36,691 - IPTVCollector - INFO - 📌 未分类频道追加到 '其他': 柳河
2026-08-07 02:13:36,691 - IPTVCollector - INFO - 🌏 自动追加: 福州广电视台新闻综合频道 -> ☘️福建频道
2026-08-07 02:13:36,691 - IPTVCollector - INFO - 📌 未分类频道追加到 '其他': 桦甸
2026-08-07 02:13:36,692 - IPTVCollector - INFO - 📌 未分类频道追加到 '其他': 汪清
2026-08-07 02:13:36,692 - IPTVCollector - INFO - 📌 未分类频道追加到 '其他': 磐石
2026-08-07 02:13:36,692 - IPTVCollector - INFO - 📌 未分类频道追加到 '其他': 珲春新闻
2026-08-07 02:13:36,692 - IPTVCollector - INFO - 📌 未分类频道追加到 '其他': 舒兰新闻
2026-08-07 02:13:36,692 - IPTVCollector - INFO - 📌 未分类频道追加到 '其他': Home Plus
2026-08-07 02:13:36,693 - IPTVCollector - INFO - 📌 未分类频道追加到 '其他': 辉南新闻
2026-08-07 02:13:36,694 - IPTVCollector - INFO - 🌏 自动追加: 通化县 -> ☘️吉林频道
2026-08-07 02:13:36,694 - IPTVCollector - INFO - 📌 未分类频道追加到 '其他': Nei Monggol TV 2 Mongolian Culture Channel [Not 24/7]
2026-08-07 02:13:36,696 - IPTVCollector - INFO - 🌏 自动追加: 长白山电视台 -> ☘️吉林频道
2026-08-07 02:13:36,696 - IPTVCollector - INFO - 📌 未分类频道追加到 '其他': Nei Monggol TV [Not 24/7]
2026-08-07 02:13:36,696 - IPTVCollector - INFO - 📌 未分类频道追加到 '其他': Chifeng Comprehensive News Chanel
2026-08-07 02:13:36,696 - IPTVCollector - INFO - 📌 未分类频道追加到 '其他': Harbin Comprehensive News Channel
2026-08-07 02:13:36,697 - IPTVCollector - INFO - 📌 未分类频道追加到 '其他': VOA美国之音
2026-08-07 02:13:36,697 - IPTVCollector - INFO - 📌 未分类频道追加到 '其他': Harbin Movie Channel
2026-08-07 02:13:36,697 - IPTVCollector - INFO - 📌 未分类频道追加到 '其他': Hunan TV
2026-08-07 02:13:36,697 - IPTVCollector - INFO - 📌 未分类频道追加到 '其他': Siping TV
2026-08-07 02:13:36,698 - IPTVCollector - INFO - 📌 未分类频道追加到 '其他': Zhejiang TV International
2026-08-07 02:13:36,698 - IPTVCollector - INFO - 📌 未分类频道追加到 '其他': 龙井
2026-08-07 02:13:36,698 - IPTVCollector - INFO - 📌 未分类频道追加到 '其他': QTV-1
2026-08-07 02:13:36,698 - IPTVCollector - INFO - 📌 未分类频道追加到 '其他': Xinjiang TV 2
2026-08-07 02:13:36,698 - IPTVCollector - INFO - 📌 未分类频道追加到 '其他': Xinjiang TV 3
2026-08-07 02:13:36,699 - IPTVCollector - INFO - 📌 未分类频道追加到 '其他': TV BRICS Chinese
2026-08-07 02:13:36,699 - IPTVCollector - INFO - 📌 未分类频道追加到 '其他': 大立电视台
2026-08-07 02:13:36,699 - IPTVCollector - INFO - 🌏 自动追加: 绍兴电视台公共 -> ☘️浙江频道
2026-08-07 02:13:36,700 - IPTVCollector - INFO - 📌 未分类频道追加到 '其他': 通海电视台
2026-08-07 02:13:36,701 - IPTVCollector - INFO - 🌏 自动追加: 四平新闻综合 [Geo-blocked] -> ☘️吉林频道
2026-08-07 02:13:36,702 - IPTVCollector - INFO - 🌏 自动追加: 松原新闻综合 [Geo-blocked] -> ☘️吉林频道
2026-08-07 02:13:36,703 - IPTVCollector - INFO - 📌 未分类频道追加到 '其他': 前郭综合 [Geo-blocked]
2026-08-07 02:13:36,703 - IPTVCollector - INFO - 📌 未分类频道追加到 '其他': 农安新闻综合 [Geo-blocked]
2026-08-07 02:13:36,703 - IPTVCollector - INFO - 📌 未分类频道追加到 '其他': 兴隆综合
2026-08-07 02:13:36,703 - IPTVCollector - INFO - 📌 未分类频道追加到 '其他': 延边新闻综合 [Geo-blocked]
2026-08-07 02:13:36,704 - IPTVCollector - INFO - 📌 未分类频道追加到 '其他': 江津经济生活
2026-08-07 02:13:36,705 - IPTVCollector - INFO - 🌏 自动追加: 吉林市新闻综合 [Geo-blocked] -> ☘️吉林频道
2026-08-07 02:13:36,705 - IPTVCollector - INFO - 📌 未分类频道追加到 '其他': 浙江经济
2026-08-07 02:13:36,707 - IPTVCollector - INFO - 🌏 自动追加: 白山新闻综合 [Geo-blocked] -> ☘️吉林频道
2026-08-07 02:13:36,707 - IPTVCollector - INFO - 📌 未分类频道追加到 '其他': 辽新闻综合 [Geo-blocked]
2026-08-07 02:13:36,708 - IPTVCollector - INFO - 🌏 自动追加: 通化新闻 [Geo-blocked] -> ☘️吉林频道
2026-08-07 02:13:36,710 - IPTVCollector - INFO - 🌏 自动追加: 长春综合 [Geo-blocked] -> ☘️吉林频道
2026-08-07 02:13:36,710 - IPTVCollector - INFO - 📌 未分类频道追加到 '其他': 集安综合 [Geo-blocked]
2026-08-07 02:13:36,710 - IPTVCollector - INFO - 📌 未分类频道追加到 '其他': CGTN French
2026-08-07 02:13:36,710 - IPTVCollector - INFO - 📌 未分类频道追加到 '其他': 靖江新闻綜合 [Not 24/7]
2026-08-07 02:13:36,711 - IPTVCollector - INFO - 📌 未分类频道追加到 '其他': 荣昌综合 [Not 24/7]
2026-08-07 02:13:36,711 - IPTVCollector - INFO - 📌 未分类频道追加到 '其他': Dragon TV International
2026-08-07 02:13:36,711 - IPTVCollector - INFO - 📌 未分类频道追加到 '其他': Hebei TV
2026-08-07 02:13:36,711 - IPTVCollector - INFO - 📌 未分类频道追加到 '其他': 伊犁经济法制
2026-08-07 02:13:36,711 - IPTVCollector - INFO - 📌 未分类频道追加到 '其他': 龙门飞甲
2026-08-07 02:13:36,712 - IPTVCollector - INFO - 📌 未分类频道追加到 '其他': 玛纳斯
2026-08-07 02:13:36,712 - IPTVCollector - INFO - 📌 未分类频道追加到 '其他': 奎屯汉语
2026-08-07 02:13:36,712 - IPTVCollector - INFO - 📌 未分类频道追加到 '其他': 玛纳斯综合
2026-08-07 02:13:36,712 - IPTVCollector - INFO - 🌏 自动追加: 上海卫视 -> ☘️上海频道
2026-08-07 02:13:36,713 - IPTVCollector - INFO - 📌 未分类频道追加到 '其他': 东南卫视
2026-08-07 02:13:36,713 - IPTVCollector - INFO - 📌 未分类频道追加到 '其他': CGTN阿语
2026-08-07 02:13:36,713 - IPTVCollector - INFO - 📌 未分类频道追加到 '其他': CGTN西语
2026-08-07 02:13:36,713 - IPTVCollector - INFO - 📌 未分类频道追加到 '其他': 浙江钱江都市
2026-08-07 02:13:36,713 - IPTVCollector - INFO - 📌 未分类频道追加到 '其他': CGTN记录
2026-08-07 02:13:36,714 - IPTVCollector - INFO - 📌 未分类频道追加到 '其他': 熊猫直
2026-08-07 02:13:36,714 - IPTVCollector - INFO - 📌 未分类频道追加到 '其他': Anhui TV
2026-08-07 02:13:36,714 - IPTVCollector - INFO - 📌 未分类频道追加到 '其他': Bread TV面包台
2026-08-07 02:13:36,714 - IPTVCollector - INFO - 📌 未分类频道追加到 '其他': 数码时代
2026-08-07 02:13:36,714 - IPTVCollector - INFO - 📌 未分类频道追加到 '其他': 第一财经
2026-08-07 02:13:36,714 - IPTVCollector - INFO - 📌 未分类频道追加到 '其他': 浙江教科影视
2026-08-07 02:13:36,715 - IPTVCollector - INFO - 📌 未分类频道追加到 '其他': ABN China
2026-08-07 02:13:36,715 - IPTVCollector - INFO - 📌 未分类频道追加到 '其他': 梨园
2026-08-07 02:13:36,715 - IPTVCollector - INFO - 📌 未分类频道追加到 '其他': 浙江教科影院
2026-08-07 02:13:36,715 - IPTVCollector - INFO - 📌 未分类频道追加到 '其他': 浙江教育
2026-08-07 02:13:36,715 - IPTVCollector - INFO - 📌 未分类频道追加到 '其他': 浙江民生休闲
2026-08-07 02:13:36,715 - IPTVCollector - INFO - 📌 未分类频道追加到 '其他': 凤凰中文
2026-08-07 02:13:36,716 - IPTVCollector - INFO - 📌 未分类频道追加到 '其他': 凤凰资讯
2026-08-07 02:13:36,716 - IPTVCollector - INFO - 🌏 自动追加: 凤凰香港 -> 🌊港·澳·台
2026-08-07 02:13:36,716 - IPTVCollector - INFO - 📌 未分类频道追加到 '其他': 浙江钱江频道
2026-08-07 02:13:36,716 - IPTVCollector - INFO - 📌 未分类频道追加到 '其他': CHC电影
2026-08-07 02:13:36,716 - IPTVCollector - INFO - 📌 未分类频道追加到 '其他': 韩国电影1
2026-08-07 02:13:36,716 - IPTVCollector - INFO - 📌 未分类频道追加到 '其他': 韩国电影2
2026-08-07 02:13:36,718 - IPTVCollector - INFO - 🌏 自动追加: 武汉一台新闻综合 -> ☘️湖北频道
2026-08-07 02:13:36,718 - IPTVCollector - INFO - 📌 未分类频道追加到 '其他': FZTV3
2026-08-07 02:13:36,718 - IPTVCollector - INFO - 📌 未分类频道追加到 '其他': 浙江生活
2026-08-07 02:13:36,718 - IPTVCollector - INFO - 📌 未分类频道追加到 '其他': 都市青春
2026-08-07 02:13:36,718 - IPTVCollector - INFO - 📌 未分类频道追加到 '其他': 陕西新闻咨询
2026-08-07 02:13:36,719 - IPTVCollector - INFO - 📌 未分类频道追加到 '其他': 江津新闻
2026-08-07 02:13:36,719 - IPTVCollector - INFO - 📌 未分类频道追加到 '其他': 无线新闻台
2026-08-07 02:13:36,720 - IPTVCollector - INFO - 🌏 自动追加: 哈尔滨都市咨询 -> ☘️黑龙江频道
2026-08-07 02:13:36,720 - IPTVCollector - INFO - 📌 未分类频道追加到 '其他': 新闻咨询
2026-08-07 02:13:36,720 - IPTVCollector - INFO - 📌 未分类频道追加到 '其他': 音乐欣赏
2026-08-07 02:13:36,721 - IPTVCollector - INFO - 📌 未分类频道追加到 '其他': 1988年春晚
2026-08-07 02:13:36,721 - IPTVCollector - INFO - 📌 未分类频道追加到 '其他': 1989年春晚
2026-08-07 02:13:36,721 - IPTVCollector - INFO - 📌 未分类频道追加到 '其他': 1987年春晚
2026-08-07 02:13:36,721 - IPTVCollector - INFO - 📌 未分类频道追加到 '其他': 河南电视剧
2026-08-07 02:13:36,721 - IPTVCollector - INFO - 📌 未分类频道追加到 '其他': Dali TV
2026-08-07 02:13:36,721 - IPTVCollector - INFO - 📌 未分类频道追加到 '其他': Supreme Master TV
2026-08-07 02:13:36,722 - IPTVCollector - INFO - 📌 未分类频道追加到 '其他': TVB News
2026-08-07 02:13:36,722 - IPTVCollector - INFO - 📌 未分类频道追加到 '其他': CNA
2026-08-07 02:13:36,722 - IPTVCollector - INFO - 📌 未分类频道追加到 '其他': Newsmax
2026-08-07 02:13:36,722 - IPTVCollector - INFO - 📌 未分类频道追加到 '其他': 韩国EBS少儿
2026-08-07 02:13:36,722 - IPTVCollector - INFO - 📌 未分类频道追加到 '其他': Good 2
2026-08-07 02:13:36,722 - IPTVCollector - INFO - 📌 未分类频道追加到 '其他': Good
2026-08-07 02:13:36,722 - IPTVCollector - INFO - 📌 未分类频道追加到 '其他': 自然传奇
2026-08-07 02:13:36,723 - IPTVCollector - INFO - 📌 未分类频道追加到 '其他': 人与自然
2026-08-07 02:13:36,723 - IPTVCollector - INFO - 📌 未分类频道追加到 '其他': 地理中国
2026-08-07 02:13:36,723 - IPTVCollector - INFO - 📌 未分类频道追加到 '其他': Arirang
2026-08-07 02:13:36,723 - IPTVCollector - INFO - 📌 未分类频道追加到 '其他': Beautiful Life TV
2026-08-07 02:13:36,723 - IPTVCollector - INFO - 📌 未分类频道追加到 '其他': Wild Earth
2026-08-07 02:13:36,723 - IPTVCollector - INFO - 📌 未分类频道追加到 '其他': Trace Sports
2026-08-07 02:13:36,724 - IPTVCollector - INFO - 📌 未分类频道追加到 '其他': 春晚2025
2026-08-07 02:13:36,724 - IPTVCollector - INFO - 📌 未分类频道追加到 '其他': 倩女幽魂人间道
2026-08-07 02:13:36,724 - IPTVCollector - INFO - 📌 未分类频道追加到 '其他': 倩女幽魂妖魔道
2026-08-07 02:13:36,724 - IPTVCollector - INFO - 📌 未分类频道追加到 '其他': 2024年春晚
2026-08-07 02:13:36,724 - IPTVCollector - INFO - 📌 未分类频道追加到 '其他': 倩女幽魂道道道
2026-08-07 02:13:36,724 - IPTVCollector - INFO - 📌 未分类频道追加到 '其他': 春晚2024
2026-08-07 02:13:36,725 - IPTVCollector - INFO - 📌 未分类频道追加到 '其他': 飞碟之谜01
2026-08-07 02:13:36,725 - IPTVCollector - INFO - 📌 未分类频道追加到 '其他': Pet Club TV
2026-08-07 02:13:36,725 - IPTVCollector - INFO - 📌 未分类频道追加到 '其他': 环球电视
2026-08-07 02:13:36,725 - IPTVCollector - INFO - 📌 未分类频道追加到 '其他': WionNews
2026-08-07 02:13:36,725 - IPTVCollector - INFO - 📌 未分类频道追加到 '其他': CGTN-Documentary
2026-08-07 02:13:36,725 - IPTVCollector - INFO - 📌 未分类频道追加到 '其他': RT Français
2026-08-07 02:13:36,726 - IPTVCollector - INFO - 📌 未分类频道追加到 '其他': RT Balkan
2026-08-07 02:13:36,726 - IPTVCollector - INFO - 🎯 Demo 筛选：原始 326 -> 匹配/分类后 326 个频道
2026-08-07 02:13:36,726 - IPTVCollector - INFO - 📊 Demo筛选后: 326
2026-08-07 02:13:36,727 - IPTVCollector - INFO - ✅ M3U 文件已生成: output/tv.m3u
2026-08-07 02:13:36,727 - IPTVCollector - INFO - ✅ TXT 文件已生成: output/tv.txt
2026-08-07 02:13:36,727 - IPTVCollector - INFO - ✅ 多源 M3U 文件已生成: output/tv_multi.m3u
2026-08-07 02:13:36,730 - IPTVCollector - INFO - ✅ JSON API 已生成: output/channels.json
2026-08-07 02:13:36,730 - IPTVCollector - INFO - ✅ 精简版已生成: output/tv_lite.m3u
2026-08-07 02:13:36,731 - IPTVCollector - INFO - ✅ M3U 文件已生成: output/tv_epg.m3u
2026-08-07 02:13:36,731 - IPTVCollector - INFO - 🚀 IPTV 自治系统启动
2026-08-07 02:13:36,731 - IPTVCollector - INFO - ⏭️ 跳过发现阶段
2026-08-07 02:13:36,731 - IPTVCollector - INFO - ==================================================
阶段2: 从缓存观察候选源
==================================================
2026-08-07 02:13:36,771 - IPTVCollector - INFO -   📊 观察进度: 100/235，稳定 0 个
2026-08-07 02:13:36,794 - IPTVCollector - INFO -   📊 观察进度: 200/235，稳定 0 个
2026-08-07 02:13:36,803 - IPTVCollector - INFO - ✅ 观察阶段完成: 0 个源达到稳定标准
2026-08-07 02:13:36,803 - IPTVCollector - INFO - ==================================================
阶段3: 提升稳定源
==================================================
2026-08-07 02:13:36,804 - IPTVCollector - INFO - 📭 没有稳定的候选源需要提升
2026-08-07 02:13:36,804 - IPTVCollector - INFO - 📊 自治模式统计:
2026-08-07 02:13:36,804 - IPTVCollector - INFO -   候选池总数: 730, 观察中: 235, 稳定: 489
2026-08-07 02:13:36,804 - IPTVCollector - INFO -   本次新提升: 0
2026-08-07 02:13:36,805 - IPTVCollector - INFO - 🎉 全部完成！
2026-08-07 07:02:10,929 - IPTVCollector - INFO - 🚀 IPTV 智能整理平台启动
2026-08-07 07:02:10,932 - IPTVCollector - INFO - ✅ 数据库缓存已启用: data/iptv_cache.db
2026-08-07 07:02:10,933 - IPTVCollector - INFO - 📌 CCTV-1 已设为固定源 (auto_optimize=True)
2026-08-07 07:02:10,934 - IPTVCollector - INFO - 📌 CCTV-2 已设为固定源 (auto_optimize=True)
2026-08-07 07:02:10,935 - IPTVCollector - INFO - 📌 CCTV-3 已设为固定源 (auto_optimize=True)
2026-08-07 07:02:10,936 - IPTVCollector - INFO - 📌 CCTV-4 已设为固定源 (auto_optimize=True)
2026-08-07 07:02:10,937 - IPTVCollector - INFO - 📌 CCTV-5 已设为固定源 (auto_optimize=True)
2026-08-07 07:02:10,938 - IPTVCollector - INFO - 📌 CCTV-5+ 已设为固定源 (auto_optimize=True)
2026-08-07 07:02:10,939 - IPTVCollector - INFO - 📌 CCTV-6 已设为固定源 (auto_optimize=True)
2026-08-07 07:02:10,940 - IPTVCollector - INFO - 📌 CCTV-7 已设为固定源 (auto_optimize=True)
2026-08-07 07:02:10,941 - IPTVCollector - INFO - 📌 CCTV-8 已设为固定源 (auto_optimize=True)
2026-08-07 07:02:10,942 - IPTVCollector - INFO - 📌 CCTV-9 已设为固定源 (auto_optimize=True)
2026-08-07 07:02:10,943 - IPTVCollector - INFO - 📌 CCTV-10 已设为固定源 (auto_optimize=True)
2026-08-07 07:02:10,944 - IPTVCollector - INFO - 📌 CCTV-11 已设为固定源 (auto_optimize=True)
2026-08-07 07:02:10,945 - IPTVCollector - INFO - 📌 CCTV-12 已设为固定源 (auto_optimize=True)
2026-08-07 07:02:10,946 - IPTVCollector - INFO - 📌 CCTV-13 已设为固定源 (auto_optimize=True)
2026-08-07 07:02:10,947 - IPTVCollector - INFO - 📌 CCTV-14 已设为固定源 (auto_optimize=True)
2026-08-07 07:02:10,948 - IPTVCollector - INFO - 📌 CCTV-15 已设为固定源 (auto_optimize=True)
2026-08-07 07:02:10,949 - IPTVCollector - INFO - 📌 CCTV-16 已设为固定源 (auto_optimize=True)
2026-08-07 07:02:10,950 - IPTVCollector - INFO - 📌 CCTV-17 已设为固定源 (auto_optimize=True)
2026-08-07 07:02:10,951 - IPTVCollector - INFO - 📌 CCTV4欧洲 已设为固定源 (auto_optimize=True)
2026-08-07 07:02:10,952 - IPTVCollector - INFO - 📌 CCTV4美洲 已设为固定源 (auto_optimize=True)
2026-08-07 07:02:10,952 - IPTVCollector - INFO - 📌 固定源已同步到数据库
2026-08-07 07:02:10,952 - IPTVCollector - INFO - 📋 订阅源解析：普通 11 个，白名单 0 个
2026-08-07 07:02:10,953 - IPTVCollector - INFO - 📋 使用 11 个源
2026-08-07 07:02:35,606 - IPTVCollector - INFO - 📊 测速完成，有效频道: 379 个
2026-08-07 07:02:35,606 - IPTVCollector - INFO - 📊 通过测速的频道数: 379
2026-08-07 07:02:35,981 - IPTVCollector - INFO - 🔍 ffmpeg 深度验证: 0 个需验证，378 个来自缓存/HTTP
2026-08-07 07:02:35,981 - IPTVCollector - INFO - ✅ ffmpeg 验证完成: 通过 378/379 个频道
2026-08-07 07:02:35,981 - IPTVCollector - INFO - 📊 通过ffmpeg验证的频道数: 378
2026-08-07 07:02:35,988 - IPTVCollector - INFO - 📌 已使用 19 个固定源（含自动优化）
2026-08-07 07:02:35,988 - IPTVCollector - INFO - 📊 合并完成: 共 330 个频道
2026-08-07 07:02:35,989 - IPTVCollector - INFO - 📊 合并后的频道数: 330
2026-08-07 07:02:36,018 - IPTVCollector - INFO - 📊 黑名单过滤后: 312
2026-08-07 07:02:36,021 - IPTVCollector - INFO - 📋 从 demo.txt 解析到 3541 个有序频道
2026-08-07 07:02:36,024 - IPTVCollector - INFO - 📋 从 demo.txt 解析到 3541 个有序频道
2026-08-07 07:03:48,481 - IPTVCollector - INFO - 📌 未分类频道追加到 '其他': CGTN French
2026-08-07 07:03:48,481 - IPTVCollector - INFO - 📌 未分类频道追加到 '其他': Dragon TV International
2026-08-07 07:03:48,481 - IPTVCollector - INFO - 📌 未分类频道追加到 '其他': Hebei TV
2026-08-07 07:03:48,482 - IPTVCollector - INFO - 📌 未分类频道追加到 '其他': 靖江新闻綜合 [Not 24/7]
2026-08-07 07:03:48,482 - IPTVCollector - INFO - 📌 未分类频道追加到 '其他': Xinjiang TV 2
2026-08-07 07:03:48,482 - IPTVCollector - INFO - 📌 未分类频道追加到 '其他': 梨园
2026-08-07 07:03:48,482 - IPTVCollector - INFO - 📌 未分类频道追加到 '其他': 数码时代
2026-08-07 07:03:48,482 - IPTVCollector - INFO - 📌 未分类频道追加到 '其他': 浙江教科影院
2026-08-07 07:03:48,483 - IPTVCollector - INFO - 📌 未分类频道追加到 '其他': 浙江教科影视
2026-08-07 07:03:48,483 - IPTVCollector - INFO - 📌 未分类频道追加到 '其他': 浙江教育
2026-08-07 07:03:48,483 - IPTVCollector - INFO - 📌 未分类频道追加到 '其他': 浙江民生休闲
2026-08-07 07:03:48,483 - IPTVCollector - INFO - 📌 未分类频道追加到 '其他': 浙江经济
2026-08-07 07:03:48,483 - IPTVCollector - INFO - 📌 未分类频道追加到 '其他': 浙江钱江频道
2026-08-07 07:03:48,483 - IPTVCollector - INFO - 📌 未分类频道追加到 '其他': CGTN阿语
2026-08-07 07:03:48,484 - IPTVCollector - INFO - 📌 未分类频道追加到 '其他': CGTN西语
2026-08-07 07:03:48,484 - IPTVCollector - INFO - 🌏 自动追加: 上海卫视 -> ☘️上海频道
2026-08-07 07:03:48,484 - IPTVCollector - INFO - 📌 未分类频道追加到 '其他': 东南卫视
2026-08-07 07:03:48,484 - IPTVCollector - INFO - 📌 未分类频道追加到 '其他': 浙江生活
2026-08-07 07:03:48,485 - IPTVCollector - INFO - 📌 未分类频道追加到 '其他': CGTN记录
2026-08-07 07:03:48,485 - IPTVCollector - INFO - 📌 未分类频道追加到 '其他': 韩国电影1
2026-08-07 07:03:48,485 - IPTVCollector - INFO - 📌 未分类频道追加到 '其他': 韩国电影2
2026-08-07 07:03:48,485 - IPTVCollector - INFO - 📌 未分类频道追加到 '其他': 凤凰资讯
2026-08-07 07:03:48,485 - IPTVCollector - INFO - 📌 未分类频道追加到 '其他': CHC电影
2026-08-07 07:03:48,485 - IPTVCollector - INFO - 🌏 自动追加: 凤凰香港 -> 🌊港·澳·台
2026-08-07 07:03:48,486 - IPTVCollector - INFO - 📌 未分类频道追加到 '其他': 凤凰中文
2026-08-07 07:03:48,486 - IPTVCollector - INFO - 📌 未分类频道追加到 '其他': 都市青春
2026-08-07 07:03:48,486 - IPTVCollector - INFO - 📌 未分类频道追加到 '其他': 熊猫直
2026-08-07 07:03:48,486 - IPTVCollector - INFO - 📌 未分类频道追加到 '其他': 江津新闻
2026-08-07 07:03:48,486 - IPTVCollector - INFO - 📌 未分类频道追加到 '其他': 陕西新闻咨询
2026-08-07 07:03:48,486 - IPTVCollector - INFO - 📌 未分类频道追加到 '其他': Anhui TV
2026-08-07 07:03:48,487 - IPTVCollector - INFO - 📌 未分类频道追加到 '其他': 第一财经
2026-08-07 07:03:48,487 - IPTVCollector - INFO - 📌 未分类频道追加到 '其他': ABN China
2026-08-07 07:03:48,487 - IPTVCollector - INFO - 📌 未分类频道追加到 '其他': Bread TV面包台
2026-08-07 07:03:48,487 - IPTVCollector - INFO - 📌 未分类频道追加到 '其他': 河南电视剧
2026-08-07 07:03:48,487 - IPTVCollector - INFO - 📌 未分类频道追加到 '其他': FZTV3
2026-08-07 07:03:48,489 - IPTVCollector - INFO - 🌏 自动追加: 哈尔滨都市咨询 -> ☘️黑龙江频道
2026-08-07 07:03:48,489 - IPTVCollector - INFO - 📌 未分类频道追加到 '其他': 耀才财经
2026-08-07 07:03:48,489 - IPTVCollector - INFO - 📌 未分类频道追加到 '其他': 东丰
2026-08-07 07:03:48,489 - IPTVCollector - INFO - 📌 未分类频道追加到 '其他': 柳河
2026-08-07 07:03:48,490 - IPTVCollector - INFO - 📌 未分类频道追加到 '其他': 九台
2026-08-07 07:03:48,490 - IPTVCollector - INFO - 📌 未分类频道追加到 '其他': 延边2
2026-08-07 07:03:48,490 - IPTVCollector - INFO - 📌 未分类频道追加到 '其他': 双辽
2026-08-07 07:03:48,490 - IPTVCollector - INFO - 📌 未分类频道追加到 '其他': 无线新闻台
2026-08-07 07:03:48,490 - IPTVCollector - INFO - 📌 未分类频道追加到 '其他': 新闻咨询
2026-08-07 07:03:48,490 - IPTVCollector - INFO - 📌 未分类频道追加到 '其他': 桦甸
2026-08-07 07:03:48,491 - IPTVCollector - INFO - 📌 未分类频道追加到 '其他': 汪清
2026-08-07 07:03:48,491 - IPTVCollector - INFO - 📌 未分类频道追加到 '其他': 磐石
2026-08-07 07:03:48,491 - IPTVCollector - INFO - 📌 未分类频道追加到 '其他': 音乐欣赏
2026-08-07 07:03:48,491 - IPTVCollector - INFO - 📌 未分类频道追加到 '其他': 舒兰新闻
2026-08-07 07:03:48,491 - IPTVCollector - INFO - 📌 未分类频道追加到 '其他': 珲春新闻
2026-08-07 07:03:48,491 - IPTVCollector - INFO - 📌 未分类频道追加到 '其他': 辉南新闻
2026-08-07 07:03:48,493 - IPTVCollector - INFO - 🌏 自动追加: 通化县 -> ☘️吉林频道
2026-08-07 07:03:48,493 - IPTVCollector - INFO - 📌 未分类频道追加到 '其他': 韩国EBS少儿
2026-08-07 07:03:48,493 - IPTVCollector - INFO - 📌 未分类频道追加到 '其他': 地理中国
2026-08-07 07:03:48,494 - IPTVCollector - INFO - 📌 未分类频道追加到 '其他': 自然传奇
2026-08-07 07:03:48,494 - IPTVCollector - INFO - 📌 未分类频道追加到 '其他': 人与自然
2026-08-07 07:03:48,495 - IPTVCollector - INFO - 🌏 自动追加: 长白山电视台 -> ☘️吉林频道
2026-08-07 07:03:48,495 - IPTVCollector - INFO - 📌 未分类频道追加到 '其他': 1987年春晚
2026-08-07 07:03:48,496 - IPTVCollector - INFO - 📌 未分类频道追加到 '其他': 1989年春晚
2026-08-07 07:03:48,496 - IPTVCollector - INFO - 📌 未分类频道追加到 '其他': 1988年春晚
2026-08-07 07:03:48,496 - IPTVCollector - INFO - 📌 未分类频道追加到 '其他': 龙井
2026-08-07 07:03:48,496 - IPTVCollector - INFO - 📌 未分类频道追加到 '其他': 飞碟之谜01
2026-08-07 07:03:48,496 - IPTVCollector - INFO - 📌 未分类频道追加到 '其他': CNA
2026-08-07 07:03:48,496 - IPTVCollector - INFO - 📌 未分类频道追加到 '其他': Newsmax
2026-08-07 07:03:48,497 - IPTVCollector - INFO - 📌 未分类频道追加到 '其他': Beautiful Life TV
2026-08-07 07:03:48,497 - IPTVCollector - INFO - 📌 未分类频道追加到 '其他': Arirang
2026-08-07 07:03:48,497 - IPTVCollector - INFO - 📌 未分类频道追加到 '其他': Dali TV
2026-08-07 07:03:48,497 - IPTVCollector - INFO - 📌 未分类频道追加到 '其他': Home Plus
2026-08-07 07:03:48,497 - IPTVCollector - INFO - 📌 未分类频道追加到 '其他': 大立电视台
2026-08-07 07:03:48,498 - IPTVCollector - INFO - 📌 未分类频道追加到 '其他': Good
2026-08-07 07:03:48,498 - IPTVCollector - INFO - 📌 未分类频道追加到 '其他': Good 2
2026-08-07 07:03:48,498 - IPTVCollector - INFO - 🌏 自动追加: 绍兴电视台公共 -> ☘️浙江频道
2026-08-07 07:03:48,498 - IPTVCollector - INFO - 📌 未分类频道追加到 '其他': Supreme Master TV
2026-08-07 07:03:48,498 - IPTVCollector - INFO - 📌 未分类频道追加到 '其他': TVB News
2026-08-07 07:03:48,499 - IPTVCollector - INFO - 📌 未分类频道追加到 '其他': 2024年春晚
2026-08-07 07:03:48,499 - IPTVCollector - INFO - 📌 未分类频道追加到 '其他': Trace Sports
2026-08-07 07:03:48,499 - IPTVCollector - INFO - 📌 未分类频道追加到 '其他': Harbin Comprehensive News Channel
2026-08-07 07:03:48,499 - IPTVCollector - INFO - 📌 未分类频道追加到 '其他': Pet Club TV
2026-08-07 07:03:48,499 - IPTVCollector - INFO - 📌 未分类频道追加到 '其他': Wild Earth
2026-08-07 07:03:48,500 - IPTVCollector - INFO - 📌 未分类频道追加到 '其他': Hunan TV
2026-08-07 07:03:48,500 - IPTVCollector - INFO - 📌 未分类频道追加到 '其他': RT Français
2026-08-07 07:03:48,500 - IPTVCollector - INFO - 📌 未分类频道追加到 '其他': VOA美国之音
2026-08-07 07:03:48,500 - IPTVCollector - INFO - 📌 未分类频道追加到 '其他': 通海电视台
2026-08-07 07:03:48,500 - IPTVCollector - INFO - 📌 未分类频道追加到 '其他': RT Balkan
2026-08-07 07:03:48,501 - IPTVCollector - INFO - 📌 未分类频道追加到 '其他': Nei Monggol TV 2 Mongolian Culture Channel [Not 24/7]
2026-08-07 07:03:48,501 - IPTVCollector - INFO - 📌 未分类频道追加到 '其他': Nei Monggol TV [Not 24/7]
2026-08-07 07:03:48,501 - IPTVCollector - INFO - 📌 未分类频道追加到 '其他': Harbin Movie Channel
2026-08-07 07:03:48,501 - IPTVCollector - INFO - 📌 未分类频道追加到 '其他': QTV-1
2026-08-07 07:03:48,501 - IPTVCollector - INFO - 📌 未分类频道追加到 '其他': Chifeng Comprehensive News Chanel
2026-08-07 07:03:48,502 - IPTVCollector - INFO - 📌 未分类频道追加到 '其他': TV BRICS Chinese
2026-08-07 07:03:48,502 - IPTVCollector - INFO - 📌 未分类频道追加到 '其他': Zhejiang TV International
2026-08-07 07:03:48,502 - IPTVCollector - INFO - 📌 未分类频道追加到 '其他': WionNews
2026-08-07 07:03:48,502 - IPTVCollector - INFO - 📌 未分类频道追加到 '其他': Xinjiang TV 3
2026-08-07 07:03:48,502 - IPTVCollector - INFO - 📌 未分类频道追加到 '其他': 春晚2025
2026-08-07 07:03:48,502 - IPTVCollector - INFO - 📌 未分类频道追加到 '其他': 倩女幽魂道道道
2026-08-07 07:03:48,503 - IPTVCollector - INFO - 📌 未分类频道追加到 '其他': 倩女幽魂妖魔道
2026-08-07 07:03:48,503 - IPTVCollector - INFO - 📌 未分类频道追加到 '其他': 倩女幽魂人间道
2026-08-07 07:03:48,503 - IPTVCollector - INFO - 📌 未分类频道追加到 '其他': CGTN-Documentary
2026-08-07 07:03:48,503 - IPTVCollector - INFO - 📌 未分类频道追加到 '其他': 龙门飞甲
2026-08-07 07:03:48,503 - IPTVCollector - INFO - 📌 未分类频道追加到 '其他': 环球电视
2026-08-07 07:03:48,503 - IPTVCollector - INFO - 📌 未分类频道追加到 '其他': 兴隆综合
2026-08-07 07:03:48,504 - IPTVCollector - INFO - 📌 未分类频道追加到 '其他': 春晚2024
2026-08-07 07:03:48,504 - IPTVCollector - INFO - 📌 未分类频道追加到 '其他': 伊犁经济法制
2026-08-07 07:03:48,504 - IPTVCollector - INFO - 📌 未分类频道追加到 '其他': 玛纳斯综合
2026-08-07 07:03:48,504 - IPTVCollector - INFO - 📌 未分类频道追加到 '其他': 延边新闻综合 [Geo-blocked]
2026-08-07 07:03:48,505 - IPTVCollector - INFO - 🌏 自动追加: 浙江 Ⅰ 绍兴影视 -> ☘️浙江频道
2026-08-07 07:03:48,505 - IPTVCollector - INFO - 📌 未分类频道追加到 '其他': 江津经济生活
2026-08-07 07:03:48,506 - IPTVCollector - INFO - 🌏 自动追加: 吉林市新闻综合 [Geo-blocked] -> ☘️吉林频道
2026-08-07 07:03:48,508 - IPTVCollector - INFO - 🌏 自动追加: 松原新闻综合 [Geo-blocked] -> ☘️吉林频道
2026-08-07 07:03:48,509 - IPTVCollector - INFO - 🌏 自动追加: 四平新闻综合 [Geo-blocked] -> ☘️吉林频道
2026-08-07 07:03:48,509 - IPTVCollector - INFO - 🌏 自动追加: 浙江 Ⅰ 绍兴综合 -> ☘️浙江频道
2026-08-07 07:03:48,509 - IPTVCollector - INFO - 📌 未分类频道追加到 '其他': 浙江钱江都市
2026-08-07 07:03:48,510 - IPTVCollector - INFO - 📌 未分类频道追加到 '其他': 玛纳斯
2026-08-07 07:03:48,511 - IPTVCollector - INFO - 🌏 自动追加: 白山新闻综合 [Geo-blocked] -> ☘️吉林频道
2026-08-07 07:03:48,512 - IPTVCollector - INFO - 🌏 自动追加: 福州广电视台新闻综合频道 -> ☘️福建频道
2026-08-07 07:03:48,512 - IPTVCollector - INFO - 📌 未分类频道追加到 '其他': 辽新闻综合 [Geo-blocked]
2026-08-07 07:03:48,513 - IPTVCollector - INFO - 🌏 自动追加: 长春综合 [Geo-blocked] -> ☘️吉林频道
2026-08-07 07:03:48,513 - IPTVCollector - INFO - 📌 未分类频道追加到 '其他': 集安综合 [Geo-blocked]
2026-08-07 07:03:48,514 - IPTVCollector - INFO - 📌 未分类频道追加到 '其他': 荣昌综合 [Not 24/7]
2026-08-07 07:03:48,515 - IPTVCollector - INFO - 🌏 自动追加: 通化新闻 [Geo-blocked] -> ☘️吉林频道
2026-08-07 07:03:48,515 - IPTVCollector - INFO - 🎯 Demo 筛选：原始 312 -> 匹配/分类后 312 个频道
2026-08-07 07:03:48,515 - IPTVCollector - INFO - 📊 Demo筛选后: 312
2026-08-07 07:03:48,516 - IPTVCollector - INFO - ✅ M3U 文件已生成: output/tv.m3u
2026-08-07 07:03:48,517 - IPTVCollector - INFO - ✅ TXT 文件已生成: output/tv.txt
2026-08-07 07:03:48,517 - IPTVCollector - INFO - ✅ 多源 M3U 文件已生成: output/tv_multi.m3u
2026-08-07 07:03:48,520 - IPTVCollector - INFO - ✅ JSON API 已生成: output/channels.json
2026-08-07 07:03:48,520 - IPTVCollector - INFO - ✅ 精简版已生成: output/tv_lite.m3u
2026-08-07 07:03:48,520 - IPTVCollector - INFO - ✅ M3U 文件已生成: output/tv_epg.m3u
2026-08-07 07:03:48,521 - IPTVCollector - INFO - 🚀 IPTV 自治系统启动
2026-08-07 07:03:48,521 - IPTVCollector - INFO - ⏭️ 跳过发现阶段
2026-08-07 07:03:48,521 - IPTVCollector - INFO - ==================================================
阶段2: 从缓存观察候选源
==================================================
2026-08-07 07:03:48,549 - IPTVCollector - INFO -   📊 观察进度: 100/226，稳定 0 个
2026-08-07 07:03:48,557 - IPTVCollector - INFO - ✅ 候选源稳定: 河北少儿 (成功率 66.67%, 延迟 2391ms)
2026-08-07 07:03:48,558 - IPTVCollector - INFO - ✅ 候选源稳定: 河北经济 (成功率 66.67%, 延迟 2265ms)
2026-08-07 07:03:48,564 - IPTVCollector - INFO -   📊 观察进度: 200/226，稳定 2 个
2026-08-07 07:03:48,567 - IPTVCollector - INFO - ✅ 观察阶段完成: 2 个源达到稳定标准
2026-08-07 07:03:48,567 - IPTVCollector - INFO - ==================================================
阶段3: 提升稳定源
==================================================
2026-08-07 07:03:48,569 - IPTVCollector - INFO - ✅ 河北少儿 已提升为稳定源
2026-08-07 07:03:48,570 - IPTVCollector - INFO - 📌 已提升: 河北少儿
2026-08-07 07:03:48,572 - IPTVCollector - INFO - ✅ 河北经济 已提升为稳定源
2026-08-07 07:03:48,573 - IPTVCollector - INFO - 📌 已提升: 河北经济
2026-08-07 07:03:48,573 - IPTVCollector - INFO - ✅ 提升阶段完成: 2 个源被提升
2026-08-07 07:03:48,573 - IPTVCollector - INFO - 📊 自治模式统计:
2026-08-07 07:03:48,573 - IPTVCollector - INFO -   候选池总数: 730, 观察中: 224, 稳定: 498
2026-08-07 07:03:48,573 - IPTVCollector - INFO -   本次新提升: 2
2026-08-07 07:03:48,574 - IPTVCollector - INFO - 🎉 全部完成！
2026-08-07 12:43:16,696 - IPTVCollector - INFO - 🚀 IPTV 智能整理平台启动
2026-08-07 12:43:16,698 - IPTVCollector - INFO - ✅ 数据库缓存已启用: data/iptv_cache.db
2026-08-07 12:43:16,703 - IPTVCollector - INFO - 📌 CCTV-1 已设为固定源 (auto_optimize=True)
2026-08-07 12:43:16,704 - IPTVCollector - INFO - 📌 CCTV-2 已设为固定源 (auto_optimize=True)
2026-08-07 12:43:16,705 - IPTVCollector - INFO - 📌 CCTV-3 已设为固定源 (auto_optimize=True)
2026-08-07 12:43:16,706 - IPTVCollector - INFO - 📌 CCTV-4 已设为固定源 (auto_optimize=True)
2026-08-07 12:43:16,707 - IPTVCollector - INFO - 📌 CCTV-5 已设为固定源 (auto_optimize=True)
2026-08-07 12:43:16,708 - IPTVCollector - INFO - 📌 CCTV-5+ 已设为固定源 (auto_optimize=True)
2026-08-07 12:43:16,709 - IPTVCollector - INFO - 📌 CCTV-6 已设为固定源 (auto_optimize=True)
2026-08-07 12:43:16,710 - IPTVCollector - INFO - 📌 CCTV-7 已设为固定源 (auto_optimize=True)
2026-08-07 12:43:16,711 - IPTVCollector - INFO - 📌 CCTV-8 已设为固定源 (auto_optimize=True)
2026-08-07 12:43:16,712 - IPTVCollector - INFO - 📌 CCTV-9 已设为固定源 (auto_optimize=True)
2026-08-07 12:43:16,713 - IPTVCollector - INFO - 📌 CCTV-10 已设为固定源 (auto_optimize=True)
2026-08-07 12:43:16,715 - IPTVCollector - INFO - 📌 CCTV-11 已设为固定源 (auto_optimize=True)
2026-08-07 12:43:16,716 - IPTVCollector - INFO - 📌 CCTV-12 已设为固定源 (auto_optimize=True)
2026-08-07 12:43:16,717 - IPTVCollector - INFO - 📌 CCTV-13 已设为固定源 (auto_optimize=True)
2026-08-07 12:43:16,718 - IPTVCollector - INFO - 📌 CCTV-14 已设为固定源 (auto_optimize=True)
2026-08-07 12:43:16,719 - IPTVCollector - INFO - 📌 CCTV-15 已设为固定源 (auto_optimize=True)
2026-08-07 12:43:16,720 - IPTVCollector - INFO - 📌 CCTV-16 已设为固定源 (auto_optimize=True)
2026-08-07 12:43:16,721 - IPTVCollector - INFO - 📌 CCTV-17 已设为固定源 (auto_optimize=True)
2026-08-07 12:43:16,722 - IPTVCollector - INFO - 📌 CCTV4欧洲 已设为固定源 (auto_optimize=True)
2026-08-07 12:43:16,723 - IPTVCollector - INFO - 📌 CCTV4美洲 已设为固定源 (auto_optimize=True)
2026-08-07 12:43:16,724 - IPTVCollector - INFO - 📌 固定源已同步到数据库
2026-08-07 12:43:16,724 - IPTVCollector - INFO - 📋 订阅源解析：普通 11 个，白名单 0 个
2026-08-07 12:43:16,724 - IPTVCollector - INFO - 📋 使用 11 个源
2026-08-07 12:43:40,084 - IPTVCollector - INFO - 📊 测速完成，有效频道: 385 个
2026-08-07 12:43:40,085 - IPTVCollector - INFO - 📊 通过测速的频道数: 385
2026-08-07 12:46:02,561 - IPTVCollector - INFO - 🔍 ffmpeg 深度验证: 5 个需验证，380 个来自缓存/HTTP
2026-08-07 12:46:10,577 - IPTVCollector - INFO - ✅ ffmpeg 验证完成: 通过 384/385 个频道
2026-08-07 12:46:10,577 - IPTVCollector - INFO - 📊 通过ffmpeg验证的频道数: 384
2026-08-07 12:46:10,584 - IPTVCollector - INFO - 📌 已使用 18 个固定源（含自动优化）
2026-08-07 12:46:10,584 - IPTVCollector - INFO - 📊 合并完成: 共 334 个频道
2026-08-07 12:46:10,584 - IPTVCollector - INFO - 📊 合并后的频道数: 334
2026-08-07 12:46:10,616 - IPTVCollector - INFO - 📊 黑名单过滤后: 316
2026-08-07 12:46:10,619 - IPTVCollector - INFO - 📋 从 demo.txt 解析到 3541 个有序频道
2026-08-07 12:46:10,621 - IPTVCollector - INFO - 📋 从 demo.txt 解析到 3541 个有序频道
2026-08-07 12:47:39,254 - IPTVCollector - INFO - 📌 未分类频道追加到 '其他': ABN China
2026-08-07 12:47:39,254 - IPTVCollector - INFO - 📌 未分类频道追加到 '其他': Home Plus
2026-08-07 12:47:39,255 - IPTVCollector - INFO - 📌 未分类频道追加到 '其他': VOA美国之音
2026-08-07 12:47:39,255 - IPTVCollector - INFO - 📌 未分类频道追加到 '其他': Bread TV面包台
2026-08-07 12:47:39,255 - IPTVCollector - INFO - 📌 未分类频道追加到 '其他': Anhui TV
2026-08-07 12:47:39,255 - IPTVCollector - INFO - 📌 未分类频道追加到 '其他': Siping TV
2026-08-07 12:47:39,255 - IPTVCollector - INFO - 📌 未分类频道追加到 '其他': Xinjiang TV 3
2026-08-07 12:47:39,256 - IPTVCollector - INFO - 📌 未分类频道追加到 '其他': Hunan TV
2026-08-07 12:47:39,256 - IPTVCollector - INFO - 📌 未分类频道追加到 '其他': TV BRICS Chinese
2026-08-07 12:47:39,256 - IPTVCollector - INFO - 📌 未分类频道追加到 '其他': Nei Monggol TV [Not 24/7]
2026-08-07 12:47:39,256 - IPTVCollector - INFO - 📌 未分类频道追加到 '其他': Nei Monggol TV 2 Mongolian Culture Channel [Not 24/7]
2026-08-07 12:47:39,257 - IPTVCollector - INFO - 📌 未分类频道追加到 '其他': Harbin Movie Channel
2026-08-07 12:47:39,257 - IPTVCollector - INFO - 📌 未分类频道追加到 '其他': Chifeng Comprehensive News Chanel
2026-08-07 12:47:39,257 - IPTVCollector - INFO - 📌 未分类频道追加到 '其他': QTV-1
2026-08-07 12:47:39,257 - IPTVCollector - INFO - 📌 未分类频道追加到 '其他': Harbin Comprehensive News Channel
2026-08-07 12:47:39,258 - IPTVCollector - INFO - 📌 未分类频道追加到 '其他': Zhejiang TV International
2026-08-07 12:47:39,259 - IPTVCollector - INFO - 🌏 自动追加: 四平新闻综合 [Geo-blocked] -> ☘️吉林频道
2026-08-07 12:47:39,261 - IPTVCollector - INFO - 🌏 自动追加: 松原新闻综合 [Geo-blocked] -> ☘️吉林频道
2026-08-07 12:47:39,261 - IPTVCollector - INFO - 📌 未分类频道追加到 '其他': 浙江经济
2026-08-07 12:47:39,261 - IPTVCollector - INFO - 🌏 自动追加: 浙江 Ⅰ 绍兴影视 -> ☘️浙江频道
2026-08-07 12:47:39,262 - IPTVCollector - INFO - 📌 未分类频道追加到 '其他': 辽新闻综合 [Geo-blocked]
2026-08-07 12:47:39,263 - IPTVCollector - INFO - 🌏 自动追加: 通化新闻 [Geo-blocked] -> ☘️吉林频道
2026-08-07 12:47:39,263 - IPTVCollector - INFO - 📌 未分类频道追加到 '其他': Xinjiang TV 2
2026-08-07 12:47:39,264 - IPTVCollector - INFO - 📌 未分类频道追加到 '其他': CGTN French
2026-08-07 12:47:39,265 - IPTVCollector - INFO - 🌏 自动追加: 长春综合 [Geo-blocked] -> ☘️吉林频道
2026-08-07 12:47:39,266 - IPTVCollector - INFO - 🌏 自动追加: 白山新闻综合 [Geo-blocked] -> ☘️吉林频道
2026-08-07 12:47:39,267 - IPTVCollector - INFO - 📌 未分类频道追加到 '其他': 集安综合 [Geo-blocked]
2026-08-07 12:47:39,267 - IPTVCollector - INFO - 📌 未分类频道追加到 '其他': Dragon TV International
2026-08-07 12:47:39,267 - IPTVCollector - INFO - 📌 未分类频道追加到 '其他': 荣昌综合 [Not 24/7]
2026-08-07 12:47:39,267 - IPTVCollector - INFO - 📌 未分类频道追加到 '其他': 江津经济生活
2026-08-07 12:47:39,268 - IPTVCollector - INFO - 📌 未分类频道追加到 '其他': 延边新闻综合 [Geo-blocked]
2026-08-07 12:47:39,268 - IPTVCollector - INFO - 📌 未分类频道追加到 '其他': Hebei TV
2026-08-07 12:47:39,268 - IPTVCollector - INFO - 🌏 自动追加: 浙江 Ⅰ 绍兴综合 -> ☘️浙江频道
2026-08-07 12:47:39,268 - IPTVCollector - INFO - 📌 未分类频道追加到 '其他': 靖江新闻綜合 [Not 24/7]
2026-08-07 12:47:39,269 - IPTVCollector - INFO - 🌏 自动追加: 福州广电视台新闻综合频道 -> ☘️福建频道
2026-08-07 12:47:39,269 - IPTVCollector - INFO - 📌 未分类频道追加到 '其他': 数码时代
2026-08-07 12:47:39,269 - IPTVCollector - INFO - 📌 未分类频道追加到 '其他': 浙江教科影视
2026-08-07 12:47:39,269 - IPTVCollector - INFO - 📌 未分类频道追加到 '其他': 浙江教科影院
2026-08-07 12:47:39,270 - IPTVCollector - INFO - 📌 未分类频道追加到 '其他': 浙江教育
2026-08-07 12:47:39,270 - IPTVCollector - INFO - 📌 未分类频道追加到 '其他': 浙江民生休闲
2026-08-07 12:47:39,270 - IPTVCollector - INFO - 📌 未分类频道追加到 '其他': CGTN西语
2026-08-07 12:47:39,270 - IPTVCollector - INFO - 📌 未分类频道追加到 '其他': 浙江钱江频道
2026-08-07 12:47:39,271 - IPTVCollector - INFO - 📌 未分类频道追加到 '其他': CGTN阿语
2026-08-07 12:47:39,271 - IPTVCollector - INFO - 📌 未分类频道追加到 '其他': 凤凰中文
2026-08-07 12:47:39,271 - IPTVCollector - INFO - 📌 未分类频道追加到 '其他': CGTN记录
2026-08-07 12:47:39,271 - IPTVCollector - INFO - 📌 未分类频道追加到 '其他': 东南卫视
2026-08-07 12:47:39,271 - IPTVCollector - INFO - 🌏 自动追加: 凤凰香港 -> 🌊港·澳·台
2026-08-07 12:47:39,272 - IPTVCollector - INFO - 📌 未分类频道追加到 '其他': 韩国电影1
2026-08-07 12:47:39,272 - IPTVCollector - INFO - 🌏 自动追加: 上海卫视 -> ☘️上海频道
2026-08-07 12:47:39,272 - IPTVCollector - INFO - 📌 未分类频道追加到 '其他': 韩国电影2
2026-08-07 12:47:39,272 - IPTVCollector - INFO - 📌 未分类频道追加到 '其他': 凤凰资讯
2026-08-07 12:47:39,274 - IPTVCollector - INFO - 🌏 自动追加: 武汉一台新闻综合 -> ☘️湖北频道
2026-08-07 12:47:39,274 - IPTVCollector - INFO - 📌 未分类频道追加到 '其他': 熊猫直
2026-08-07 12:47:39,274 - IPTVCollector - INFO - 📌 未分类频道追加到 '其他': FZTV3
2026-08-07 12:47:39,275 - IPTVCollector - INFO - 📌 未分类频道追加到 '其他': 都市青春
2026-08-07 12:47:39,275 - IPTVCollector - INFO - 📌 未分类频道追加到 '其他': 陕西新闻咨询
2026-08-07 12:47:39,275 - IPTVCollector - INFO - 📌 未分类频道追加到 '其他': 第一财经
2026-08-07 12:47:39,275 - IPTVCollector - INFO - 📌 未分类频道追加到 '其他': 河南电视剧
2026-08-07 12:47:39,276 - IPTVCollector - INFO - 📌 未分类频道追加到 '其他': 江津新闻
2026-08-07 12:47:39,277 - IPTVCollector - INFO - 🌏 自动追加: 哈尔滨都市咨询 -> ☘️黑龙江频道
2026-08-07 12:47:39,277 - IPTVCollector - INFO - 📌 未分类频道追加到 '其他': 东丰
2026-08-07 12:47:39,277 - IPTVCollector - INFO - 📌 未分类频道追加到 '其他': 双辽
2026-08-07 12:47:39,278 - IPTVCollector - INFO - 📌 未分类频道追加到 '其他': 耀才财经
2026-08-07 12:47:39,278 - IPTVCollector - INFO - 📌 未分类频道追加到 '其他': 无线新闻台
2026-08-07 12:47:39,278 - IPTVCollector - INFO - 📌 未分类频道追加到 '其他': 九台
2026-08-07 12:47:39,278 - IPTVCollector - INFO - 📌 未分类频道追加到 '其他': 新闻咨询
2026-08-07 12:47:39,279 - IPTVCollector - INFO - 📌 未分类频道追加到 '其他': 柳河
2026-08-07 12:47:39,279 - IPTVCollector - INFO - 📌 未分类频道追加到 '其他': 延边2
2026-08-07 12:47:39,279 - IPTVCollector - INFO - 📌 未分类频道追加到 '其他': 汪清
2026-08-07 12:47:39,279 - IPTVCollector - INFO - 📌 未分类频道追加到 '其他': 珲春新闻
2026-08-07 12:47:39,280 - IPTVCollector - INFO - 📌 未分类频道追加到 '其他': 音乐欣赏
2026-08-07 12:47:39,280 - IPTVCollector - INFO - 📌 未分类频道追加到 '其他': 韩国EBS少儿
2026-08-07 12:47:39,280 - IPTVCollector - INFO - 📌 未分类频道追加到 '其他': 地理中国
2026-08-07 12:47:39,280 - IPTVCollector - INFO - 📌 未分类频道追加到 '其他': 磐石
2026-08-07 12:47:39,280 - IPTVCollector - INFO - 📌 未分类频道追加到 '其他': 自然传奇
2026-08-07 12:47:39,281 - IPTVCollector - INFO - 📌 未分类频道追加到 '其他': 人与自然
2026-08-07 12:47:39,281 - IPTVCollector - INFO - 📌 未分类频道追加到 '其他': 辉南新闻
2026-08-07 12:47:39,281 - IPTVCollector - INFO - 📌 未分类频道追加到 '其他': 桦甸
2026-08-07 12:47:39,281 - IPTVCollector - INFO - 📌 未分类频道追加到 '其他': 1988年春晚
2026-08-07 12:47:39,282 - IPTVCollector - INFO - 📌 未分类频道追加到 '其他': 1989年春晚
2026-08-07 12:47:39,282 - IPTVCollector - INFO - 📌 未分类频道追加到 '其他': 1987年春晚
2026-08-07 12:47:39,282 - IPTVCollector - INFO - 📌 未分类频道追加到 '其他': 舒兰新闻
2026-08-07 12:47:39,283 - IPTVCollector - INFO - 🌏 自动追加: 长白山电视台 -> ☘️吉林频道
2026-08-07 12:47:39,284 - IPTVCollector - INFO - 📌 未分类频道追加到 '其他': Newsmax
2026-08-07 12:47:39,284 - IPTVCollector - INFO - 📌 未分类频道追加到 '其他': CNA
2026-08-07 12:47:39,284 - IPTVCollector - INFO - 📌 未分类频道追加到 '其他': Beautiful Life TV
2026-08-07 12:47:39,284 - IPTVCollector - INFO - 📌 未分类频道追加到 '其他': Dali TV
2026-08-07 12:47:39,285 - IPTVCollector - INFO - 📌 未分类频道追加到 '其他': Arirang
2026-08-07 12:47:39,285 - IPTVCollector - INFO - 📌 未分类频道追加到 '其他': 龙井
2026-08-07 12:47:39,285 - IPTVCollector - INFO - 📌 未分类频道追加到 '其他': Supreme Master TV
2026-08-07 12:47:39,285 - IPTVCollector - INFO - 📌 未分类频道追加到 '其他': Trace Sports
2026-08-07 12:47:39,285 - IPTVCollector - INFO - 📌 未分类频道追加到 '其他': 大立电视台
2026-08-07 12:47:39,286 - IPTVCollector - INFO - 📌 未分类频道追加到 '其他': TVB News
2026-08-07 12:47:39,286 - IPTVCollector - INFO - 📌 未分类频道追加到 '其他': Good 2
2026-08-07 12:47:39,286 - IPTVCollector - INFO - 📌 未分类频道追加到 '其他': Good
2026-08-07 12:47:39,286 - IPTVCollector - INFO - 📌 未分类频道追加到 '其他': WionNews
2026-08-07 12:47:39,286 - IPTVCollector - INFO - 📌 未分类频道追加到 '其他': Wild Earth
2026-08-07 12:47:39,287 - IPTVCollector - INFO - 🌏 自动追加: 绍兴电视台公共 -> ☘️浙江频道
2026-08-07 12:47:39,287 - IPTVCollector - INFO - 📌 未分类频道追加到 '其他': 飞碟之谜01
2026-08-07 12:47:39,287 - IPTVCollector - INFO - 📌 未分类频道追加到 '其他': 2024年春晚
2026-08-07 12:47:39,287 - IPTVCollector - INFO - 📌 未分类频道追加到 '其他': 春晚2025
2026-08-07 12:47:39,287 - IPTVCollector - INFO - 📌 未分类频道追加到 '其他': Pet Club TV
2026-08-07 12:47:39,289 - IPTVCollector - INFO - 🌏 自动追加: 通化县 -> ☘️吉林频道
2026-08-07 12:47:39,289 - IPTVCollector - INFO - 📌 未分类频道追加到 '其他': 倩女幽魂人间道
2026-08-07 12:47:39,289 - IPTVCollector - INFO - 📌 未分类频道追加到 '其他': 倩女幽魂道道道
2026-08-07 12:47:39,289 - IPTVCollector - INFO - 📌 未分类频道追加到 '其他': 倩女幽魂妖魔道
2026-08-07 12:47:39,289 - IPTVCollector - INFO - 📌 未分类频道追加到 '其他': 环球电视
2026-08-07 12:47:39,290 - IPTVCollector - INFO - 📌 未分类频道追加到 '其他': RT Français
2026-08-07 12:47:39,290 - IPTVCollector - INFO - 📌 未分类频道追加到 '其他': CGTN-Documentary
2026-08-07 12:47:39,290 - IPTVCollector - INFO - 📌 未分类频道追加到 '其他': RT Balkan
2026-08-07 12:47:39,290 - IPTVCollector - INFO - 📌 未分类频道追加到 '其他': 龙门飞甲
2026-08-07 12:47:39,290 - IPTVCollector - INFO - 📌 未分类频道追加到 '其他': 春晚2024
2026-08-07 12:47:39,290 - IPTVCollector - INFO - 📌 未分类频道追加到 '其他': 玛纳斯综合
2026-08-07 12:47:39,291 - IPTVCollector - INFO - 📌 未分类频道追加到 '其他': 奎屯汉语
2026-08-07 12:47:39,291 - IPTVCollector - INFO - 📌 未分类频道追加到 '其他': 浙江钱江都市
2026-08-07 12:47:39,291 - IPTVCollector - INFO - 📌 未分类频道追加到 '其他': 玛纳斯
2026-08-07 12:47:39,291 - IPTVCollector - INFO - 📌 未分类频道追加到 '其他': 梨园
2026-08-07 12:47:39,291 - IPTVCollector - INFO - 📌 未分类频道追加到 '其他': 前郭综合 [Geo-blocked]
2026-08-07 12:47:39,291 - IPTVCollector - INFO - 📌 未分类频道追加到 '其他': 通海电视台
2026-08-07 12:47:39,292 - IPTVCollector - INFO - 📌 未分类频道追加到 '其他': 伊犁经济法制
2026-08-07 12:47:39,292 - IPTVCollector - INFO - 🎯 Demo 筛选：原始 316 -> 匹配/分类后 316 个频道
2026-08-07 12:47:39,292 - IPTVCollector - INFO - 📊 Demo筛选后: 316
2026-08-07 12:47:39,293 - IPTVCollector - INFO - ✅ M3U 文件已生成: output/tv.m3u
2026-08-07 12:47:39,293 - IPTVCollector - INFO - ✅ TXT 文件已生成: output/tv.txt
2026-08-07 12:47:39,294 - IPTVCollector - INFO - ✅ 多源 M3U 文件已生成: output/tv_multi.m3u
2026-08-07 12:47:39,296 - IPTVCollector - INFO - ✅ JSON API 已生成: output/channels.json
2026-08-07 12:47:39,297 - IPTVCollector - INFO - ✅ 精简版已生成: output/tv_lite.m3u
2026-08-07 12:47:39,297 - IPTVCollector - INFO - ✅ M3U 文件已生成: output/tv_epg.m3u
2026-08-07 12:47:39,298 - IPTVCollector - INFO - 🚀 IPTV 自治系统启动
2026-08-07 12:47:39,298 - IPTVCollector - INFO - ⏭️ 跳过发现阶段
2026-08-07 12:47:39,298 - IPTVCollector - INFO - ==================================================
阶段2: 从缓存观察候选源
==================================================
2026-08-07 12:47:39,317 - IPTVCollector - INFO -   📊 观察进度: 100/226，稳定 0 个
2026-08-07 12:47:39,334 - IPTVCollector - INFO -   📊 观察进度: 200/226，稳定 0 个
2026-08-07 12:47:39,339 - IPTVCollector - INFO - ✅ 观察阶段完成: 0 个源达到稳定标准
2026-08-07 12:47:39,339 - IPTVCollector - INFO - ==================================================
阶段3: 提升稳定源
==================================================
2026-08-07 12:47:39,339 - IPTVCollector - INFO - 📭 没有稳定的候选源需要提升
2026-08-07 12:47:39,339 - IPTVCollector - INFO - 📊 自治模式统计:
2026-08-07 12:47:39,340 - IPTVCollector - INFO -   候选池总数: 730, 观察中: 226, 稳定: 496
2026-08-07 12:47:39,340 - IPTVCollector - INFO -   本次新提升: 0
2026-08-07 12:47:39,340 - IPTVCollector - INFO - 🎉 全部完成！
2026-08-07 18:42:30,054 - IPTVCollector - INFO - 🚀 IPTV 智能整理平台启动
2026-08-07 18:42:30,056 - IPTVCollector - INFO - ✅ 数据库缓存已启用: data/iptv_cache.db
2026-08-07 18:42:30,060 - IPTVCollector - INFO - 📌 CCTV-1 已设为固定源 (auto_optimize=True)
2026-08-07 18:42:30,062 - IPTVCollector - INFO - 📌 CCTV-2 已设为固定源 (auto_optimize=True)
2026-08-07 18:42:30,064 - IPTVCollector - INFO - 📌 CCTV-3 已设为固定源 (auto_optimize=True)
2026-08-07 18:42:30,065 - IPTVCollector - INFO - 📌 CCTV-4 已设为固定源 (auto_optimize=True)
2026-08-07 18:42:30,067 - IPTVCollector - INFO - 📌 CCTV-5 已设为固定源 (auto_optimize=True)
2026-08-07 18:42:30,068 - IPTVCollector - INFO - 📌 CCTV-5+ 已设为固定源 (auto_optimize=True)
2026-08-07 18:42:30,069 - IPTVCollector - INFO - 📌 CCTV-6 已设为固定源 (auto_optimize=True)
2026-08-07 18:42:30,071 - IPTVCollector - INFO - 📌 CCTV-7 已设为固定源 (auto_optimize=True)
2026-08-07 18:42:30,073 - IPTVCollector - INFO - 📌 CCTV-8 已设为固定源 (auto_optimize=True)
2026-08-07 18:42:30,075 - IPTVCollector - INFO - 📌 CCTV-9 已设为固定源 (auto_optimize=True)
2026-08-07 18:42:30,098 - IPTVCollector - INFO - 📌 CCTV-10 已设为固定源 (auto_optimize=True)
2026-08-07 18:42:30,099 - IPTVCollector - INFO - 📌 CCTV-11 已设为固定源 (auto_optimize=True)
2026-08-07 18:42:30,101 - IPTVCollector - INFO - 📌 CCTV-12 已设为固定源 (auto_optimize=True)
2026-08-07 18:42:30,102 - IPTVCollector - INFO - 📌 CCTV-13 已设为固定源 (auto_optimize=True)
2026-08-07 18:42:30,104 - IPTVCollector - INFO - 📌 CCTV-14 已设为固定源 (auto_optimize=True)
2026-08-07 18:42:30,106 - IPTVCollector - INFO - 📌 CCTV-15 已设为固定源 (auto_optimize=True)
2026-08-07 18:42:30,107 - IPTVCollector - INFO - 📌 CCTV-16 已设为固定源 (auto_optimize=True)
2026-08-07 18:42:30,109 - IPTVCollector - INFO - 📌 CCTV-17 已设为固定源 (auto_optimize=True)
2026-08-07 18:42:30,110 - IPTVCollector - INFO - 📌 CCTV4欧洲 已设为固定源 (auto_optimize=True)
2026-08-07 18:42:30,112 - IPTVCollector - INFO - 📌 CCTV4美洲 已设为固定源 (auto_optimize=True)
2026-08-07 18:42:30,112 - IPTVCollector - INFO - 📌 固定源已同步到数据库
2026-08-07 18:42:30,112 - IPTVCollector - INFO - 📋 订阅源解析：普通 11 个，白名单 0 个
2026-08-07 18:42:30,113 - IPTVCollector - INFO - 📋 使用 11 个源
2026-08-07 18:42:48,420 - IPTVCollector - INFO - 📊 测速完成，有效频道: 386 个
2026-08-07 18:42:48,420 - IPTVCollector - INFO - 📊 通过测速的频道数: 386
2026-08-07 18:42:50,563 - IPTVCollector - INFO - 🔍 ffmpeg 深度验证: 0 个需验证，384 个来自缓存/HTTP
2026-08-07 18:42:50,563 - IPTVCollector - INFO - ✅ ffmpeg 验证完成: 通过 384/386 个频道
2026-08-07 18:42:50,563 - IPTVCollector - INFO - 📊 通过ffmpeg验证的频道数: 384
2026-08-07 18:42:50,571 - IPTVCollector - INFO - 📌 已使用 19 个固定源（含自动优化）
2026-08-07 18:42:50,571 - IPTVCollector - INFO - 📊 合并完成: 共 334 个频道
2026-08-07 18:42:50,571 - IPTVCollector - INFO - 📊 合并后的频道数: 334
2026-08-07 18:42:50,596 - IPTVCollector - INFO - 📊 黑名单过滤后: 316
2026-08-07 18:42:50,600 - IPTVCollector - INFO - 📋 从 demo.txt 解析到 3541 个有序频道
2026-08-07 18:42:50,602 - IPTVCollector - INFO - 📋 从 demo.txt 解析到 3541 个有序频道
2026-08-07 18:44:00,009 - IPTVCollector - INFO - 📌 未分类频道追加到 '其他': CGTN西语
2026-08-07 18:44:00,009 - IPTVCollector - INFO - 📌 未分类频道追加到 '其他': CGTN阿语
2026-08-07 18:44:00,010 - IPTVCollector - INFO - 📌 未分类频道追加到 '其他': 熊猫直
2026-08-07 18:44:00,010 - IPTVCollector - INFO - 🌏 自动追加: 上海卫视 -> ☘️上海频道
2026-08-07 18:44:00,010 - IPTVCollector - INFO - 📌 未分类频道追加到 '其他': CGTN记录
2026-08-07 18:44:00,010 - IPTVCollector - INFO - 📌 未分类频道追加到 '其他': 东南卫视
2026-08-07 18:44:00,010 - IPTVCollector - INFO - 📌 未分类频道追加到 '其他': 东丰
2026-08-07 18:44:00,010 - IPTVCollector - INFO - 📌 未分类频道追加到 '其他': 延边2
2026-08-07 18:44:00,011 - IPTVCollector - INFO - 📌 未分类频道追加到 '其他': 耀才财经
2026-08-07 18:44:00,011 - IPTVCollector - INFO - 📌 未分类频道追加到 '其他': 汪清
2026-08-07 18:44:00,011 - IPTVCollector - INFO - 📌 未分类频道追加到 '其他': 珲春新闻
2026-08-07 18:44:00,011 - IPTVCollector - INFO - 📌 未分类频道追加到 '其他': 磐石
2026-08-07 18:44:00,011 - IPTVCollector - INFO - 📌 未分类频道追加到 '其他': 柳河
2026-08-07 18:44:00,011 - IPTVCollector - INFO - 📌 未分类频道追加到 '其他': 辉南新闻
2026-08-07 18:44:00,012 - IPTVCollector - INFO - 📌 未分类频道追加到 '其他': 桦甸
2026-08-07 18:44:00,012 - IPTVCollector - INFO - 📌 未分类频道追加到 '其他': 九台
2026-08-07 18:44:00,013 - IPTVCollector - INFO - 🌏 自动追加: 长白山电视台 -> ☘️吉林频道
2026-08-07 18:44:00,013 - IPTVCollector - INFO - 📌 未分类频道追加到 '其他': 龙井
2026-08-07 18:44:00,013 - IPTVCollector - INFO - 📌 未分类频道追加到 '其他': 通海电视台
2026-08-07 18:44:00,013 - IPTVCollector - INFO - 📌 未分类频道追加到 '其他': 舒兰新闻
2026-08-07 18:44:00,014 - IPTVCollector - INFO - 📌 未分类频道追加到 '其他': 大立电视台
2026-08-07 18:44:00,014 - IPTVCollector - INFO - 🌏 自动追加: 绍兴电视台公共 -> ☘️浙江频道
2026-08-07 18:44:00,015 - IPTVCollector - INFO - 🌏 自动追加: 通化县 -> ☘️吉林频道
2026-08-07 18:44:00,015 - IPTVCollector - INFO - 📌 未分类频道追加到 '其他': 龙门飞甲
2026-08-07 18:44:00,015 - IPTVCollector - INFO - 📌 未分类频道追加到 '其他': 伊犁经济法制
2026-08-07 18:44:00,015 - IPTVCollector - INFO - 📌 未分类频道追加到 '其他': 玛纳斯
2026-08-07 18:44:00,016 - IPTVCollector - INFO - 📌 未分类频道追加到 '其他': 玛纳斯综合
2026-08-07 18:44:00,016 - IPTVCollector - INFO - 📌 未分类频道追加到 '其他': 奎屯汉语
2026-08-07 18:44:00,016 - IPTVCollector - INFO - 📌 未分类频道追加到 '其他': 浙江钱江都市
2026-08-07 18:44:00,016 - IPTVCollector - INFO - 📌 未分类频道追加到 '其他': 数码时代
2026-08-07 18:44:00,016 - IPTVCollector - INFO - 📌 未分类频道追加到 '其他': 浙江教科影视
2026-08-07 18:44:00,016 - IPTVCollector - INFO - 📌 未分类频道追加到 '其他': 浙江教科影院
2026-08-07 18:44:00,016 - IPTVCollector - INFO - 📌 未分类频道追加到 '其他': 梨园
2026-08-07 18:44:00,017 - IPTVCollector - INFO - 📌 未分类频道追加到 '其他': 浙江经济
2026-08-07 18:44:00,017 - IPTVCollector - INFO - 📌 未分类频道追加到 '其他': 浙江教育
2026-08-07 18:44:00,017 - IPTVCollector - INFO - 📌 未分类频道追加到 '其他': 凤凰资讯
2026-08-07 18:44:00,017 - IPTVCollector - INFO - 📌 未分类频道追加到 '其他': 浙江民生休闲
2026-08-07 18:44:00,017 - IPTVCollector - INFO - 🌏 自动追加: 凤凰香港 -> 🌊港·澳·台
2026-08-07 18:44:00,017 - IPTVCollector - INFO - 📌 未分类频道追加到 '其他': 浙江生活
2026-08-07 18:44:00,017 - IPTVCollector - INFO - 📌 未分类频道追加到 '其他': 凤凰中文
2026-08-07 18:44:00,018 - IPTVCollector - INFO - 📌 未分类频道追加到 '其他': 韩国电影2
2026-08-07 18:44:00,018 - IPTVCollector - INFO - 📌 未分类频道追加到 '其他': 浙江钱江频道
2026-08-07 18:44:00,018 - IPTVCollector - INFO - 📌 未分类频道追加到 '其他': 韩国电影1
2026-08-07 18:44:00,019 - IPTVCollector - INFO - 🌏 自动追加: 武汉一台新闻综合 -> ☘️湖北频道
2026-08-07 18:44:00,019 - IPTVCollector - INFO - 📌 未分类频道追加到 '其他': 都市青春
2026-08-07 18:44:00,020 - IPTVCollector - INFO - 📌 未分类频道追加到 '其他': 陕西新闻咨询
2026-08-07 18:44:00,020 - IPTVCollector - INFO - 📌 未分类频道追加到 '其他': 江津新闻
2026-08-07 18:44:00,020 - IPTVCollector - INFO - 📌 未分类频道追加到 '其他': ABN China
2026-08-07 18:44:00,020 - IPTVCollector - INFO - 📌 未分类频道追加到 '其他': Bread TV面包台
2026-08-07 18:44:00,020 - IPTVCollector - INFO - 📌 未分类频道追加到 '其他': 无线新闻台
2026-08-07 18:44:00,020 - IPTVCollector - INFO - 📌 未分类频道追加到 '其他': Anhui TV
2026-08-07 18:44:00,021 - IPTVCollector - INFO - 🌏 自动追加: 哈尔滨都市咨询 -> ☘️黑龙江频道
2026-08-07 18:44:00,022 - IPTVCollector - INFO - 📌 未分类频道追加到 '其他': 新闻咨询
2026-08-07 18:44:00,022 - IPTVCollector - INFO - 📌 未分类频道追加到 '其他': FZTV3
2026-08-07 18:44:00,022 - IPTVCollector - INFO - 📌 未分类频道追加到 '其他': 音乐欣赏
2026-08-07 18:44:00,022 - IPTVCollector - INFO - 📌 未分类频道追加到 '其他': 1987年春晚
2026-08-07 18:44:00,022 - IPTVCollector - INFO - 📌 未分类频道追加到 '其他': 1988年春晚
2026-08-07 18:44:00,022 - IPTVCollector - INFO - 📌 未分类频道追加到 '其他': 1989年春晚
2026-08-07 18:44:00,022 - IPTVCollector - INFO - 📌 未分类频道追加到 '其他': 河南电视剧
2026-08-07 18:44:00,023 - IPTVCollector - INFO - 📌 未分类频道追加到 '其他': 韩国EBS少儿
2026-08-07 18:44:00,023 - IPTVCollector - INFO - 📌 未分类频道追加到 '其他': Dali TV
2026-08-07 18:44:00,023 - IPTVCollector - INFO - 📌 未分类频道追加到 '其他': 地理中国
2026-08-07 18:44:00,023 - IPTVCollector - INFO - 📌 未分类频道追加到 '其他': Newsmax
2026-08-07 18:44:00,023 - IPTVCollector - INFO - 📌 未分类频道追加到 '其他': 自然传奇
2026-08-07 18:44:00,023 - IPTVCollector - INFO - 📌 未分类频道追加到 '其他': 飞碟之谜01
2026-08-07 18:44:00,024 - IPTVCollector - INFO - 📌 未分类频道追加到 '其他': 人与自然
2026-08-07 18:44:00,024 - IPTVCollector - INFO - 📌 未分类频道追加到 '其他': CNA
2026-08-07 18:44:00,024 - IPTVCollector - INFO - 📌 未分类频道追加到 '其他': TVB News
2026-08-07 18:44:00,024 - IPTVCollector - INFO - 📌 未分类频道追加到 '其他': Supreme Master TV
2026-08-07 18:44:00,024 - IPTVCollector - INFO - 📌 未分类频道追加到 '其他': Beautiful Life TV
2026-08-07 18:44:00,024 - IPTVCollector - INFO - 📌 未分类频道追加到 '其他': Trace Sports
2026-08-07 18:44:00,024 - IPTVCollector - INFO - 📌 未分类频道追加到 '其他': Good 2
2026-08-07 18:44:00,025 - IPTVCollector - INFO - 📌 未分类频道追加到 '其他': Good
2026-08-07 18:44:00,025 - IPTVCollector - INFO - 📌 未分类频道追加到 '其他': Wild Earth
2026-08-07 18:44:00,025 - IPTVCollector - INFO - 📌 未分类频道追加到 '其他': Arirang
2026-08-07 18:44:00,025 - IPTVCollector - INFO - 📌 未分类频道追加到 '其他': Home Plus
2026-08-07 18:44:00,025 - IPTVCollector - INFO - 📌 未分类频道追加到 '其他': 倩女幽魂人间道
2026-08-07 18:44:00,025 - IPTVCollector - INFO - 📌 未分类频道追加到 '其他': 2024年春晚
2026-08-07 18:44:00,026 - IPTVCollector - INFO - 📌 未分类频道追加到 '其他': 倩女幽魂妖魔道
2026-08-07 18:44:00,026 - IPTVCollector - INFO - 📌 未分类频道追加到 '其他': 春晚2025
2026-08-07 18:44:00,026 - IPTVCollector - INFO - 📌 未分类频道追加到 '其他': 倩女幽魂道道道
2026-08-07 18:44:00,026 - IPTVCollector - INFO - 📌 未分类频道追加到 '其他': VOA美国之音
2026-08-07 18:44:00,026 - IPTVCollector - INFO - 📌 未分类频道追加到 '其他': Harbin Comprehensive News Channel
2026-08-07 18:44:00,026 - IPTVCollector - INFO - 📌 未分类频道追加到 '其他': 春晚2024
2026-08-07 18:44:00,026 - IPTVCollector - INFO - 📌 未分类频道追加到 '其他': Pet Club TV
2026-08-07 18:44:00,027 - IPTVCollector - INFO - 📌 未分类频道追加到 '其他': Siping TV
2026-08-07 18:44:00,027 - IPTVCollector - INFO - 📌 未分类频道追加到 '其他': Nei Monggol TV 2 Mongolian Culture Channel [Not 24/7]
2026-08-07 18:44:00,027 - IPTVCollector - INFO - 📌 未分类频道追加到 '其他': WionNews
2026-08-07 18:44:00,027 - IPTVCollector - INFO - 📌 未分类频道追加到 '其他': Chifeng Comprehensive News Chanel
2026-08-07 18:44:00,027 - IPTVCollector - INFO - 📌 未分类频道追加到 '其他': Hunan TV
2026-08-07 18:44:00,027 - IPTVCollector - INFO - 📌 未分类频道追加到 '其他': Zhejiang TV International
2026-08-07 18:44:00,027 - IPTVCollector - INFO - 📌 未分类频道追加到 '其他': Nei Monggol TV [Not 24/7]
2026-08-07 18:44:00,028 - IPTVCollector - INFO - 📌 未分类频道追加到 '其他': Xinjiang TV 2
2026-08-07 18:44:00,028 - IPTVCollector - INFO - 📌 未分类频道追加到 '其他': 环球电视
2026-08-07 18:44:00,028 - IPTVCollector - INFO - 📌 未分类频道追加到 '其他': Xinjiang TV 3
2026-08-07 18:44:00,028 - IPTVCollector - INFO - 📌 未分类频道追加到 '其他': Harbin Movie Channel
2026-08-07 18:44:00,028 - IPTVCollector - INFO - 📌 未分类频道追加到 '其他': CGTN Documentary
2026-08-07 18:44:00,028 - IPTVCollector - INFO - 📌 未分类频道追加到 '其他': QTV-1
2026-08-07 18:44:00,028 - IPTVCollector - INFO - 📌 未分类频道追加到 '其他': RT Français
2026-08-07 18:44:00,029 - IPTVCollector - INFO - 📌 未分类频道追加到 '其他': RT Balkan
2026-08-07 18:44:00,029 - IPTVCollector - INFO - 📌 未分类频道追加到 '其他': 前郭综合 [Geo-blocked]
2026-08-07 18:44:00,029 - IPTVCollector - INFO - 📌 未分类频道追加到 '其他': TV BRICS Chinese
2026-08-07 18:44:00,029 - IPTVCollector - INFO - 🌏 自动追加: 浙江 Ⅰ 绍兴影视 -> ☘️浙江频道
2026-08-07 18:44:00,030 - IPTVCollector - INFO - 🌏 自动追加: 四平新闻综合 [Geo-blocked] -> ☘️吉林频道
2026-08-07 18:44:00,030 - IPTVCollector - INFO - 📌 未分类频道追加到 '其他': 延边新闻综合 [Geo-blocked]
2026-08-07 18:44:00,030 - IPTVCollector - INFO - 🌏 自动追加: 浙江 Ⅰ 绍兴综合 -> ☘️浙江频道
2026-08-07 18:44:00,031 - IPTVCollector - INFO - 🌏 自动追加: 松原新闻综合 [Geo-blocked] -> ☘️吉林频道
2026-08-07 18:44:00,032 - IPTVCollector - INFO - 🌏 自动追加: 福州广电视台新闻综合频道 -> ☘️福建频道
2026-08-07 18:44:00,033 - IPTVCollector - INFO - 🌏 自动追加: 白山新闻综合 [Geo-blocked] -> ☘️吉林频道
2026-08-07 18:44:00,033 - IPTVCollector - INFO - 📌 未分类频道追加到 '其他': 辽新闻综合 [Geo-blocked]
2026-08-07 18:44:00,034 - IPTVCollector - INFO - 🌏 自动追加: 通化新闻 [Geo-blocked] -> ☘️吉林频道
2026-08-07 18:44:00,035 - IPTVCollector - INFO - 🌏 自动追加: 长春综合 [Geo-blocked] -> ☘️吉林频道
2026-08-07 18:44:00,035 - IPTVCollector - INFO - 📌 未分类频道追加到 '其他': Dragon TV International
2026-08-07 18:44:00,036 - IPTVCollector - INFO - 📌 未分类频道追加到 '其他': 江津经济生活
2026-08-07 18:44:00,036 - IPTVCollector - INFO - 📌 未分类频道追加到 '其他': 荣昌综合 [Not 24/7]
2026-08-07 18:44:00,036 - IPTVCollector - INFO - 📌 未分类频道追加到 '其他': 靖江新闻綜合 [Not 24/7]
2026-08-07 18:44:00,036 - IPTVCollector - INFO - 📌 未分类频道追加到 '其他': 集安综合 [Geo-blocked]
2026-08-07 18:44:00,036 - IPTVCollector - INFO - 📌 未分类频道追加到 '其他': Hebei TV
2026-08-07 18:44:00,036 - IPTVCollector - INFO - 🎯 Demo 筛选：原始 316 -> 匹配/分类后 316 个频道
2026-08-07 18:44:00,036 - IPTVCollector - INFO - 📊 Demo筛选后: 316
2026-08-07 18:44:00,037 - IPTVCollector - INFO - ✅ M3U 文件已生成: output/tv.m3u
2026-08-07 18:44:00,038 - IPTVCollector - INFO - ✅ TXT 文件已生成: output/tv.txt
2026-08-07 18:44:00,038 - IPTVCollector - INFO - ✅ 多源 M3U 文件已生成: output/tv_multi.m3u
2026-08-07 18:44:00,040 - IPTVCollector - INFO - ✅ JSON API 已生成: output/channels.json
2026-08-07 18:44:00,041 - IPTVCollector - INFO - ✅ 精简版已生成: output/tv_lite.m3u
2026-08-07 18:44:00,041 - IPTVCollector - INFO - ✅ M3U 文件已生成: output/tv_epg.m3u
2026-08-07 18:44:00,041 - IPTVCollector - INFO - 🚀 IPTV 自治系统启动
2026-08-07 18:44:00,041 - IPTVCollector - INFO - ⏭️ 跳过发现阶段
2026-08-07 18:44:00,041 - IPTVCollector - INFO - ==================================================
阶段2: 从缓存观察候选源
==================================================
2026-08-07 18:44:00,068 - IPTVCollector - INFO -   📊 观察进度: 100/224，稳定 0 个
2026-08-07 18:44:00,081 - IPTVCollector - INFO -   📊 观察进度: 200/224，稳定 0 个
2026-08-07 18:44:00,084 - IPTVCollector - INFO - ✅ 观察阶段完成: 0 个源达到稳定标准
2026-08-07 18:44:00,084 - IPTVCollector - INFO - ==================================================
阶段3: 提升稳定源
==================================================
2026-08-07 18:44:00,084 - IPTVCollector - INFO - 📭 没有稳定的候选源需要提升
2026-08-07 18:44:00,085 - IPTVCollector - INFO - 📊 自治模式统计:
2026-08-07 18:44:00,085 - IPTVCollector - INFO -   候选池总数: 730, 观察中: 224, 稳定: 498
2026-08-07 18:44:00,085 - IPTVCollector - INFO -   本次新提升: 0
2026-08-07 18:44:00,085 - IPTVCollector - INFO - 🎉 全部完成！
2026-08-08 00:59:36,824 - IPTVCollector - INFO - 🚀 IPTV 智能整理平台启动
2026-08-08 00:59:36,826 - IPTVCollector - INFO - ✅ 数据库缓存已启用: data/iptv_cache.db
2026-08-08 00:59:36,829 - IPTVCollector - INFO - 📌 CCTV-1 已设为固定源 (auto_optimize=True)
2026-08-08 00:59:36,830 - IPTVCollector - INFO - 📌 CCTV-2 已设为固定源 (auto_optimize=True)
2026-08-08 00:59:36,832 - IPTVCollector - INFO - 📌 CCTV-3 已设为固定源 (auto_optimize=True)
2026-08-08 00:59:36,833 - IPTVCollector - INFO - 📌 CCTV-4 已设为固定源 (auto_optimize=True)
2026-08-08 00:59:36,834 - IPTVCollector - INFO - 📌 CCTV-5 已设为固定源 (auto_optimize=True)
2026-08-08 00:59:36,835 - IPTVCollector - INFO - 📌 CCTV-5+ 已设为固定源 (auto_optimize=True)
2026-08-08 00:59:36,837 - IPTVCollector - INFO - 📌 CCTV-6 已设为固定源 (auto_optimize=True)
2026-08-08 00:59:36,838 - IPTVCollector - INFO - 📌 CCTV-7 已设为固定源 (auto_optimize=True)
2026-08-08 00:59:36,839 - IPTVCollector - INFO - 📌 CCTV-8 已设为固定源 (auto_optimize=True)
2026-08-08 00:59:36,840 - IPTVCollector - INFO - 📌 CCTV-9 已设为固定源 (auto_optimize=True)
2026-08-08 00:59:36,842 - IPTVCollector - INFO - 📌 CCTV-10 已设为固定源 (auto_optimize=True)
2026-08-08 00:59:36,843 - IPTVCollector - INFO - 📌 CCTV-11 已设为固定源 (auto_optimize=True)
2026-08-08 00:59:36,844 - IPTVCollector - INFO - 📌 CCTV-12 已设为固定源 (auto_optimize=True)
2026-08-08 00:59:36,845 - IPTVCollector - INFO - 📌 CCTV-13 已设为固定源 (auto_optimize=True)
2026-08-08 00:59:36,847 - IPTVCollector - INFO - 📌 CCTV-14 已设为固定源 (auto_optimize=True)
2026-08-08 00:59:36,848 - IPTVCollector - INFO - 📌 CCTV-15 已设为固定源 (auto_optimize=True)
2026-08-08 00:59:36,849 - IPTVCollector - INFO - 📌 CCTV-16 已设为固定源 (auto_optimize=True)
2026-08-08 00:59:36,850 - IPTVCollector - INFO - 📌 CCTV-17 已设为固定源 (auto_optimize=True)
2026-08-08 00:59:36,852 - IPTVCollector - INFO - 📌 CCTV4欧洲 已设为固定源 (auto_optimize=True)
2026-08-08 00:59:36,853 - IPTVCollector - INFO - 📌 CCTV4美洲 已设为固定源 (auto_optimize=True)
2026-08-08 00:59:36,853 - IPTVCollector - INFO - 📌 固定源已同步到数据库
2026-08-08 00:59:36,854 - IPTVCollector - INFO - 📋 订阅源解析：普通 11 个，白名单 0 个
2026-08-08 00:59:36,854 - IPTVCollector - INFO - 📋 使用 11 个源
2026-08-08 00:59:55,356 - IPTVCollector - INFO - 📊 测速完成，有效频道: 385 个
2026-08-08 00:59:55,357 - IPTVCollector - INFO - 📊 通过测速的频道数: 385
2026-08-08 00:59:56,072 - IPTVCollector - INFO - 🔍 ffmpeg 深度验证: 0 个需验证，383 个来自缓存/HTTP
2026-08-08 00:59:56,072 - IPTVCollector - INFO - ✅ ffmpeg 验证完成: 通过 383/385 个频道
2026-08-08 00:59:56,072 - IPTVCollector - INFO - 📊 通过ffmpeg验证的频道数: 383
2026-08-08 00:59:56,080 - IPTVCollector - INFO - 📌 已使用 19 个固定源（含自动优化）
2026-08-08 00:59:56,080 - IPTVCollector - INFO - 📊 合并完成: 共 332 个频道
2026-08-08 00:59:56,080 - IPTVCollector - INFO - 📊 合并后的频道数: 332
2026-08-08 00:59:56,111 - IPTVCollector - INFO - 📊 黑名单过滤后: 314
2026-08-08 00:59:56,114 - IPTVCollector - INFO - 📋 从 demo.txt 解析到 3541 个有序频道
2026-08-08 00:59:56,117 - IPTVCollector - INFO - 📋 从 demo.txt 解析到 3541 个有序频道
2026-08-08 01:01:24,212 - IPTVCollector - INFO - 📌 未分类频道追加到 '其他': 韩国电影1
2026-08-08 01:01:24,213 - IPTVCollector - INFO - 📌 未分类频道追加到 '其他': 韩国电影2
2026-08-08 01:01:24,213 - IPTVCollector - INFO - 🌏 自动追加: 凤凰香港 -> 🌊港·澳·台
2026-08-08 01:01:24,213 - IPTVCollector - INFO - 📌 未分类频道追加到 '其他': 凤凰中文
2026-08-08 01:01:24,213 - IPTVCollector - INFO - 📌 未分类频道追加到 '其他': 凤凰资讯
2026-08-08 01:01:24,214 - IPTVCollector - INFO - 📌 未分类频道追加到 '其他': 浙江钱江频道
2026-08-08 01:01:24,214 - IPTVCollector - INFO - 📌 未分类频道追加到 '其他': 浙江民生休闲
2026-08-08 01:01:24,214 - IPTVCollector - INFO - 📌 未分类频道追加到 '其他': 浙江经济
2026-08-08 01:01:24,214 - IPTVCollector - INFO - 📌 未分类频道追加到 '其他': 江津新闻
2026-08-08 01:01:24,214 - IPTVCollector - INFO - 📌 未分类频道追加到 '其他': 都市青春
2026-08-08 01:01:24,215 - IPTVCollector - INFO - 📌 未分类频道追加到 '其他': FZTV3
2026-08-08 01:01:24,215 - IPTVCollector - INFO - 📌 未分类频道追加到 '其他': 陕西新闻咨询
2026-08-08 01:01:24,215 - IPTVCollector - INFO - 📌 未分类频道追加到 '其他': 浙江生活
2026-08-08 01:01:24,217 - IPTVCollector - INFO - 🌏 自动追加: 武汉一台新闻综合 -> ☘️湖北频道
2026-08-08 01:01:24,217 - IPTVCollector - INFO - 📌 未分类频道追加到 '其他': 无线新闻台
2026-08-08 01:01:24,217 - IPTVCollector - INFO - 📌 未分类频道追加到 '其他': Anhui TV
2026-08-08 01:01:24,219 - IPTVCollector - INFO - 🌏 自动追加: 哈尔滨都市咨询 -> ☘️黑龙江频道
2026-08-08 01:01:24,219 - IPTVCollector - INFO - 📌 未分类频道追加到 '其他': Bread TV面包台
2026-08-08 01:01:24,219 - IPTVCollector - INFO - 📌 未分类频道追加到 '其他': ABN China
2026-08-08 01:01:24,219 - IPTVCollector - INFO - 📌 未分类频道追加到 '其他': 新闻咨询
2026-08-08 01:01:24,220 - IPTVCollector - INFO - 📌 未分类频道追加到 '其他': 河南电视剧
2026-08-08 01:01:24,220 - IPTVCollector - INFO - 📌 未分类频道追加到 '其他': 音乐欣赏
2026-08-08 01:01:24,220 - IPTVCollector - INFO - 📌 未分类频道追加到 '其他': 1989年春晚
2026-08-08 01:01:24,220 - IPTVCollector - INFO - 📌 未分类频道追加到 '其他': 韩国EBS少儿
2026-08-08 01:01:24,220 - IPTVCollector - INFO - 📌 未分类频道追加到 '其他': CNA
2026-08-08 01:01:24,221 - IPTVCollector - INFO - 📌 未分类频道追加到 '其他': 1988年春晚
2026-08-08 01:01:24,221 - IPTVCollector - INFO - 📌 未分类频道追加到 '其他': 飞碟之谜01
2026-08-08 01:01:24,221 - IPTVCollector - INFO - 📌 未分类频道追加到 '其他': 1987年春晚
2026-08-08 01:01:24,221 - IPTVCollector - INFO - 📌 未分类频道追加到 '其他': 人与自然
2026-08-08 01:01:24,222 - IPTVCollector - INFO - 📌 未分类频道追加到 '其他': 自然传奇
2026-08-08 01:01:24,222 - IPTVCollector - INFO - 📌 未分类频道追加到 '其他': Arirang
2026-08-08 01:01:24,222 - IPTVCollector - INFO - 📌 未分类频道追加到 '其他': 地理中国
2026-08-08 01:01:24,222 - IPTVCollector - INFO - 📌 未分类频道追加到 '其他': TVB News
2026-08-08 01:01:24,222 - IPTVCollector - INFO - 📌 未分类频道追加到 '其他': Supreme Master TV
2026-08-08 01:01:24,223 - IPTVCollector - INFO - 📌 未分类频道追加到 '其他': Beautiful Life TV
2026-08-08 01:01:24,223 - IPTVCollector - INFO - 📌 未分类频道追加到 '其他': Newsmax
2026-08-08 01:01:24,223 - IPTVCollector - INFO - 📌 未分类频道追加到 '其他': Wild Earth
2026-08-08 01:01:24,223 - IPTVCollector - INFO - 📌 未分类频道追加到 '其他': Dali TV
2026-08-08 01:01:24,224 - IPTVCollector - INFO - 📌 未分类频道追加到 '其他': Home Plus
2026-08-08 01:01:24,224 - IPTVCollector - INFO - 📌 未分类频道追加到 '其他': Trace Sports
2026-08-08 01:01:24,224 - IPTVCollector - INFO - 📌 未分类频道追加到 '其他': 春晚2025
2026-08-08 01:01:24,224 - IPTVCollector - INFO - 📌 未分类频道追加到 '其他': Pet Club TV
2026-08-08 01:01:24,224 - IPTVCollector - INFO - 📌 未分类频道追加到 '其他': 2024年春晚
2026-08-08 01:01:24,225 - IPTVCollector - INFO - 📌 未分类频道追加到 '其他': 倩女幽魂道道道
2026-08-08 01:01:24,225 - IPTVCollector - INFO - 📌 未分类频道追加到 '其他': 倩女幽魂人间道
2026-08-08 01:01:24,225 - IPTVCollector - INFO - 📌 未分类频道追加到 '其他': 倩女幽魂妖魔道
2026-08-08 01:01:24,225 - IPTVCollector - INFO - 📌 未分类频道追加到 '其他': 春晚2024
2026-08-08 01:01:24,226 - IPTVCollector - INFO - 📌 未分类频道追加到 '其他': Harbin Comprehensive News Channel
2026-08-08 01:01:24,226 - IPTVCollector - INFO - 📌 未分类频道追加到 '其他': WionNews
2026-08-08 01:01:24,226 - IPTVCollector - INFO - 📌 未分类频道追加到 '其他': VOA美国之音
2026-08-08 01:01:24,226 - IPTVCollector - INFO - 📌 未分类频道追加到 '其他': Nei Monggol TV 2 Mongolian Culture Channel [Not 24/7]
2026-08-08 01:01:24,227 - IPTVCollector - INFO - 📌 未分类频道追加到 '其他': Chifeng Comprehensive News Chanel
2026-08-08 01:01:24,227 - IPTVCollector - INFO - 📌 未分类频道追加到 '其他': Nei Monggol TV [Not 24/7]
2026-08-08 01:01:24,227 - IPTVCollector - INFO - 📌 未分类频道追加到 '其他': 环球电视
2026-08-08 01:01:24,227 - IPTVCollector - INFO - 📌 未分类频道追加到 '其他': RT Français
2026-08-08 01:01:24,227 - IPTVCollector - INFO - 📌 未分类频道追加到 '其他': Zhejiang TV International
2026-08-08 01:01:24,228 - IPTVCollector - INFO - 📌 未分类频道追加到 '其他': Siping TV
2026-08-08 01:01:24,228 - IPTVCollector - INFO - 📌 未分类频道追加到 '其他': Hunan TV
2026-08-08 01:01:24,228 - IPTVCollector - INFO - 📌 未分类频道追加到 '其他': Harbin Movie Channel
2026-08-08 01:01:24,228 - IPTVCollector - INFO - 📌 未分类频道追加到 '其他': QTV-1
2026-08-08 01:01:24,229 - IPTVCollector - INFO - 📌 未分类频道追加到 '其他': RT Balkan
2026-08-08 01:01:24,229 - IPTVCollector - INFO - 📌 未分类频道追加到 '其他': Xinjiang TV 2
2026-08-08 01:01:24,229 - IPTVCollector - INFO - 📌 未分类频道追加到 '其他': Xinjiang TV 3
2026-08-08 01:01:24,229 - IPTVCollector - INFO - 📌 未分类频道追加到 '其他': CGTN-Documentary
2026-08-08 01:01:24,229 - IPTVCollector - INFO - 📌 未分类频道追加到 '其他': TV BRICS Chinese
2026-08-08 01:01:24,230 - IPTVCollector - INFO - 📌 未分类频道追加到 '其他': 前郭综合 [Geo-blocked]
2026-08-08 01:01:24,230 - IPTVCollector - INFO - 🌏 自动追加: 浙江 Ⅰ 绍兴影视 -> ☘️浙江频道
2026-08-08 01:01:24,231 - IPTVCollector - INFO - 🌏 自动追加: 四平新闻综合 [Geo-blocked] -> ☘️吉林频道
2026-08-08 01:01:24,232 - IPTVCollector - INFO - 📌 未分类频道追加到 '其他': 延边新闻综合 [Geo-blocked]
2026-08-08 01:01:24,233 - IPTVCollector - INFO - 🌏 自动追加: 松原新闻综合 [Geo-blocked] -> ☘️吉林频道
2026-08-08 01:01:24,233 - IPTVCollector - INFO - 📌 未分类频道追加到 '其他': 江津经济生活
2026-08-08 01:01:24,233 - IPTVCollector - INFO - 🌏 自动追加: 浙江 Ⅰ 绍兴综合 -> ☘️浙江频道
2026-08-08 01:01:24,234 - IPTVCollector - INFO - 🌏 自动追加: 福州广电视台新闻综合频道 -> ☘️福建频道
2026-08-08 01:01:24,235 - IPTVCollector - INFO - 🌏 自动追加: 白山新闻综合 [Geo-blocked] -> ☘️吉林频道
2026-08-08 01:01:24,236 - IPTVCollector - INFO - 📌 未分类频道追加到 '其他': 辽新闻综合 [Geo-blocked]
2026-08-08 01:01:24,237 - IPTVCollector - INFO - 🌏 自动追加: 通化新闻 [Geo-blocked] -> ☘️吉林频道
2026-08-08 01:01:24,238 - IPTVCollector - INFO - 🌏 自动追加: 长春综合 [Geo-blocked] -> ☘️吉林频道
2026-08-08 01:01:24,238 - IPTVCollector - INFO - 📌 未分类频道追加到 '其他': 集安综合 [Geo-blocked]
2026-08-08 01:01:24,239 - IPTVCollector - INFO - 📌 未分类频道追加到 '其他': Dragon TV International
2026-08-08 01:01:24,239 - IPTVCollector - INFO - 📌 未分类频道追加到 '其他': 靖江新闻綜合 [Not 24/7]
2026-08-08 01:01:24,239 - IPTVCollector - INFO - 📌 未分类频道追加到 '其他': 荣昌综合 [Not 24/7]
2026-08-08 01:01:24,239 - IPTVCollector - INFO - 📌 未分类频道追加到 '其他': Hebei TV
2026-08-08 01:01:24,239 - IPTVCollector - INFO - 🌏 自动追加: 上海卫视 -> ☘️上海频道
2026-08-08 01:01:24,239 - IPTVCollector - INFO - 📌 未分类频道追加到 '其他': CGTN阿语
2026-08-08 01:01:24,240 - IPTVCollector - INFO - 📌 未分类频道追加到 '其他': CGTN西语
2026-08-08 01:01:24,240 - IPTVCollector - INFO - 📌 未分类频道追加到 '其他': 东南卫视
2026-08-08 01:01:24,240 - IPTVCollector - INFO - 📌 未分类频道追加到 '其他': 熊猫直
2026-08-08 01:01:24,240 - IPTVCollector - INFO - 📌 未分类频道追加到 '其他': CGTN记录
2026-08-08 01:01:24,240 - IPTVCollector - INFO - 📌 未分类频道追加到 '其他': 东丰
2026-08-08 01:01:24,240 - IPTVCollector - INFO - 📌 未分类频道追加到 '其他': 九台
2026-08-08 01:01:24,241 - IPTVCollector - INFO - 📌 未分类频道追加到 '其他': 双辽
2026-08-08 01:01:24,241 - IPTVCollector - INFO - 📌 未分类频道追加到 '其他': 延边2
2026-08-08 01:01:24,241 - IPTVCollector - INFO - 📌 未分类频道追加到 '其他': 柳河
2026-08-08 01:01:24,241 - IPTVCollector - INFO - 📌 未分类频道追加到 '其他': 汪清
2026-08-08 01:01:24,241 - IPTVCollector - INFO - 📌 未分类频道追加到 '其他': 桦甸
2026-08-08 01:01:24,241 - IPTVCollector - INFO - 📌 未分类频道追加到 '其他': 珲春新闻
2026-08-08 01:01:24,242 - IPTVCollector - INFO - 📌 未分类频道追加到 '其他': 耀才财经
2026-08-08 01:01:24,242 - IPTVCollector - INFO - 📌 未分类频道追加到 '其他': 舒兰新闻
2026-08-08 01:01:24,242 - IPTVCollector - INFO - 📌 未分类频道追加到 '其他': 磐石
2026-08-08 01:01:24,242 - IPTVCollector - INFO - 📌 未分类频道追加到 '其他': 辉南新闻
2026-08-08 01:01:24,243 - IPTVCollector - INFO - 🌏 自动追加: 通化县 -> ☘️吉林频道
2026-08-08 01:01:24,244 - IPTVCollector - INFO - 📌 未分类频道追加到 '其他': 大立电视台
2026-08-08 01:01:24,245 - IPTVCollector - INFO - 🌏 自动追加: 长白山电视台 -> ☘️吉林频道
2026-08-08 01:01:24,245 - IPTVCollector - INFO - 🌏 自动追加: 绍兴电视台公共 -> ☘️浙江频道
2026-08-08 01:01:24,245 - IPTVCollector - INFO - 📌 未分类频道追加到 '其他': 龙井
2026-08-08 01:01:24,245 - IPTVCollector - INFO - 📌 未分类频道追加到 '其他': 通海电视台
2026-08-08 01:01:24,246 - IPTVCollector - INFO - 📌 未分类频道追加到 '其他': 龙门飞甲
2026-08-08 01:01:24,246 - IPTVCollector - INFO - 📌 未分类频道追加到 '其他': 伊犁经济法制
2026-08-08 01:01:24,246 - IPTVCollector - INFO - 📌 未分类频道追加到 '其他': 奎屯汉语
2026-08-08 01:01:24,246 - IPTVCollector - INFO - 📌 未分类频道追加到 '其他': 玛纳斯
2026-08-08 01:01:24,246 - IPTVCollector - INFO - 📌 未分类频道追加到 '其他': 浙江钱江都市
2026-08-08 01:01:24,246 - IPTVCollector - INFO - 📌 未分类频道追加到 '其他': 玛纳斯综合
2026-08-08 01:01:24,247 - IPTVCollector - INFO - 📌 未分类频道追加到 '其他': 数码时代
2026-08-08 01:01:24,247 - IPTVCollector - INFO - 📌 未分类频道追加到 '其他': 浙江教科影视
2026-08-08 01:01:24,247 - IPTVCollector - INFO - 📌 未分类频道追加到 '其他': 浙江教科影院
2026-08-08 01:01:24,247 - IPTVCollector - INFO - 📌 未分类频道追加到 '其他': 梨园
2026-08-08 01:01:24,247 - IPTVCollector - INFO - 📌 未分类频道追加到 '其他': 浙江教育
2026-08-08 01:01:24,247 - IPTVCollector - INFO - 🎯 Demo 筛选：原始 314 -> 匹配/分类后 314 个频道
2026-08-08 01:01:24,248 - IPTVCollector - INFO - 📊 Demo筛选后: 314
2026-08-08 01:01:24,248 - IPTVCollector - INFO - ✅ M3U 文件已生成: output/tv.m3u
2026-08-08 01:01:24,249 - IPTVCollector - INFO - ✅ TXT 文件已生成: output/tv.txt
2026-08-08 01:01:24,249 - IPTVCollector - INFO - ✅ 多源 M3U 文件已生成: output/tv_multi.m3u
2026-08-08 01:01:24,252 - IPTVCollector - INFO - ✅ JSON API 已生成: output/channels.json
2026-08-08 01:01:24,252 - IPTVCollector - INFO - ✅ 精简版已生成: output/tv_lite.m3u
2026-08-08 01:01:24,252 - IPTVCollector - INFO - ✅ M3U 文件已生成: output/tv_epg.m3u
2026-08-08 01:01:24,253 - IPTVCollector - INFO - 🚀 IPTV 自治系统启动
2026-08-08 01:01:24,253 - IPTVCollector - INFO - ⏭️ 跳过发现阶段
2026-08-08 01:01:24,253 - IPTVCollector - INFO - ==================================================
阶段2: 从缓存观察候选源
==================================================
2026-08-08 01:01:24,286 - IPTVCollector - INFO -   📊 观察进度: 100/211，稳定 0 个
2026-08-08 01:01:24,303 - IPTVCollector - INFO -   📊 观察进度: 200/211，稳定 0 个
2026-08-08 01:01:24,305 - IPTVCollector - INFO - ✅ 观察阶段完成: 0 个源达到稳定标准
2026-08-08 01:01:24,305 - IPTVCollector - INFO - ==================================================
阶段3: 提升稳定源
==================================================
2026-08-08 01:01:24,305 - IPTVCollector - INFO - 📭 没有稳定的候选源需要提升
2026-08-08 01:01:24,306 - IPTVCollector - INFO - 📊 自治模式统计:
2026-08-08 01:01:24,306 - IPTVCollector - INFO -   候选池总数: 730, 观察中: 211, 稳定: 511
2026-08-08 01:01:24,306 - IPTVCollector - INFO -   本次新提升: 0
2026-08-08 01:01:24,306 - IPTVCollector - INFO - 🎉 全部完成！
2026-08-08 06:37:24,123 - IPTVCollector - INFO - 🚀 IPTV 智能整理平台启动
2026-08-08 06:37:24,126 - IPTVCollector - INFO - ✅ 数据库缓存已启用: data/iptv_cache.db
2026-08-08 06:37:24,128 - IPTVCollector - INFO - 📌 CCTV-1 已设为固定源 (auto_optimize=True)
2026-08-08 06:37:24,129 - IPTVCollector - INFO - 📌 CCTV-2 已设为固定源 (auto_optimize=True)
2026-08-08 06:37:24,130 - IPTVCollector - INFO - 📌 CCTV-3 已设为固定源 (auto_optimize=True)
2026-08-08 06:37:24,131 - IPTVCollector - INFO - 📌 CCTV-4 已设为固定源 (auto_optimize=True)
2026-08-08 06:37:24,132 - IPTVCollector - INFO - 📌 CCTV-5 已设为固定源 (auto_optimize=True)
2026-08-08 06:37:24,134 - IPTVCollector - INFO - 📌 CCTV-5+ 已设为固定源 (auto_optimize=True)
2026-08-08 06:37:24,135 - IPTVCollector - INFO - 📌 CCTV-6 已设为固定源 (auto_optimize=True)
2026-08-08 06:37:24,136 - IPTVCollector - INFO - 📌 CCTV-7 已设为固定源 (auto_optimize=True)
2026-08-08 06:37:24,137 - IPTVCollector - INFO - 📌 CCTV-8 已设为固定源 (auto_optimize=True)
2026-08-08 06:37:24,138 - IPTVCollector - INFO - 📌 CCTV-9 已设为固定源 (auto_optimize=True)
2026-08-08 06:37:24,139 - IPTVCollector - INFO - 📌 CCTV-10 已设为固定源 (auto_optimize=True)
2026-08-08 06:37:24,140 - IPTVCollector - INFO - 📌 CCTV-11 已设为固定源 (auto_optimize=True)
2026-08-08 06:37:24,142 - IPTVCollector - INFO - 📌 CCTV-12 已设为固定源 (auto_optimize=True)
2026-08-08 06:37:24,143 - IPTVCollector - INFO - 📌 CCTV-13 已设为固定源 (auto_optimize=True)
2026-08-08 06:37:24,144 - IPTVCollector - INFO - 📌 CCTV-14 已设为固定源 (auto_optimize=True)
2026-08-08 06:37:24,145 - IPTVCollector - INFO - 📌 CCTV-15 已设为固定源 (auto_optimize=True)
2026-08-08 06:37:24,146 - IPTVCollector - INFO - 📌 CCTV-16 已设为固定源 (auto_optimize=True)
2026-08-08 06:37:24,147 - IPTVCollector - INFO - 📌 CCTV-17 已设为固定源 (auto_optimize=True)
2026-08-08 06:37:24,148 - IPTVCollector - INFO - 📌 CCTV4欧洲 已设为固定源 (auto_optimize=True)
2026-08-08 06:37:24,150 - IPTVCollector - INFO - 📌 CCTV4美洲 已设为固定源 (auto_optimize=True)
2026-08-08 06:37:24,150 - IPTVCollector - INFO - 📌 固定源已同步到数据库
2026-08-08 06:37:24,150 - IPTVCollector - INFO - 📋 订阅源解析：普通 11 个，白名单 0 个
2026-08-08 06:37:24,151 - IPTVCollector - INFO - 📋 使用 11 个源
2026-08-08 06:37:45,400 - IPTVCollector - INFO - 📊 测速完成，有效频道: 381 个
2026-08-08 06:37:45,400 - IPTVCollector - INFO - 📊 通过测速的频道数: 381
2026-08-08 06:37:45,939 - IPTVCollector - INFO - 🔍 ffmpeg 深度验证: 0 个需验证，379 个来自缓存/HTTP
2026-08-08 06:37:45,939 - IPTVCollector - INFO - ✅ ffmpeg 验证完成: 通过 379/381 个频道
2026-08-08 06:37:45,939 - IPTVCollector - INFO - 📊 通过ffmpeg验证的频道数: 379
2026-08-08 06:37:45,947 - IPTVCollector - INFO - 📌 已使用 19 个固定源（含自动优化）
2026-08-08 06:37:45,947 - IPTVCollector - INFO - 📊 合并完成: 共 329 个频道
2026-08-08 06:37:45,947 - IPTVCollector - INFO - 📊 合并后的频道数: 329
2026-08-08 06:37:45,977 - IPTVCollector - INFO - 📊 黑名单过滤后: 311
2026-08-08 06:37:45,980 - IPTVCollector - INFO - 📋 从 demo.txt 解析到 3541 个有序频道
2026-08-08 06:37:45,982 - IPTVCollector - INFO - 📋 从 demo.txt 解析到 3541 个有序频道
2026-08-08 06:39:10,901 - IPTVCollector - INFO - 📌 未分类频道追加到 '其他': CGTN阿语
2026-08-08 06:39:10,901 - IPTVCollector - INFO - 📌 未分类频道追加到 '其他': CGTN西语
2026-08-08 06:39:10,902 - IPTVCollector - INFO - 🌏 自动追加: 上海卫视 -> ☘️上海频道
2026-08-08 06:39:10,902 - IPTVCollector - INFO - 📌 未分类频道追加到 '其他': 东南卫视
2026-08-08 06:39:10,902 - IPTVCollector - INFO - 📌 未分类频道追加到 '其他': CGTN记录
2026-08-08 06:39:10,902 - IPTVCollector - INFO - 📌 未分类频道追加到 '其他': 熊猫直
2026-08-08 06:39:10,903 - IPTVCollector - INFO - 📌 未分类频道追加到 '其他': ABN China
2026-08-08 06:39:10,903 - IPTVCollector - INFO - 📌 未分类频道追加到 '其他': Anhui TV
2026-08-08 06:39:10,903 - IPTVCollector - INFO - 📌 未分类频道追加到 '其他': Bread TV面包台
2026-08-08 06:39:10,903 - IPTVCollector - INFO - 📌 未分类频道追加到 '其他': 耀才财经
2026-08-08 06:39:10,903 - IPTVCollector - INFO - 📌 未分类频道追加到 '其他': 延边2
2026-08-08 06:39:10,903 - IPTVCollector - INFO - 📌 未分类频道追加到 '其他': 桦甸
2026-08-08 06:39:10,903 - IPTVCollector - INFO - 📌 未分类频道追加到 '其他': 汪清
2026-08-08 06:39:10,904 - IPTVCollector - INFO - 📌 未分类频道追加到 '其他': 双辽
2026-08-08 06:39:10,904 - IPTVCollector - INFO - 📌 未分类频道追加到 '其他': 舒兰新闻
2026-08-08 06:39:10,904 - IPTVCollector - INFO - 📌 未分类频道追加到 '其他': 东丰
2026-08-08 06:39:10,904 - IPTVCollector - INFO - 📌 未分类频道追加到 '其他': 珲春新闻
2026-08-08 06:39:10,904 - IPTVCollector - INFO - 📌 未分类频道追加到 '其他': 柳河
2026-08-08 06:39:10,905 - IPTVCollector - INFO - 🌏 自动追加: 通化县 -> ☘️吉林频道
2026-08-08 06:39:10,906 - IPTVCollector - INFO - 📌 未分类频道追加到 '其他': 九台
2026-08-08 06:39:10,906 - IPTVCollector - INFO - 📌 未分类频道追加到 '其他': 辉南新闻
2026-08-08 06:39:10,906 - IPTVCollector - INFO - 📌 未分类频道追加到 '其他': 龙井
2026-08-08 06:39:10,906 - IPTVCollector - INFO - 📌 未分类频道追加到 '其他': 大立电视台
2026-08-08 06:39:10,906 - IPTVCollector - INFO - 📌 未分类频道追加到 '其他': 通海电视台
2026-08-08 06:39:10,906 - IPTVCollector - INFO - 📌 未分类频道追加到 '其他': Home Plus
2026-08-08 06:39:10,907 - IPTVCollector - INFO - 🌏 自动追加: 绍兴电视台公共 -> ☘️浙江频道
2026-08-08 06:39:10,908 - IPTVCollector - INFO - 🌏 自动追加: 长白山电视台 -> ☘️吉林频道
2026-08-08 06:39:10,908 - IPTVCollector - INFO - 📌 未分类频道追加到 '其他': 磐石
2026-08-08 06:39:10,908 - IPTVCollector - INFO - 📌 未分类频道追加到 '其他': VOA美国之音
2026-08-08 06:39:10,909 - IPTVCollector - INFO - 📌 未分类频道追加到 '其他': Chifeng Comprehensive News Chanel
2026-08-08 06:39:10,909 - IPTVCollector - INFO - 📌 未分类频道追加到 '其他': Nei Monggol TV [Not 24/7]
2026-08-08 06:39:10,909 - IPTVCollector - INFO - 📌 未分类频道追加到 '其他': Hunan TV
2026-08-08 06:39:10,909 - IPTVCollector - INFO - 📌 未分类频道追加到 '其他': Nei Monggol TV 2 Mongolian Culture Channel [Not 24/7]
2026-08-08 06:39:10,909 - IPTVCollector - INFO - 📌 未分类频道追加到 '其他': Siping TV
2026-08-08 06:39:10,909 - IPTVCollector - INFO - 📌 未分类频道追加到 '其他': Harbin Comprehensive News Channel
2026-08-08 06:39:10,910 - IPTVCollector - INFO - 📌 未分类频道追加到 '其他': QTV-1
2026-08-08 06:39:10,910 - IPTVCollector - INFO - 📌 未分类频道追加到 '其他': Harbin Movie Channel
2026-08-08 06:39:10,910 - IPTVCollector - INFO - 📌 未分类频道追加到 '其他': Xinjiang TV 3
2026-08-08 06:39:10,910 - IPTVCollector - INFO - 📌 未分类频道追加到 '其他': Zhejiang TV International
2026-08-08 06:39:10,910 - IPTVCollector - INFO - 📌 未分类频道追加到 '其他': TV BRICS Chinese
2026-08-08 06:39:10,911 - IPTVCollector - INFO - 📌 未分类频道追加到 '其他': Xinjiang TV 2
2026-08-08 06:39:10,911 - IPTVCollector - INFO - 📌 未分类频道追加到 '其他': 龙门飞甲
2026-08-08 06:39:10,911 - IPTVCollector - INFO - 📌 未分类频道追加到 '其他': 玛纳斯
2026-08-08 06:39:10,911 - IPTVCollector - INFO - 📌 未分类频道追加到 '其他': 奎屯汉语
2026-08-08 06:39:10,911 - IPTVCollector - INFO - 📌 未分类频道追加到 '其他': 浙江钱江都市
2026-08-08 06:39:10,911 - IPTVCollector - INFO - 📌 未分类频道追加到 '其他': 伊犁经济法制
2026-08-08 06:39:10,912 - IPTVCollector - INFO - 🌏 自动追加: 浙江 Ⅰ 绍兴影视 -> ☘️浙江频道
2026-08-08 06:39:10,912 - IPTVCollector - INFO - 📌 未分类频道追加到 '其他': 前郭综合 [Geo-blocked]
2026-08-08 06:39:10,912 - IPTVCollector - INFO - 🌏 自动追加: 浙江 Ⅰ 绍兴综合 -> ☘️浙江频道
2026-08-08 06:39:10,913 - IPTVCollector - INFO - 🌏 自动追加: 松原新闻综合 [Geo-blocked] -> ☘️吉林频道
2026-08-08 06:39:10,914 - IPTVCollector - INFO - 📌 未分类频道追加到 '其他': 浙江经济
2026-08-08 06:39:10,915 - IPTVCollector - INFO - 🌏 自动追加: 四平新闻综合 [Geo-blocked] -> ☘️吉林频道
2026-08-08 06:39:10,916 - IPTVCollector - INFO - 🌏 自动追加: 白山新闻综合 [Geo-blocked] -> ☘️吉林频道
2026-08-08 06:39:10,916 - IPTVCollector - INFO - 📌 未分类频道追加到 '其他': 延边新闻综合 [Geo-blocked]
2026-08-08 06:39:10,917 - IPTVCollector - INFO - 📌 未分类频道追加到 '其他': 江津经济生活
2026-08-08 06:39:10,917 - IPTVCollector - INFO - 📌 未分类频道追加到 '其他': 辽新闻综合 [Geo-blocked]
2026-08-08 06:39:10,918 - IPTVCollector - INFO - 🌏 自动追加: 通化新闻 [Geo-blocked] -> ☘️吉林频道
2026-08-08 06:39:10,919 - IPTVCollector - INFO - 🌏 自动追加: 长春综合 [Geo-blocked] -> ☘️吉林频道
2026-08-08 06:39:10,919 - IPTVCollector - INFO - 📌 未分类频道追加到 '其他': 集安综合 [Geo-blocked]
2026-08-08 06:39:10,920 - IPTVCollector - INFO - 📌 未分类频道追加到 '其他': Dragon TV International
2026-08-08 06:39:10,920 - IPTVCollector - INFO - 📌 未分类频道追加到 '其他': 数码时代
2026-08-08 06:39:10,920 - IPTVCollector - INFO - 📌 未分类频道追加到 '其他': 靖江新闻綜合 [Not 24/7]
2026-08-08 06:39:10,920 - IPTVCollector - INFO - 📌 未分类频道追加到 '其他': 浙江教科影视
2026-08-08 06:39:10,920 - IPTVCollector - INFO - 📌 未分类频道追加到 '其他': Hebei TV
2026-08-08 06:39:10,921 - IPTVCollector - INFO - 📌 未分类频道追加到 '其他': 浙江教科影院
2026-08-08 06:39:10,921 - IPTVCollector - INFO - 📌 未分类频道追加到 '其他': 梨园
2026-08-08 06:39:10,921 - IPTVCollector - INFO - 📌 未分类频道追加到 '其他': 浙江民生休闲
2026-08-08 06:39:10,921 - IPTVCollector - INFO - 📌 未分类频道追加到 '其他': 浙江教育
2026-08-08 06:39:10,921 - IPTVCollector - INFO - 📌 未分类频道追加到 '其他': 凤凰资讯
2026-08-08 06:39:10,921 - IPTVCollector - INFO - 🌏 自动追加: 凤凰香港 -> 🌊港·澳·台
2026-08-08 06:39:10,921 - IPTVCollector - INFO - 📌 未分类频道追加到 '其他': 浙江钱江频道
2026-08-08 06:39:10,922 - IPTVCollector - INFO - 📌 未分类频道追加到 '其他': 韩国电影1
2026-08-08 06:39:10,922 - IPTVCollector - INFO - 📌 未分类频道追加到 '其他': 韩国电影2
2026-08-08 06:39:10,922 - IPTVCollector - INFO - 📌 未分类频道追加到 '其他': 凤凰中文
2026-08-08 06:39:10,922 - IPTVCollector - INFO - 📌 未分类频道追加到 '其他': 浙江生活
2026-08-08 06:39:10,922 - IPTVCollector - INFO - 📌 未分类频道追加到 '其他': 都市青春
2026-08-08 06:39:10,924 - IPTVCollector - INFO - 🌏 自动追加: 武汉一台新闻综合 -> ☘️湖北频道
2026-08-08 06:39:10,924 - IPTVCollector - INFO - 📌 未分类频道追加到 '其他': 陕西新闻咨询
2026-08-08 06:39:10,924 - IPTVCollector - INFO - 📌 未分类频道追加到 '其他': 江津新闻
2026-08-08 06:39:10,924 - IPTVCollector - INFO - 📌 未分类频道追加到 '其他': FZTV3
2026-08-08 06:39:10,924 - IPTVCollector - INFO - 📌 未分类频道追加到 '其他': 无线新闻台
2026-08-08 06:39:10,926 - IPTVCollector - INFO - 🌏 自动追加: 哈尔滨都市咨询 -> ☘️黑龙江频道
2026-08-08 06:39:10,926 - IPTVCollector - INFO - 📌 未分类频道追加到 '其他': 新闻咨询
2026-08-08 06:39:10,926 - IPTVCollector - INFO - 📌 未分类频道追加到 '其他': 音乐欣赏
2026-08-08 06:39:10,926 - IPTVCollector - INFO - 📌 未分类频道追加到 '其他': Dali TV
2026-08-08 06:39:10,926 - IPTVCollector - INFO - 📌 未分类频道追加到 '其他': CNA
2026-08-08 06:39:10,927 - IPTVCollector - INFO - 📌 未分类频道追加到 '其他': Newsmax
2026-08-08 06:39:10,927 - IPTVCollector - INFO - 📌 未分类频道追加到 '其他': Trace Sports
2026-08-08 06:39:10,927 - IPTVCollector - INFO - 📌 未分类频道追加到 '其他': Beautiful Life TV
2026-08-08 06:39:10,927 - IPTVCollector - INFO - 📌 未分类频道追加到 '其他': Arirang
2026-08-08 06:39:10,927 - IPTVCollector - INFO - 📌 未分类频道追加到 '其他': TVB News
2026-08-08 06:39:10,927 - IPTVCollector - INFO - 📌 未分类频道追加到 '其他': 1988年春晚
2026-08-08 06:39:10,928 - IPTVCollector - INFO - 📌 未分类频道追加到 '其他': 1987年春晚
2026-08-08 06:39:10,928 - IPTVCollector - INFO - 📌 未分类频道追加到 '其他': 1989年春晚
2026-08-08 06:39:10,928 - IPTVCollector - INFO - 📌 未分类频道追加到 '其他': Supreme Master TV
2026-08-08 06:39:10,928 - IPTVCollector - INFO - 📌 未分类频道追加到 '其他': 地理中国
2026-08-08 06:39:10,928 - IPTVCollector - INFO - 📌 未分类频道追加到 '其他': 人与自然
2026-08-08 06:39:10,928 - IPTVCollector - INFO - 📌 未分类频道追加到 '其他': 自然传奇
2026-08-08 06:39:10,929 - IPTVCollector - INFO - 📌 未分类频道追加到 '其他': Good
2026-08-08 06:39:10,929 - IPTVCollector - INFO - 📌 未分类频道追加到 '其他': 春晚2025
2026-08-08 06:39:10,929 - IPTVCollector - INFO - 📌 未分类频道追加到 '其他': Wild Earth
2026-08-08 06:39:10,929 - IPTVCollector - INFO - 📌 未分类频道追加到 '其他': 飞碟之谜01
2026-08-08 06:39:10,929 - IPTVCollector - INFO - 📌 未分类频道追加到 '其他': 韩国EBS少儿
2026-08-08 06:39:10,929 - IPTVCollector - INFO - 📌 未分类频道追加到 '其他': Good 2
2026-08-08 06:39:10,930 - IPTVCollector - INFO - 📌 未分类频道追加到 '其他': RT Balkan
2026-08-08 06:39:10,930 - IPTVCollector - INFO - 📌 未分类频道追加到 '其他': CGTN-Documentary
2026-08-08 06:39:10,930 - IPTVCollector - INFO - 📌 未分类频道追加到 '其他': 倩女幽魂人间道
2026-08-08 06:39:10,930 - IPTVCollector - INFO - 📌 未分类频道追加到 '其他': 倩女幽魂道道道
2026-08-08 06:39:10,930 - IPTVCollector - INFO - 📌 未分类频道追加到 '其他': WionNews
2026-08-08 06:39:10,930 - IPTVCollector - INFO - 📌 未分类频道追加到 '其他': Pet Club TV
2026-08-08 06:39:10,931 - IPTVCollector - INFO - 📌 未分类频道追加到 '其他': 2024年春晚
2026-08-08 06:39:10,931 - IPTVCollector - INFO - 📌 未分类频道追加到 '其他': 环球电视
2026-08-08 06:39:10,931 - IPTVCollector - INFO - 📌 未分类频道追加到 '其他': RT Français
2026-08-08 06:39:10,931 - IPTVCollector - INFO - 📌 未分类频道追加到 '其他': 春晚2024
2026-08-08 06:39:10,931 - IPTVCollector - INFO - 📌 未分类频道追加到 '其他': 倩女幽魂妖魔道
2026-08-08 06:39:10,932 - IPTVCollector - INFO - 🌏 自动追加: 福州广电视台新闻综合频道 -> ☘️福建频道
2026-08-08 06:39:10,932 - IPTVCollector - INFO - 🎯 Demo 筛选：原始 311 -> 匹配/分类后 311 个频道
2026-08-08 06:39:10,932 - IPTVCollector - INFO - 📊 Demo筛选后: 311
2026-08-08 06:39:10,933 - IPTVCollector - INFO - ✅ M3U 文件已生成: output/tv.m3u
2026-08-08 06:39:10,933 - IPTVCollector - INFO - ✅ TXT 文件已生成: output/tv.txt
2026-08-08 06:39:10,934 - IPTVCollector - INFO - ✅ 多源 M3U 文件已生成: output/tv_multi.m3u
2026-08-08 06:39:10,936 - IPTVCollector - INFO - ✅ JSON API 已生成: output/channels.json
2026-08-08 06:39:10,937 - IPTVCollector - INFO - ✅ 精简版已生成: output/tv_lite.m3u
2026-08-08 06:39:10,937 - IPTVCollector - INFO - ✅ M3U 文件已生成: output/tv_epg.m3u
2026-08-08 06:39:10,937 - IPTVCollector - INFO - 🚀 IPTV 自治系统启动
2026-08-08 06:39:10,937 - IPTVCollector - INFO - ⏭️ 跳过发现阶段
2026-08-08 06:39:10,937 - IPTVCollector - INFO - ==================================================
阶段2: 从缓存观察候选源
==================================================
2026-08-08 06:39:10,977 - IPTVCollector - INFO -   📊 观察进度: 100/210，稳定 0 个
2026-08-08 06:39:10,994 - IPTVCollector - INFO -   📊 观察进度: 200/210，稳定 0 个
2026-08-08 06:39:10,996 - IPTVCollector - INFO - ✅ 观察阶段完成: 0 个源达到稳定标准
2026-08-08 06:39:10,996 - IPTVCollector - INFO - ==================================================
阶段3: 提升稳定源
==================================================
2026-08-08 06:39:10,996 - IPTVCollector - INFO - 📭 没有稳定的候选源需要提升
2026-08-08 06:39:10,996 - IPTVCollector - INFO - 📊 自治模式统计:
2026-08-08 06:39:10,996 - IPTVCollector - INFO -   候选池总数: 730, 观察中: 210, 稳定: 512
2026-08-08 06:39:10,996 - IPTVCollector - INFO -   本次新提升: 0
2026-08-08 06:39:10,997 - IPTVCollector - INFO - 🎉 全部完成！
2026-08-08 12:29:43,265 - IPTVCollector - INFO - 🚀 IPTV 智能整理平台启动
2026-08-08 12:29:43,268 - IPTVCollector - INFO - ✅ 数据库缓存已启用: data/iptv_cache.db
2026-08-08 12:29:43,270 - IPTVCollector - INFO - 📌 CCTV-1 已设为固定源 (auto_optimize=True)
2026-08-08 12:29:43,271 - IPTVCollector - INFO - 📌 CCTV-2 已设为固定源 (auto_optimize=True)
2026-08-08 12:29:43,272 - IPTVCollector - INFO - 📌 CCTV-3 已设为固定源 (auto_optimize=True)
2026-08-08 12:29:43,273 - IPTVCollector - INFO - 📌 CCTV-4 已设为固定源 (auto_optimize=True)
2026-08-08 12:29:43,275 - IPTVCollector - INFO - 📌 CCTV-5 已设为固定源 (auto_optimize=True)
2026-08-08 12:29:43,276 - IPTVCollector - INFO - 📌 CCTV-5+ 已设为固定源 (auto_optimize=True)
2026-08-08 12:29:43,277 - IPTVCollector - INFO - 📌 CCTV-6 已设为固定源 (auto_optimize=True)
2026-08-08 12:29:43,278 - IPTVCollector - INFO - 📌 CCTV-7 已设为固定源 (auto_optimize=True)
2026-08-08 12:29:43,279 - IPTVCollector - INFO - 📌 CCTV-8 已设为固定源 (auto_optimize=True)
2026-08-08 12:29:43,280 - IPTVCollector - INFO - 📌 CCTV-9 已设为固定源 (auto_optimize=True)
2026-08-08 12:29:43,282 - IPTVCollector - INFO - 📌 CCTV-10 已设为固定源 (auto_optimize=True)
2026-08-08 12:29:43,283 - IPTVCollector - INFO - 📌 CCTV-11 已设为固定源 (auto_optimize=True)
2026-08-08 12:29:43,284 - IPTVCollector - INFO - 📌 CCTV-12 已设为固定源 (auto_optimize=True)
2026-08-08 12:29:43,285 - IPTVCollector - INFO - 📌 CCTV-13 已设为固定源 (auto_optimize=True)
2026-08-08 12:29:43,286 - IPTVCollector - INFO - 📌 CCTV-14 已设为固定源 (auto_optimize=True)
2026-08-08 12:29:43,287 - IPTVCollector - INFO - 📌 CCTV-15 已设为固定源 (auto_optimize=True)
2026-08-08 12:29:43,288 - IPTVCollector - INFO - 📌 CCTV-16 已设为固定源 (auto_optimize=True)
2026-08-08 12:29:43,290 - IPTVCollector - INFO - 📌 CCTV-17 已设为固定源 (auto_optimize=True)
2026-08-08 12:29:43,291 - IPTVCollector - INFO - 📌 CCTV4欧洲 已设为固定源 (auto_optimize=True)
2026-08-08 12:29:43,292 - IPTVCollector - INFO - 📌 CCTV4美洲 已设为固定源 (auto_optimize=True)
2026-08-08 12:29:43,292 - IPTVCollector - INFO - 📌 固定源已同步到数据库
2026-08-08 12:29:43,293 - IPTVCollector - INFO - 📋 订阅源解析：普通 11 个，白名单 0 个
2026-08-08 12:29:43,293 - IPTVCollector - INFO - 📋 使用 11 个源
2026-08-08 12:30:01,374 - IPTVCollector - INFO - 📊 测速完成，有效频道: 378 个
2026-08-08 12:30:01,374 - IPTVCollector - INFO - 📊 通过测速的频道数: 378
2026-08-08 12:30:01,757 - IPTVCollector - INFO - 🔍 ffmpeg 深度验证: 0 个需验证，376 个来自缓存/HTTP
2026-08-08 12:30:01,758 - IPTVCollector - INFO - ✅ ffmpeg 验证完成: 通过 376/378 个频道
2026-08-08 12:30:01,758 - IPTVCollector - INFO - 📊 通过ffmpeg验证的频道数: 376
2026-08-08 12:30:01,766 - IPTVCollector - INFO - 🔄 固定源自动优化: 荆门新闻综合 -> http://stream8.jlntv.cn/hctv/sd/live.m3u8?zjild...
2026-08-08 12:30:01,767 - IPTVCollector - INFO - 📌 已使用 19 个固定源（含自动优化）
2026-08-08 12:30:01,767 - IPTVCollector - INFO - 📊 合并完成: 共 327 个频道
2026-08-08 12:30:01,767 - IPTVCollector - INFO - 📊 合并后的频道数: 327
2026-08-08 12:30:01,796 - IPTVCollector - INFO - 📊 黑名单过滤后: 310
2026-08-08 12:30:01,799 - IPTVCollector - INFO - 📋 从 demo.txt 解析到 3541 个有序频道
2026-08-08 12:30:01,801 - IPTVCollector - INFO - 📋 从 demo.txt 解析到 3541 个有序频道
2026-08-08 12:31:29,203 - IPTVCollector - INFO - 📌 未分类频道追加到 '其他': CGTN西语
2026-08-08 12:31:29,203 - IPTVCollector - INFO - 📌 未分类频道追加到 '其他': CGTN阿语
2026-08-08 12:31:29,203 - IPTVCollector - INFO - 🌏 自动追加: 上海卫视 -> ☘️上海频道
2026-08-08 12:31:29,203 - IPTVCollector - INFO - 📌 未分类频道追加到 '其他': 熊猫直
2026-08-08 12:31:29,204 - IPTVCollector - INFO - 📌 未分类频道追加到 '其他': CGTN记录
2026-08-08 12:31:29,204 - IPTVCollector - INFO - 📌 未分类频道追加到 '其他': 东南卫视
2026-08-08 12:31:29,204 - IPTVCollector - INFO - 📌 未分类频道追加到 '其他': 耀才财经
2026-08-08 12:31:29,204 - IPTVCollector - INFO - 📌 未分类频道追加到 '其他': 九台
2026-08-08 12:31:29,204 - IPTVCollector - INFO - 📌 未分类频道追加到 '其他': 双辽
2026-08-08 12:31:29,205 - IPTVCollector - INFO - 📌 未分类频道追加到 '其他': 延边2
2026-08-08 12:31:29,205 - IPTVCollector - INFO - 📌 未分类频道追加到 '其他': 东丰
2026-08-08 12:31:29,205 - IPTVCollector - INFO - 📌 未分类频道追加到 '其他': 柳河
2026-08-08 12:31:29,205 - IPTVCollector - INFO - 📌 未分类频道追加到 '其他': 桦甸
2026-08-08 12:31:29,205 - IPTVCollector - INFO - 📌 未分类频道追加到 '其他': 汪清
2026-08-08 12:31:29,206 - IPTVCollector - INFO - 📌 未分类频道追加到 '其他': 珲春新闻
2026-08-08 12:31:29,206 - IPTVCollector - INFO - 📌 未分类频道追加到 '其他': 辉南新闻
2026-08-08 12:31:29,207 - IPTVCollector - INFO - 🌏 自动追加: 通化县 -> ☘️吉林频道
2026-08-08 12:31:29,207 - IPTVCollector - INFO - 📌 未分类频道追加到 '其他': 磐石
2026-08-08 12:31:29,209 - IPTVCollector - INFO - 🌏 自动追加: 长白山电视台 -> ☘️吉林频道
2026-08-08 12:31:29,209 - IPTVCollector - INFO - 📌 未分类频道追加到 '其他': 龙井
2026-08-08 12:31:29,209 - IPTVCollector - INFO - 📌 未分类频道追加到 '其他': 舒兰新闻
2026-08-08 12:31:29,209 - IPTVCollector - INFO - 📌 未分类频道追加到 '其他': 通海电视台
2026-08-08 12:31:29,209 - IPTVCollector - INFO - 📌 未分类频道追加到 '其他': 大立电视台
2026-08-08 12:31:29,210 - IPTVCollector - INFO - 🌏 自动追加: 绍兴电视台公共 -> ☘️浙江频道
2026-08-08 12:31:29,210 - IPTVCollector - INFO - 📌 未分类频道追加到 '其他': 伊犁经济法制
2026-08-08 12:31:29,210 - IPTVCollector - INFO - 📌 未分类频道追加到 '其他': 龙门飞甲
2026-08-08 12:31:29,210 - IPTVCollector - INFO - 📌 未分类频道追加到 '其他': 奎屯汉语
2026-08-08 12:31:29,211 - IPTVCollector - INFO - 📌 未分类频道追加到 '其他': 玛纳斯
2026-08-08 12:31:29,211 - IPTVCollector - INFO - 📌 未分类频道追加到 '其他': 玛纳斯综合
2026-08-08 12:31:29,211 - IPTVCollector - INFO - 📌 未分类频道追加到 '其他': 浙江钱江都市
2026-08-08 12:31:29,211 - IPTVCollector - INFO - 📌 未分类频道追加到 '其他': 数码时代
2026-08-08 12:31:29,211 - IPTVCollector - INFO - 📌 未分类频道追加到 '其他': 梨园
2026-08-08 12:31:29,212 - IPTVCollector - INFO - 📌 未分类频道追加到 '其他': 浙江教科影视
2026-08-08 12:31:29,212 - IPTVCollector - INFO - 📌 未分类频道追加到 '其他': 浙江教育
2026-08-08 12:31:29,212 - IPTVCollector - INFO - 📌 未分类频道追加到 '其他': 浙江教科影院
2026-08-08 12:31:29,212 - IPTVCollector - INFO - 📌 未分类频道追加到 '其他': 凤凰中文
2026-08-08 12:31:29,212 - IPTVCollector - INFO - 📌 未分类频道追加到 '其他': 凤凰资讯
2026-08-08 12:31:29,213 - IPTVCollector - INFO - 🌏 自动追加: 凤凰香港 -> 🌊港·澳·台
2026-08-08 12:31:29,213 - IPTVCollector - INFO - 📌 未分类频道追加到 '其他': 浙江经济
2026-08-08 12:31:29,213 - IPTVCollector - INFO - 📌 未分类频道追加到 '其他': 浙江民生休闲
2026-08-08 12:31:29,213 - IPTVCollector - INFO - 📌 未分类频道追加到 '其他': 浙江钱江频道
2026-08-08 12:31:29,214 - IPTVCollector - INFO - 📌 未分类频道追加到 '其他': 韩国电影2
2026-08-08 12:31:29,214 - IPTVCollector - INFO - 📌 未分类频道追加到 '其他': 韩国电影1
2026-08-08 12:31:29,214 - IPTVCollector - INFO - 📌 未分类频道追加到 '其他': 浙江生活
2026-08-08 12:31:29,214 - IPTVCollector - INFO - 📌 未分类频道追加到 '其他': 都市青春
2026-08-08 12:31:29,216 - IPTVCollector - INFO - 🌏 自动追加: 武汉一台新闻综合 -> ☘️湖北频道
2026-08-08 12:31:29,216 - IPTVCollector - INFO - 📌 未分类频道追加到 '其他': FZTV3
2026-08-08 12:31:29,216 - IPTVCollector - INFO - 📌 未分类频道追加到 '其他': 陕西新闻咨询
2026-08-08 12:31:29,216 - IPTVCollector - INFO - 📌 未分类频道追加到 '其他': 江津新闻
2026-08-08 12:31:29,218 - IPTVCollector - INFO - 🌏 自动追加: 哈尔滨都市咨询 -> ☘️黑龙江频道
2026-08-08 12:31:29,218 - IPTVCollector - INFO - 📌 未分类频道追加到 '其他': 无线新闻台
2026-08-08 12:31:29,218 - IPTVCollector - INFO - 📌 未分类频道追加到 '其他': ABN China
2026-08-08 12:31:29,218 - IPTVCollector - INFO - 📌 未分类频道追加到 '其他': Bread TV面包台
2026-08-08 12:31:29,218 - IPTVCollector - INFO - 📌 未分类频道追加到 '其他': 新闻咨询
2026-08-08 12:31:29,218 - IPTVCollector - INFO - 📌 未分类频道追加到 '其他': 河南电视剧
2026-08-08 12:31:29,219 - IPTVCollector - INFO - 📌 未分类频道追加到 '其他': 音乐欣赏
2026-08-08 12:31:29,219 - IPTVCollector - INFO - 📌 未分类频道追加到 '其他': Anhui TV
2026-08-08 12:31:29,219 - IPTVCollector - INFO - 📌 未分类频道追加到 '其他': 韩国EBS少儿
2026-08-08 12:31:29,219 - IPTVCollector - INFO - 📌 未分类频道追加到 '其他': 1989年春晚
2026-08-08 12:31:29,219 - IPTVCollector - INFO - 📌 未分类频道追加到 '其他': 1988年春晚
2026-08-08 12:31:29,219 - IPTVCollector - INFO - 📌 未分类频道追加到 '其他': 1987年春晚
2026-08-08 12:31:29,220 - IPTVCollector - INFO - 📌 未分类频道追加到 '其他': 飞碟之谜01
2026-08-08 12:31:29,220 - IPTVCollector - INFO - 📌 未分类频道追加到 '其他': 人与自然
2026-08-08 12:31:29,220 - IPTVCollector - INFO - 📌 未分类频道追加到 '其他': 地理中国
2026-08-08 12:31:29,220 - IPTVCollector - INFO - 📌 未分类频道追加到 '其他': 自然传奇
2026-08-08 12:31:29,220 - IPTVCollector - INFO - 📌 未分类频道追加到 '其他': Dali TV
2026-08-08 12:31:29,220 - IPTVCollector - INFO - 📌 未分类频道追加到 '其他': CNA
2026-08-08 12:31:29,221 - IPTVCollector - INFO - 📌 未分类频道追加到 '其他': TVB News
2026-08-08 12:31:29,221 - IPTVCollector - INFO - 📌 未分类频道追加到 '其他': Supreme Master TV
2026-08-08 12:31:29,221 - IPTVCollector - INFO - 📌 未分类频道追加到 '其他': Arirang
2026-08-08 12:31:29,221 - IPTVCollector - INFO - 📌 未分类频道追加到 '其他': Newsmax
2026-08-08 12:31:29,221 - IPTVCollector - INFO - 📌 未分类频道追加到 '其他': Good
2026-08-08 12:31:29,221 - IPTVCollector - INFO - 📌 未分类频道追加到 '其他': Good 2
2026-08-08 12:31:29,222 - IPTVCollector - INFO - 📌 未分类频道追加到 '其他': 2024年春晚
2026-08-08 12:31:29,222 - IPTVCollector - INFO - 📌 未分类频道追加到 '其他': Wild Earth
2026-08-08 12:31:29,222 - IPTVCollector - INFO - 📌 未分类频道追加到 '其他': 倩女幽魂人间道
2026-08-08 12:31:29,222 - IPTVCollector - INFO - 📌 未分类频道追加到 '其他': 倩女幽魂妖魔道
2026-08-08 12:31:29,222 - IPTVCollector - INFO - 📌 未分类频道追加到 '其他': 倩女幽魂道道道
2026-08-08 12:31:29,222 - IPTVCollector - INFO - 📌 未分类频道追加到 '其他': Trace Sports
2026-08-08 12:31:29,223 - IPTVCollector - INFO - 📌 未分类频道追加到 '其他': Home Plus
2026-08-08 12:31:29,223 - IPTVCollector - INFO - 📌 未分类频道追加到 '其他': 春晚2025
2026-08-08 12:31:29,223 - IPTVCollector - INFO - 📌 未分类频道追加到 '其他': Beautiful Life TV
2026-08-08 12:31:29,223 - IPTVCollector - INFO - 📌 未分类频道追加到 '其他': 春晚2024
2026-08-08 12:31:29,223 - IPTVCollector - INFO - 📌 未分类频道追加到 '其他': Pet Club TV
2026-08-08 12:31:29,223 - IPTVCollector - INFO - 📌 未分类频道追加到 '其他': Harbin Comprehensive News Channel
2026-08-08 12:31:29,224 - IPTVCollector - INFO - 📌 未分类频道追加到 '其他': Chifeng Comprehensive News Chanel
2026-08-08 12:31:29,224 - IPTVCollector - INFO - 📌 未分类频道追加到 '其他': WionNews
2026-08-08 12:31:29,224 - IPTVCollector - INFO - 📌 未分类频道追加到 '其他': 环球电视
2026-08-08 12:31:29,224 - IPTVCollector - INFO - 📌 未分类频道追加到 '其他': Nei Monggol TV [Not 24/7]
2026-08-08 12:31:29,224 - IPTVCollector - INFO - 📌 未分类频道追加到 '其他': Siping TV
2026-08-08 12:31:29,224 - IPTVCollector - INFO - 📌 未分类频道追加到 '其他': Nei Monggol TV 2 Mongolian Culture Channel [Not 24/7]
2026-08-08 12:31:29,225 - IPTVCollector - INFO - 📌 未分类频道追加到 '其他': Zhejiang TV International
2026-08-08 12:31:29,225 - IPTVCollector - INFO - 📌 未分类频道追加到 '其他': Hunan TV
2026-08-08 12:31:29,225 - IPTVCollector - INFO - 📌 未分类频道追加到 '其他': Harbin Movie Channel
2026-08-08 12:31:29,225 - IPTVCollector - INFO - 📌 未分类频道追加到 '其他': Xinjiang TV 2
2026-08-08 12:31:29,225 - IPTVCollector - INFO - 📌 未分类频道追加到 '其他': Xinjiang TV 3
2026-08-08 12:31:29,226 - IPTVCollector - INFO - 📌 未分类频道追加到 '其他': CGTN Documentary
2026-08-08 12:31:29,226 - IPTVCollector - INFO - 📌 未分类频道追加到 '其他': QTV-1
2026-08-08 12:31:29,226 - IPTVCollector - INFO - 📌 未分类频道追加到 '其他': TV BRICS Chinese
2026-08-08 12:31:29,226 - IPTVCollector - INFO - 📌 未分类频道追加到 '其他': RT Balkan
2026-08-08 12:31:29,226 - IPTVCollector - INFO - 📌 未分类频道追加到 '其他': 前郭综合 [Geo-blocked]
2026-08-08 12:31:29,227 - IPTVCollector - INFO - 🌏 自动追加: 四平新闻综合 [Geo-blocked] -> ☘️吉林频道
2026-08-08 12:31:29,228 - IPTVCollector - INFO - 📌 未分类频道追加到 '其他': 延边新闻综合 [Geo-blocked]
2026-08-08 12:31:29,228 - IPTVCollector - INFO - 🌏 自动追加: 浙江 Ⅰ 绍兴影视 -> ☘️浙江频道
2026-08-08 12:31:29,229 - IPTVCollector - INFO - 🌏 自动追加: 松原新闻综合 [Geo-blocked] -> ☘️吉林频道
2026-08-08 12:31:29,229 - IPTVCollector - INFO - 🌏 自动追加: 浙江 Ⅰ 绍兴综合 -> ☘️浙江频道
2026-08-08 12:31:29,230 - IPTVCollector - INFO - 🌏 自动追加: 福州广电视台新闻综合频道 -> ☘️福建频道
2026-08-08 12:31:29,232 - IPTVCollector - INFO - 🌏 自动追加: 白山新闻综合 [Geo-blocked] -> ☘️吉林频道
2026-08-08 12:31:29,232 - IPTVCollector - INFO - 📌 未分类频道追加到 '其他': 江津经济生活
2026-08-08 12:31:29,232 - IPTVCollector - INFO - 📌 未分类频道追加到 '其他': 辽新闻综合 [Geo-blocked]
2026-08-08 12:31:29,233 - IPTVCollector - INFO - 🌏 自动追加: 通化新闻 [Geo-blocked] -> ☘️吉林频道
2026-08-08 12:31:29,234 - IPTVCollector - INFO - 📌 未分类频道追加到 '其他': 集安综合 [Geo-blocked]
2026-08-08 12:31:29,235 - IPTVCollector - INFO - 🌏 自动追加: 长春综合 [Geo-blocked] -> ☘️吉林频道
2026-08-08 12:31:29,235 - IPTVCollector - INFO - 📌 未分类频道追加到 '其他': Dragon TV International
2026-08-08 12:31:29,235 - IPTVCollector - INFO - 📌 未分类频道追加到 '其他': 靖江新闻綜合 [Not 24/7]
2026-08-08 12:31:29,236 - IPTVCollector - INFO - 📌 未分类频道追加到 '其他': 荣昌综合 [Not 24/7]
2026-08-08 12:31:29,236 - IPTVCollector - INFO - 📌 未分类频道追加到 '其他': Hebei TV
2026-08-08 12:31:29,236 - IPTVCollector - INFO - 🎯 Demo 筛选：原始 310 -> 匹配/分类后 310 个频道
2026-08-08 12:31:29,236 - IPTVCollector - INFO - 📊 Demo筛选后: 310
2026-08-08 12:31:29,237 - IPTVCollector - INFO - ✅ M3U 文件已生成: output/tv.m3u
2026-08-08 12:31:29,237 - IPTVCollector - INFO - ✅ TXT 文件已生成: output/tv.txt
2026-08-08 12:31:29,238 - IPTVCollector - INFO - ✅ 多源 M3U 文件已生成: output/tv_multi.m3u
2026-08-08 12:31:29,240 - IPTVCollector - INFO - ✅ JSON API 已生成: output/channels.json
2026-08-08 12:31:29,241 - IPTVCollector - INFO - ✅ 精简版已生成: output/tv_lite.m3u
2026-08-08 12:31:29,241 - IPTVCollector - INFO - ✅ M3U 文件已生成: output/tv_epg.m3u
2026-08-08 12:31:29,241 - IPTVCollector - INFO - 🚀 IPTV 自治系统启动
2026-08-08 12:31:29,241 - IPTVCollector - INFO - ⏭️ 跳过发现阶段
2026-08-08 12:31:29,242 - IPTVCollector - INFO - ==================================================
阶段2: 从缓存观察候选源
==================================================
2026-08-08 12:31:29,275 - IPTVCollector - INFO -   📊 观察进度: 100/215，稳定 0 个
2026-08-08 12:31:29,291 - IPTVCollector - INFO -   📊 观察进度: 200/215，稳定 0 个
2026-08-08 12:31:29,294 - IPTVCollector - INFO - ✅ 观察阶段完成: 0 个源达到稳定标准
2026-08-08 12:31:29,294 - IPTVCollector - INFO - ==================================================
阶段3: 提升稳定源
==================================================
2026-08-08 12:31:29,294 - IPTVCollector - INFO - 📭 没有稳定的候选源需要提升
2026-08-08 12:31:29,295 - IPTVCollector - INFO - 📊 自治模式统计:
2026-08-08 12:31:29,295 - IPTVCollector - INFO -   候选池总数: 730, 观察中: 215, 稳定: 507
2026-08-08 12:31:29,295 - IPTVCollector - INFO -   本次新提升: 0
2026-08-08 12:31:29,295 - IPTVCollector - INFO - 🎉 全部完成！
2026-08-08 18:24:23,173 - IPTVCollector - INFO - 🚀 IPTV 智能整理平台启动
2026-08-08 18:24:23,176 - IPTVCollector - INFO - ✅ 数据库缓存已启用: data/iptv_cache.db
2026-08-08 18:24:23,178 - IPTVCollector - INFO - 📌 CCTV-1 已设为固定源 (auto_optimize=True)
2026-08-08 18:24:23,179 - IPTVCollector - INFO - 📌 CCTV-2 已设为固定源 (auto_optimize=True)
2026-08-08 18:24:23,180 - IPTVCollector - INFO - 📌 CCTV-3 已设为固定源 (auto_optimize=True)
2026-08-08 18:24:23,183 - IPTVCollector - INFO - 📌 CCTV-4 已设为固定源 (auto_optimize=True)
2026-08-08 18:24:23,184 - IPTVCollector - INFO - 📌 CCTV-5 已设为固定源 (auto_optimize=True)
2026-08-08 18:24:23,185 - IPTVCollector - INFO - 📌 CCTV-5+ 已设为固定源 (auto_optimize=True)
2026-08-08 18:24:23,186 - IPTVCollector - INFO - 📌 CCTV-6 已设为固定源 (auto_optimize=True)
2026-08-08 18:24:23,187 - IPTVCollector - INFO - 📌 CCTV-7 已设为固定源 (auto_optimize=True)
2026-08-08 18:24:23,188 - IPTVCollector - INFO - 📌 CCTV-8 已设为固定源 (auto_optimize=True)
2026-08-08 18:24:23,189 - IPTVCollector - INFO - 📌 CCTV-9 已设为固定源 (auto_optimize=True)
2026-08-08 18:24:23,190 - IPTVCollector - INFO - 📌 CCTV-10 已设为固定源 (auto_optimize=True)
2026-08-08 18:24:23,192 - IPTVCollector - INFO - 📌 CCTV-11 已设为固定源 (auto_optimize=True)
2026-08-08 18:24:23,193 - IPTVCollector - INFO - 📌 CCTV-12 已设为固定源 (auto_optimize=True)
2026-08-08 18:24:23,194 - IPTVCollector - INFO - 📌 CCTV-13 已设为固定源 (auto_optimize=True)
2026-08-08 18:24:23,195 - IPTVCollector - INFO - 📌 CCTV-14 已设为固定源 (auto_optimize=True)
2026-08-08 18:24:23,196 - IPTVCollector - INFO - 📌 CCTV-15 已设为固定源 (auto_optimize=True)
2026-08-08 18:24:23,197 - IPTVCollector - INFO - 📌 CCTV-16 已设为固定源 (auto_optimize=True)
2026-08-08 18:24:23,199 - IPTVCollector - INFO - 📌 CCTV-17 已设为固定源 (auto_optimize=True)
2026-08-08 18:24:23,200 - IPTVCollector - INFO - 📌 CCTV4欧洲 已设为固定源 (auto_optimize=True)
2026-08-08 18:24:23,201 - IPTVCollector - INFO - 📌 CCTV4美洲 已设为固定源 (auto_optimize=True)
2026-08-08 18:24:23,201 - IPTVCollector - INFO - 📌 固定源已同步到数据库
2026-08-08 18:24:23,201 - IPTVCollector - INFO - 📋 订阅源解析：普通 11 个，白名单 0 个
2026-08-08 18:24:23,202 - IPTVCollector - INFO - 📋 使用 11 个源
2026-08-08 18:24:23,208 - IPTVCollector - INFO - 🔄 拉取: https://raw.githubusercontent.com/iptv-org/iptv/gh-pages/countries/cn.m3u
2026-08-08 18:24:23,254 - IPTVCollector - INFO - 🔄 拉取: https://raw.githubusercontent.com/iptv-org/iptv/master/streams/cn.m3u
2026-08-08 18:24:23,255 - IPTVCollector - INFO - 🔄 拉取: https://raw.githubusercontent.com/vbskycn/iptv/master/tv/iptv4.txt
2026-08-08 18:24:23,255 - IPTVCollector - INFO - 🔄 拉取: https://raw.githubusercontent.com/zzgpy1/Collect-IPTV/main/best_sorted.m3u
2026-08-08 18:24:23,256 - IPTVCollector - INFO - 🔄 拉取: https://raw.githubusercontent.com/zzgpy1/ITV/main/output/tv.m3u
2026-08-08 18:24:23,256 - IPTVCollector - INFO - 🔄 拉取: https://raw.githubusercontent.com/iptv-org/iptv/refs/heads/master/streams/cn.m3u
2026-08-08 18:24:23,257 - IPTVCollector - INFO - 🔄 拉取: https://raw.githubusercontent.com/zzgpy1/ipv6-iptv/master/tv/iptv4.txt
2026-08-08 18:24:23,257 - IPTVCollector - INFO - 🔄 拉取: https://raw.githubusercontent.com/CCSH/IPTV/refs/heads/main/live.txt
2026-08-08 18:24:23,257 - IPTVCollector - INFO - 🔄 拉取: https://raw.githubusercontent.com/kakaxi-1/IPTV/main/iptv.txt
2026-08-08 18:24:23,257 - IPTVCollector - INFO - 🔄 拉取: https://raw.githubusercontent.com/zzgpy1/iptv-api/master/output/result.txt
2026-08-08 18:24:23,257 - IPTVCollector - INFO - 🔄 拉取: https://tv.19860519.xyz/xymm
2026-08-08 18:24:45,634 - IPTVCollector - INFO - 📊 测速完成，有效频道: 392 个
2026-08-08 18:24:45,634 - IPTVCollector - INFO - 📊 通过测速的频道数: 392
2026-08-08 18:24:51,669 - IPTVCollector - INFO - 🔍 ffmpeg 深度验证: 0 个需验证，391 个来自缓存/HTTP
2026-08-08 18:24:51,670 - IPTVCollector - INFO - ✅ ffmpeg 验证完成: 通过 391/392 个频道
2026-08-08 18:24:51,670 - IPTVCollector - INFO - 📊 通过ffmpeg验证的频道数: 391
2026-08-08 18:24:51,677 - IPTVCollector - INFO - 📌 已使用 19 个固定源（含自动优化）
2026-08-08 18:24:51,678 - IPTVCollector - INFO - 📊 合并完成: 共 337 个频道
2026-08-08 18:24:51,678 - IPTVCollector - INFO - 📊 合并后的频道数: 337
2026-08-08 18:24:51,708 - IPTVCollector - INFO - 📊 黑名单过滤后: 323
2026-08-08 18:24:51,713 - IPTVCollector - INFO - 📋 从 demo.txt 解析到 3541 个有序频道
2026-08-08 18:24:51,715 - IPTVCollector - INFO - 📋 从 demo.txt 解析到 3541 个有序频道
2026-08-08 18:26:03,230 - IPTVCollector - INFO - 📌 未分类频道追加到 '其他': 凤凰中文
2026-08-08 18:26:03,231 - IPTVCollector - INFO - 🌏 自动追加: 凤凰香港 -> 🌊港·澳·台
2026-08-08 18:26:03,231 - IPTVCollector - INFO - 📌 未分类频道追加到 '其他': 凤凰资讯
2026-08-08 18:26:03,231 - IPTVCollector - INFO - 📌 未分类频道追加到 '其他': 韩国电影2
2026-08-08 18:26:03,231 - IPTVCollector - INFO - 📌 未分类频道追加到 '其他': 韩国电影1
2026-08-08 18:26:03,231 - IPTVCollector - INFO - 📌 未分类频道追加到 '其他': 数码时代
2026-08-08 18:26:03,232 - IPTVCollector - INFO - 📌 未分类频道追加到 '其他': 浙江经济
2026-08-08 18:26:03,232 - IPTVCollector - INFO - 📌 未分类频道追加到 '其他': 浙江教科影院
2026-08-08 18:26:03,232 - IPTVCollector - INFO - 📌 未分类频道追加到 '其他': 浙江生活
2026-08-08 18:26:03,232 - IPTVCollector - INFO - 📌 未分类频道追加到 '其他': 浙江教育
2026-08-08 18:26:03,232 - IPTVCollector - INFO - 📌 未分类频道追加到 '其他': 浙江钱江频道
2026-08-08 18:26:03,232 - IPTVCollector - INFO - 📌 未分类频道追加到 '其他': 浙江民生休闲
2026-08-08 18:26:03,234 - IPTVCollector - INFO - 🌏 自动追加: 武汉一台新闻综合 -> ☘️湖北频道
2026-08-08 18:26:03,234 - IPTVCollector - INFO - 📌 未分类频道追加到 '其他': 陕西新闻咨询
2026-08-08 18:26:03,234 - IPTVCollector - INFO - 📌 未分类频道追加到 '其他': 江津新闻
2026-08-08 18:26:03,234 - IPTVCollector - INFO - 📌 未分类频道追加到 '其他': ABN China
2026-08-08 18:26:03,234 - IPTVCollector - INFO - 📌 未分类频道追加到 '其他': Anhui TV
2026-08-08 18:26:03,234 - IPTVCollector - INFO - 📌 未分类频道追加到 '其他': Bread TV面包台
2026-08-08 18:26:03,235 - IPTVCollector - INFO - 📌 未分类频道追加到 '其他': FZTV3
2026-08-08 18:26:03,235 - IPTVCollector - INFO - 📌 未分类频道追加到 '其他': 都市青春
2026-08-08 18:26:03,236 - IPTVCollector - INFO - 🌏 自动追加: 哈尔滨都市咨询 -> ☘️黑龙江频道
2026-08-08 18:26:03,236 - IPTVCollector - INFO - 📌 未分类频道追加到 '其他': 无线新闻台
2026-08-08 18:26:03,236 - IPTVCollector - INFO - 📌 未分类频道追加到 '其他': 河南电视剧
2026-08-08 18:26:03,236 - IPTVCollector - INFO - 📌 未分类频道追加到 '其他': 音乐欣赏
2026-08-08 18:26:03,237 - IPTVCollector - INFO - 📌 未分类频道追加到 '其他': 华丽翡翠台
2026-08-08 18:26:03,237 - IPTVCollector - INFO - 📌 未分类频道追加到 '其他': 新闻咨询
2026-08-08 18:26:03,237 - IPTVCollector - INFO - 📌 未分类频道追加到 '其他': 1988年春晚
2026-08-08 18:26:03,237 - IPTVCollector - INFO - 📌 未分类频道追加到 '其他': 1987年春晚
2026-08-08 18:26:03,237 - IPTVCollector - INFO - 📌 未分类频道追加到 '其他': 1989年春晚
2026-08-08 18:26:03,237 - IPTVCollector - INFO - 📌 未分类频道追加到 '其他': 自然传奇
2026-08-08 18:26:03,237 - IPTVCollector - INFO - 📌 未分类频道追加到 '其他': 地理中国
2026-08-08 18:26:03,238 - IPTVCollector - INFO - 📌 未分类频道追加到 '其他': 韩国EBS少儿
2026-08-08 18:26:03,238 - IPTVCollector - INFO - 📌 未分类频道追加到 '其他': Newsmax
2026-08-08 18:26:03,238 - IPTVCollector - INFO - 📌 未分类频道追加到 '其他': 飞碟之谜01
2026-08-08 18:26:03,238 - IPTVCollector - INFO - 📌 未分类频道追加到 '其他': 人与自然
2026-08-08 18:26:03,238 - IPTVCollector - INFO - 📌 未分类频道追加到 '其他': CNA
2026-08-08 18:26:03,238 - IPTVCollector - INFO - 📌 未分类频道追加到 '其他': Home Plus
2026-08-08 18:26:03,238 - IPTVCollector - INFO - 📌 未分类频道追加到 '其他': Supreme Master TV
2026-08-08 18:26:03,238 - IPTVCollector - INFO - 📌 未分类频道追加到 '其他': Arirang
2026-08-08 18:26:03,239 - IPTVCollector - INFO - 📌 未分类频道追加到 '其他': TVB News
2026-08-08 18:26:03,239 - IPTVCollector - INFO - 📌 未分类频道追加到 '其他': Good
2026-08-08 18:26:03,239 - IPTVCollector - INFO - 📌 未分类频道追加到 '其他': Good 2
2026-08-08 18:26:03,239 - IPTVCollector - INFO - 📌 未分类频道追加到 '其他': RT Balkan
2026-08-08 18:26:03,239 - IPTVCollector - INFO - 📌 未分类频道追加到 '其他': Trace Sports
2026-08-08 18:26:03,239 - IPTVCollector - INFO - 📌 未分类频道追加到 '其他': Dali TV
2026-08-08 18:26:03,239 - IPTVCollector - INFO - 📌 未分类频道追加到 '其他': Beautiful Life TV
2026-08-08 18:26:03,240 - IPTVCollector - INFO - 📌 未分类频道追加到 '其他': Pet Club TV
2026-08-08 18:26:03,240 - IPTVCollector - INFO - 📌 未分类频道追加到 '其他': Harbin Comprehensive News Channel
2026-08-08 18:26:03,240 - IPTVCollector - INFO - 📌 未分类频道追加到 '其他': WionNews
2026-08-08 18:26:03,240 - IPTVCollector - INFO - 📌 未分类频道追加到 '其他': Wild Earth
2026-08-08 18:26:03,240 - IPTVCollector - INFO - 📌 未分类频道追加到 '其他': VOA美国之音
2026-08-08 18:26:03,240 - IPTVCollector - INFO - 📌 未分类频道追加到 '其他': 2024年春晚
2026-08-08 18:26:03,240 - IPTVCollector - INFO - 📌 未分类频道追加到 '其他': Hunan TV
2026-08-08 18:26:03,241 - IPTVCollector - INFO - 📌 未分类频道追加到 '其他': RT Français
2026-08-08 18:26:03,241 - IPTVCollector - INFO - 📌 未分类频道追加到 '其他': 春晚2025
2026-08-08 18:26:03,241 - IPTVCollector - INFO - 📌 未分类频道追加到 '其他': Zhejiang TV International
2026-08-08 18:26:03,241 - IPTVCollector - INFO - 📌 未分类频道追加到 '其他': Harbin Movie Channel
2026-08-08 18:26:03,241 - IPTVCollector - INFO - 📌 未分类频道追加到 '其他': TVB Plus
2026-08-08 18:26:03,241 - IPTVCollector - INFO - 📌 未分类频道追加到 '其他': Xinjiang TV 2
2026-08-08 18:26:03,241 - IPTVCollector - INFO - 📌 未分类频道追加到 '其他': Xinjiang TV 3
2026-08-08 18:26:03,241 - IPTVCollector - INFO - 📌 未分类频道追加到 '其他': Siping TV
2026-08-08 18:26:03,242 - IPTVCollector - INFO - 📌 未分类频道追加到 '其他': 倩女幽魂道道道
2026-08-08 18:26:03,242 - IPTVCollector - INFO - 📌 未分类频道追加到 '其他': Nei Monggol TV 2 Mongolian Culture Channel [Not 24/7]
2026-08-08 18:26:03,242 - IPTVCollector - INFO - 📌 未分类频道追加到 '其他': 春晚2024
2026-08-08 18:26:03,242 - IPTVCollector - INFO - 📌 未分类频道追加到 '其他': TV BRICS Chinese
2026-08-08 18:26:03,242 - IPTVCollector - INFO - 📌 未分类频道追加到 '其他': 倩女幽魂人间道
2026-08-08 18:26:03,242 - IPTVCollector - INFO - 📌 未分类频道追加到 '其他': QTV-1
2026-08-08 18:26:03,242 - IPTVCollector - INFO - 📌 未分类频道追加到 '其他': 倩女幽魂妖魔道
2026-08-08 18:26:03,243 - IPTVCollector - INFO - 📌 未分类频道追加到 '其他': Nei Monggol TV [Not 24/7]
2026-08-08 18:26:03,243 - IPTVCollector - INFO - 📌 未分类频道追加到 '其他': Chifeng Comprehensive News Chanel
2026-08-08 18:26:03,243 - IPTVCollector - INFO - 📌 未分类频道追加到 '其他': 环球电视
2026-08-08 18:26:03,243 - IPTVCollector - INFO - 📌 未分类频道追加到 '其他': CGTN-Documentary
2026-08-08 18:26:03,243 - IPTVCollector - INFO - 🌏 自动追加: 浙江 Ⅰ 绍兴影视 -> ☘️浙江频道
2026-08-08 18:26:03,243 - IPTVCollector - INFO - 🌏 自动追加: 浙江 Ⅰ 绍兴综合 -> ☘️浙江频道
2026-08-08 18:26:03,244 - IPTVCollector - INFO - 📌 未分类频道追加到 '其他': 江津经济生活
2026-08-08 18:26:03,244 - IPTVCollector - INFO - 🌏 自动追加: 福州广电视台新闻综合频道 -> ☘️福建频道
2026-08-08 18:26:03,244 - IPTVCollector - INFO - 📌 未分类频道追加到 '其他': 延边新闻综合 [Geo-blocked]
2026-08-08 18:26:03,244 - IPTVCollector - INFO - 📌 未分类频道追加到 '其他': 前郭综合 [Geo-blocked]
2026-08-08 18:26:03,246 - IPTVCollector - INFO - 🌏 自动追加: 松原新闻综合 [Geo-blocked] -> ☘️吉林频道
2026-08-08 18:26:03,247 - IPTVCollector - INFO - 🌏 自动追加: 四平新闻综合 [Geo-blocked] -> ☘️吉林频道
2026-08-08 18:26:03,248 - IPTVCollector - INFO - 🌏 自动追加: 白山新闻综合 [Geo-blocked] -> ☘️吉林频道
2026-08-08 18:26:03,248 - IPTVCollector - INFO - 📌 未分类频道追加到 '其他': 荣昌综合 [Not 24/7]
2026-08-08 18:26:03,248 - IPTVCollector - INFO - 📌 未分类频道追加到 '其他': 辽新闻综合 [Geo-blocked]
2026-08-08 18:26:03,249 - IPTVCollector - INFO - 📌 未分类频道追加到 '其他': Dragon TV International
2026-08-08 18:26:03,250 - IPTVCollector - INFO - 🌏 自动追加: 通化新闻 [Geo-blocked] -> ☘️吉林频道
2026-08-08 18:26:03,250 - IPTVCollector - INFO - 📌 未分类频道追加到 '其他': 集安综合 [Geo-blocked]
2026-08-08 18:26:03,250 - IPTVCollector - INFO - 📌 未分类频道追加到 '其他': Hebei TV
2026-08-08 18:26:03,250 - IPTVCollector - INFO - 📌 未分类频道追加到 '其他': 靖江新闻綜合 [Not 24/7]
2026-08-08 18:26:03,252 - IPTVCollector - INFO - 🌏 自动追加: 长春综合 [Geo-blocked] -> ☘️吉林频道
2026-08-08 18:26:03,252 - IPTVCollector - INFO - 📌 未分类频道追加到 '其他': CGTN阿语
2026-08-08 18:26:03,252 - IPTVCollector - INFO - 🌏 自动追加: 上海卫视 -> ☘️上海频道
2026-08-08 18:26:03,252 - IPTVCollector - INFO - 📌 未分类频道追加到 '其他': 东南卫视
2026-08-08 18:26:03,252 - IPTVCollector - INFO - 📌 未分类频道追加到 '其他': CGTN记录
2026-08-08 18:26:03,252 - IPTVCollector - INFO - 📌 未分类频道追加到 '其他': 熊猫直
2026-08-08 18:26:03,253 - IPTVCollector - INFO - 📌 未分类频道追加到 '其他': 东丰
2026-08-08 18:26:03,253 - IPTVCollector - INFO - 📌 未分类频道追加到 '其他': 九台
2026-08-08 18:26:03,253 - IPTVCollector - INFO - 📌 未分类频道追加到 '其他': 双辽
2026-08-08 18:26:03,253 - IPTVCollector - INFO - 📌 未分类频道追加到 '其他': 延边2
2026-08-08 18:26:03,253 - IPTVCollector - INFO - 📌 未分类频道追加到 '其他': 柳河
2026-08-08 18:26:03,253 - IPTVCollector - INFO - 📌 未分类频道追加到 '其他': 桦甸
2026-08-08 18:26:03,253 - IPTVCollector - INFO - 📌 未分类频道追加到 '其他': 汪清
2026-08-08 18:26:03,253 - IPTVCollector - INFO - 📌 未分类频道追加到 '其他': 珲春新闻
2026-08-08 18:26:03,254 - IPTVCollector - INFO - 📌 未分类频道追加到 '其他': 耀才财经
2026-08-08 18:26:03,254 - IPTVCollector - INFO - 📌 未分类频道追加到 '其他': 舒兰新闻
2026-08-08 18:26:03,254 - IPTVCollector - INFO - 📌 未分类频道追加到 '其他': 辉南新闻
2026-08-08 18:26:03,254 - IPTVCollector - INFO - 📌 未分类频道追加到 '其他': 磐石
2026-08-08 18:26:03,255 - IPTVCollector - INFO - 🌏 自动追加: 通化县 -> ☘️吉林频道
2026-08-08 18:26:03,257 - IPTVCollector - INFO - 🌏 自动追加: 长白山电视台 -> ☘️吉林频道
2026-08-08 18:26:03,257 - IPTVCollector - INFO - 📌 未分类频道追加到 '其他': 龙井
2026-08-08 18:26:03,257 - IPTVCollector - INFO - 📌 未分类频道追加到 '其他': 大立电视台
2026-08-08 18:26:03,257 - IPTVCollector - INFO - 🌏 自动追加: 绍兴电视台公共 -> ☘️浙江频道
2026-08-08 18:26:03,257 - IPTVCollector - INFO - 📌 未分类频道追加到 '其他': 通海电视台
2026-08-08 18:26:03,257 - IPTVCollector - INFO - 📌 未分类频道追加到 '其他': 龙门飞甲
2026-08-08 18:26:03,258 - IPTVCollector - INFO - 📌 未分类频道追加到 '其他': 伊犁经济法制
2026-08-08 18:26:03,258 - IPTVCollector - INFO - 📌 未分类频道追加到 '其他': 奎屯汉语
2026-08-08 18:26:03,258 - IPTVCollector - INFO - 📌 未分类频道追加到 '其他': 玛纳斯
2026-08-08 18:26:03,258 - IPTVCollector - INFO - 📌 未分类频道追加到 '其他': 浙江钱江都市
2026-08-08 18:26:03,258 - IPTVCollector - INFO - 📌 未分类频道追加到 '其他': 玛纳斯综合
2026-08-08 18:26:03,258 - IPTVCollector - INFO - 📌 未分类频道追加到 '其他': 梨园
2026-08-08 18:26:03,258 - IPTVCollector - INFO - 🎯 Demo 筛选：原始 323 -> 匹配/分类后 323 个频道
2026-08-08 18:26:03,258 - IPTVCollector - INFO - 📊 Demo筛选后: 323
2026-08-08 18:26:03,259 - IPTVCollector - INFO - ✅ M3U 文件已生成: output/tv.m3u
2026-08-08 18:26:03,260 - IPTVCollector - INFO - ✅ TXT 文件已生成: output/tv.txt
2026-08-08 18:26:03,260 - IPTVCollector - INFO - ✅ 多源 M3U 文件已生成: output/tv_multi.m3u
2026-08-08 18:26:03,263 - IPTVCollector - INFO - ✅ JSON API 已生成: output/channels.json
2026-08-08 18:26:03,263 - IPTVCollector - INFO - ✅ 精简版已生成: output/tv_lite.m3u
2026-08-08 18:26:03,264 - IPTVCollector - INFO - ✅ M3U 文件已生成: output/tv_epg.m3u
2026-08-08 18:26:03,264 - IPTVCollector - INFO - 🚀 IPTV 自治系统启动
2026-08-08 18:26:03,264 - IPTVCollector - INFO - ⏭️ 跳过发现阶段
2026-08-08 18:26:03,264 - IPTVCollector - INFO - ==================================================
阶段2: 从缓存观察候选源
==================================================
2026-08-08 18:26:03,299 - IPTVCollector - INFO -   📊 观察进度: 100/230，稳定 0 个
2026-08-08 18:26:03,312 - IPTVCollector - INFO -   📊 观察进度: 200/230，稳定 0 个
2026-08-08 18:26:03,317 - IPTVCollector - INFO - ✅ 观察阶段完成: 0 个源达到稳定标准
2026-08-08 18:26:03,318 - IPTVCollector - INFO - ==================================================
阶段3: 提升稳定源
==================================================
2026-08-08 18:26:03,318 - IPTVCollector - INFO - 📭 没有稳定的候选源需要提升
2026-08-08 18:26:03,318 - IPTVCollector - INFO - 📊 自治模式统计:
2026-08-08 18:26:03,318 - IPTVCollector - INFO -   候选池总数: 747, 观察中: 230, 稳定: 509
2026-08-08 18:26:03,318 - IPTVCollector - INFO -   本次新提升: 0
2026-08-08 18:26:03,318 - IPTVCollector - INFO - 🎉 全部完成！
2026-08-09 01:02:47,120 - IPTVCollector - INFO - 🚀 IPTV 智能整理平台启动
2026-08-09 01:02:47,123 - IPTVCollector - INFO - ✅ 数据库缓存已启用: data/iptv_cache.db
2026-08-09 01:02:47,125 - IPTVCollector - INFO - 📌 CCTV-1 已设为固定源 (auto_optimize=True)
2026-08-09 01:02:47,126 - IPTVCollector - INFO - 📌 CCTV-2 已设为固定源 (auto_optimize=True)
2026-08-09 01:02:47,127 - IPTVCollector - INFO - 📌 CCTV-3 已设为固定源 (auto_optimize=True)
2026-08-09 01:02:47,128 - IPTVCollector - INFO - 📌 CCTV-4 已设为固定源 (auto_optimize=True)
2026-08-09 01:02:47,130 - IPTVCollector - INFO - 📌 CCTV-5 已设为固定源 (auto_optimize=True)
2026-08-09 01:02:47,131 - IPTVCollector - INFO - 📌 CCTV-5+ 已设为固定源 (auto_optimize=True)
2026-08-09 01:02:47,132 - IPTVCollector - INFO - 📌 CCTV-6 已设为固定源 (auto_optimize=True)
2026-08-09 01:02:47,133 - IPTVCollector - INFO - 📌 CCTV-7 已设为固定源 (auto_optimize=True)
2026-08-09 01:02:47,134 - IPTVCollector - INFO - 📌 CCTV-8 已设为固定源 (auto_optimize=True)
2026-08-09 01:02:47,135 - IPTVCollector - INFO - 📌 CCTV-9 已设为固定源 (auto_optimize=True)
2026-08-09 01:02:47,136 - IPTVCollector - INFO - 📌 CCTV-10 已设为固定源 (auto_optimize=True)
2026-08-09 01:02:47,138 - IPTVCollector - INFO - 📌 CCTV-11 已设为固定源 (auto_optimize=True)
2026-08-09 01:02:47,139 - IPTVCollector - INFO - 📌 CCTV-12 已设为固定源 (auto_optimize=True)
2026-08-09 01:02:47,140 - IPTVCollector - INFO - 📌 CCTV-13 已设为固定源 (auto_optimize=True)
2026-08-09 01:02:47,141 - IPTVCollector - INFO - 📌 CCTV-14 已设为固定源 (auto_optimize=True)
2026-08-09 01:02:47,142 - IPTVCollector - INFO - 📌 CCTV-15 已设为固定源 (auto_optimize=True)
2026-08-09 01:02:47,143 - IPTVCollector - INFO - 📌 CCTV-16 已设为固定源 (auto_optimize=True)
2026-08-09 01:02:47,144 - IPTVCollector - INFO - 📌 CCTV-17 已设为固定源 (auto_optimize=True)
2026-08-09 01:02:47,145 - IPTVCollector - INFO - 📌 CCTV4欧洲 已设为固定源 (auto_optimize=True)
2026-08-09 01:02:47,146 - IPTVCollector - INFO - 📌 CCTV4美洲 已设为固定源 (auto_optimize=True)
2026-08-09 01:02:47,146 - IPTVCollector - INFO - 📌 固定源已同步到数据库
2026-08-09 01:02:47,147 - IPTVCollector - INFO - 📋 订阅源解析：普通 11 个，白名单 0 个
2026-08-09 01:02:47,147 - IPTVCollector - INFO - 📋 使用 11 个源
2026-08-09 01:03:10,545 - IPTVCollector - INFO - 📊 测速完成，有效频道: 385 个
2026-08-09 01:03:10,546 - IPTVCollector - INFO - 📊 通过测速的频道数: 385
2026-08-09 01:03:11,133 - IPTVCollector - INFO - 🔍 ffmpeg 深度验证: 0 个需验证，384 个来自缓存/HTTP
2026-08-09 01:03:11,133 - IPTVCollector - INFO - ✅ ffmpeg 验证完成: 通过 384/385 个频道
2026-08-09 01:03:11,133 - IPTVCollector - INFO - 📊 通过ffmpeg验证的频道数: 384
2026-08-09 01:03:11,141 - IPTVCollector - INFO - 📌 已使用 19 个固定源（含自动优化）
2026-08-09 01:03:11,141 - IPTVCollector - INFO - 📊 合并完成: 共 335 个频道
2026-08-09 01:03:11,141 - IPTVCollector - INFO - 📊 合并后的频道数: 335
2026-08-09 01:03:11,172 - IPTVCollector - INFO - 📊 黑名单过滤后: 321
2026-08-09 01:03:11,175 - IPTVCollector - INFO - 📋 从 demo.txt 解析到 3541 个有序频道
2026-08-09 01:03:11,178 - IPTVCollector - INFO - 📋 从 demo.txt 解析到 3541 个有序频道
2026-08-09 01:04:37,988 - IPTVCollector - INFO - 📌 未分类频道追加到 '其他': Newsmax
2026-08-09 01:04:37,988 - IPTVCollector - INFO - 📌 未分类频道追加到 '其他': Trace Sports
2026-08-09 01:04:37,989 - IPTVCollector - INFO - 📌 未分类频道追加到 '其他': Supreme Master TV
2026-08-09 01:04:37,989 - IPTVCollector - INFO - 📌 未分类频道追加到 '其他': 春晚2025
2026-08-09 01:04:37,989 - IPTVCollector - INFO - 📌 未分类频道追加到 '其他': Wild Earth
2026-08-09 01:04:37,989 - IPTVCollector - INFO - 📌 未分类频道追加到 '其他': TVB News
2026-08-09 01:04:37,989 - IPTVCollector - INFO - 📌 未分类频道追加到 '其他': TVB Plus
2026-08-09 01:04:37,990 - IPTVCollector - INFO - 📌 未分类频道追加到 '其他': Good
2026-08-09 01:04:37,990 - IPTVCollector - INFO - 📌 未分类频道追加到 '其他': Good 2
2026-08-09 01:04:37,990 - IPTVCollector - INFO - 📌 未分类频道追加到 '其他': RT Français
2026-08-09 01:04:37,990 - IPTVCollector - INFO - 📌 未分类频道追加到 '其他': RT Balkan
2026-08-09 01:04:37,991 - IPTVCollector - INFO - 📌 未分类频道追加到 '其他': 环球电视
2026-08-09 01:04:37,991 - IPTVCollector - INFO - 📌 未分类频道追加到 '其他': Pet Club TV
2026-08-09 01:04:37,991 - IPTVCollector - INFO - 📌 未分类频道追加到 '其他': WionNews
2026-08-09 01:04:37,991 - IPTVCollector - INFO - 📌 未分类频道追加到 '其他': 倩女幽魂人间道
2026-08-09 01:04:37,991 - IPTVCollector - INFO - 📌 未分类频道追加到 '其他': 倩女幽魂道道道
2026-08-09 01:04:37,992 - IPTVCollector - INFO - 📌 未分类频道追加到 '其他': 倩女幽魂妖魔道
2026-08-09 01:04:37,992 - IPTVCollector - INFO - 📌 未分类频道追加到 '其他': 春晚2024
2026-08-09 01:04:37,992 - IPTVCollector - INFO - 🌏 自动追加: 浙江 Ⅰ 绍兴影视 -> ☘️浙江频道
2026-08-09 01:04:37,992 - IPTVCollector - INFO - 🌏 自动追加: 浙江 Ⅰ 绍兴综合 -> ☘️浙江频道
2026-08-09 01:04:37,993 - IPTVCollector - INFO - 📌 未分类频道追加到 '其他': ABN China
2026-08-09 01:04:37,993 - IPTVCollector - INFO - 🌏 自动追加: 福州广电视台新闻综合频道 -> ☘️福建频道
2026-08-09 01:04:37,993 - IPTVCollector - INFO - 📌 未分类频道追加到 '其他': Anhui TV
2026-08-09 01:04:37,993 - IPTVCollector - INFO - 📌 未分类频道追加到 '其他': 龙井
2026-08-09 01:04:37,994 - IPTVCollector - INFO - 📌 未分类频道追加到 '其他': Bread TV面包台
2026-08-09 01:04:37,994 - IPTVCollector - INFO - 📌 未分类频道追加到 '其他': Home Plus
2026-08-09 01:04:37,994 - IPTVCollector - INFO - 🌏 自动追加: 绍兴电视台公共 -> ☘️浙江频道
2026-08-09 01:04:37,994 - IPTVCollector - INFO - 📌 未分类频道追加到 '其他': 大立电视台
2026-08-09 01:04:37,995 - IPTVCollector - INFO - 📌 未分类频道追加到 '其他': VOA美国之音
2026-08-09 01:04:37,995 - IPTVCollector - INFO - 📌 未分类频道追加到 '其他': Chifeng Comprehensive News Chanel
2026-08-09 01:04:37,995 - IPTVCollector - INFO - 📌 未分类频道追加到 '其他': TV BRICS Chinese
2026-08-09 01:04:37,995 - IPTVCollector - INFO - 📌 未分类频道追加到 '其他': Nei Monggol TV [Not 24/7]
2026-08-09 01:04:37,995 - IPTVCollector - INFO - 📌 未分类频道追加到 '其他': Nei Monggol TV 2 Mongolian Culture Channel [Not 24/7]
2026-08-09 01:04:37,996 - IPTVCollector - INFO - 📌 未分类频道追加到 '其他': Siping TV
2026-08-09 01:04:37,996 - IPTVCollector - INFO - 📌 未分类频道追加到 '其他': QTV-1
2026-08-09 01:04:37,996 - IPTVCollector - INFO - 📌 未分类频道追加到 '其他': Xinjiang TV 2
2026-08-09 01:04:37,996 - IPTVCollector - INFO - 📌 未分类频道追加到 '其他': Harbin Comprehensive News Channel
2026-08-09 01:04:37,996 - IPTVCollector - INFO - 📌 未分类频道追加到 '其他': Hunan TV
2026-08-09 01:04:37,997 - IPTVCollector - INFO - 📌 未分类频道追加到 '其他': Harbin Movie Channel
2026-08-09 01:04:37,997 - IPTVCollector - INFO - 📌 未分类频道追加到 '其他': CGTN Documentary
2026-08-09 01:04:37,997 - IPTVCollector - INFO - 📌 未分类频道追加到 '其他': Xinjiang TV 3
2026-08-09 01:04:37,997 - IPTVCollector - INFO - 📌 未分类频道追加到 '其他': Zhejiang TV International
2026-08-09 01:04:37,997 - IPTVCollector - INFO - 📌 未分类频道追加到 '其他': 通海电视台
2026-08-09 01:04:37,997 - IPTVCollector - INFO - 📌 未分类频道追加到 '其他': 龙门飞甲
2026-08-09 01:04:37,998 - IPTVCollector - INFO - 📌 未分类频道追加到 '其他': 前郭综合 [Geo-blocked]
2026-08-09 01:04:37,999 - IPTVCollector - INFO - 🌏 自动追加: 四平新闻综合 [Geo-blocked] -> ☘️吉林频道
2026-08-09 01:04:37,999 - IPTVCollector - INFO - 📌 未分类频道追加到 '其他': 延边新闻综合 [Geo-blocked]
2026-08-09 01:04:38,001 - IPTVCollector - INFO - 🌏 自动追加: 松原新闻综合 [Geo-blocked] -> ☘️吉林频道
2026-08-09 01:04:38,001 - IPTVCollector - INFO - 📌 未分类频道追加到 '其他': 伊犁经济法制
2026-08-09 01:04:38,001 - IPTVCollector - INFO - 📌 未分类频道追加到 '其他': 江津经济生活
2026-08-09 01:04:38,001 - IPTVCollector - INFO - 📌 未分类频道追加到 '其他': 浙江钱江都市
2026-08-09 01:04:38,001 - IPTVCollector - INFO - 📌 未分类频道追加到 '其他': 玛纳斯
2026-08-09 01:04:38,002 - IPTVCollector - INFO - 📌 未分类频道追加到 '其他': 奎屯汉语
2026-08-09 01:04:38,002 - IPTVCollector - INFO - 📌 未分类频道追加到 '其他': 玛纳斯综合
2026-08-09 01:04:38,003 - IPTVCollector - INFO - 🌏 自动追加: 白山新闻综合 [Geo-blocked] -> ☘️吉林频道
2026-08-09 01:04:38,003 - IPTVCollector - INFO - 📌 未分类频道追加到 '其他': 浙江经济
2026-08-09 01:04:38,003 - IPTVCollector - INFO - 📌 未分类频道追加到 '其他': 辽新闻综合 [Geo-blocked]
2026-08-09 01:04:38,005 - IPTVCollector - INFO - 🌏 自动追加: 通化新闻 [Geo-blocked] -> ☘️吉林频道
2026-08-09 01:04:38,006 - IPTVCollector - INFO - 🌏 自动追加: 长春综合 [Geo-blocked] -> ☘️吉林频道
2026-08-09 01:04:38,006 - IPTVCollector - INFO - 📌 未分类频道追加到 '其他': Dragon TV International
2026-08-09 01:04:38,007 - IPTVCollector - INFO - 📌 未分类频道追加到 '其他': 荣昌综合 [Not 24/7]
2026-08-09 01:04:38,007 - IPTVCollector - INFO - 📌 未分类频道追加到 '其他': 集安综合 [Geo-blocked]
2026-08-09 01:04:38,007 - IPTVCollector - INFO - 📌 未分类频道追加到 '其他': 靖江新闻綜合 [Not 24/7]
2026-08-09 01:04:38,007 - IPTVCollector - INFO - 📌 未分类频道追加到 '其他': Hebei TV
2026-08-09 01:04:38,007 - IPTVCollector - INFO - 📌 未分类频道追加到 '其他': 数码时代
2026-08-09 01:04:38,008 - IPTVCollector - INFO - 📌 未分类频道追加到 '其他': 浙江教育
2026-08-09 01:04:38,008 - IPTVCollector - INFO - 📌 未分类频道追加到 '其他': 浙江教科影院
2026-08-09 01:04:38,008 - IPTVCollector - INFO - 📌 未分类频道追加到 '其他': 梨园
2026-08-09 01:04:38,008 - IPTVCollector - INFO - 📌 未分类频道追加到 '其他': 浙江民生休闲
2026-08-09 01:04:38,008 - IPTVCollector - INFO - 📌 未分类频道追加到 '其他': CGTN阿语
2026-08-09 01:04:38,009 - IPTVCollector - INFO - 📌 未分类频道追加到 '其他': 浙江生活
2026-08-09 01:04:38,009 - IPTVCollector - INFO - 📌 未分类频道追加到 '其他': CGTN记录
2026-08-09 01:04:38,009 - IPTVCollector - INFO - 🌏 自动追加: 上海卫视 -> ☘️上海频道
2026-08-09 01:04:38,009 - IPTVCollector - INFO - 📌 未分类频道追加到 '其他': 东南卫视
2026-08-09 01:04:38,009 - IPTVCollector - INFO - 📌 未分类频道追加到 '其他': 浙江钱江频道
2026-08-09 01:04:38,010 - IPTVCollector - INFO - 📌 未分类频道追加到 '其他': 凤凰中文
2026-08-09 01:04:38,010 - IPTVCollector - INFO - 📌 未分类频道追加到 '其他': 韩国电影1
2026-08-09 01:04:38,010 - IPTVCollector - INFO - 📌 未分类频道追加到 '其他': 凤凰资讯
2026-08-09 01:04:38,010 - IPTVCollector - INFO - 📌 未分类频道追加到 '其他': 韩国电影2
2026-08-09 01:04:38,010 - IPTVCollector - INFO - 🌏 自动追加: 凤凰香港 -> 🌊港·澳·台
2026-08-09 01:04:38,012 - IPTVCollector - INFO - 🌏 自动追加: 武汉一台新闻综合 -> ☘️湖北频道
2026-08-09 01:04:38,012 - IPTVCollector - INFO - 📌 未分类频道追加到 '其他': 熊猫直
2026-08-09 01:04:38,012 - IPTVCollector - INFO - 📌 未分类频道追加到 '其他': FZTV3
2026-08-09 01:04:38,012 - IPTVCollector - INFO - 📌 未分类频道追加到 '其他': 都市青春
2026-08-09 01:04:38,013 - IPTVCollector - INFO - 📌 未分类频道追加到 '其他': 江津新闻
2026-08-09 01:04:38,013 - IPTVCollector - INFO - 📌 未分类频道追加到 '其他': 陕西新闻咨询
2026-08-09 01:04:38,014 - IPTVCollector - INFO - 🌏 自动追加: 哈尔滨都市咨询 -> ☘️黑龙江频道
2026-08-09 01:04:38,015 - IPTVCollector - INFO - 📌 未分类频道追加到 '其他': 东丰
2026-08-09 01:04:38,015 - IPTVCollector - INFO - 📌 未分类频道追加到 '其他': 华丽翡翠台
2026-08-09 01:04:38,015 - IPTVCollector - INFO - 📌 未分类频道追加到 '其他': 九台
2026-08-09 01:04:38,015 - IPTVCollector - INFO - 📌 未分类频道追加到 '其他': 无线新闻台
2026-08-09 01:04:38,015 - IPTVCollector - INFO - 📌 未分类频道追加到 '其他': 双辽
2026-08-09 01:04:38,016 - IPTVCollector - INFO - 📌 未分类频道追加到 '其他': 延边2
2026-08-09 01:04:38,016 - IPTVCollector - INFO - 📌 未分类频道追加到 '其他': 耀才财经
2026-08-09 01:04:38,016 - IPTVCollector - INFO - 📌 未分类频道追加到 '其他': 新闻咨询
2026-08-09 01:04:38,016 - IPTVCollector - INFO - 📌 未分类频道追加到 '其他': 柳河
2026-08-09 01:04:38,016 - IPTVCollector - INFO - 📌 未分类频道追加到 '其他': 桦甸
2026-08-09 01:04:38,017 - IPTVCollector - INFO - 📌 未分类频道追加到 '其他': 汪清
2026-08-09 01:04:38,017 - IPTVCollector - INFO - 📌 未分类频道追加到 '其他': 1987年春晚
2026-08-09 01:04:38,017 - IPTVCollector - INFO - 📌 未分类频道追加到 '其他': 音乐欣赏
2026-08-09 01:04:38,017 - IPTVCollector - INFO - 📌 未分类频道追加到 '其他': 珲春新闻
2026-08-09 01:04:38,018 - IPTVCollector - INFO - 📌 未分类频道追加到 '其他': 1988年春晚
2026-08-09 01:04:38,018 - IPTVCollector - INFO - 📌 未分类频道追加到 '其他': 1989年春晚
2026-08-09 01:04:38,018 - IPTVCollector - INFO - 📌 未分类频道追加到 '其他': 韩国EBS少儿
2026-08-09 01:04:38,018 - IPTVCollector - INFO - 📌 未分类频道追加到 '其他': 舒兰新闻
2026-08-09 01:04:38,018 - IPTVCollector - INFO - 📌 未分类频道追加到 '其他': 磐石
2026-08-09 01:04:38,019 - IPTVCollector - INFO - 📌 未分类频道追加到 '其他': 飞碟之谜01
2026-08-09 01:04:38,019 - IPTVCollector - INFO - 📌 未分类频道追加到 '其他': CNA
2026-08-09 01:04:38,019 - IPTVCollector - INFO - 📌 未分类频道追加到 '其他': 地理中国
2026-08-09 01:04:38,019 - IPTVCollector - INFO - 📌 未分类频道追加到 '其他': 自然传奇
2026-08-09 01:04:38,020 - IPTVCollector - INFO - 📌 未分类频道追加到 '其他': 人与自然
2026-08-09 01:04:38,020 - IPTVCollector - INFO - 📌 未分类频道追加到 '其他': 辉南新闻
2026-08-09 01:04:38,021 - IPTVCollector - INFO - 🌏 自动追加: 通化县 -> ☘️吉林频道
2026-08-09 01:04:38,021 - IPTVCollector - INFO - 📌 未分类频道追加到 '其他': Dali TV
2026-08-09 01:04:38,022 - IPTVCollector - INFO - 📌 未分类频道追加到 '其他': 2024年春晚
2026-08-09 01:04:38,023 - IPTVCollector - INFO - 🌏 自动追加: 长白山电视台 -> ☘️吉林频道
2026-08-09 01:04:38,023 - IPTVCollector - INFO - 📌 未分类频道追加到 '其他': Beautiful Life TV
2026-08-09 01:04:38,023 - IPTVCollector - INFO - 📌 未分类频道追加到 '其他': Arirang
2026-08-09 01:04:38,024 - IPTVCollector - INFO - 🎯 Demo 筛选：原始 321 -> 匹配/分类后 321 个频道
2026-08-09 01:04:38,024 - IPTVCollector - INFO - 📊 Demo筛选后: 321
2026-08-09 01:04:38,025 - IPTVCollector - INFO - ✅ M3U 文件已生成: output/tv.m3u
2026-08-09 01:04:38,025 - IPTVCollector - INFO - ✅ TXT 文件已生成: output/tv.txt
2026-08-09 01:04:38,026 - IPTVCollector - INFO - ✅ 多源 M3U 文件已生成: output/tv_multi.m3u
2026-08-09 01:04:38,028 - IPTVCollector - INFO - ✅ JSON API 已生成: output/channels.json
2026-08-09 01:04:38,029 - IPTVCollector - INFO - ✅ 精简版已生成: output/tv_lite.m3u
2026-08-09 01:04:38,029 - IPTVCollector - INFO - ✅ M3U 文件已生成: output/tv_epg.m3u
2026-08-09 01:04:38,029 - IPTVCollector - INFO - 🚀 IPTV 自治系统启动
2026-08-09 01:04:38,029 - IPTVCollector - INFO - ⏭️ 跳过发现阶段
2026-08-09 01:04:38,029 - IPTVCollector - INFO - ==================================================
阶段2: 从缓存观察候选源
==================================================
2026-08-09 01:04:38,067 - IPTVCollector - INFO -   📊 观察进度: 100/228，稳定 0 个
2026-08-09 01:04:38,089 - IPTVCollector - INFO -   📊 观察进度: 200/228，稳定 0 个
2026-08-09 01:04:38,094 - IPTVCollector - INFO - ✅ 观察阶段完成: 0 个源达到稳定标准
2026-08-09 01:04:38,094 - IPTVCollector - INFO - ==================================================
阶段3: 提升稳定源
==================================================
2026-08-09 01:04:38,094 - IPTVCollector - INFO - 📭 没有稳定的候选源需要提升
2026-08-09 01:04:38,094 - IPTVCollector - INFO - 📊 自治模式统计:
2026-08-09 01:04:38,095 - IPTVCollector - INFO -   候选池总数: 747, 观察中: 228, 稳定: 511
2026-08-09 01:04:38,095 - IPTVCollector - INFO -   本次新提升: 0
2026-08-09 01:04:38,095 - IPTVCollector - INFO - 🎉 全部完成！
2026-08-09 06:40:58,186 - IPTVCollector - INFO - 🚀 IPTV 智能整理平台启动
2026-08-09 06:40:58,188 - IPTVCollector - INFO - ✅ 数据库缓存已启用: data/iptv_cache.db
2026-08-09 06:40:58,191 - IPTVCollector - INFO - 📌 CCTV-1 已设为固定源 (auto_optimize=True)
2026-08-09 06:40:58,192 - IPTVCollector - INFO - 📌 CCTV-2 已设为固定源 (auto_optimize=True)
2026-08-09 06:40:58,193 - IPTVCollector - INFO - 📌 CCTV-3 已设为固定源 (auto_optimize=True)
2026-08-09 06:40:58,194 - IPTVCollector - INFO - 📌 CCTV-4 已设为固定源 (auto_optimize=True)
2026-08-09 06:40:58,195 - IPTVCollector - INFO - 📌 CCTV-5 已设为固定源 (auto_optimize=True)
2026-08-09 06:40:58,197 - IPTVCollector - INFO - 📌 CCTV-5+ 已设为固定源 (auto_optimize=True)
2026-08-09 06:40:58,198 - IPTVCollector - INFO - 📌 CCTV-6 已设为固定源 (auto_optimize=True)
2026-08-09 06:40:58,199 - IPTVCollector - INFO - 📌 CCTV-7 已设为固定源 (auto_optimize=True)
2026-08-09 06:40:58,200 - IPTVCollector - INFO - 📌 CCTV-8 已设为固定源 (auto_optimize=True)
2026-08-09 06:40:58,201 - IPTVCollector - INFO - 📌 CCTV-9 已设为固定源 (auto_optimize=True)
2026-08-09 06:40:58,202 - IPTVCollector - INFO - 📌 CCTV-10 已设为固定源 (auto_optimize=True)
2026-08-09 06:40:58,203 - IPTVCollector - INFO - 📌 CCTV-11 已设为固定源 (auto_optimize=True)
2026-08-09 06:40:58,204 - IPTVCollector - INFO - 📌 CCTV-12 已设为固定源 (auto_optimize=True)
2026-08-09 06:40:58,205 - IPTVCollector - INFO - 📌 CCTV-13 已设为固定源 (auto_optimize=True)
2026-08-09 06:40:58,207 - IPTVCollector - INFO - 📌 CCTV-14 已设为固定源 (auto_optimize=True)
2026-08-09 06:40:58,208 - IPTVCollector - INFO - 📌 CCTV-15 已设为固定源 (auto_optimize=True)
2026-08-09 06:40:58,209 - IPTVCollector - INFO - 📌 CCTV-16 已设为固定源 (auto_optimize=True)
2026-08-09 06:40:58,210 - IPTVCollector - INFO - 📌 CCTV-17 已设为固定源 (auto_optimize=True)
2026-08-09 06:40:58,211 - IPTVCollector - INFO - 📌 CCTV4欧洲 已设为固定源 (auto_optimize=True)
2026-08-09 06:40:58,213 - IPTVCollector - INFO - 📌 CCTV4美洲 已设为固定源 (auto_optimize=True)
2026-08-09 06:40:58,213 - IPTVCollector - INFO - 📌 固定源已同步到数据库
2026-08-09 06:40:58,214 - IPTVCollector - INFO - 📋 订阅源解析：普通 11 个，白名单 0 个
2026-08-09 06:40:58,214 - IPTVCollector - INFO - 📋 使用 11 个源
2026-08-09 06:41:27,249 - IPTVCollector - INFO - 📊 测速完成，有效频道: 359 个
2026-08-09 06:41:27,249 - IPTVCollector - INFO - 📊 通过测速的频道数: 359
2026-08-09 06:41:27,708 - IPTVCollector - INFO - 🔍 ffmpeg 深度验证: 0 个需验证，358 个来自缓存/HTTP
2026-08-09 06:41:27,708 - IPTVCollector - INFO - ✅ ffmpeg 验证完成: 通过 358/359 个频道
2026-08-09 06:41:27,708 - IPTVCollector - INFO - 📊 通过ffmpeg验证的频道数: 358
2026-08-09 06:41:27,716 - IPTVCollector - INFO - 📌 已使用 19 个固定源（含自动优化）
2026-08-09 06:41:27,716 - IPTVCollector - INFO - 📊 合并完成: 共 308 个频道
2026-08-09 06:41:27,716 - IPTVCollector - INFO - 📊 合并后的频道数: 308
2026-08-09 06:41:27,745 - IPTVCollector - INFO - 📊 黑名单过滤后: 294
2026-08-09 06:41:27,747 - IPTVCollector - INFO - 📋 从 demo.txt 解析到 3541 个有序频道
2026-08-09 06:41:27,751 - IPTVCollector - INFO - 📋 从 demo.txt 解析到 3541 个有序频道
2026-08-09 06:42:49,173 - IPTVCollector - INFO - 🌏 自动追加: 绍兴电视台公共 -> ☘️浙江频道
2026-08-09 06:42:49,173 - IPTVCollector - INFO - 📌 未分类频道追加到 '其他': 大立电视台
2026-08-09 06:42:49,174 - IPTVCollector - INFO - 📌 未分类频道追加到 '其他': 通海电视台
2026-08-09 06:42:49,174 - IPTVCollector - INFO - 📌 未分类频道追加到 '其他': 龙门飞甲
2026-08-09 06:42:49,174 - IPTVCollector - INFO - 📌 未分类频道追加到 '其他': 伊犁经济法制
2026-08-09 06:42:49,174 - IPTVCollector - INFO - 📌 未分类频道追加到 '其他': 奎屯汉语
2026-08-09 06:42:49,175 - IPTVCollector - INFO - 📌 未分类频道追加到 '其他': 玛纳斯综合
2026-08-09 06:42:49,175 - IPTVCollector - INFO - 📌 未分类频道追加到 '其他': 浙江钱江都市
2026-08-09 06:42:49,175 - IPTVCollector - INFO - 📌 未分类频道追加到 '其他': 玛纳斯
2026-08-09 06:42:49,175 - IPTVCollector - INFO - 📌 未分类频道追加到 '其他': 数码时代
2026-08-09 06:42:49,175 - IPTVCollector - INFO - 📌 未分类频道追加到 '其他': 浙江教科影院
2026-08-09 06:42:49,175 - IPTVCollector - INFO - 📌 未分类频道追加到 '其他': 浙江民生休闲
2026-08-09 06:42:49,175 - IPTVCollector - INFO - 📌 未分类频道追加到 '其他': 浙江教育
2026-08-09 06:42:49,176 - IPTVCollector - INFO - 📌 未分类频道追加到 '其他': 浙江生活
2026-08-09 06:42:49,176 - IPTVCollector - INFO - 📌 未分类频道追加到 '其他': 梨园
2026-08-09 06:42:49,176 - IPTVCollector - INFO - 📌 未分类频道追加到 '其他': 凤凰中文
2026-08-09 06:42:49,176 - IPTVCollector - INFO - 📌 未分类频道追加到 '其他': 凤凰资讯
2026-08-09 06:42:49,176 - IPTVCollector - INFO - 📌 未分类频道追加到 '其他': 韩国电影1
2026-08-09 06:42:49,176 - IPTVCollector - INFO - 📌 未分类频道追加到 '其他': 浙江经济
2026-08-09 06:42:49,176 - IPTVCollector - INFO - 📌 未分类频道追加到 '其他': 浙江钱江频道
2026-08-09 06:42:49,176 - IPTVCollector - INFO - 🌏 自动追加: 凤凰香港 -> 🌊港·澳·台
2026-08-09 06:42:49,177 - IPTVCollector - INFO - 📌 未分类频道追加到 '其他': 韩国电影2
2026-08-09 06:42:49,177 - IPTVCollector - INFO - 📌 未分类频道追加到 '其他': 都市青春
2026-08-09 06:42:49,177 - IPTVCollector - INFO - 📌 未分类频道追加到 '其他': 陕西新闻咨询
2026-08-09 06:42:49,178 - IPTVCollector - INFO - 🌏 自动追加: 武汉一台新闻综合 -> ☘️湖北频道
2026-08-09 06:42:49,180 - IPTVCollector - INFO - 🌏 自动追加: 哈尔滨都市咨询 -> ☘️黑龙江频道
2026-08-09 06:42:49,180 - IPTVCollector - INFO - 📌 未分类频道追加到 '其他': 无线新闻台
2026-08-09 06:42:49,180 - IPTVCollector - INFO - 📌 未分类频道追加到 '其他': 新闻咨询
2026-08-09 06:42:49,180 - IPTVCollector - INFO - 📌 未分类频道追加到 '其他': 华丽翡翠台
2026-08-09 06:42:49,181 - IPTVCollector - INFO - 📌 未分类频道追加到 '其他': 音乐欣赏
2026-08-09 06:42:49,181 - IPTVCollector - INFO - 📌 未分类频道追加到 '其他': 1989年春晚
2026-08-09 06:42:49,181 - IPTVCollector - INFO - 📌 未分类频道追加到 '其他': 1987年春晚
2026-08-09 06:42:49,181 - IPTVCollector - INFO - 📌 未分类频道追加到 '其他': 1988年春晚
2026-08-09 06:42:49,181 - IPTVCollector - INFO - 📌 未分类频道追加到 '其他': Newsmax
2026-08-09 06:42:49,181 - IPTVCollector - INFO - 📌 未分类频道追加到 '其他': Dali TV
2026-08-09 06:42:49,182 - IPTVCollector - INFO - 📌 未分类频道追加到 '其他': CNA
2026-08-09 06:42:49,182 - IPTVCollector - INFO - 📌 未分类频道追加到 '其他': 飞碟之谜01
2026-08-09 06:42:49,182 - IPTVCollector - INFO - 📌 未分类频道追加到 '其他': 地理中国
2026-08-09 06:42:49,182 - IPTVCollector - INFO - 📌 未分类频道追加到 '其他': TVB News
2026-08-09 06:42:49,182 - IPTVCollector - INFO - 📌 未分类频道追加到 '其他': 韩国EBS少儿
2026-08-09 06:42:49,182 - IPTVCollector - INFO - 📌 未分类频道追加到 '其他': 人与自然
2026-08-09 06:42:49,183 - IPTVCollector - INFO - 📌 未分类频道追加到 '其他': Supreme Master TV
2026-08-09 06:42:49,183 - IPTVCollector - INFO - 📌 未分类频道追加到 '其他': 自然传奇
2026-08-09 06:42:49,183 - IPTVCollector - INFO - 📌 未分类频道追加到 '其他': TVB Plus
2026-08-09 06:42:49,183 - IPTVCollector - INFO - 📌 未分类频道追加到 '其他': Beautiful Life TV
2026-08-09 06:42:49,183 - IPTVCollector - INFO - 📌 未分类频道追加到 '其他': Arirang
2026-08-09 06:42:49,184 - IPTVCollector - INFO - 📌 未分类频道追加到 '其他': Wild Earth
2026-08-09 06:42:49,184 - IPTVCollector - INFO - 📌 未分类频道追加到 '其他': Good
2026-08-09 06:42:49,184 - IPTVCollector - INFO - 📌 未分类频道追加到 '其他': Good 2
2026-08-09 06:42:49,184 - IPTVCollector - INFO - 📌 未分类频道追加到 '其他': Trace Sports
2026-08-09 06:42:49,184 - IPTVCollector - INFO - 📌 未分类频道追加到 '其他': Home Plus
2026-08-09 06:42:49,184 - IPTVCollector - INFO - 📌 未分类频道追加到 '其他': Pet Club TV
2026-08-09 06:42:49,185 - IPTVCollector - INFO - 📌 未分类频道追加到 '其他': 倩女幽魂人间道
2026-08-09 06:42:49,185 - IPTVCollector - INFO - 📌 未分类频道追加到 '其他': 春晚2025
2026-08-09 06:42:49,185 - IPTVCollector - INFO - 📌 未分类频道追加到 '其他': RT Balkan
2026-08-09 06:42:49,185 - IPTVCollector - INFO - 📌 未分类频道追加到 '其他': WionNews
2026-08-09 06:42:49,185 - IPTVCollector - INFO - 📌 未分类频道追加到 '其他': RT Français
2026-08-09 06:42:49,185 - IPTVCollector - INFO - 📌 未分类频道追加到 '其他': VOA美国之音
2026-08-09 06:42:49,186 - IPTVCollector - INFO - 📌 未分类频道追加到 '其他': 倩女幽魂道道道
2026-08-09 06:42:49,186 - IPTVCollector - INFO - 📌 未分类频道追加到 '其他': Harbin Comprehensive News Channel
2026-08-09 06:42:49,186 - IPTVCollector - INFO - 📌 未分类频道追加到 '其他': 倩女幽魂妖魔道
2026-08-09 06:42:49,186 - IPTVCollector - INFO - 📌 未分类频道追加到 '其他': Hunan TV
2026-08-09 06:42:49,186 - IPTVCollector - INFO - 📌 未分类频道追加到 '其他': TV BRICS Chinese
2026-08-09 06:42:49,187 - IPTVCollector - INFO - 📌 未分类频道追加到 '其他': Zhejiang TV International
2026-08-09 06:42:49,187 - IPTVCollector - INFO - 📌 未分类频道追加到 '其他': QTV-1
2026-08-09 06:42:49,187 - IPTVCollector - INFO - 📌 未分类频道追加到 '其他': Nei Monggol TV 2 Mongolian Culture Channel [Not 24/7]
2026-08-09 06:42:49,187 - IPTVCollector - INFO - 📌 未分类频道追加到 '其他': Nei Monggol TV [Not 24/7]
2026-08-09 06:42:49,187 - IPTVCollector - INFO - 📌 未分类频道追加到 '其他': Chifeng Comprehensive News Chanel
2026-08-09 06:42:49,188 - IPTVCollector - INFO - 📌 未分类频道追加到 '其他': Xinjiang TV 2
2026-08-09 06:42:49,188 - IPTVCollector - INFO - 📌 未分类频道追加到 '其他': Xinjiang TV 3
2026-08-09 06:42:49,188 - IPTVCollector - INFO - 📌 未分类频道追加到 '其他': Harbin Movie Channel
2026-08-09 06:42:49,188 - IPTVCollector - INFO - 📌 未分类频道追加到 '其他': CGTN-Documentary
2026-08-09 06:42:49,188 - IPTVCollector - INFO - 📌 未分类频道追加到 '其他': 春晚2024
2026-08-09 06:42:49,188 - IPTVCollector - INFO - 📌 未分类频道追加到 '其他': Siping TV
2026-08-09 06:42:49,189 - IPTVCollector - INFO - 📌 未分类频道追加到 '其他': 环球电视
2026-08-09 06:42:49,189 - IPTVCollector - INFO - 🌏 自动追加: 浙江 Ⅰ 绍兴影视 -> ☘️浙江频道
2026-08-09 06:42:49,189 - IPTVCollector - INFO - 📌 未分类频道追加到 '其他': 延边新闻综合 [Geo-blocked]
2026-08-09 06:42:49,190 - IPTVCollector - INFO - 🌏 自动追加: 松原新闻综合 [Geo-blocked] -> ☘️吉林频道
2026-08-09 06:42:49,191 - IPTVCollector - INFO - 🌏 自动追加: 浙江 Ⅰ 绍兴综合 -> ☘️浙江频道
2026-08-09 06:42:49,191 - IPTVCollector - INFO - 🌏 自动追加: 福州广电视台新闻综合频道 -> ☘️福建频道
2026-08-09 06:42:49,192 - IPTVCollector - INFO - 🌏 自动追加: 四平新闻综合 [Geo-blocked] -> ☘️吉林频道
2026-08-09 06:42:49,194 - IPTVCollector - INFO - 🌏 自动追加: 通化新闻 [Geo-blocked] -> ☘️吉林频道
2026-08-09 06:42:49,195 - IPTVCollector - INFO - 🌏 自动追加: 白山新闻综合 [Geo-blocked] -> ☘️吉林频道
2026-08-09 06:42:49,196 - IPTVCollector - INFO - 🌏 自动追加: 长春综合 [Geo-blocked] -> ☘️吉林频道
2026-08-09 06:42:49,196 - IPTVCollector - INFO - 📌 未分类频道追加到 '其他': Dragon TV International
2026-08-09 06:42:49,197 - IPTVCollector - INFO - 📌 未分类频道追加到 '其他': Hebei TV
2026-08-09 06:42:49,197 - IPTVCollector - INFO - 📌 未分类频道追加到 '其他': 集安综合 [Geo-blocked]
2026-08-09 06:42:49,197 - IPTVCollector - INFO - 📌 未分类频道追加到 '其他': 辽新闻综合 [Geo-blocked]
2026-08-09 06:42:49,197 - IPTVCollector - INFO - 📌 未分类频道追加到 '其他': 靖江新闻綜合 [Not 24/7]
2026-08-09 06:42:49,197 - IPTVCollector - INFO - 📌 未分类频道追加到 '其他': CGTN记录
2026-08-09 06:42:49,197 - IPTVCollector - INFO - 📌 未分类频道追加到 '其他': CGTN阿语
2026-08-09 06:42:49,198 - IPTVCollector - INFO - 🌏 自动追加: 上海卫视 -> ☘️上海频道
2026-08-09 06:42:49,198 - IPTVCollector - INFO - 📌 未分类频道追加到 '其他': 东南卫视
2026-08-09 06:42:49,198 - IPTVCollector - INFO - 📌 未分类频道追加到 '其他': 熊猫直
2026-08-09 06:42:49,198 - IPTVCollector - INFO - 📌 未分类频道追加到 '其他': Anhui TV
2026-08-09 06:42:49,198 - IPTVCollector - INFO - 📌 未分类频道追加到 '其他': ABN China
2026-08-09 06:42:49,198 - IPTVCollector - INFO - 📌 未分类频道追加到 '其他': 九台
2026-08-09 06:42:49,199 - IPTVCollector - INFO - 📌 未分类频道追加到 '其他': Bread TV面包台
2026-08-09 06:42:49,199 - IPTVCollector - INFO - 📌 未分类频道追加到 '其他': 耀才财经
2026-08-09 06:42:49,199 - IPTVCollector - INFO - 📌 未分类频道追加到 '其他': 延边2
2026-08-09 06:42:49,199 - IPTVCollector - INFO - 📌 未分类频道追加到 '其他': 磐石
2026-08-09 06:42:49,199 - IPTVCollector - INFO - 📌 未分类频道追加到 '其他': 珲春新闻
2026-08-09 06:42:49,201 - IPTVCollector - INFO - 🌏 自动追加: 通化县 -> ☘️吉林频道
2026-08-09 06:42:49,201 - IPTVCollector - INFO - 📌 未分类频道追加到 '其他': 舒兰新闻
2026-08-09 06:42:49,201 - IPTVCollector - INFO - 📌 未分类频道追加到 '其他': 辉南新闻
2026-08-09 06:42:49,202 - IPTVCollector - INFO - 🌏 自动追加: 长白山电视台 -> ☘️吉林频道
2026-08-09 06:42:49,202 - IPTVCollector - INFO - 🎯 Demo 筛选：原始 294 -> 匹配/分类后 294 个频道
2026-08-09 06:42:49,202 - IPTVCollector - INFO - 📊 Demo筛选后: 294
2026-08-09 06:42:49,203 - IPTVCollector - INFO - ✅ M3U 文件已生成: output/tv.m3u
2026-08-09 06:42:49,204 - IPTVCollector - INFO - ✅ TXT 文件已生成: output/tv.txt
2026-08-09 06:42:49,204 - IPTVCollector - INFO - ✅ 多源 M3U 文件已生成: output/tv_multi.m3u
2026-08-09 06:42:49,206 - IPTVCollector - INFO - ✅ JSON API 已生成: output/channels.json
2026-08-09 06:42:49,207 - IPTVCollector - INFO - ✅ 精简版已生成: output/tv_lite.m3u
2026-08-09 06:42:49,207 - IPTVCollector - INFO - ✅ M3U 文件已生成: output/tv_epg.m3u
2026-08-09 06:42:49,208 - IPTVCollector - INFO - 🚀 IPTV 自治系统启动
2026-08-09 06:42:49,208 - IPTVCollector - INFO - ⏭️ 跳过发现阶段
2026-08-09 06:42:49,208 - IPTVCollector - INFO - ==================================================
阶段2: 从缓存观察候选源
==================================================
2026-08-09 06:42:49,248 - IPTVCollector - INFO -   📊 观察进度: 100/243，稳定 0 个
2026-08-09 06:42:49,271 - IPTVCollector - INFO -   📊 观察进度: 200/243，稳定 0 个
2026-08-09 06:42:49,282 - IPTVCollector - INFO - ✅ 观察阶段完成: 0 个源达到稳定标准
2026-08-09 06:42:49,282 - IPTVCollector - INFO - ==================================================
阶段3: 提升稳定源
==================================================
2026-08-09 06:42:49,282 - IPTVCollector - INFO - 📭 没有稳定的候选源需要提升
2026-08-09 06:42:49,282 - IPTVCollector - INFO - 📊 自治模式统计:
2026-08-09 06:42:49,282 - IPTVCollector - INFO -   候选池总数: 747, 观察中: 243, 稳定: 496
2026-08-09 06:42:49,282 - IPTVCollector - INFO -   本次新提升: 0
2026-08-09 06:42:49,283 - IPTVCollector - INFO - 🎉 全部完成！
2026-08-09 12:32:49,012 - IPTVCollector - INFO - 🚀 IPTV 智能整理平台启动
2026-08-09 12:32:49,015 - IPTVCollector - INFO - ✅ 数据库缓存已启用: data/iptv_cache.db
2026-08-09 12:32:49,017 - IPTVCollector - INFO - 📌 CCTV-1 已设为固定源 (auto_optimize=True)
2026-08-09 12:32:49,018 - IPTVCollector - INFO - 📌 CCTV-2 已设为固定源 (auto_optimize=True)
2026-08-09 12:32:49,019 - IPTVCollector - INFO - 📌 CCTV-3 已设为固定源 (auto_optimize=True)
2026-08-09 12:32:49,020 - IPTVCollector - INFO - 📌 CCTV-4 已设为固定源 (auto_optimize=True)
2026-08-09 12:32:49,021 - IPTVCollector - INFO - 📌 CCTV-5 已设为固定源 (auto_optimize=True)
2026-08-09 12:32:49,022 - IPTVCollector - INFO - 📌 CCTV-5+ 已设为固定源 (auto_optimize=True)
2026-08-09 12:32:49,023 - IPTVCollector - INFO - 📌 CCTV-6 已设为固定源 (auto_optimize=True)
2026-08-09 12:32:49,024 - IPTVCollector - INFO - 📌 CCTV-7 已设为固定源 (auto_optimize=True)
2026-08-09 12:32:49,025 - IPTVCollector - INFO - 📌 CCTV-8 已设为固定源 (auto_optimize=True)
2026-08-09 12:32:49,026 - IPTVCollector - INFO - 📌 CCTV-9 已设为固定源 (auto_optimize=True)
2026-08-09 12:32:49,027 - IPTVCollector - INFO - 📌 CCTV-10 已设为固定源 (auto_optimize=True)
2026-08-09 12:32:49,028 - IPTVCollector - INFO - 📌 CCTV-11 已设为固定源 (auto_optimize=True)
2026-08-09 12:32:49,029 - IPTVCollector - INFO - 📌 CCTV-12 已设为固定源 (auto_optimize=True)
2026-08-09 12:32:49,030 - IPTVCollector - INFO - 📌 CCTV-13 已设为固定源 (auto_optimize=True)
2026-08-09 12:32:49,031 - IPTVCollector - INFO - 📌 CCTV-14 已设为固定源 (auto_optimize=True)
2026-08-09 12:32:49,032 - IPTVCollector - INFO - 📌 CCTV-15 已设为固定源 (auto_optimize=True)
2026-08-09 12:32:49,033 - IPTVCollector - INFO - 📌 CCTV-16 已设为固定源 (auto_optimize=True)
2026-08-09 12:32:49,034 - IPTVCollector - INFO - 📌 CCTV-17 已设为固定源 (auto_optimize=True)
2026-08-09 12:32:49,035 - IPTVCollector - INFO - 📌 CCTV4欧洲 已设为固定源 (auto_optimize=True)
2026-08-09 12:32:49,036 - IPTVCollector - INFO - 📌 CCTV4美洲 已设为固定源 (auto_optimize=True)
2026-08-09 12:32:49,036 - IPTVCollector - INFO - 📌 固定源已同步到数据库
2026-08-09 12:32:49,036 - IPTVCollector - INFO - 📋 订阅源解析：普通 11 个，白名单 0 个
2026-08-09 12:32:49,036 - IPTVCollector - INFO - 📋 使用 11 个源
2026-08-09 12:33:14,106 - IPTVCollector - INFO - 📊 测速完成，有效频道: 376 个
2026-08-09 12:33:14,106 - IPTVCollector - INFO - 📊 通过测速的频道数: 376
2026-08-09 12:33:21,646 - IPTVCollector - INFO - 🔍 ffmpeg 深度验证: 1 个需验证，375 个来自缓存/HTTP
2026-08-09 12:33:29,020 - IPTVCollector - INFO - ✅ ffmpeg 验证完成: 通过 376/376 个频道
2026-08-09 12:33:29,020 - IPTVCollector - INFO - 📊 通过ffmpeg验证的频道数: 376
2026-08-09 12:33:29,027 - IPTVCollector - INFO - 🔄 固定源自动优化: Xinjiang TV 3 -> http://183.11.239.36:808/hls/69/index.m3u8...
2026-08-09 12:33:29,027 - IPTVCollector - INFO - 🔄 固定源自动优化: 荆门新闻综合 -> http://183.11.239.36:808/hls/69/index.m3u8...
2026-08-09 12:33:29,028 - IPTVCollector - INFO - 📌 已使用 19 个固定源（含自动优化）
2026-08-09 12:33:29,028 - IPTVCollector - INFO - 📊 合并完成: 共 326 个频道
2026-08-09 12:33:29,028 - IPTVCollector - INFO - 📊 合并后的频道数: 326
2026-08-09 12:33:29,057 - IPTVCollector - INFO - 📊 黑名单过滤后: 312
2026-08-09 12:33:29,059 - IPTVCollector - INFO - 📋 从 demo.txt 解析到 3541 个有序频道
2026-08-09 12:33:29,062 - IPTVCollector - INFO - 📋 从 demo.txt 解析到 3541 个有序频道
2026-08-09 12:34:36,045 - IPTVCollector - INFO - 📌 未分类频道追加到 '其他': VOA美国之音
2026-08-09 12:34:36,046 - IPTVCollector - INFO - 📌 未分类频道追加到 '其他': Xinjiang TV 3
2026-08-09 12:34:36,047 - IPTVCollector - INFO - 🌏 自动追加: 四平新闻综合 [Geo-blocked] -> ☘️吉林频道
2026-08-09 12:34:36,048 - IPTVCollector - INFO - 📌 未分类频道追加到 '其他': QTV-1
2026-08-09 12:34:36,048 - IPTVCollector - INFO - 📌 未分类频道追加到 '其他': Xinjiang TV 2
2026-08-09 12:34:36,048 - IPTVCollector - INFO - 📌 未分类频道追加到 '其他': Zhejiang TV International
2026-08-09 12:34:36,048 - IPTVCollector - INFO - 📌 未分类频道追加到 '其他': Hunan TV
2026-08-09 12:34:36,048 - IPTVCollector - INFO - 📌 未分类频道追加到 '其他': 延边新闻综合 [Geo-blocked]
2026-08-09 12:34:36,049 - IPTVCollector - INFO - 📌 未分类频道追加到 '其他': Nei Monggol TV [Not 24/7]
2026-08-09 12:34:36,049 - IPTVCollector - INFO - 📌 未分类频道追加到 '其他': 江津经济生活
2026-08-09 12:34:36,049 - IPTVCollector - INFO - 📌 未分类频道追加到 '其他': 浙江经济
2026-08-09 12:34:36,049 - IPTVCollector - INFO - 📌 未分类频道追加到 '其他': TV BRICS Chinese
2026-08-09 12:34:36,049 - IPTVCollector - INFO - 🌏 自动追加: 浙江 Ⅰ 绍兴综合 -> ☘️浙江频道
2026-08-09 12:34:36,051 - IPTVCollector - INFO - 🌏 自动追加: 白山新闻综合 [Geo-blocked] -> ☘️吉林频道
2026-08-09 12:34:36,051 - IPTVCollector - INFO - 📌 未分类频道追加到 '其他': Nei Monggol TV 2 Mongolian Culture Channel [Not 24/7]
2026-08-09 12:34:36,053 - IPTVCollector - INFO - 🌏 自动追加: 松原新闻综合 [Geo-blocked] -> ☘️吉林频道
2026-08-09 12:34:36,053 - IPTVCollector - INFO - 📌 未分类频道追加到 '其他': Siping TV
2026-08-09 12:34:36,053 - IPTVCollector - INFO - 📌 未分类频道追加到 '其他': 辽新闻综合 [Geo-blocked]
2026-08-09 12:34:36,054 - IPTVCollector - INFO - 🌏 自动追加: 通化新闻 [Geo-blocked] -> ☘️吉林频道
2026-08-09 12:34:36,055 - IPTVCollector - INFO - 📌 未分类频道追加到 '其他': 集安综合 [Geo-blocked]
2026-08-09 12:34:36,055 - IPTVCollector - INFO - 📌 未分类频道追加到 '其他': Hebei TV
2026-08-09 12:34:36,055 - IPTVCollector - INFO - 📌 未分类频道追加到 '其他': Dragon TV International
2026-08-09 12:34:36,055 - IPTVCollector - INFO - 🌏 自动追加: 福州广电视台新闻综合频道 -> ☘️福建频道
2026-08-09 12:34:36,056 - IPTVCollector - INFO - 📌 未分类频道追加到 '其他': 靖江新闻綜合 [Not 24/7]
2026-08-09 12:34:36,056 - IPTVCollector - INFO - 📌 未分类频道追加到 '其他': CGTN阿语
2026-08-09 12:34:36,056 - IPTVCollector - INFO - 📌 未分类频道追加到 '其他': 荣昌综合 [Not 24/7]
2026-08-09 12:34:36,057 - IPTVCollector - INFO - 🌏 自动追加: 长春综合 [Geo-blocked] -> ☘️吉林频道
2026-08-09 12:34:36,058 - IPTVCollector - INFO - 📌 未分类频道追加到 '其他': CGTN记录
2026-08-09 12:34:36,058 - IPTVCollector - INFO - 🌏 自动追加: 浙江 Ⅰ 绍兴影视 -> ☘️浙江频道
2026-08-09 12:34:36,058 - IPTVCollector - INFO - 🌏 自动追加: 上海卫视 -> ☘️上海频道
2026-08-09 12:34:36,058 - IPTVCollector - INFO - 📌 未分类频道追加到 '其他': 东南卫视
2026-08-09 12:34:36,059 - IPTVCollector - INFO - 📌 未分类频道追加到 '其他': Anhui TV
2026-08-09 12:34:36,059 - IPTVCollector - INFO - 📌 未分类频道追加到 '其他': ABN China
2026-08-09 12:34:36,059 - IPTVCollector - INFO - 📌 未分类频道追加到 '其他': Bread TV面包台
2026-08-09 12:34:36,059 - IPTVCollector - INFO - 📌 未分类频道追加到 '其他': 熊猫直
2026-08-09 12:34:36,059 - IPTVCollector - INFO - 📌 未分类频道追加到 '其他': 九台
2026-08-09 12:34:36,059 - IPTVCollector - INFO - 📌 未分类频道追加到 '其他': 延边2
2026-08-09 12:34:36,060 - IPTVCollector - INFO - 📌 未分类频道追加到 '其他': 耀才财经
2026-08-09 12:34:36,060 - IPTVCollector - INFO - 📌 未分类频道追加到 '其他': 柳河
2026-08-09 12:34:36,060 - IPTVCollector - INFO - 📌 未分类频道追加到 '其他': 汪清
2026-08-09 12:34:36,060 - IPTVCollector - INFO - 📌 未分类频道追加到 '其他': 东丰
2026-08-09 12:34:36,060 - IPTVCollector - INFO - 📌 未分类频道追加到 '其他': 珲春新闻
2026-08-09 12:34:36,061 - IPTVCollector - INFO - 📌 未分类频道追加到 '其他': 辉南新闻
2026-08-09 12:34:36,061 - IPTVCollector - INFO - 📌 未分类频道追加到 '其他': 舒兰新闻
2026-08-09 12:34:36,062 - IPTVCollector - INFO - 🌏 自动追加: 通化县 -> ☘️吉林频道
2026-08-09 12:34:36,064 - IPTVCollector - INFO - 🌏 自动追加: 长白山电视台 -> ☘️吉林频道
2026-08-09 12:34:36,064 - IPTVCollector - INFO - 📌 未分类频道追加到 '其他': 龙井
2026-08-09 12:34:36,064 - IPTVCollector - INFO - 🌏 自动追加: 绍兴电视台公共 -> ☘️浙江频道
2026-08-09 12:34:36,064 - IPTVCollector - INFO - 📌 未分类频道追加到 '其他': Chifeng Comprehensive News Chanel
2026-08-09 12:34:36,064 - IPTVCollector - INFO - 📌 未分类频道追加到 '其他': 通海电视台
2026-08-09 12:34:36,065 - IPTVCollector - INFO - 📌 未分类频道追加到 '其他': 春晚2025
2026-08-09 12:34:36,065 - IPTVCollector - INFO - 📌 未分类频道追加到 '其他': 大立电视台
2026-08-09 12:34:36,065 - IPTVCollector - INFO - 📌 未分类频道追加到 '其他': Home Plus
2026-08-09 12:34:36,065 - IPTVCollector - INFO - 📌 未分类频道追加到 '其他': 磐石
2026-08-09 12:34:36,065 - IPTVCollector - INFO - 📌 未分类频道追加到 '其他': CGTN-Documentary
2026-08-09 12:34:36,066 - IPTVCollector - INFO - 📌 未分类频道追加到 '其他': Harbin Comprehensive News Channel
2026-08-09 12:34:36,066 - IPTVCollector - INFO - 📌 未分类频道追加到 '其他': Harbin Movie Channel
2026-08-09 12:34:36,066 - IPTVCollector - INFO - 📌 未分类频道追加到 '其他': 环球电视
2026-08-09 12:34:36,066 - IPTVCollector - INFO - 📌 未分类频道追加到 '其他': 龙门飞甲
2026-08-09 12:34:36,066 - IPTVCollector - INFO - 📌 未分类频道追加到 '其他': 玛纳斯
2026-08-09 12:34:36,067 - IPTVCollector - INFO - 📌 未分类频道追加到 '其他': 玛纳斯综合
2026-08-09 12:34:36,067 - IPTVCollector - INFO - 📌 未分类频道追加到 '其他': 伊犁经济法制
2026-08-09 12:34:36,067 - IPTVCollector - INFO - 📌 未分类频道追加到 '其他': 浙江钱江都市
2026-08-09 12:34:36,067 - IPTVCollector - INFO - 📌 未分类频道追加到 '其他': 奎屯汉语
2026-08-09 12:34:36,067 - IPTVCollector - INFO - 📌 未分类频道追加到 '其他': 梨园
2026-08-09 12:34:36,067 - IPTVCollector - INFO - 📌 未分类频道追加到 '其他': 数码时代
2026-08-09 12:34:36,068 - IPTVCollector - INFO - 📌 未分类频道追加到 '其他': 浙江教科影院
2026-08-09 12:34:36,068 - IPTVCollector - INFO - 📌 未分类频道追加到 '其他': 浙江民生休闲
2026-08-09 12:34:36,068 - IPTVCollector - INFO - 📌 未分类频道追加到 '其他': 浙江教育
2026-08-09 12:34:36,068 - IPTVCollector - INFO - 📌 未分类频道追加到 '其他': 浙江生活
2026-08-09 12:34:36,068 - IPTVCollector - INFO - 📌 未分类频道追加到 '其他': 浙江钱江频道
2026-08-09 12:34:36,068 - IPTVCollector - INFO - 📌 未分类频道追加到 '其他': 凤凰中文
2026-08-09 12:34:36,069 - IPTVCollector - INFO - 🌏 自动追加: 凤凰香港 -> 🌊港·澳·台
2026-08-09 12:34:36,069 - IPTVCollector - INFO - 📌 未分类频道追加到 '其他': 韩国电影1
2026-08-09 12:34:36,069 - IPTVCollector - INFO - 📌 未分类频道追加到 '其他': 韩国电影2
2026-08-09 12:34:36,069 - IPTVCollector - INFO - 📌 未分类频道追加到 '其他': 凤凰资讯
2026-08-09 12:34:36,069 - IPTVCollector - INFO - 📌 未分类频道追加到 '其他': FZTV3
2026-08-09 12:34:36,069 - IPTVCollector - INFO - 📌 未分类频道追加到 '其他': 都市青春
2026-08-09 12:34:36,070 - IPTVCollector - INFO - 📌 未分类频道追加到 '其他': 陕西新闻咨询
2026-08-09 12:34:36,070 - IPTVCollector - INFO - 📌 未分类频道追加到 '其他': 江津新闻
2026-08-09 12:34:36,071 - IPTVCollector - INFO - 🌏 自动追加: 武汉一台新闻综合 -> ☘️湖北频道
2026-08-09 12:34:36,073 - IPTVCollector - INFO - 🌏 自动追加: 哈尔滨都市咨询 -> ☘️黑龙江频道
2026-08-09 12:34:36,073 - IPTVCollector - INFO - 📌 未分类频道追加到 '其他': 新闻咨询
2026-08-09 12:34:36,073 - IPTVCollector - INFO - 📌 未分类频道追加到 '其他': 1987年春晚
2026-08-09 12:34:36,073 - IPTVCollector - INFO - 📌 未分类频道追加到 '其他': 1988年春晚
2026-08-09 12:34:36,073 - IPTVCollector - INFO - 📌 未分类频道追加到 '其他': 1989年春晚
2026-08-09 12:34:36,074 - IPTVCollector - INFO - 📌 未分类频道追加到 '其他': 音乐欣赏
2026-08-09 12:34:36,074 - IPTVCollector - INFO - 📌 未分类频道追加到 '其他': Dali TV
2026-08-09 12:34:36,074 - IPTVCollector - INFO - 📌 未分类频道追加到 '其他': 无线新闻台
2026-08-09 12:34:36,074 - IPTVCollector - INFO - 📌 未分类频道追加到 '其他': Newsmax
2026-08-09 12:34:36,074 - IPTVCollector - INFO - 📌 未分类频道追加到 '其他': CNA
2026-08-09 12:34:36,074 - IPTVCollector - INFO - 📌 未分类频道追加到 '其他': 韩国EBS少儿
2026-08-09 12:34:36,075 - IPTVCollector - INFO - 📌 未分类频道追加到 '其他': Supreme Master TV
2026-08-09 12:34:36,075 - IPTVCollector - INFO - 📌 未分类频道追加到 '其他': Beautiful Life TV
2026-08-09 12:34:36,075 - IPTVCollector - INFO - 📌 未分类频道追加到 '其他': TVB News
2026-08-09 12:34:36,075 - IPTVCollector - INFO - 📌 未分类频道追加到 '其他': Good
2026-08-09 12:34:36,075 - IPTVCollector - INFO - 📌 未分类频道追加到 '其他': Trace Sports
2026-08-09 12:34:36,075 - IPTVCollector - INFO - 📌 未分类频道追加到 '其他': Good 2
2026-08-09 12:34:36,076 - IPTVCollector - INFO - 📌 未分类频道追加到 '其他': 自然传奇
2026-08-09 12:34:36,076 - IPTVCollector - INFO - 📌 未分类频道追加到 '其他': 人与自然
2026-08-09 12:34:36,076 - IPTVCollector - INFO - 📌 未分类频道追加到 '其他': 地理中国
2026-08-09 12:34:36,076 - IPTVCollector - INFO - 📌 未分类频道追加到 '其他': 华丽翡翠台
2026-08-09 12:34:36,076 - IPTVCollector - INFO - 📌 未分类频道追加到 '其他': WionNews
2026-08-09 12:34:36,076 - IPTVCollector - INFO - 📌 未分类频道追加到 '其他': Arirang
2026-08-09 12:34:36,077 - IPTVCollector - INFO - 📌 未分类频道追加到 '其他': Wild Earth
2026-08-09 12:34:36,077 - IPTVCollector - INFO - 📌 未分类频道追加到 '其他': 飞碟之谜01
2026-08-09 12:34:36,077 - IPTVCollector - INFO - 📌 未分类频道追加到 '其他': 2024年春晚
2026-08-09 12:34:36,077 - IPTVCollector - INFO - 📌 未分类频道追加到 '其他': 倩女幽魂道道道
2026-08-09 12:34:36,077 - IPTVCollector - INFO - 📌 未分类频道追加到 '其他': 春晚2024
2026-08-09 12:34:36,077 - IPTVCollector - INFO - 📌 未分类频道追加到 '其他': TVB Plus
2026-08-09 12:34:36,078 - IPTVCollector - INFO - 📌 未分类频道追加到 '其他': Pet Club TV
2026-08-09 12:34:36,078 - IPTVCollector - INFO - 📌 未分类频道追加到 '其他': 倩女幽魂人间道
2026-08-09 12:34:36,078 - IPTVCollector - INFO - 📌 未分类频道追加到 '其他': 倩女幽魂妖魔道
2026-08-09 12:34:36,078 - IPTVCollector - INFO - 📌 未分类频道追加到 '其他': RT Français
2026-08-09 12:34:36,078 - IPTVCollector - INFO - 📌 未分类频道追加到 '其他': RT Balkan
2026-08-09 12:34:36,078 - IPTVCollector - INFO - 🎯 Demo 筛选：原始 312 -> 匹配/分类后 312 个频道
2026-08-09 12:34:36,079 - IPTVCollector - INFO - 📊 Demo筛选后: 312
2026-08-09 12:34:36,080 - IPTVCollector - INFO - ✅ M3U 文件已生成: output/tv.m3u
2026-08-09 12:34:36,080 - IPTVCollector - INFO - ✅ TXT 文件已生成: output/tv.txt
2026-08-09 12:34:36,081 - IPTVCollector - INFO - ✅ 多源 M3U 文件已生成: output/tv_multi.m3u
2026-08-09 12:34:36,083 - IPTVCollector - INFO - ✅ JSON API 已生成: output/channels.json
2026-08-09 12:34:36,084 - IPTVCollector - INFO - ✅ 精简版已生成: output/tv_lite.m3u
2026-08-09 12:34:36,084 - IPTVCollector - INFO - ✅ M3U 文件已生成: output/tv_epg.m3u
2026-08-09 12:34:36,084 - IPTVCollector - INFO - 🚀 IPTV 自治系统启动
2026-08-09 12:34:36,084 - IPTVCollector - INFO - ⏭️ 跳过发现阶段
2026-08-09 12:34:36,084 - IPTVCollector - INFO - ==================================================
阶段2: 从缓存观察候选源
==================================================
2026-08-09 12:34:36,100 - IPTVCollector - INFO -   📊 观察进度: 100/237，稳定 0 个
2026-08-09 12:34:36,114 - IPTVCollector - INFO -   📊 观察进度: 200/237，稳定 0 个
2026-08-09 12:34:36,119 - IPTVCollector - INFO - ✅ 观察阶段完成: 0 个源达到稳定标准
2026-08-09 12:34:36,119 - IPTVCollector - INFO - ==================================================
阶段3: 提升稳定源
==================================================
2026-08-09 12:34:36,119 - IPTVCollector - INFO - 📭 没有稳定的候选源需要提升
2026-08-09 12:34:36,119 - IPTVCollector - INFO - 📊 自治模式统计:
2026-08-09 12:34:36,120 - IPTVCollector - INFO -   候选池总数: 747, 观察中: 237, 稳定: 502
2026-08-09 12:34:36,120 - IPTVCollector - INFO -   本次新提升: 0
2026-08-09 12:34:36,120 - IPTVCollector - INFO - 🎉 全部完成！
2026-08-09 18:27:44,828 - IPTVCollector - INFO - 🚀 IPTV 智能整理平台启动
2026-08-09 18:27:44,831 - IPTVCollector - INFO - ✅ 数据库缓存已启用: data/iptv_cache.db
2026-08-09 18:27:44,834 - IPTVCollector - INFO - 📌 CCTV-1 已设为固定源 (auto_optimize=True)
2026-08-09 18:27:44,835 - IPTVCollector - INFO - 📌 CCTV-2 已设为固定源 (auto_optimize=True)
2026-08-09 18:27:44,836 - IPTVCollector - INFO - 📌 CCTV-3 已设为固定源 (auto_optimize=True)
2026-08-09 18:27:44,837 - IPTVCollector - INFO - 📌 CCTV-4 已设为固定源 (auto_optimize=True)
2026-08-09 18:27:44,839 - IPTVCollector - INFO - 📌 CCTV-5 已设为固定源 (auto_optimize=True)
2026-08-09 18:27:44,841 - IPTVCollector - INFO - 📌 CCTV-5+ 已设为固定源 (auto_optimize=True)
2026-08-09 18:27:44,842 - IPTVCollector - INFO - 📌 CCTV-6 已设为固定源 (auto_optimize=True)
2026-08-09 18:27:44,843 - IPTVCollector - INFO - 📌 CCTV-7 已设为固定源 (auto_optimize=True)
2026-08-09 18:27:44,844 - IPTVCollector - INFO - 📌 CCTV-8 已设为固定源 (auto_optimize=True)
2026-08-09 18:27:44,845 - IPTVCollector - INFO - 📌 CCTV-9 已设为固定源 (auto_optimize=True)
2026-08-09 18:27:44,847 - IPTVCollector - INFO - 📌 CCTV-10 已设为固定源 (auto_optimize=True)
2026-08-09 18:27:44,848 - IPTVCollector - INFO - 📌 CCTV-11 已设为固定源 (auto_optimize=True)
2026-08-09 18:27:44,850 - IPTVCollector - INFO - 📌 CCTV-12 已设为固定源 (auto_optimize=True)
2026-08-09 18:27:44,851 - IPTVCollector - INFO - 📌 CCTV-13 已设为固定源 (auto_optimize=True)
2026-08-09 18:27:44,852 - IPTVCollector - INFO - 📌 CCTV-14 已设为固定源 (auto_optimize=True)
2026-08-09 18:27:44,853 - IPTVCollector - INFO - 📌 CCTV-15 已设为固定源 (auto_optimize=True)
2026-08-09 18:27:44,854 - IPTVCollector - INFO - 📌 CCTV-16 已设为固定源 (auto_optimize=True)
2026-08-09 18:27:44,856 - IPTVCollector - INFO - 📌 CCTV-17 已设为固定源 (auto_optimize=True)
2026-08-09 18:27:44,857 - IPTVCollector - INFO - 📌 CCTV4欧洲 已设为固定源 (auto_optimize=True)
2026-08-09 18:27:44,859 - IPTVCollector - INFO - 📌 CCTV4美洲 已设为固定源 (auto_optimize=True)
2026-08-09 18:27:44,859 - IPTVCollector - INFO - 📌 固定源已同步到数据库
2026-08-09 18:27:44,859 - IPTVCollector - INFO - 📋 订阅源解析：普通 11 个，白名单 0 个
2026-08-09 18:27:44,859 - IPTVCollector - INFO - 📋 使用 11 个源
2026-08-09 18:28:03,129 - IPTVCollector - INFO - 📊 测速完成，有效频道: 381 个
2026-08-09 18:28:03,129 - IPTVCollector - INFO - 📊 通过测速的频道数: 381
2026-08-09 18:28:03,281 - IPTVCollector - INFO - 🔍 ffmpeg 深度验证: 0 个需验证，380 个来自缓存/HTTP
2026-08-09 18:28:03,281 - IPTVCollector - INFO - ✅ ffmpeg 验证完成: 通过 380/381 个频道
2026-08-09 18:28:03,282 - IPTVCollector - INFO - 📊 通过ffmpeg验证的频道数: 380
2026-08-09 18:28:03,289 - IPTVCollector - INFO - 📌 已使用 19 个固定源（含自动优化）
2026-08-09 18:28:03,289 - IPTVCollector - INFO - 📊 合并完成: 共 329 个频道
2026-08-09 18:28:03,289 - IPTVCollector - INFO - 📊 合并后的频道数: 329
2026-08-09 18:28:03,321 - IPTVCollector - INFO - 📊 黑名单过滤后: 315
2026-08-09 18:28:03,323 - IPTVCollector - INFO - 📋 从 demo.txt 解析到 3541 个有序频道
2026-08-09 18:28:03,326 - IPTVCollector - INFO - 📋 从 demo.txt 解析到 3541 个有序频道
2026-08-09 18:29:30,041 - IPTVCollector - INFO - 📌 未分类频道追加到 '其他': 伊犁经济法制
2026-08-09 18:29:30,041 - IPTVCollector - INFO - 📌 未分类频道追加到 '其他': 龙门飞甲
2026-08-09 18:29:30,041 - IPTVCollector - INFO - 📌 未分类频道追加到 '其他': 奎屯汉语
2026-08-09 18:29:30,042 - IPTVCollector - INFO - 📌 未分类频道追加到 '其他': 玛纳斯综合
2026-08-09 18:29:30,042 - IPTVCollector - INFO - 📌 未分类频道追加到 '其他': 玛纳斯
2026-08-09 18:29:30,042 - IPTVCollector - INFO - 📌 未分类频道追加到 '其他': 浙江钱江都市
2026-08-09 18:29:30,042 - IPTVCollector - INFO - 📌 未分类频道追加到 '其他': 数码时代
2026-08-09 18:29:30,042 - IPTVCollector - INFO - 📌 未分类频道追加到 '其他': 浙江教科影院
2026-08-09 18:29:30,043 - IPTVCollector - INFO - 📌 未分类频道追加到 '其他': 浙江民生休闲
2026-08-09 18:29:30,043 - IPTVCollector - INFO - 📌 未分类频道追加到 '其他': 浙江教育
2026-08-09 18:29:30,043 - IPTVCollector - INFO - 📌 未分类频道追加到 '其他': 浙江经济
2026-08-09 18:29:30,043 - IPTVCollector - INFO - 📌 未分类频道追加到 '其他': 梨园
2026-08-09 18:29:30,044 - IPTVCollector - INFO - 📌 未分类频道追加到 '其他': 浙江生活
2026-08-09 18:29:30,044 - IPTVCollector - INFO - 📌 未分类频道追加到 '其他': 韩国电影1
2026-08-09 18:29:30,044 - IPTVCollector - INFO - 📌 未分类频道追加到 '其他': 浙江钱江频道
2026-08-09 18:29:30,044 - IPTVCollector - INFO - 📌 未分类频道追加到 '其他': 韩国电影2
2026-08-09 18:29:30,046 - IPTVCollector - INFO - 🌏 自动追加: 武汉一台新闻综合 -> ☘️湖北频道
2026-08-09 18:29:30,046 - IPTVCollector - INFO - 🌏 自动追加: 凤凰香港 -> 🌊港·澳·台
2026-08-09 18:29:30,046 - IPTVCollector - INFO - 📌 未分类频道追加到 '其他': 都市青春
2026-08-09 18:29:30,046 - IPTVCollector - INFO - 📌 未分类频道追加到 '其他': 凤凰中文
2026-08-09 18:29:30,047 - IPTVCollector - INFO - 📌 未分类频道追加到 '其他': 凤凰资讯
2026-08-09 18:29:30,047 - IPTVCollector - INFO - 📌 未分类频道追加到 '其他': 陕西新闻咨询
2026-08-09 18:29:30,047 - IPTVCollector - INFO - 📌 未分类频道追加到 '其他': 华丽翡翠台
2026-08-09 18:29:30,049 - IPTVCollector - INFO - 🌏 自动追加: 哈尔滨都市咨询 -> ☘️黑龙江频道
2026-08-09 18:29:30,049 - IPTVCollector - INFO - 📌 未分类频道追加到 '其他': 新闻咨询
2026-08-09 18:29:30,049 - IPTVCollector - INFO - 📌 未分类频道追加到 '其他': 音乐欣赏
2026-08-09 18:29:30,049 - IPTVCollector - INFO - 📌 未分类频道追加到 '其他': 江津新闻
2026-08-09 18:29:30,049 - IPTVCollector - INFO - 📌 未分类频道追加到 '其他': FZTV3
2026-08-09 18:29:30,050 - IPTVCollector - INFO - 📌 未分类频道追加到 '其他': 1989年春晚
2026-08-09 18:29:30,050 - IPTVCollector - INFO - 📌 未分类频道追加到 '其他': 1988年春晚
2026-08-09 18:29:30,050 - IPTVCollector - INFO - 📌 未分类频道追加到 '其他': 无线新闻台
2026-08-09 18:29:30,050 - IPTVCollector - INFO - 📌 未分类频道追加到 '其他': 1987年春晚
2026-08-09 18:29:30,051 - IPTVCollector - INFO - 📌 未分类频道追加到 '其他': 河南电视剧
2026-08-09 18:29:30,051 - IPTVCollector - INFO - 📌 未分类频道追加到 '其他': Newsmax
2026-08-09 18:29:30,051 - IPTVCollector - INFO - 📌 未分类频道追加到 '其他': 韩国EBS少儿
2026-08-09 18:29:30,051 - IPTVCollector - INFO - 📌 未分类频道追加到 '其他': CNA
2026-08-09 18:29:30,051 - IPTVCollector - INFO - 📌 未分类频道追加到 '其他': Supreme Master TV
2026-08-09 18:29:30,052 - IPTVCollector - INFO - 📌 未分类频道追加到 '其他': 人与自然
2026-08-09 18:29:30,052 - IPTVCollector - INFO - 📌 未分类频道追加到 '其他': 自然传奇
2026-08-09 18:29:30,052 - IPTVCollector - INFO - 📌 未分类频道追加到 '其他': Beautiful Life TV
2026-08-09 18:29:30,052 - IPTVCollector - INFO - 📌 未分类频道追加到 '其他': Dali TV
2026-08-09 18:29:30,053 - IPTVCollector - INFO - 📌 未分类频道追加到 '其他': 飞碟之谜01
2026-08-09 18:29:30,053 - IPTVCollector - INFO - 📌 未分类频道追加到 '其他': 地理中国
2026-08-09 18:29:30,053 - IPTVCollector - INFO - 📌 未分类频道追加到 '其他': TVB News
2026-08-09 18:29:30,053 - IPTVCollector - INFO - 📌 未分类频道追加到 '其他': Good 2
2026-08-09 18:29:30,053 - IPTVCollector - INFO - 📌 未分类频道追加到 '其他': Good
2026-08-09 18:29:30,054 - IPTVCollector - INFO - 📌 未分类频道追加到 '其他': Wild Earth
2026-08-09 18:29:30,054 - IPTVCollector - INFO - 📌 未分类频道追加到 '其他': Arirang
2026-08-09 18:29:30,054 - IPTVCollector - INFO - 📌 未分类频道追加到 '其他': 春晚2025
2026-08-09 18:29:30,054 - IPTVCollector - INFO - 📌 未分类频道追加到 '其他': Trace Sports
2026-08-09 18:29:30,055 - IPTVCollector - INFO - 📌 未分类频道追加到 '其他': 倩女幽魂人间道
2026-08-09 18:29:30,055 - IPTVCollector - INFO - 📌 未分类频道追加到 '其他': TVB Plus
2026-08-09 18:29:30,055 - IPTVCollector - INFO - 📌 未分类频道追加到 '其他': 倩女幽魂妖魔道
2026-08-09 18:29:30,055 - IPTVCollector - INFO - 📌 未分类频道追加到 '其他': 倩女幽魂道道道
2026-08-09 18:29:30,055 - IPTVCollector - INFO - 📌 未分类频道追加到 '其他': 2024年春晚
2026-08-09 18:29:30,056 - IPTVCollector - INFO - 📌 未分类频道追加到 '其他': WionNews
2026-08-09 18:29:30,056 - IPTVCollector - INFO - 📌 未分类频道追加到 '其他': 春晚2024
2026-08-09 18:29:30,056 - IPTVCollector - INFO - 📌 未分类频道追加到 '其他': 环球电视
2026-08-09 18:29:30,056 - IPTVCollector - INFO - 📌 未分类频道追加到 '其他': Pet Club TV
2026-08-09 18:29:30,057 - IPTVCollector - INFO - 📌 未分类频道追加到 '其他': Zhejiang TV International
2026-08-09 18:29:30,057 - IPTVCollector - INFO - 📌 未分类频道追加到 '其他': VOA美国之音
2026-08-09 18:29:30,057 - IPTVCollector - INFO - 📌 未分类频道追加到 '其他': Siping TV
2026-08-09 18:29:30,057 - IPTVCollector - INFO - 📌 未分类频道追加到 '其他': Xinjiang TV 2
2026-08-09 18:29:30,057 - IPTVCollector - INFO - 📌 未分类频道追加到 '其他': Xinjiang TV 3
2026-08-09 18:29:30,058 - IPTVCollector - INFO - 📌 未分类频道追加到 '其他': RT Balkan
2026-08-09 18:29:30,058 - IPTVCollector - INFO - 📌 未分类频道追加到 '其他': QTV-1
2026-08-09 18:29:30,058 - IPTVCollector - INFO - 📌 未分类频道追加到 '其他': TV BRICS Chinese
2026-08-09 18:29:30,058 - IPTVCollector - INFO - 📌 未分类频道追加到 '其他': Nei Monggol TV 2 Mongolian Culture Channel [Not 24/7]
2026-08-09 18:29:30,058 - IPTVCollector - INFO - 📌 未分类频道追加到 '其他': RT Français
2026-08-09 18:29:30,059 - IPTVCollector - INFO - 📌 未分类频道追加到 '其他': CGTN Documentary
2026-08-09 18:29:30,059 - IPTVCollector - INFO - 🌏 自动追加: 浙江 Ⅰ 绍兴影视 -> ☘️浙江频道
2026-08-09 18:29:30,060 - IPTVCollector - INFO - 🌏 自动追加: 四平新闻综合 [Geo-blocked] -> ☘️吉林频道
2026-08-09 18:29:30,061 - IPTVCollector - INFO - 📌 未分类频道追加到 '其他': 前郭综合 [Geo-blocked]
2026-08-09 18:29:30,061 - IPTVCollector - INFO - 📌 未分类频道追加到 '其他': 延边新闻综合 [Geo-blocked]
2026-08-09 18:29:30,062 - IPTVCollector - INFO - 🌏 自动追加: 松原新闻综合 [Geo-blocked] -> ☘️吉林频道
2026-08-09 18:29:30,062 - IPTVCollector - INFO - 🌏 自动追加: 浙江 Ⅰ 绍兴综合 -> ☘️浙江频道
2026-08-09 18:29:30,063 - IPTVCollector - INFO - 🌏 自动追加: 福州广电视台新闻综合频道 -> ☘️福建频道
2026-08-09 18:29:30,063 - IPTVCollector - INFO - 📌 未分类频道追加到 '其他': 江津经济生活
2026-08-09 18:29:30,064 - IPTVCollector - INFO - 🌏 自动追加: 白山新闻综合 [Geo-blocked] -> ☘️吉林频道
2026-08-09 18:29:30,065 - IPTVCollector - INFO - 📌 未分类频道追加到 '其他': 辽新闻综合 [Geo-blocked]
2026-08-09 18:29:30,066 - IPTVCollector - INFO - 🌏 自动追加: 通化新闻 [Geo-blocked] -> ☘️吉林频道
2026-08-09 18:29:30,067 - IPTVCollector - INFO - 🌏 自动追加: 长春综合 [Geo-blocked] -> ☘️吉林频道
2026-08-09 18:29:30,067 - IPTVCollector - INFO - 📌 未分类频道追加到 '其他': 集安综合 [Geo-blocked]
2026-08-09 18:29:30,068 - IPTVCollector - INFO - 📌 未分类频道追加到 '其他': 荣昌综合 [Not 24/7]
2026-08-09 18:29:30,068 - IPTVCollector - INFO - 📌 未分类频道追加到 '其他': Hebei TV
2026-08-09 18:29:30,068 - IPTVCollector - INFO - 📌 未分类频道追加到 '其他': Dragon TV International
2026-08-09 18:29:30,068 - IPTVCollector - INFO - 📌 未分类频道追加到 '其他': 靖江新闻綜合 [Not 24/7]
2026-08-09 18:29:30,069 - IPTVCollector - INFO - 🌏 自动追加: 上海卫视 -> ☘️上海频道
2026-08-09 18:29:30,069 - IPTVCollector - INFO - 📌 未分类频道追加到 '其他': 东南卫视
2026-08-09 18:29:30,069 - IPTVCollector - INFO - 📌 未分类频道追加到 '其他': CGTN阿语
2026-08-09 18:29:30,069 - IPTVCollector - INFO - 📌 未分类频道追加到 '其他': 熊猫直
2026-08-09 18:29:30,069 - IPTVCollector - INFO - 📌 未分类频道追加到 '其他': Anhui TV
2026-08-09 18:29:30,070 - IPTVCollector - INFO - 📌 未分类频道追加到 '其他': CGTN记录
2026-08-09 18:29:30,070 - IPTVCollector - INFO - 📌 未分类频道追加到 '其他': ABN China
2026-08-09 18:29:30,070 - IPTVCollector - INFO - 📌 未分类频道追加到 '其他': 东丰
2026-08-09 18:29:30,070 - IPTVCollector - INFO - 📌 未分类频道追加到 '其他': 九台
2026-08-09 18:29:30,070 - IPTVCollector - INFO - 📌 未分类频道追加到 '其他': Bread TV面包台
2026-08-09 18:29:30,071 - IPTVCollector - INFO - 📌 未分类频道追加到 '其他': 延边2
2026-08-09 18:29:30,071 - IPTVCollector - INFO - 📌 未分类频道追加到 '其他': 柳河
2026-08-09 18:29:30,071 - IPTVCollector - INFO - 📌 未分类频道追加到 '其他': 汪清
2026-08-09 18:29:30,071 - IPTVCollector - INFO - 📌 未分类频道追加到 '其他': 耀才财经
2026-08-09 18:29:30,071 - IPTVCollector - INFO - 📌 未分类频道追加到 '其他': 桦甸
2026-08-09 18:29:30,072 - IPTVCollector - INFO - 📌 未分类频道追加到 '其他': 珲春新闻
2026-08-09 18:29:30,072 - IPTVCollector - INFO - 📌 未分类频道追加到 '其他': 磐石
2026-08-09 18:29:30,072 - IPTVCollector - INFO - 📌 未分类频道追加到 '其他': 舒兰新闻
2026-08-09 18:29:30,072 - IPTVCollector - INFO - 📌 未分类频道追加到 '其他': 辉南新闻
2026-08-09 18:29:30,073 - IPTVCollector - INFO - 🌏 自动追加: 长白山电视台 -> ☘️吉林频道
2026-08-09 18:29:30,075 - IPTVCollector - INFO - 🌏 自动追加: 通化县 -> ☘️吉林频道
2026-08-09 18:29:30,075 - IPTVCollector - INFO - 📌 未分类频道追加到 '其他': 大立电视台
2026-08-09 18:29:30,075 - IPTVCollector - INFO - 📌 未分类频道追加到 '其他': 龙井
2026-08-09 18:29:30,076 - IPTVCollector - INFO - 🌏 自动追加: 绍兴电视台公共 -> ☘️浙江频道
2026-08-09 18:29:30,076 - IPTVCollector - INFO - 📌 未分类频道追加到 '其他': 通海电视台
2026-08-09 18:29:30,076 - IPTVCollector - INFO - 📌 未分类频道追加到 '其他': Home Plus
2026-08-09 18:29:30,076 - IPTVCollector - INFO - 📌 未分类频道追加到 '其他': Chifeng Comprehensive News Chanel
2026-08-09 18:29:30,076 - IPTVCollector - INFO - 📌 未分类频道追加到 '其他': Nei Monggol TV [Not 24/7]
2026-08-09 18:29:30,077 - IPTVCollector - INFO - 📌 未分类频道追加到 '其他': Harbin Comprehensive News Channel
2026-08-09 18:29:30,077 - IPTVCollector - INFO - 📌 未分类频道追加到 '其他': Hunan TV
2026-08-09 18:29:30,077 - IPTVCollector - INFO - 📌 未分类频道追加到 '其他': Harbin Movie Channel
2026-08-09 18:29:30,077 - IPTVCollector - INFO - 🎯 Demo 筛选：原始 315 -> 匹配/分类后 315 个频道
2026-08-09 18:29:30,077 - IPTVCollector - INFO - 📊 Demo筛选后: 315
2026-08-09 18:29:30,078 - IPTVCollector - INFO - ✅ M3U 文件已生成: output/tv.m3u
2026-08-09 18:29:30,079 - IPTVCollector - INFO - ✅ TXT 文件已生成: output/tv.txt
2026-08-09 18:29:30,079 - IPTVCollector - INFO - ✅ 多源 M3U 文件已生成: output/tv_multi.m3u
2026-08-09 18:29:30,082 - IPTVCollector - INFO - ✅ JSON API 已生成: output/channels.json
2026-08-09 18:29:30,082 - IPTVCollector - INFO - ✅ 精简版已生成: output/tv_lite.m3u
2026-08-09 18:29:30,083 - IPTVCollector - INFO - ✅ M3U 文件已生成: output/tv_epg.m3u
2026-08-09 18:29:30,083 - IPTVCollector - INFO - 🚀 IPTV 自治系统启动
2026-08-09 18:29:30,083 - IPTVCollector - INFO - ⏭️ 跳过发现阶段
2026-08-09 18:29:30,083 - IPTVCollector - INFO - ==================================================
阶段2: 从缓存观察候选源
==================================================
2026-08-09 18:29:30,114 - IPTVCollector - INFO -   📊 观察进度: 100/235，稳定 0 个
2026-08-09 18:29:30,133 - IPTVCollector - INFO -   📊 观察进度: 200/235，稳定 0 个
2026-08-09 18:29:30,140 - IPTVCollector - INFO - ✅ 观察阶段完成: 0 个源达到稳定标准
2026-08-09 18:29:30,140 - IPTVCollector - INFO - ==================================================
阶段3: 提升稳定源
==================================================
2026-08-09 18:29:30,140 - IPTVCollector - INFO - 📭 没有稳定的候选源需要提升
2026-08-09 18:29:30,140 - IPTVCollector - INFO - 📊 自治模式统计:
2026-08-09 18:29:30,141 - IPTVCollector - INFO -   候选池总数: 747, 观察中: 235, 稳定: 504
2026-08-09 18:29:30,141 - IPTVCollector - INFO -   本次新提升: 0
2026-08-09 18:29:30,141 - IPTVCollector - INFO - 🎉 全部完成！
2026-08-10 01:04:58,654 - IPTVCollector - INFO - 🚀 IPTV 智能整理平台启动
2026-08-10 01:04:58,655 - IPTVCollector - INFO - ✅ 数据库缓存已启用: data/iptv_cache.db
2026-08-10 01:04:58,658 - IPTVCollector - INFO - 📌 CCTV-1 已设为固定源 (auto_optimize=True)
2026-08-10 01:04:58,660 - IPTVCollector - INFO - 📌 CCTV-2 已设为固定源 (auto_optimize=True)
2026-08-10 01:04:58,661 - IPTVCollector - INFO - 📌 CCTV-3 已设为固定源 (auto_optimize=True)
2026-08-10 01:04:58,662 - IPTVCollector - INFO - 📌 CCTV-4 已设为固定源 (auto_optimize=True)
2026-08-10 01:04:58,664 - IPTVCollector - INFO - 📌 CCTV-5 已设为固定源 (auto_optimize=True)
2026-08-10 01:04:58,669 - IPTVCollector - INFO - 📌 CCTV-5+ 已设为固定源 (auto_optimize=True)
2026-08-10 01:04:58,671 - IPTVCollector - INFO - 📌 CCTV-6 已设为固定源 (auto_optimize=True)
2026-08-10 01:04:58,672 - IPTVCollector - INFO - 📌 CCTV-7 已设为固定源 (auto_optimize=True)
2026-08-10 01:04:58,673 - IPTVCollector - INFO - 📌 CCTV-8 已设为固定源 (auto_optimize=True)
2026-08-10 01:04:58,674 - IPTVCollector - INFO - 📌 CCTV-9 已设为固定源 (auto_optimize=True)
2026-08-10 01:04:58,676 - IPTVCollector - INFO - 📌 CCTV-10 已设为固定源 (auto_optimize=True)
2026-08-10 01:04:58,677 - IPTVCollector - INFO - 📌 CCTV-11 已设为固定源 (auto_optimize=True)
2026-08-10 01:04:58,678 - IPTVCollector - INFO - 📌 CCTV-12 已设为固定源 (auto_optimize=True)
2026-08-10 01:04:58,679 - IPTVCollector - INFO - 📌 CCTV-13 已设为固定源 (auto_optimize=True)
2026-08-10 01:04:58,681 - IPTVCollector - INFO - 📌 CCTV-14 已设为固定源 (auto_optimize=True)
2026-08-10 01:04:58,682 - IPTVCollector - INFO - 📌 CCTV-15 已设为固定源 (auto_optimize=True)
2026-08-10 01:04:58,683 - IPTVCollector - INFO - 📌 CCTV-16 已设为固定源 (auto_optimize=True)
2026-08-10 01:04:58,685 - IPTVCollector - INFO - 📌 CCTV-17 已设为固定源 (auto_optimize=True)
2026-08-10 01:04:58,686 - IPTVCollector - INFO - 📌 CCTV4欧洲 已设为固定源 (auto_optimize=True)
2026-08-10 01:04:58,687 - IPTVCollector - INFO - 📌 CCTV4美洲 已设为固定源 (auto_optimize=True)
2026-08-10 01:04:58,687 - IPTVCollector - INFO - 📌 固定源已同步到数据库
2026-08-10 01:04:58,688 - IPTVCollector - INFO - 📋 订阅源解析：普通 11 个，白名单 0 个
2026-08-10 01:04:58,688 - IPTVCollector - INFO - 📋 使用 11 个源
2026-08-10 01:05:16,942 - IPTVCollector - INFO - 📊 测速完成，有效频道: 374 个
2026-08-10 01:05:16,942 - IPTVCollector - INFO - 📊 通过测速的频道数: 374
2026-08-10 01:05:17,023 - IPTVCollector - INFO - 🔍 ffmpeg 深度验证: 0 个需验证，373 个来自缓存/HTTP
2026-08-10 01:05:17,024 - IPTVCollector - INFO - ✅ ffmpeg 验证完成: 通过 373/374 个频道
2026-08-10 01:05:17,024 - IPTVCollector - INFO - 📊 通过ffmpeg验证的频道数: 373
2026-08-10 01:05:17,029 - IPTVCollector - INFO - 📌 已使用 19 个固定源（含自动优化）
2026-08-10 01:05:17,029 - IPTVCollector - INFO - 📊 合并完成: 共 323 个频道
2026-08-10 01:05:17,030 - IPTVCollector - INFO - 📊 合并后的频道数: 323
2026-08-10 01:05:17,051 - IPTVCollector - INFO - 📊 黑名单过滤后: 309
2026-08-10 01:05:17,052 - IPTVCollector - INFO - 📋 从 demo.txt 解析到 3541 个有序频道
2026-08-10 01:05:17,055 - IPTVCollector - INFO - 📋 从 demo.txt 解析到 3541 个有序频道
2026-08-10 01:06:17,371 - IPTVCollector - INFO - 📌 未分类频道追加到 '其他': 玛纳斯综合
2026-08-10 01:06:17,371 - IPTVCollector - INFO - 📌 未分类频道追加到 '其他': 玛纳斯
2026-08-10 01:06:17,371 - IPTVCollector - INFO - 📌 未分类频道追加到 '其他': 伊犁经济法制
2026-08-10 01:06:17,372 - IPTVCollector - INFO - 📌 未分类频道追加到 '其他': 龙门飞甲
2026-08-10 01:06:17,372 - IPTVCollector - INFO - 📌 未分类频道追加到 '其他': 奎屯汉语
2026-08-10 01:06:17,372 - IPTVCollector - INFO - 📌 未分类频道追加到 '其他': 浙江钱江都市
2026-08-10 01:06:17,372 - IPTVCollector - INFO - 📌 未分类频道追加到 '其他': 数码时代
2026-08-10 01:06:17,372 - IPTVCollector - INFO - 📌 未分类频道追加到 '其他': 浙江教科影院
2026-08-10 01:06:17,372 - IPTVCollector - INFO - 📌 未分类频道追加到 '其他': 浙江民生休闲
2026-08-10 01:06:17,372 - IPTVCollector - INFO - 📌 未分类频道追加到 '其他': 浙江经济
2026-08-10 01:06:17,372 - IPTVCollector - INFO - 📌 未分类频道追加到 '其他': 浙江生活
2026-08-10 01:06:17,372 - IPTVCollector - INFO - 📌 未分类频道追加到 '其他': 浙江教育
2026-08-10 01:06:17,373 - IPTVCollector - INFO - 📌 未分类频道追加到 '其他': 浙江钱江频道
2026-08-10 01:06:17,373 - IPTVCollector - INFO - 📌 未分类频道追加到 '其他': 梨园
2026-08-10 01:06:17,373 - IPTVCollector - INFO - 📌 未分类频道追加到 '其他': 韩国电影2
2026-08-10 01:06:17,373 - IPTVCollector - INFO - 📌 未分类频道追加到 '其他': 韩国电影1
2026-08-10 01:06:17,373 - IPTVCollector - INFO - 🌏 自动追加: 凤凰香港 -> 🌊港·澳·台
2026-08-10 01:06:17,373 - IPTVCollector - INFO - 📌 未分类频道追加到 '其他': 凤凰中文
2026-08-10 01:06:17,373 - IPTVCollector - INFO - 📌 未分类频道追加到 '其他': 凤凰资讯
2026-08-10 01:06:17,374 - IPTVCollector - INFO - 🌏 自动追加: 武汉一台新闻综合 -> ☘️湖北频道
2026-08-10 01:06:17,374 - IPTVCollector - INFO - 📌 未分类频道追加到 '其他': 都市青春
2026-08-10 01:06:17,375 - IPTVCollector - INFO - 📌 未分类频道追加到 '其他': 陕西新闻咨询
2026-08-10 01:06:17,375 - IPTVCollector - INFO - 📌 未分类频道追加到 '其他': 无线新闻台
2026-08-10 01:06:17,376 - IPTVCollector - INFO - 🌏 自动追加: 哈尔滨都市咨询 -> ☘️黑龙江频道
2026-08-10 01:06:17,376 - IPTVCollector - INFO - 📌 未分类频道追加到 '其他': 华丽翡翠台
2026-08-10 01:06:17,376 - IPTVCollector - INFO - 📌 未分类频道追加到 '其他': 江津新闻
2026-08-10 01:06:17,376 - IPTVCollector - INFO - 📌 未分类频道追加到 '其他': 新闻咨询
2026-08-10 01:06:17,376 - IPTVCollector - INFO - 📌 未分类频道追加到 '其他': 1988年春晚
2026-08-10 01:06:17,376 - IPTVCollector - INFO - 📌 未分类频道追加到 '其他': 1987年春晚
2026-08-10 01:06:17,376 - IPTVCollector - INFO - 📌 未分类频道追加到 '其他': 1989年春晚
2026-08-10 01:06:17,376 - IPTVCollector - INFO - 📌 未分类频道追加到 '其他': 音乐欣赏
2026-08-10 01:06:17,377 - IPTVCollector - INFO - 📌 未分类频道追加到 '其他': CNA
2026-08-10 01:06:17,377 - IPTVCollector - INFO - 📌 未分类频道追加到 '其他': 河南电视剧
2026-08-10 01:06:17,377 - IPTVCollector - INFO - 📌 未分类频道追加到 '其他': Newsmax
2026-08-10 01:06:17,377 - IPTVCollector - INFO - 📌 未分类频道追加到 '其他': Supreme Master TV
2026-08-10 01:06:17,377 - IPTVCollector - INFO - 📌 未分类频道追加到 '其他': 飞碟之谜01
2026-08-10 01:06:17,377 - IPTVCollector - INFO - 📌 未分类频道追加到 '其他': Dali TV
2026-08-10 01:06:17,377 - IPTVCollector - INFO - 📌 未分类频道追加到 '其他': TVB News
2026-08-10 01:06:17,377 - IPTVCollector - INFO - 📌 未分类频道追加到 '其他': Good 2
2026-08-10 01:06:17,378 - IPTVCollector - INFO - 📌 未分类频道追加到 '其他': Beautiful Life TV
2026-08-10 01:06:17,378 - IPTVCollector - INFO - 📌 未分类频道追加到 '其他': 自然传奇
2026-08-10 01:06:17,378 - IPTVCollector - INFO - 📌 未分类频道追加到 '其他': Good
2026-08-10 01:06:17,378 - IPTVCollector - INFO - 📌 未分类频道追加到 '其他': 韩国EBS少儿
2026-08-10 01:06:17,378 - IPTVCollector - INFO - 📌 未分类频道追加到 '其他': Arirang
2026-08-10 01:06:17,378 - IPTVCollector - INFO - 📌 未分类频道追加到 '其他': 地理中国
2026-08-10 01:06:17,378 - IPTVCollector - INFO - 📌 未分类频道追加到 '其他': 人与自然
2026-08-10 01:06:17,379 - IPTVCollector - INFO - 📌 未分类频道追加到 '其他': TVB Plus
2026-08-10 01:06:17,379 - IPTVCollector - INFO - 📌 未分类频道追加到 '其他': 春晚2025
2026-08-10 01:06:17,379 - IPTVCollector - INFO - 📌 未分类频道追加到 '其他': 2024年春晚
2026-08-10 01:06:17,379 - IPTVCollector - INFO - 📌 未分类频道追加到 '其他': Pet Club TV
2026-08-10 01:06:17,379 - IPTVCollector - INFO - 📌 未分类频道追加到 '其他': Wild Earth
2026-08-10 01:06:17,379 - IPTVCollector - INFO - 📌 未分类频道追加到 '其他': 倩女幽魂道道道
2026-08-10 01:06:17,379 - IPTVCollector - INFO - 📌 未分类频道追加到 '其他': Trace Sports
2026-08-10 01:06:17,379 - IPTVCollector - INFO - 📌 未分类频道追加到 '其他': 倩女幽魂妖魔道
2026-08-10 01:06:17,380 - IPTVCollector - INFO - 📌 未分类频道追加到 '其他': 倩女幽魂人间道
2026-08-10 01:06:17,380 - IPTVCollector - INFO - 📌 未分类频道追加到 '其他': 环球电视
2026-08-10 01:06:17,380 - IPTVCollector - INFO - 📌 未分类频道追加到 '其他': 春晚2024
2026-08-10 01:06:17,380 - IPTVCollector - INFO - 📌 未分类频道追加到 '其他': VOA美国之音
2026-08-10 01:06:17,380 - IPTVCollector - INFO - 📌 未分类频道追加到 '其他': WionNews
2026-08-10 01:06:17,380 - IPTVCollector - INFO - 📌 未分类频道追加到 '其他': Zhejiang TV International
2026-08-10 01:06:17,380 - IPTVCollector - INFO - 📌 未分类频道追加到 '其他': Xinjiang TV 2
2026-08-10 01:06:17,381 - IPTVCollector - INFO - 📌 未分类频道追加到 '其他': Xinjiang TV 3
2026-08-10 01:06:17,381 - IPTVCollector - INFO - 📌 未分类频道追加到 '其他': CGTN Documentary
2026-08-10 01:06:17,381 - IPTVCollector - INFO - 📌 未分类频道追加到 '其他': RT Balkan
2026-08-10 01:06:17,381 - IPTVCollector - INFO - 📌 未分类频道追加到 '其他': Siping TV
2026-08-10 01:06:17,381 - IPTVCollector - INFO - 📌 未分类频道追加到 '其他': RT Français
2026-08-10 01:06:17,381 - IPTVCollector - INFO - 📌 未分类频道追加到 '其他': TV BRICS Chinese
2026-08-10 01:06:17,381 - IPTVCollector - INFO - 🌏 自动追加: 浙江 Ⅰ 绍兴影视 -> ☘️浙江频道
2026-08-10 01:06:17,381 - IPTVCollector - INFO - 📌 未分类频道追加到 '其他': 前郭综合 [Geo-blocked]
2026-08-10 01:06:17,382 - IPTVCollector - INFO - 🌏 自动追加: 四平新闻综合 [Geo-blocked] -> ☘️吉林频道
2026-08-10 01:06:17,383 - IPTVCollector - INFO - 🌏 自动追加: 浙江 Ⅰ 绍兴综合 -> ☘️浙江频道
2026-08-10 01:06:17,383 - IPTVCollector - INFO - 🌏 自动追加: 福州广电视台新闻综合频道 -> ☘️福建频道
2026-08-10 01:06:17,384 - IPTVCollector - INFO - 🌏 自动追加: 松原新闻综合 [Geo-blocked] -> ☘️吉林频道
2026-08-10 01:06:17,384 - IPTVCollector - INFO - 📌 未分类频道追加到 '其他': 延边新闻综合 [Geo-blocked]
2026-08-10 01:06:17,384 - IPTVCollector - INFO - 📌 未分类频道追加到 '其他': 江津经济生活
2026-08-10 01:06:17,385 - IPTVCollector - INFO - 🌏 自动追加: 白山新闻综合 [Geo-blocked] -> ☘️吉林频道
2026-08-10 01:06:17,386 - IPTVCollector - INFO - 📌 未分类频道追加到 '其他': 辽新闻综合 [Geo-blocked]
2026-08-10 01:06:17,387 - IPTVCollector - INFO - 🌏 自动追加: 通化新闻 [Geo-blocked] -> ☘️吉林频道
2026-08-10 01:06:17,387 - IPTVCollector - INFO - 📌 未分类频道追加到 '其他': 荣昌综合 [Not 24/7]
2026-08-10 01:06:17,388 - IPTVCollector - INFO - 🌏 自动追加: 长春综合 [Geo-blocked] -> ☘️吉林频道
2026-08-10 01:06:17,388 - IPTVCollector - INFO - 📌 未分类频道追加到 '其他': 集安综合 [Geo-blocked]
2026-08-10 01:06:17,388 - IPTVCollector - INFO - 📌 未分类频道追加到 '其他': Dragon TV International
2026-08-10 01:06:17,388 - IPTVCollector - INFO - 📌 未分类频道追加到 '其他': Hebei TV
2026-08-10 01:06:17,389 - IPTVCollector - INFO - 📌 未分类频道追加到 '其他': 靖江新闻綜合 [Not 24/7]
2026-08-10 01:06:17,389 - IPTVCollector - INFO - 📌 未分类频道追加到 '其他': CGTN阿语
2026-08-10 01:06:17,389 - IPTVCollector - INFO - 🌏 自动追加: 上海卫视 -> ☘️上海频道
2026-08-10 01:06:17,389 - IPTVCollector - INFO - 📌 未分类频道追加到 '其他': 东南卫视
2026-08-10 01:06:17,389 - IPTVCollector - INFO - 📌 未分类频道追加到 '其他': 熊猫直
2026-08-10 01:06:17,389 - IPTVCollector - INFO - 📌 未分类频道追加到 '其他': Anhui TV
2026-08-10 01:06:17,389 - IPTVCollector - INFO - 📌 未分类频道追加到 '其他': CGTN记录
2026-08-10 01:06:17,390 - IPTVCollector - INFO - 📌 未分类频道追加到 '其他': 东丰
2026-08-10 01:06:17,390 - IPTVCollector - INFO - 📌 未分类频道追加到 '其他': 九台
2026-08-10 01:06:17,390 - IPTVCollector - INFO - 📌 未分类频道追加到 '其他': ABN China
2026-08-10 01:06:17,390 - IPTVCollector - INFO - 📌 未分类频道追加到 '其他': Bread TV面包台
2026-08-10 01:06:17,390 - IPTVCollector - INFO - 📌 未分类频道追加到 '其他': 柳河
2026-08-10 01:06:17,390 - IPTVCollector - INFO - 📌 未分类频道追加到 '其他': 耀才财经
2026-08-10 01:06:17,390 - IPTVCollector - INFO - 📌 未分类频道追加到 '其他': 汪清
2026-08-10 01:06:17,390 - IPTVCollector - INFO - 📌 未分类频道追加到 '其他': 延边2
2026-08-10 01:06:17,391 - IPTVCollector - INFO - 📌 未分类频道追加到 '其他': 珲春新闻
2026-08-10 01:06:17,391 - IPTVCollector - INFO - 📌 未分类频道追加到 '其他': 舒兰新闻
2026-08-10 01:06:17,391 - IPTVCollector - INFO - 📌 未分类频道追加到 '其他': 桦甸
2026-08-10 01:06:17,391 - IPTVCollector - INFO - 📌 未分类频道追加到 '其他': 辉南新闻
2026-08-10 01:06:17,392 - IPTVCollector - INFO - 🌏 自动追加: 通化县 -> ☘️吉林频道
2026-08-10 01:06:17,393 - IPTVCollector - INFO - 🌏 自动追加: 长白山电视台 -> ☘️吉林频道
2026-08-10 01:06:17,394 - IPTVCollector - INFO - 📌 未分类频道追加到 '其他': 龙井
2026-08-10 01:06:17,394 - IPTVCollector - INFO - 📌 未分类频道追加到 '其他': 大立电视台
2026-08-10 01:06:17,394 - IPTVCollector - INFO - 🌏 自动追加: 绍兴电视台公共 -> ☘️浙江频道
2026-08-10 01:06:17,394 - IPTVCollector - INFO - 📌 未分类频道追加到 '其他': 磐石
2026-08-10 01:06:17,394 - IPTVCollector - INFO - 📌 未分类频道追加到 '其他': 通海电视台
2026-08-10 01:06:17,394 - IPTVCollector - INFO - 📌 未分类频道追加到 '其他': Home Plus
2026-08-10 01:06:17,395 - IPTVCollector - INFO - 📌 未分类频道追加到 '其他': Harbin Comprehensive News Channel
2026-08-10 01:06:17,395 - IPTVCollector - INFO - 📌 未分类频道追加到 '其他': Chifeng Comprehensive News Chanel
2026-08-10 01:06:17,395 - IPTVCollector - INFO - 📌 未分类频道追加到 '其他': Nei Monggol TV 2 Mongolian Culture Channel [Not 24/7]
2026-08-10 01:06:17,395 - IPTVCollector - INFO - 📌 未分类频道追加到 '其他': Nei Monggol TV [Not 24/7]
2026-08-10 01:06:17,395 - IPTVCollector - INFO - 📌 未分类频道追加到 '其他': Hunan TV
2026-08-10 01:06:17,396 - IPTVCollector - INFO - 📌 未分类频道追加到 '其他': Harbin Movie Channel
2026-08-10 01:06:17,396 - IPTVCollector - INFO - 🎯 Demo 筛选：原始 309 -> 匹配/分类后 309 个频道
2026-08-10 01:06:17,396 - IPTVCollector - INFO - 📊 Demo筛选后: 309
2026-08-10 01:06:17,397 - IPTVCollector - INFO - ✅ M3U 文件已生成: output/tv.m3u
2026-08-10 01:06:17,397 - IPTVCollector - INFO - ✅ TXT 文件已生成: output/tv.txt
2026-08-10 01:06:17,397 - IPTVCollector - INFO - ✅ 多源 M3U 文件已生成: output/tv_multi.m3u
2026-08-10 01:06:17,399 - IPTVCollector - INFO - ✅ JSON API 已生成: output/channels.json
2026-08-10 01:06:17,400 - IPTVCollector - INFO - ✅ 精简版已生成: output/tv_lite.m3u
2026-08-10 01:06:17,400 - IPTVCollector - INFO - ✅ M3U 文件已生成: output/tv_epg.m3u
2026-08-10 01:06:17,400 - IPTVCollector - INFO - 🚀 IPTV 自治系统启动
2026-08-10 01:06:17,400 - IPTVCollector - INFO - ⏭️ 跳过发现阶段
2026-08-10 01:06:17,400 - IPTVCollector - INFO - ==================================================
阶段2: 从缓存观察候选源
==================================================
2026-08-10 01:06:17,426 - IPTVCollector - INFO -   📊 观察进度: 100/219，稳定 0 个
2026-08-10 01:06:17,439 - IPTVCollector - INFO -   📊 观察进度: 200/219，稳定 0 个
2026-08-10 01:06:17,442 - IPTVCollector - INFO - ✅ 观察阶段完成: 0 个源达到稳定标准
2026-08-10 01:06:17,442 - IPTVCollector - INFO - ==================================================
阶段3: 提升稳定源
==================================================
2026-08-10 01:06:17,442 - IPTVCollector - INFO - 📭 没有稳定的候选源需要提升
2026-08-10 01:06:17,442 - IPTVCollector - INFO - 📊 自治模式统计:
2026-08-10 01:06:17,442 - IPTVCollector - INFO -   候选池总数: 747, 观察中: 219, 稳定: 520
2026-08-10 01:06:17,442 - IPTVCollector - INFO -   本次新提升: 0
2026-08-10 01:06:17,442 - IPTVCollector - INFO - 🎉 全部完成！
2026-08-10 07:14:14,125 - IPTVCollector - INFO - 🚀 IPTV 智能整理平台启动
2026-08-10 07:14:14,127 - IPTVCollector - INFO - ✅ 数据库缓存已启用: data/iptv_cache.db
2026-08-10 07:14:14,129 - IPTVCollector - INFO - 📌 CCTV-1 已设为固定源 (auto_optimize=True)
2026-08-10 07:14:14,130 - IPTVCollector - INFO - 📌 CCTV-2 已设为固定源 (auto_optimize=True)
2026-08-10 07:14:14,132 - IPTVCollector - INFO - 📌 CCTV-3 已设为固定源 (auto_optimize=True)
2026-08-10 07:14:14,133 - IPTVCollector - INFO - 📌 CCTV-4 已设为固定源 (auto_optimize=True)
2026-08-10 07:14:14,134 - IPTVCollector - INFO - 📌 CCTV-5 已设为固定源 (auto_optimize=True)
2026-08-10 07:14:14,135 - IPTVCollector - INFO - 📌 CCTV-5+ 已设为固定源 (auto_optimize=True)
2026-08-10 07:14:14,137 - IPTVCollector - INFO - 📌 CCTV-6 已设为固定源 (auto_optimize=True)
2026-08-10 07:14:14,138 - IPTVCollector - INFO - 📌 CCTV-7 已设为固定源 (auto_optimize=True)
2026-08-10 07:14:14,139 - IPTVCollector - INFO - 📌 CCTV-8 已设为固定源 (auto_optimize=True)
2026-08-10 07:14:14,140 - IPTVCollector - INFO - 📌 CCTV-9 已设为固定源 (auto_optimize=True)
2026-08-10 07:14:14,141 - IPTVCollector - INFO - 📌 CCTV-10 已设为固定源 (auto_optimize=True)
2026-08-10 07:14:14,142 - IPTVCollector - INFO - 📌 CCTV-11 已设为固定源 (auto_optimize=True)
2026-08-10 07:14:14,144 - IPTVCollector - INFO - 📌 CCTV-12 已设为固定源 (auto_optimize=True)
2026-08-10 07:14:14,145 - IPTVCollector - INFO - 📌 CCTV-13 已设为固定源 (auto_optimize=True)
2026-08-10 07:14:14,147 - IPTVCollector - INFO - 📌 CCTV-14 已设为固定源 (auto_optimize=True)
2026-08-10 07:14:14,148 - IPTVCollector - INFO - 📌 CCTV-15 已设为固定源 (auto_optimize=True)
2026-08-10 07:14:14,149 - IPTVCollector - INFO - 📌 CCTV-16 已设为固定源 (auto_optimize=True)
2026-08-10 07:14:14,151 - IPTVCollector - INFO - 📌 CCTV-17 已设为固定源 (auto_optimize=True)
2026-08-10 07:14:14,152 - IPTVCollector - INFO - 📌 CCTV4欧洲 已设为固定源 (auto_optimize=True)
2026-08-10 07:14:14,153 - IPTVCollector - INFO - 📌 CCTV4美洲 已设为固定源 (auto_optimize=True)
2026-08-10 07:14:14,153 - IPTVCollector - INFO - 📌 固定源已同步到数据库
2026-08-10 07:14:14,153 - IPTVCollector - INFO - 📋 订阅源解析：普通 11 个，白名单 0 个
2026-08-10 07:14:14,153 - IPTVCollector - INFO - 📋 使用 11 个源
2026-08-10 07:14:37,484 - IPTVCollector - INFO - 📊 测速完成，有效频道: 364 个
2026-08-10 07:14:37,484 - IPTVCollector - INFO - 📊 通过测速的频道数: 364
2026-08-10 07:14:37,736 - IPTVCollector - INFO - 🔍 ffmpeg 深度验证: 0 个需验证，364 个来自缓存/HTTP
2026-08-10 07:14:37,736 - IPTVCollector - INFO - ✅ ffmpeg 验证完成: 通过 364/364 个频道
2026-08-10 07:14:37,737 - IPTVCollector - INFO - 📊 通过ffmpeg验证的频道数: 364
2026-08-10 07:14:37,744 - IPTVCollector - INFO - 📌 已使用 19 个固定源（含自动优化）
2026-08-10 07:14:37,744 - IPTVCollector - INFO - 📊 合并完成: 共 315 个频道
2026-08-10 07:14:37,744 - IPTVCollector - INFO - 📊 合并后的频道数: 315
2026-08-10 07:14:37,774 - IPTVCollector - INFO - 📊 黑名单过滤后: 301
2026-08-10 07:14:37,777 - IPTVCollector - INFO - 📋 从 demo.txt 解析到 3541 个有序频道
2026-08-10 07:14:37,780 - IPTVCollector - INFO - 📋 从 demo.txt 解析到 3541 个有序频道
2026-08-10 07:16:02,138 - IPTVCollector - INFO - 📌 未分类频道追加到 '其他': VOA美国之音
2026-08-10 07:16:02,138 - IPTVCollector - INFO - 📌 未分类频道追加到 '其他': Xinjiang TV 2
2026-08-10 07:16:02,139 - IPTVCollector - INFO - 📌 未分类频道追加到 '其他': Xinjiang TV 3
2026-08-10 07:16:02,139 - IPTVCollector - INFO - 📌 未分类频道追加到 '其他': 龙门飞甲
2026-08-10 07:16:02,139 - IPTVCollector - INFO - 📌 未分类频道追加到 '其他': TV BRICS Chinese
2026-08-10 07:16:02,139 - IPTVCollector - INFO - 📌 未分类频道追加到 '其他': Zhejiang TV International
2026-08-10 07:16:02,140 - IPTVCollector - INFO - 📌 未分类频道追加到 '其他': 伊犁经济法制
2026-08-10 07:16:02,140 - IPTVCollector - INFO - 📌 未分类频道追加到 '其他': 玛纳斯
2026-08-10 07:16:02,140 - IPTVCollector - INFO - 📌 未分类频道追加到 '其他': 玛纳斯综合
2026-08-10 07:16:02,140 - IPTVCollector - INFO - 📌 未分类频道追加到 '其他': 浙江钱江都市
2026-08-10 07:16:02,142 - IPTVCollector - INFO - 🌏 自动追加: 松原新闻综合 [Geo-blocked] -> ☘️吉林频道
2026-08-10 07:16:02,143 - IPTVCollector - INFO - 🌏 自动追加: 四平新闻综合 [Geo-blocked] -> ☘️吉林频道
2026-08-10 07:16:02,143 - IPTVCollector - INFO - 📌 未分类频道追加到 '其他': 浙江经济
2026-08-10 07:16:02,143 - IPTVCollector - INFO - 📌 未分类频道追加到 '其他': 前郭综合 [Geo-blocked]
2026-08-10 07:16:02,144 - IPTVCollector - INFO - 📌 未分类频道追加到 '其他': 延边新闻综合 [Geo-blocked]
2026-08-10 07:16:02,144 - IPTVCollector - INFO - 🌏 自动追加: 浙江 Ⅰ 绍兴影视 -> ☘️浙江频道
2026-08-10 07:16:02,145 - IPTVCollector - INFO - 🌏 自动追加: 白山新闻综合 [Geo-blocked] -> ☘️吉林频道
2026-08-10 07:16:02,145 - IPTVCollector - INFO - 📌 未分类频道追加到 '其他': 辽新闻综合 [Geo-blocked]
2026-08-10 07:16:02,147 - IPTVCollector - INFO - 🌏 自动追加: 通化新闻 [Geo-blocked] -> ☘️吉林频道
2026-08-10 07:16:02,148 - IPTVCollector - INFO - 🌏 自动追加: 长春综合 [Geo-blocked] -> ☘️吉林频道
2026-08-10 07:16:02,148 - IPTVCollector - INFO - 📌 未分类频道追加到 '其他': 集安综合 [Geo-blocked]
2026-08-10 07:16:02,148 - IPTVCollector - INFO - 📌 未分类频道追加到 '其他': 江津经济生活
2026-08-10 07:16:02,149 - IPTVCollector - INFO - 📌 未分类频道追加到 '其他': 荣昌综合 [Not 24/7]
2026-08-10 07:16:02,149 - IPTVCollector - INFO - 📌 未分类频道追加到 '其他': Dragon TV International
2026-08-10 07:16:02,149 - IPTVCollector - INFO - 📌 未分类频道追加到 '其他': Hebei TV
2026-08-10 07:16:02,149 - IPTVCollector - INFO - 📌 未分类频道追加到 '其他': 梨园
2026-08-10 07:16:02,149 - IPTVCollector - INFO - 📌 未分类频道追加到 '其他': 数码时代
2026-08-10 07:16:02,150 - IPTVCollector - INFO - 📌 未分类频道追加到 '其他': 靖江新闻綜合 [Not 24/7]
2026-08-10 07:16:02,150 - IPTVCollector - INFO - 📌 未分类频道追加到 '其他': 浙江教科影院
2026-08-10 07:16:02,150 - IPTVCollector - INFO - 📌 未分类频道追加到 '其他': 浙江民生休闲
2026-08-10 07:16:02,150 - IPTVCollector - INFO - 📌 未分类频道追加到 '其他': 浙江教育
2026-08-10 07:16:02,151 - IPTVCollector - INFO - 📌 未分类频道追加到 '其他': 浙江生活
2026-08-10 07:16:02,151 - IPTVCollector - INFO - 📌 未分类频道追加到 '其他': 浙江钱江频道
2026-08-10 07:16:02,151 - IPTVCollector - INFO - 📌 未分类频道追加到 '其他': 凤凰中文
2026-08-10 07:16:02,151 - IPTVCollector - INFO - 📌 未分类频道追加到 '其他': 韩国电影1
2026-08-10 07:16:02,151 - IPTVCollector - INFO - 📌 未分类频道追加到 '其他': 韩国电影2
2026-08-10 07:16:02,152 - IPTVCollector - INFO - 📌 未分类频道追加到 '其他': CGTN阿语
2026-08-10 07:16:02,153 - IPTVCollector - INFO - 🌏 自动追加: 武汉一台新闻综合 -> ☘️湖北频道
2026-08-10 07:16:02,153 - IPTVCollector - INFO - 📌 未分类频道追加到 '其他': CGTN记录
2026-08-10 07:16:02,153 - IPTVCollector - INFO - 📌 未分类频道追加到 '其他': 凤凰资讯
2026-08-10 07:16:02,154 - IPTVCollector - INFO - 🌏 自动追加: 上海卫视 -> ☘️上海频道
2026-08-10 07:16:02,154 - IPTVCollector - INFO - 🌏 自动追加: 凤凰香港 -> 🌊港·澳·台
2026-08-10 07:16:02,154 - IPTVCollector - INFO - 📌 未分类频道追加到 '其他': 熊猫直
2026-08-10 07:16:02,154 - IPTVCollector - INFO - 📌 未分类频道追加到 '其他': FZTV3
2026-08-10 07:16:02,154 - IPTVCollector - INFO - 📌 未分类频道追加到 '其他': 东南卫视
2026-08-10 07:16:02,155 - IPTVCollector - INFO - 📌 未分类频道追加到 '其他': 陕西新闻咨询
2026-08-10 07:16:02,155 - IPTVCollector - INFO - 📌 未分类频道追加到 '其他': 江津新闻
2026-08-10 07:16:02,156 - IPTVCollector - INFO - 🌏 自动追加: 哈尔滨都市咨询 -> ☘️黑龙江频道
2026-08-10 07:16:02,156 - IPTVCollector - INFO - 📌 未分类频道追加到 '其他': 无线新闻台
2026-08-10 07:16:02,156 - IPTVCollector - INFO - 📌 未分类频道追加到 '其他': 华丽翡翠台
2026-08-10 07:16:02,157 - IPTVCollector - INFO - 📌 未分类频道追加到 '其他': 新闻咨询
2026-08-10 07:16:02,157 - IPTVCollector - INFO - 📌 未分类频道追加到 '其他': 耀才财经
2026-08-10 07:16:02,157 - IPTVCollector - INFO - 📌 未分类频道追加到 '其他': 东丰
2026-08-10 07:16:02,157 - IPTVCollector - INFO - 📌 未分类频道追加到 '其他': 九台
2026-08-10 07:16:02,157 - IPTVCollector - INFO - 📌 未分类频道追加到 '其他': 音乐欣赏
2026-08-10 07:16:02,158 - IPTVCollector - INFO - 📌 未分类频道追加到 '其他': 1987年春晚
2026-08-10 07:16:02,158 - IPTVCollector - INFO - 📌 未分类频道追加到 '其他': 1988年春晚
2026-08-10 07:16:02,158 - IPTVCollector - INFO - 📌 未分类频道追加到 '其他': 1989年春晚
2026-08-10 07:16:02,158 - IPTVCollector - INFO - 📌 未分类频道追加到 '其他': 韩国EBS少儿
2026-08-10 07:16:02,158 - IPTVCollector - INFO - 📌 未分类频道追加到 '其他': 柳河
2026-08-10 07:16:02,159 - IPTVCollector - INFO - 📌 未分类频道追加到 '其他': 地理中国
2026-08-10 07:16:02,159 - IPTVCollector - INFO - 📌 未分类频道追加到 '其他': 自然传奇
2026-08-10 07:16:02,159 - IPTVCollector - INFO - 📌 未分类频道追加到 '其他': 飞碟之谜01
2026-08-10 07:16:02,159 - IPTVCollector - INFO - 📌 未分类频道追加到 '其他': 珲春新闻
2026-08-10 07:16:02,159 - IPTVCollector - INFO - 📌 未分类频道追加到 '其他': 人与自然
2026-08-10 07:16:02,160 - IPTVCollector - INFO - 📌 未分类频道追加到 '其他': 汪清
2026-08-10 07:16:02,160 - IPTVCollector - INFO - 📌 未分类频道追加到 '其他': 桦甸
2026-08-10 07:16:02,160 - IPTVCollector - INFO - 📌 未分类频道追加到 '其他': 磐石
2026-08-10 07:16:02,160 - IPTVCollector - INFO - 📌 未分类频道追加到 '其他': Newsmax
2026-08-10 07:16:02,160 - IPTVCollector - INFO - 📌 未分类频道追加到 '其他': CNA
2026-08-10 07:16:02,161 - IPTVCollector - INFO - 📌 未分类频道追加到 '其他': 延边2
2026-08-10 07:16:02,161 - IPTVCollector - INFO - 📌 未分类频道追加到 '其他': Arirang
2026-08-10 07:16:02,161 - IPTVCollector - INFO - 📌 未分类频道追加到 '其他': Dali TV
2026-08-10 07:16:02,161 - IPTVCollector - INFO - 📌 未分类频道追加到 '其他': Good
2026-08-10 07:16:02,161 - IPTVCollector - INFO - 📌 未分类频道追加到 '其他': Good 2
2026-08-10 07:16:02,162 - IPTVCollector - INFO - 📌 未分类频道追加到 '其他': 辉南新闻
2026-08-10 07:16:02,162 - IPTVCollector - INFO - 📌 未分类频道追加到 '其他': TVB News
2026-08-10 07:16:02,162 - IPTVCollector - INFO - 📌 未分类频道追加到 '其他': 2024年春晚
2026-08-10 07:16:02,163 - IPTVCollector - INFO - 🌏 自动追加: 长白山电视台 -> ☘️吉林频道
2026-08-10 07:16:02,164 - IPTVCollector - INFO - 📌 未分类频道追加到 '其他': Trace Sports
2026-08-10 07:16:02,164 - IPTVCollector - INFO - 📌 未分类频道追加到 '其他': Supreme Master TV
2026-08-10 07:16:02,164 - IPTVCollector - INFO - 📌 未分类频道追加到 '其他': Wild Earth
2026-08-10 07:16:02,164 - IPTVCollector - INFO - 📌 未分类频道追加到 '其他': Beautiful Life TV
2026-08-10 07:16:02,164 - IPTVCollector - INFO - 📌 未分类频道追加到 '其他': RT Balkan
2026-08-10 07:16:02,165 - IPTVCollector - INFO - 📌 未分类频道追加到 '其他': Pet Club TV
2026-08-10 07:16:02,165 - IPTVCollector - INFO - 📌 未分类频道追加到 '其他': 大立电视台
2026-08-10 07:16:02,165 - IPTVCollector - INFO - 📌 未分类频道追加到 '其他': WionNews
2026-08-10 07:16:02,165 - IPTVCollector - INFO - 🌏 自动追加: 绍兴电视台公共 -> ☘️浙江频道
2026-08-10 07:16:02,167 - IPTVCollector - INFO - 🌏 自动追加: 通化县 -> ☘️吉林频道
2026-08-10 07:16:02,167 - IPTVCollector - INFO - 📌 未分类频道追加到 '其他': TVB Plus
2026-08-10 07:16:02,167 - IPTVCollector - INFO - 📌 未分类频道追加到 '其他': 春晚2025
2026-08-10 07:16:02,167 - IPTVCollector - INFO - 📌 未分类频道追加到 '其他': 通海电视台
2026-08-10 07:16:02,167 - IPTVCollector - INFO - 📌 未分类频道追加到 '其他': 龙井
2026-08-10 07:16:02,168 - IPTVCollector - INFO - 📌 未分类频道追加到 '其他': 倩女幽魂人间道
2026-08-10 07:16:02,168 - IPTVCollector - INFO - 📌 未分类频道追加到 '其他': 倩女幽魂道道道
2026-08-10 07:16:02,168 - IPTVCollector - INFO - 📌 未分类频道追加到 '其他': RT Français
2026-08-10 07:16:02,168 - IPTVCollector - INFO - 📌 未分类频道追加到 '其他': CGTN-Documentary
2026-08-10 07:16:02,168 - IPTVCollector - INFO - 📌 未分类频道追加到 '其他': 倩女幽魂妖魔道
2026-08-10 07:16:02,169 - IPTVCollector - INFO - 📌 未分类频道追加到 '其他': 春晚2024
2026-08-10 07:16:02,169 - IPTVCollector - INFO - 🌏 自动追加: 浙江 Ⅰ 绍兴综合 -> ☘️浙江频道
2026-08-10 07:16:02,169 - IPTVCollector - INFO - 📌 未分类频道追加到 '其他': 环球电视
2026-08-10 07:16:02,169 - IPTVCollector - INFO - 🌏 自动追加: 福州广电视台新闻综合频道 -> ☘️福建频道
2026-08-10 07:16:02,170 - IPTVCollector - INFO - 📌 未分类频道追加到 '其他': ABN China
2026-08-10 07:16:02,170 - IPTVCollector - INFO - 📌 未分类频道追加到 '其他': Anhui TV
2026-08-10 07:16:02,170 - IPTVCollector - INFO - 📌 未分类频道追加到 '其他': Bread TV面包台
2026-08-10 07:16:02,170 - IPTVCollector - INFO - 📌 未分类频道追加到 '其他': Home Plus
2026-08-10 07:16:02,170 - IPTVCollector - INFO - 📌 未分类频道追加到 '其他': Harbin Comprehensive News Channel
2026-08-10 07:16:02,171 - IPTVCollector - INFO - 📌 未分类频道追加到 '其他': Nei Monggol TV 2 Mongolian Culture Channel [Not 24/7]
2026-08-10 07:16:02,171 - IPTVCollector - INFO - 📌 未分类频道追加到 '其他': Chifeng Comprehensive News Chanel
2026-08-10 07:16:02,171 - IPTVCollector - INFO - 📌 未分类频道追加到 '其他': Nei Monggol TV [Not 24/7]
2026-08-10 07:16:02,171 - IPTVCollector - INFO - 📌 未分类频道追加到 '其他': Hunan TV
2026-08-10 07:16:02,172 - IPTVCollector - INFO - 📌 未分类频道追加到 '其他': Harbin Movie Channel
2026-08-10 07:16:02,172 - IPTVCollector - INFO - 🎯 Demo 筛选：原始 301 -> 匹配/分类后 301 个频道
2026-08-10 07:16:02,172 - IPTVCollector - INFO - 📊 Demo筛选后: 301
2026-08-10 07:16:02,172 - IPTVCollector - INFO - ✅ M3U 文件已生成: output/tv.m3u
2026-08-10 07:16:02,173 - IPTVCollector - INFO - ✅ TXT 文件已生成: output/tv.txt
2026-08-10 07:16:02,173 - IPTVCollector - INFO - ✅ 多源 M3U 文件已生成: output/tv_multi.m3u
2026-08-10 07:16:02,176 - IPTVCollector - INFO - ✅ JSON API 已生成: output/channels.json
2026-08-10 07:16:02,176 - IPTVCollector - INFO - ✅ 精简版已生成: output/tv_lite.m3u
2026-08-10 07:16:02,177 - IPTVCollector - INFO - ✅ M3U 文件已生成: output/tv_epg.m3u
2026-08-10 07:16:02,177 - IPTVCollector - INFO - 🚀 IPTV 自治系统启动
2026-08-10 07:16:02,177 - IPTVCollector - INFO - ⏭️ 跳过发现阶段
2026-08-10 07:16:02,177 - IPTVCollector - INFO - ==================================================
阶段2: 从缓存观察候选源
==================================================
2026-08-10 07:16:02,209 - IPTVCollector - INFO -   📊 观察进度: 100/228，稳定 0 个
2026-08-10 07:16:02,225 - IPTVCollector - INFO -   📊 观察进度: 200/228，稳定 0 个
2026-08-10 07:16:02,231 - IPTVCollector - INFO - ✅ 观察阶段完成: 0 个源达到稳定标准
2026-08-10 07:16:02,231 - IPTVCollector - INFO - ==================================================
阶段3: 提升稳定源
==================================================
2026-08-10 07:16:02,231 - IPTVCollector - INFO - 📭 没有稳定的候选源需要提升
2026-08-10 07:16:02,231 - IPTVCollector - INFO - 📊 自治模式统计:
2026-08-10 07:16:02,231 - IPTVCollector - INFO -   候选池总数: 747, 观察中: 228, 稳定: 511
2026-08-10 07:16:02,231 - IPTVCollector - INFO -   本次新提升: 0
2026-08-10 07:16:02,232 - IPTVCollector - INFO - 🎉 全部完成！
2026-08-10 12:48:58,162 - IPTVCollector - INFO - 🚀 IPTV 智能整理平台启动
2026-08-10 12:48:58,164 - IPTVCollector - INFO - ✅ 数据库缓存已启用: data/iptv_cache.db
2026-08-10 12:48:58,169 - IPTVCollector - INFO - 📌 CCTV-1 已设为固定源 (auto_optimize=True)
2026-08-10 12:48:58,170 - IPTVCollector - INFO - 📌 CCTV-2 已设为固定源 (auto_optimize=True)
2026-08-10 12:48:58,171 - IPTVCollector - INFO - 📌 CCTV-3 已设为固定源 (auto_optimize=True)
2026-08-10 12:48:58,173 - IPTVCollector - INFO - 📌 CCTV-4 已设为固定源 (auto_optimize=True)
2026-08-10 12:48:58,175 - IPTVCollector - INFO - 📌 CCTV-5 已设为固定源 (auto_optimize=True)
2026-08-10 12:48:58,176 - IPTVCollector - INFO - 📌 CCTV-5+ 已设为固定源 (auto_optimize=True)
2026-08-10 12:48:58,179 - IPTVCollector - INFO - 📌 CCTV-6 已设为固定源 (auto_optimize=True)
2026-08-10 12:48:58,180 - IPTVCollector - INFO - 📌 CCTV-7 已设为固定源 (auto_optimize=True)
2026-08-10 12:48:58,182 - IPTVCollector - INFO - 📌 CCTV-8 已设为固定源 (auto_optimize=True)
2026-08-10 12:48:58,183 - IPTVCollector - INFO - 📌 CCTV-9 已设为固定源 (auto_optimize=True)
2026-08-10 12:48:58,184 - IPTVCollector - INFO - 📌 CCTV-10 已设为固定源 (auto_optimize=True)
2026-08-10 12:48:58,185 - IPTVCollector - INFO - 📌 CCTV-11 已设为固定源 (auto_optimize=True)
2026-08-10 12:48:58,187 - IPTVCollector - INFO - 📌 CCTV-12 已设为固定源 (auto_optimize=True)
2026-08-10 12:48:58,188 - IPTVCollector - INFO - 📌 CCTV-13 已设为固定源 (auto_optimize=True)
2026-08-10 12:48:58,189 - IPTVCollector - INFO - 📌 CCTV-14 已设为固定源 (auto_optimize=True)
2026-08-10 12:48:58,190 - IPTVCollector - INFO - 📌 CCTV-15 已设为固定源 (auto_optimize=True)
2026-08-10 12:48:58,192 - IPTVCollector - INFO - 📌 CCTV-16 已设为固定源 (auto_optimize=True)
2026-08-10 12:48:58,194 - IPTVCollector - INFO - 📌 CCTV-17 已设为固定源 (auto_optimize=True)
2026-08-10 12:48:58,195 - IPTVCollector - INFO - 📌 CCTV4欧洲 已设为固定源 (auto_optimize=True)
2026-08-10 12:48:58,196 - IPTVCollector - INFO - 📌 CCTV4美洲 已设为固定源 (auto_optimize=True)
2026-08-10 12:48:58,196 - IPTVCollector - INFO - 📌 固定源已同步到数据库
2026-08-10 12:48:58,197 - IPTVCollector - INFO - 📋 订阅源解析：普通 11 个，白名单 0 个
2026-08-10 12:48:58,197 - IPTVCollector - INFO - 📋 使用 11 个源
2026-08-10 12:49:20,573 - IPTVCollector - INFO - 📊 测速完成，有效频道: 377 个
2026-08-10 12:49:20,573 - IPTVCollector - INFO - 📊 通过测速的频道数: 377
2026-08-10 12:49:20,670 - IPTVCollector - INFO - 🔍 ffmpeg 深度验证: 0 个需验证，376 个来自缓存/HTTP
2026-08-10 12:49:20,670 - IPTVCollector - INFO - ✅ ffmpeg 验证完成: 通过 376/377 个频道
2026-08-10 12:49:20,670 - IPTVCollector - INFO - 📊 通过ffmpeg验证的频道数: 376
2026-08-10 12:49:20,677 - IPTVCollector - INFO - 📌 已使用 19 个固定源（含自动优化）
2026-08-10 12:49:20,677 - IPTVCollector - INFO - 📊 合并完成: 共 325 个频道
2026-08-10 12:49:20,678 - IPTVCollector - INFO - 📊 合并后的频道数: 325
2026-08-10 12:49:20,703 - IPTVCollector - INFO - 📊 黑名单过滤后: 311
2026-08-10 12:49:20,705 - IPTVCollector - INFO - 📋 从 demo.txt 解析到 3541 个有序频道
2026-08-10 12:49:20,709 - IPTVCollector - INFO - 📋 从 demo.txt 解析到 3541 个有序频道
2026-08-10 12:50:29,464 - IPTVCollector - INFO - 📌 未分类频道追加到 '其他': 玛纳斯综合
2026-08-10 12:50:29,464 - IPTVCollector - INFO - 📌 未分类频道追加到 '其他': 玛纳斯
2026-08-10 12:50:29,464 - IPTVCollector - INFO - 📌 未分类频道追加到 '其他': 伊犁经济法制
2026-08-10 12:50:29,464 - IPTVCollector - INFO - 📌 未分类频道追加到 '其他': 奎屯汉语
2026-08-10 12:50:29,464 - IPTVCollector - INFO - 📌 未分类频道追加到 '其他': 龙门飞甲
2026-08-10 12:50:29,465 - IPTVCollector - INFO - 📌 未分类频道追加到 '其他': 浙江钱江都市
2026-08-10 12:50:29,465 - IPTVCollector - INFO - 📌 未分类频道追加到 '其他': 数码时代
2026-08-10 12:50:29,465 - IPTVCollector - INFO - 📌 未分类频道追加到 '其他': 浙江教科影院
2026-08-10 12:50:29,465 - IPTVCollector - INFO - 📌 未分类频道追加到 '其他': 梨园
2026-08-10 12:50:29,465 - IPTVCollector - INFO - 📌 未分类频道追加到 '其他': 浙江民生休闲
2026-08-10 12:50:29,465 - IPTVCollector - INFO - 📌 未分类频道追加到 '其他': 浙江生活
2026-08-10 12:50:29,465 - IPTVCollector - INFO - 📌 未分类频道追加到 '其他': 浙江经济
2026-08-10 12:50:29,465 - IPTVCollector - INFO - 📌 未分类频道追加到 '其他': 浙江钱江频道
2026-08-10 12:50:29,466 - IPTVCollector - INFO - 📌 未分类频道追加到 '其他': 凤凰中文
2026-08-10 12:50:29,466 - IPTVCollector - INFO - 🌏 自动追加: 凤凰香港 -> 🌊港·澳·台
2026-08-10 12:50:29,466 - IPTVCollector - INFO - 📌 未分类频道追加到 '其他': 浙江教育
2026-08-10 12:50:29,466 - IPTVCollector - INFO - 📌 未分类频道追加到 '其他': 韩国电影1
2026-08-10 12:50:29,466 - IPTVCollector - INFO - 📌 未分类频道追加到 '其他': 韩国电影2
2026-08-10 12:50:29,466 - IPTVCollector - INFO - 📌 未分类频道追加到 '其他': 凤凰资讯
2026-08-10 12:50:29,468 - IPTVCollector - INFO - 🌏 自动追加: 武汉一台新闻综合 -> ☘️湖北频道
2026-08-10 12:50:29,468 - IPTVCollector - INFO - 📌 未分类频道追加到 '其他': 陕西新闻咨询
2026-08-10 12:50:29,468 - IPTVCollector - INFO - 📌 未分类频道追加到 '其他': 都市青春
2026-08-10 12:50:29,468 - IPTVCollector - INFO - 📌 未分类频道追加到 '其他': 江津新闻
2026-08-10 12:50:29,468 - IPTVCollector - INFO - 📌 未分类频道追加到 '其他': FZTV3
2026-08-10 12:50:29,469 - IPTVCollector - INFO - 🌏 自动追加: 哈尔滨都市咨询 -> ☘️黑龙江频道
2026-08-10 12:50:29,469 - IPTVCollector - INFO - 📌 未分类频道追加到 '其他': 无线新闻台
2026-08-10 12:50:29,470 - IPTVCollector - INFO - 📌 未分类频道追加到 '其他': 河南电视剧
2026-08-10 12:50:29,470 - IPTVCollector - INFO - 📌 未分类频道追加到 '其他': 新闻咨询
2026-08-10 12:50:29,470 - IPTVCollector - INFO - 📌 未分类频道追加到 '其他': 华丽翡翠台
2026-08-10 12:50:29,470 - IPTVCollector - INFO - 📌 未分类频道追加到 '其他': 音乐欣赏
2026-08-10 12:50:29,470 - IPTVCollector - INFO - 📌 未分类频道追加到 '其他': 韩国EBS少儿
2026-08-10 12:50:29,470 - IPTVCollector - INFO - 📌 未分类频道追加到 '其他': CNA
2026-08-10 12:50:29,470 - IPTVCollector - INFO - 📌 未分类频道追加到 '其他': Newsmax
2026-08-10 12:50:29,471 - IPTVCollector - INFO - 📌 未分类频道追加到 '其他': 1987年春晚
2026-08-10 12:50:29,471 - IPTVCollector - INFO - 📌 未分类频道追加到 '其他': 1988年春晚
2026-08-10 12:50:29,471 - IPTVCollector - INFO - 📌 未分类频道追加到 '其他': 1989年春晚
2026-08-10 12:50:29,471 - IPTVCollector - INFO - 📌 未分类频道追加到 '其他': Beautiful Life TV
2026-08-10 12:50:29,471 - IPTVCollector - INFO - 📌 未分类频道追加到 '其他': Dali TV
2026-08-10 12:50:29,471 - IPTVCollector - INFO - 📌 未分类频道追加到 '其他': Arirang
2026-08-10 12:50:29,471 - IPTVCollector - INFO - 📌 未分类频道追加到 '其他': Good 2
2026-08-10 12:50:29,472 - IPTVCollector - INFO - 📌 未分类频道追加到 '其他': Good
2026-08-10 12:50:29,472 - IPTVCollector - INFO - 📌 未分类频道追加到 '其他': TVB Plus
2026-08-10 12:50:29,472 - IPTVCollector - INFO - 📌 未分类频道追加到 '其他': TVB News
2026-08-10 12:50:29,472 - IPTVCollector - INFO - 📌 未分类频道追加到 '其他': Supreme Master TV
2026-08-10 12:50:29,472 - IPTVCollector - INFO - 📌 未分类频道追加到 '其他': 地理中国
2026-08-10 12:50:29,472 - IPTVCollector - INFO - 📌 未分类频道追加到 '其他': 自然传奇
2026-08-10 12:50:29,472 - IPTVCollector - INFO - 📌 未分类频道追加到 '其他': 人与自然
2026-08-10 12:50:29,473 - IPTVCollector - INFO - 📌 未分类频道追加到 '其他': 2024年春晚
2026-08-10 12:50:29,473 - IPTVCollector - INFO - 📌 未分类频道追加到 '其他': Wild Earth
2026-08-10 12:50:29,473 - IPTVCollector - INFO - 📌 未分类频道追加到 '其他': 倩女幽魂人间道
2026-08-10 12:50:29,473 - IPTVCollector - INFO - 📌 未分类频道追加到 '其他': 倩女幽魂妖魔道
2026-08-10 12:50:29,473 - IPTVCollector - INFO - 📌 未分类频道追加到 '其他': 春晚2025
2026-08-10 12:50:29,473 - IPTVCollector - INFO - 📌 未分类频道追加到 '其他': 飞碟之谜01
2026-08-10 12:50:29,474 - IPTVCollector - INFO - 📌 未分类频道追加到 '其他': Trace Sports
2026-08-10 12:50:29,474 - IPTVCollector - INFO - 📌 未分类频道追加到 '其他': Pet Club TV
2026-08-10 12:50:29,474 - IPTVCollector - INFO - 📌 未分类频道追加到 '其他': WionNews
2026-08-10 12:50:29,474 - IPTVCollector - INFO - 📌 未分类频道追加到 '其他': VOA美国之音
2026-08-10 12:50:29,474 - IPTVCollector - INFO - 📌 未分类频道追加到 '其他': 倩女幽魂道道道
2026-08-10 12:50:29,474 - IPTVCollector - INFO - 📌 未分类频道追加到 '其他': Xinjiang TV 2
2026-08-10 12:50:29,475 - IPTVCollector - INFO - 📌 未分类频道追加到 '其他': 环球电视
2026-08-10 12:50:29,475 - IPTVCollector - INFO - 📌 未分类频道追加到 '其他': 春晚2024
2026-08-10 12:50:29,475 - IPTVCollector - INFO - 📌 未分类频道追加到 '其他': Zhejiang TV International
2026-08-10 12:50:29,475 - IPTVCollector - INFO - 📌 未分类频道追加到 '其他': TV BRICS Chinese
2026-08-10 12:50:29,475 - IPTVCollector - INFO - 📌 未分类频道追加到 '其他': Xinjiang TV 3
2026-08-10 12:50:29,475 - IPTVCollector - INFO - 📌 未分类频道追加到 '其他': CGTN Documentary
2026-08-10 12:50:29,476 - IPTVCollector - INFO - 📌 未分类频道追加到 '其他': RT Français
2026-08-10 12:50:29,476 - IPTVCollector - INFO - 🌏 自动追加: 浙江 Ⅰ 绍兴综合 -> ☘️浙江频道
2026-08-10 12:50:29,476 - IPTVCollector - INFO - 📌 未分类频道追加到 '其他': 江津经济生活
2026-08-10 12:50:29,476 - IPTVCollector - INFO - 🌏 自动追加: 浙江 Ⅰ 绍兴影视 -> ☘️浙江频道
2026-08-10 12:50:29,478 - IPTVCollector - INFO - 🌏 自动追加: 松原新闻综合 [Geo-blocked] -> ☘️吉林频道
2026-08-10 12:50:29,478 - IPTVCollector - INFO - 📌 未分类频道追加到 '其他': 前郭综合 [Geo-blocked]
2026-08-10 12:50:29,479 - IPTVCollector - INFO - 🌏 自动追加: 四平新闻综合 [Geo-blocked] -> ☘️吉林频道
2026-08-10 12:50:29,479 - IPTVCollector - INFO - 🌏 自动追加: 福州广电视台新闻综合频道 -> ☘️福建频道
2026-08-10 12:50:29,480 - IPTVCollector - INFO - 📌 未分类频道追加到 '其他': 延边新闻综合 [Geo-blocked]
2026-08-10 12:50:29,480 - IPTVCollector - INFO - 📌 未分类频道追加到 '其他': 辽新闻综合 [Geo-blocked]
2026-08-10 12:50:29,481 - IPTVCollector - INFO - 🌏 自动追加: 白山新闻综合 [Geo-blocked] -> ☘️吉林频道
2026-08-10 12:50:29,482 - IPTVCollector - INFO - 🌏 自动追加: 长春综合 [Geo-blocked] -> ☘️吉林频道
2026-08-10 12:50:29,483 - IPTVCollector - INFO - 🌏 自动追加: 通化新闻 [Geo-blocked] -> ☘️吉林频道
2026-08-10 12:50:29,483 - IPTVCollector - INFO - 📌 未分类频道追加到 '其他': 荣昌综合 [Not 24/7]
2026-08-10 12:50:29,483 - IPTVCollector - INFO - 📌 未分类频道追加到 '其他': Dragon TV International
2026-08-10 12:50:29,483 - IPTVCollector - INFO - 📌 未分类频道追加到 '其他': Hebei TV
2026-08-10 12:50:29,484 - IPTVCollector - INFO - 📌 未分类频道追加到 '其他': 集安综合 [Geo-blocked]
2026-08-10 12:50:29,484 - IPTVCollector - INFO - 📌 未分类频道追加到 '其他': CGTN阿语
2026-08-10 12:50:29,484 - IPTVCollector - INFO - 🌏 自动追加: 上海卫视 -> ☘️上海频道
2026-08-10 12:50:29,484 - IPTVCollector - INFO - 📌 未分类频道追加到 '其他': 东南卫视
2026-08-10 12:50:29,484 - IPTVCollector - INFO - 📌 未分类频道追加到 '其他': CGTN记录
2026-08-10 12:50:29,484 - IPTVCollector - INFO - 📌 未分类频道追加到 '其他': 熊猫直
2026-08-10 12:50:29,484 - IPTVCollector - INFO - 📌 未分类频道追加到 '其他': Anhui TV
2026-08-10 12:50:29,485 - IPTVCollector - INFO - 📌 未分类频道追加到 '其他': ABN China
2026-08-10 12:50:29,485 - IPTVCollector - INFO - 📌 未分类频道追加到 '其他': 九台
2026-08-10 12:50:29,485 - IPTVCollector - INFO - 📌 未分类频道追加到 '其他': Bread TV面包台
2026-08-10 12:50:29,485 - IPTVCollector - INFO - 📌 未分类频道追加到 '其他': 柳河
2026-08-10 12:50:29,485 - IPTVCollector - INFO - 📌 未分类频道追加到 '其他': 延边2
2026-08-10 12:50:29,485 - IPTVCollector - INFO - 📌 未分类频道追加到 '其他': 耀才财经
2026-08-10 12:50:29,485 - IPTVCollector - INFO - 📌 未分类频道追加到 '其他': 东丰
2026-08-10 12:50:29,486 - IPTVCollector - INFO - 📌 未分类频道追加到 '其他': 汪清
2026-08-10 12:50:29,486 - IPTVCollector - INFO - 📌 未分类频道追加到 '其他': 珲春新闻
2026-08-10 12:50:29,486 - IPTVCollector - INFO - 📌 未分类频道追加到 '其他': 磐石
2026-08-10 12:50:29,486 - IPTVCollector - INFO - 📌 未分类频道追加到 '其他': 舒兰新闻
2026-08-10 12:50:29,486 - IPTVCollector - INFO - 📌 未分类频道追加到 '其他': 辉南新闻
2026-08-10 12:50:29,487 - IPTVCollector - INFO - 🌏 自动追加: 通化县 -> ☘️吉林频道
2026-08-10 12:50:29,487 - IPTVCollector - INFO - 📌 未分类频道追加到 '其他': 桦甸
2026-08-10 12:50:29,488 - IPTVCollector - INFO - 🌏 自动追加: 长白山电视台 -> ☘️吉林频道
2026-08-10 12:50:29,488 - IPTVCollector - INFO - 📌 未分类频道追加到 '其他': 大立电视台
2026-08-10 12:50:29,489 - IPTVCollector - INFO - 🌏 自动追加: 绍兴电视台公共 -> ☘️浙江频道
2026-08-10 12:50:29,489 - IPTVCollector - INFO - 📌 未分类频道追加到 '其他': 龙井
2026-08-10 12:50:29,489 - IPTVCollector - INFO - 📌 未分类频道追加到 '其他': Home Plus
2026-08-10 12:50:29,489 - IPTVCollector - INFO - 📌 未分类频道追加到 '其他': 通海电视台
2026-08-10 12:50:29,489 - IPTVCollector - INFO - 📌 未分类频道追加到 '其他': Harbin Comprehensive News Channel
2026-08-10 12:50:29,489 - IPTVCollector - INFO - 📌 未分类频道追加到 '其他': Siping TV
2026-08-10 12:50:29,489 - IPTVCollector - INFO - 📌 未分类频道追加到 '其他': Hunan TV
2026-08-10 12:50:29,490 - IPTVCollector - INFO - 📌 未分类频道追加到 '其他': Nei Monggol TV 2 Mongolian Culture Channel [Not 24/7]
2026-08-10 12:50:29,490 - IPTVCollector - INFO - 📌 未分类频道追加到 '其他': Harbin Movie Channel
2026-08-10 12:50:29,490 - IPTVCollector - INFO - 📌 未分类频道追加到 '其他': Chifeng Comprehensive News Chanel
2026-08-10 12:50:29,490 - IPTVCollector - INFO - 📌 未分类频道追加到 '其他': Nei Monggol TV [Not 24/7]
2026-08-10 12:50:29,490 - IPTVCollector - INFO - 🎯 Demo 筛选：原始 311 -> 匹配/分类后 311 个频道
2026-08-10 12:50:29,490 - IPTVCollector - INFO - 📊 Demo筛选后: 311
2026-08-10 12:50:29,491 - IPTVCollector - INFO - ✅ M3U 文件已生成: output/tv.m3u
2026-08-10 12:50:29,492 - IPTVCollector - INFO - ✅ TXT 文件已生成: output/tv.txt
2026-08-10 12:50:29,492 - IPTVCollector - INFO - ✅ 多源 M3U 文件已生成: output/tv_multi.m3u
2026-08-10 12:50:29,494 - IPTVCollector - INFO - ✅ JSON API 已生成: output/channels.json
2026-08-10 12:50:29,495 - IPTVCollector - INFO - ✅ 精简版已生成: output/tv_lite.m3u
2026-08-10 12:50:29,495 - IPTVCollector - INFO - ✅ M3U 文件已生成: output/tv_epg.m3u
2026-08-10 12:50:29,496 - IPTVCollector - INFO - 🚀 IPTV 自治系统启动
2026-08-10 12:50:29,496 - IPTVCollector - INFO - ⏭️ 跳过发现阶段
2026-08-10 12:50:29,496 - IPTVCollector - INFO - ==================================================
阶段2: 从缓存观察候选源
==================================================
2026-08-10 12:50:29,528 - IPTVCollector - INFO -   📊 观察进度: 100/229，稳定 0 个
2026-08-10 12:50:29,541 - IPTVCollector - INFO -   📊 观察进度: 200/229，稳定 0 个
2026-08-10 12:50:29,546 - IPTVCollector - INFO - ✅ 观察阶段完成: 0 个源达到稳定标准
2026-08-10 12:50:29,546 - IPTVCollector - INFO - ==================================================
阶段3: 提升稳定源
==================================================
2026-08-10 12:50:29,546 - IPTVCollector - INFO - 📭 没有稳定的候选源需要提升
2026-08-10 12:50:29,546 - IPTVCollector - INFO - 📊 自治模式统计:
2026-08-10 12:50:29,546 - IPTVCollector - INFO -   候选池总数: 747, 观察中: 229, 稳定: 510
2026-08-10 12:50:29,547 - IPTVCollector - INFO -   本次新提升: 0
2026-08-10 12:50:29,547 - IPTVCollector - INFO - 🎉 全部完成！
2026-08-10 18:44:13,946 - IPTVCollector - INFO - 🚀 IPTV 智能整理平台启动
2026-08-10 18:44:13,948 - IPTVCollector - INFO - ✅ 数据库缓存已启用: data/iptv_cache.db
2026-08-10 18:44:13,953 - IPTVCollector - INFO - 📌 CCTV-1 已设为固定源 (auto_optimize=True)
2026-08-10 18:44:13,954 - IPTVCollector - INFO - 📌 CCTV-2 已设为固定源 (auto_optimize=True)
2026-08-10 18:44:13,955 - IPTVCollector - INFO - 📌 CCTV-3 已设为固定源 (auto_optimize=True)
2026-08-10 18:44:13,956 - IPTVCollector - INFO - 📌 CCTV-4 已设为固定源 (auto_optimize=True)
2026-08-10 18:44:13,957 - IPTVCollector - INFO - 📌 CCTV-5 已设为固定源 (auto_optimize=True)
2026-08-10 18:44:13,958 - IPTVCollector - INFO - 📌 CCTV-5+ 已设为固定源 (auto_optimize=True)
2026-08-10 18:44:13,959 - IPTVCollector - INFO - 📌 CCTV-6 已设为固定源 (auto_optimize=True)
2026-08-10 18:44:13,960 - IPTVCollector - INFO - 📌 CCTV-7 已设为固定源 (auto_optimize=True)
2026-08-10 18:44:13,961 - IPTVCollector - INFO - 📌 CCTV-8 已设为固定源 (auto_optimize=True)
2026-08-10 18:44:13,962 - IPTVCollector - INFO - 📌 CCTV-9 已设为固定源 (auto_optimize=True)
2026-08-10 18:44:13,963 - IPTVCollector - INFO - 📌 CCTV-10 已设为固定源 (auto_optimize=True)
2026-08-10 18:44:13,964 - IPTVCollector - INFO - 📌 CCTV-11 已设为固定源 (auto_optimize=True)
2026-08-10 18:44:13,965 - IPTVCollector - INFO - 📌 CCTV-12 已设为固定源 (auto_optimize=True)
2026-08-10 18:44:13,966 - IPTVCollector - INFO - 📌 CCTV-13 已设为固定源 (auto_optimize=True)
2026-08-10 18:44:13,967 - IPTVCollector - INFO - 📌 CCTV-14 已设为固定源 (auto_optimize=True)
2026-08-10 18:44:13,969 - IPTVCollector - INFO - 📌 CCTV-15 已设为固定源 (auto_optimize=True)
2026-08-10 18:44:13,970 - IPTVCollector - INFO - 📌 CCTV-16 已设为固定源 (auto_optimize=True)
2026-08-10 18:44:13,970 - IPTVCollector - INFO - 📌 CCTV-17 已设为固定源 (auto_optimize=True)
2026-08-10 18:44:13,972 - IPTVCollector - INFO - 📌 CCTV4欧洲 已设为固定源 (auto_optimize=True)
2026-08-10 18:44:13,973 - IPTVCollector - INFO - 📌 CCTV4美洲 已设为固定源 (auto_optimize=True)
2026-08-10 18:44:13,973 - IPTVCollector - INFO - 📌 固定源已同步到数据库
2026-08-10 18:44:13,973 - IPTVCollector - INFO - 📋 订阅源解析：普通 11 个，白名单 0 个
2026-08-10 18:44:13,974 - IPTVCollector - INFO - 📋 使用 11 个源
2026-08-10 18:44:13,979 - IPTVCollector - INFO - 🔄 拉取: https://raw.githubusercontent.com/iptv-org/iptv/gh-pages/countries/cn.m3u
2026-08-10 18:44:13,980 - IPTVCollector - INFO - 🔄 拉取: https://raw.githubusercontent.com/iptv-org/iptv/master/streams/cn.m3u
2026-08-10 18:44:13,980 - IPTVCollector - INFO - 🔄 拉取: https://raw.githubusercontent.com/vbskycn/iptv/master/tv/iptv4.txt
2026-08-10 18:44:13,994 - IPTVCollector - INFO - 🔄 拉取: https://raw.githubusercontent.com/zzgpy1/Collect-IPTV/main/best_sorted.m3u
2026-08-10 18:44:13,995 - IPTVCollector - INFO - 🔄 拉取: https://raw.githubusercontent.com/zzgpy1/ITV/main/output/tv.m3u
2026-08-10 18:44:13,995 - IPTVCollector - INFO - 🔄 拉取: https://raw.githubusercontent.com/iptv-org/iptv/refs/heads/master/streams/cn.m3u
2026-08-10 18:44:13,996 - IPTVCollector - INFO - 🔄 拉取: https://raw.githubusercontent.com/zzgpy1/ipv6-iptv/master/tv/iptv4.txt
2026-08-10 18:44:13,996 - IPTVCollector - INFO - 🔄 拉取: https://raw.githubusercontent.com/CCSH/IPTV/refs/heads/main/live.txt
2026-08-10 18:44:13,996 - IPTVCollector - INFO - 🔄 拉取: https://raw.githubusercontent.com/kakaxi-1/IPTV/main/iptv.txt
2026-08-10 18:44:13,996 - IPTVCollector - INFO - 🔄 拉取: https://raw.githubusercontent.com/zzgpy1/iptv-api/master/output/result.txt
2026-08-10 18:44:13,997 - IPTVCollector - INFO - 🔄 拉取: https://tv.19860519.xyz/xymm
2026-08-10 18:44:36,416 - IPTVCollector - INFO - 📊 测速完成，有效频道: 401 个
2026-08-10 18:44:36,416 - IPTVCollector - INFO - 📊 通过测速的频道数: 401
2026-08-10 18:44:44,632 - IPTVCollector - INFO - 🔍 ffmpeg 深度验证: 0 个需验证，400 个来自缓存/HTTP
2026-08-10 18:44:44,632 - IPTVCollector - INFO - ✅ ffmpeg 验证完成: 通过 400/401 个频道
2026-08-10 18:44:44,633 - IPTVCollector - INFO - 📊 通过ffmpeg验证的频道数: 400
2026-08-10 18:44:44,640 - IPTVCollector - INFO - 📌 已使用 19 个固定源（含自动优化）
2026-08-10 18:44:44,640 - IPTVCollector - INFO - 📊 合并完成: 共 335 个频道
2026-08-10 18:44:44,640 - IPTVCollector - INFO - 📊 合并后的频道数: 335
2026-08-10 18:44:44,671 - IPTVCollector - INFO - 📊 黑名单过滤后: 317
2026-08-10 18:44:44,673 - IPTVCollector - INFO - 📋 从 demo.txt 解析到 3541 个有序频道
2026-08-10 18:44:44,677 - IPTVCollector - INFO - 📋 从 demo.txt 解析到 3541 个有序频道
2026-08-10 18:45:53,877 - IPTVCollector - INFO - 📌 未分类频道追加到 '其他': 浙江钱江都市
2026-08-10 18:45:53,877 - IPTVCollector - INFO - 📌 未分类频道追加到 '其他': 数码时代
2026-08-10 18:45:53,877 - IPTVCollector - INFO - 📌 未分类频道追加到 '其他': 梨园
2026-08-10 18:45:53,878 - IPTVCollector - INFO - 📌 未分类频道追加到 '其他': 浙江教科影院
2026-08-10 18:45:53,878 - IPTVCollector - INFO - 📌 未分类频道追加到 '其他': 浙江教科影视
2026-08-10 18:45:53,878 - IPTVCollector - INFO - 📌 未分类频道追加到 '其他': 浙江经济
2026-08-10 18:45:53,878 - IPTVCollector - INFO - 📌 未分类频道追加到 '其他': 浙江民生休闲
2026-08-10 18:45:53,878 - IPTVCollector - INFO - 📌 未分类频道追加到 '其他': 浙江钱江频道
2026-08-10 18:45:53,879 - IPTVCollector - INFO - 📌 未分类频道追加到 '其他': 浙江教育
2026-08-10 18:45:53,879 - IPTVCollector - INFO - 📌 未分类频道追加到 '其他': 韩国电影2
2026-08-10 18:45:53,879 - IPTVCollector - INFO - 📌 未分类频道追加到 '其他': 韩国电影1
2026-08-10 18:45:53,879 - IPTVCollector - INFO - 📌 未分类频道追加到 '其他': 浙江生活
2026-08-10 18:45:53,879 - IPTVCollector - INFO - 📌 未分类频道追加到 '其他': 凤凰中文
2026-08-10 18:45:53,879 - IPTVCollector - INFO - 🌏 自动追加: 凤凰香港 -> 🌊港·澳·台
2026-08-10 18:45:53,880 - IPTVCollector - INFO - 📌 未分类频道追加到 '其他': 凤凰资讯
2026-08-10 18:45:53,881 - IPTVCollector - INFO - 🌏 自动追加: 武汉一台新闻综合 -> ☘️湖北频道
2026-08-10 18:45:53,882 - IPTVCollector - INFO - 📌 未分类频道追加到 '其他': 陕西新闻咨询
2026-08-10 18:45:53,882 - IPTVCollector - INFO - 📌 未分类频道追加到 '其他': FZTV3
2026-08-10 18:45:53,882 - IPTVCollector - INFO - 📌 未分类频道追加到 '其他': 江津新闻
2026-08-10 18:45:53,882 - IPTVCollector - INFO - 📌 未分类频道追加到 '其他': 都市青春
2026-08-10 18:45:53,882 - IPTVCollector - INFO - 📌 未分类频道追加到 '其他': 无线新闻台
2026-08-10 18:45:53,882 - IPTVCollector - INFO - 📌 未分类频道追加到 '其他': 河南电视剧
2026-08-10 18:45:53,884 - IPTVCollector - INFO - 🌏 自动追加: 哈尔滨都市咨询 -> ☘️黑龙江频道
2026-08-10 18:45:53,884 - IPTVCollector - INFO - 📌 未分类频道追加到 '其他': 新闻咨询
2026-08-10 18:45:53,884 - IPTVCollector - INFO - 📌 未分类频道追加到 '其他': Newsmax
2026-08-10 18:45:53,884 - IPTVCollector - INFO - 📌 未分类频道追加到 '其他': 音乐欣赏
2026-08-10 18:45:53,885 - IPTVCollector - INFO - 📌 未分类频道追加到 '其他': CNA
2026-08-10 18:45:53,885 - IPTVCollector - INFO - 📌 未分类频道追加到 '其他': Dali TV
2026-08-10 18:45:53,885 - IPTVCollector - INFO - 📌 未分类频道追加到 '其他': Supreme Master TV
2026-08-10 18:45:53,885 - IPTVCollector - INFO - 📌 未分类频道追加到 '其他': TVB News
2026-08-10 18:45:53,885 - IPTVCollector - INFO - 📌 未分类频道追加到 '其他': 1989年春晚
2026-08-10 18:45:53,885 - IPTVCollector - INFO - 📌 未分类频道追加到 '其他': 飞碟之谜01
2026-08-10 18:45:53,886 - IPTVCollector - INFO - 📌 未分类频道追加到 '其他': Beautiful Life TV
2026-08-10 18:45:53,886 - IPTVCollector - INFO - 📌 未分类频道追加到 '其他': 1987年春晚
2026-08-10 18:45:53,886 - IPTVCollector - INFO - 📌 未分类频道追加到 '其他': 1988年春晚
2026-08-10 18:45:53,886 - IPTVCollector - INFO - 📌 未分类频道追加到 '其他': Good 2
2026-08-10 18:45:53,886 - IPTVCollector - INFO - 📌 未分类频道追加到 '其他': Good
2026-08-10 18:45:53,886 - IPTVCollector - INFO - 📌 未分类频道追加到 '其他': 韩国EBS少儿
2026-08-10 18:45:53,887 - IPTVCollector - INFO - 📌 未分类频道追加到 '其他': Arirang
2026-08-10 18:45:53,887 - IPTVCollector - INFO - 📌 未分类频道追加到 '其他': Wild Earth
2026-08-10 18:45:53,887 - IPTVCollector - INFO - 📌 未分类频道追加到 '其他': 人与自然
2026-08-10 18:45:53,887 - IPTVCollector - INFO - 📌 未分类频道追加到 '其他': 春晚2025
2026-08-10 18:45:53,887 - IPTVCollector - INFO - 📌 未分类频道追加到 '其他': 地理中国
2026-08-10 18:45:53,888 - IPTVCollector - INFO - 📌 未分类频道追加到 '其他': Trace Sports
2026-08-10 18:45:53,888 - IPTVCollector - INFO - 📌 未分类频道追加到 '其他': 自然传奇
2026-08-10 18:45:53,888 - IPTVCollector - INFO - 📌 未分类频道追加到 '其他': Pet Club TV
2026-08-10 18:45:53,888 - IPTVCollector - INFO - 📌 未分类频道追加到 '其他': 2024年春晚
2026-08-10 18:45:53,888 - IPTVCollector - INFO - 📌 未分类频道追加到 '其他': 春晚2024
2026-08-10 18:45:53,888 - IPTVCollector - INFO - 📌 未分类频道追加到 '其他': 环球电视
2026-08-10 18:45:53,889 - IPTVCollector - INFO - 📌 未分类频道追加到 '其他': 倩女幽魂妖魔道
2026-08-10 18:45:53,889 - IPTVCollector - INFO - 📌 未分类频道追加到 '其他': 倩女幽魂人间道
2026-08-10 18:45:53,889 - IPTVCollector - INFO - 📌 未分类频道追加到 '其他': 倩女幽魂道道道
2026-08-10 18:45:53,889 - IPTVCollector - INFO - 📌 未分类频道追加到 '其他': WionNews
2026-08-10 18:45:53,890 - IPTVCollector - INFO - 🌏 自动追加: 福州广电视台新闻综合频道 -> ☘️福建频道
2026-08-10 18:45:53,890 - IPTVCollector - INFO - 📌 未分类频道追加到 '其他': 荣昌综合 [Not 24/7]
2026-08-10 18:45:53,890 - IPTVCollector - INFO - 📌 未分类频道追加到 '其他': Anhui TV
2026-08-10 18:45:53,890 - IPTVCollector - INFO - 📌 未分类频道追加到 '其他': Bread TV面包台
2026-08-10 18:45:53,890 - IPTVCollector - INFO - 📌 未分类频道追加到 '其他': Dragon TV International
2026-08-10 18:45:53,891 - IPTVCollector - INFO - 📌 未分类频道追加到 '其他': 靖江新闻綜合 [Not 24/7]
2026-08-10 18:45:53,891 - IPTVCollector - INFO - 📌 未分类频道追加到 '其他': Hebei TV
2026-08-10 18:45:53,891 - IPTVCollector - INFO - 📌 未分类频道追加到 '其他': Xinjiang TV 2
2026-08-10 18:45:53,891 - IPTVCollector - INFO - 📌 未分类频道追加到 '其他': ABN China
2026-08-10 18:45:53,892 - IPTVCollector - INFO - 🌏 自动追加: 浙江 Ⅰ 绍兴综合 -> ☘️浙江频道
2026-08-10 18:45:53,892 - IPTVCollector - INFO - 🌏 自动追加: 浙江 Ⅰ 绍兴影视 -> ☘️浙江频道
2026-08-10 18:45:53,892 - IPTVCollector - INFO - 📌 未分类频道追加到 '其他': 辽新闻综合 [Geo-blocked]
2026-08-10 18:45:53,892 - IPTVCollector - INFO - 📌 未分类频道追加到 '其他': 集安综合 [Geo-blocked]
2026-08-10 18:45:53,894 - IPTVCollector - INFO - 🌏 自动追加: 通化新闻 [Geo-blocked] -> ☘️吉林频道
2026-08-10 18:45:53,895 - IPTVCollector - INFO - 🌏 自动追加: 白山新闻综合 [Geo-blocked] -> ☘️吉林频道
2026-08-10 18:45:53,896 - IPTVCollector - INFO - 🌏 自动追加: 长春综合 [Geo-blocked] -> ☘️吉林频道
2026-08-10 18:45:53,897 - IPTVCollector - INFO - 📌 未分类频道追加到 '其他': CGTN记录
2026-08-10 18:45:53,897 - IPTVCollector - INFO - 🌏 自动追加: 上海卫视 -> ☘️上海频道
2026-08-10 18:45:53,897 - IPTVCollector - INFO - 📌 未分类频道追加到 '其他': 东南卫视
2026-08-10 18:45:53,897 - IPTVCollector - INFO - 📌 未分类频道追加到 '其他': 熊猫直
2026-08-10 18:45:53,897 - IPTVCollector - INFO - 📌 未分类频道追加到 '其他': 南方卫视
2026-08-10 18:45:53,897 - IPTVCollector - INFO - 📌 未分类频道追加到 '其他': Home Plus
2026-08-10 18:45:53,898 - IPTVCollector - INFO - 📌 未分类频道追加到 '其他': VOA美国之音
2026-08-10 18:45:53,898 - IPTVCollector - INFO - 📌 未分类频道追加到 '其他': Harbin Comprehensive News Channel
2026-08-10 18:45:53,898 - IPTVCollector - INFO - 📌 未分类频道追加到 '其他': Chifeng Comprehensive News Chanel
2026-08-10 18:45:53,898 - IPTVCollector - INFO - 📌 未分类频道追加到 '其他': Nei Monggol TV [Not 24/7]
2026-08-10 18:45:53,898 - IPTVCollector - INFO - 📌 未分类频道追加到 '其他': Siping TV
2026-08-10 18:45:53,898 - IPTVCollector - INFO - 📌 未分类频道追加到 '其他': Zhejiang TV International
2026-08-10 18:45:53,899 - IPTVCollector - INFO - 📌 未分类频道追加到 '其他': Nei Monggol TV 2 Mongolian Culture Channel [Not 24/7]
2026-08-10 18:45:53,899 - IPTVCollector - INFO - 📌 未分类频道追加到 '其他': Hunan TV
2026-08-10 18:45:53,899 - IPTVCollector - INFO - 📌 未分类频道追加到 '其他': TV BRICS Chinese
2026-08-10 18:45:53,899 - IPTVCollector - INFO - 📌 未分类频道追加到 '其他': CGTN Documentary
2026-08-10 18:45:53,899 - IPTVCollector - INFO - 📌 未分类频道追加到 '其他': Xinjiang TV 3
2026-08-10 18:45:53,900 - IPTVCollector - INFO - 🌏 自动追加: 北京卡酷少儿 -> ☘️北京频道
2026-08-10 18:45:53,901 - IPTVCollector - INFO - 📌 未分类频道追加到 '其他': Harbin Movie Channel
2026-08-10 18:45:53,901 - IPTVCollector - INFO - 📌 未分类频道追加到 '其他': 东丰
2026-08-10 18:45:53,901 - IPTVCollector - INFO - 📌 未分类频道追加到 '其他': 前郭综合 [Geo-blocked]
2026-08-10 18:45:53,902 - IPTVCollector - INFO - 🌏 自动追加: 四平新闻综合 [Geo-blocked] -> ☘️吉林频道
2026-08-10 18:45:53,902 - IPTVCollector - INFO - 📌 未分类频道追加到 '其他': 九台
2026-08-10 18:45:53,903 - IPTVCollector - INFO - 📌 未分类频道追加到 '其他': 延边新闻综合 [Geo-blocked]
2026-08-10 18:45:53,904 - IPTVCollector - INFO - 🌏 自动追加: 松原新闻综合 [Geo-blocked] -> ☘️吉林频道
2026-08-10 18:45:53,904 - IPTVCollector - INFO - 📌 未分类频道追加到 '其他': 延边2
2026-08-10 18:45:53,904 - IPTVCollector - INFO - 📌 未分类频道追加到 '其他': 耀才财经
2026-08-10 18:45:53,904 - IPTVCollector - INFO - 📌 未分类频道追加到 '其他': 柳河
2026-08-10 18:45:53,905 - IPTVCollector - INFO - 📌 未分类频道追加到 '其他': 江津经济生活
2026-08-10 18:45:53,905 - IPTVCollector - INFO - 📌 未分类频道追加到 '其他': 桦甸
2026-08-10 18:45:53,905 - IPTVCollector - INFO - 📌 未分类频道追加到 '其他': 汪清
2026-08-10 18:45:53,905 - IPTVCollector - INFO - 📌 未分类频道追加到 '其他': 珲春新闻
2026-08-10 18:45:53,905 - IPTVCollector - INFO - 📌 未分类频道追加到 '其他': 磐石
2026-08-10 18:45:53,905 - IPTVCollector - INFO - 📌 未分类频道追加到 '其他': 舒兰新闻
2026-08-10 18:45:53,906 - IPTVCollector - INFO - 📌 未分类频道追加到 '其他': 龙井
2026-08-10 18:45:53,907 - IPTVCollector - INFO - 🌏 自动追加: 通化县 -> ☘️吉林频道
2026-08-10 18:45:53,907 - IPTVCollector - INFO - 📌 未分类频道追加到 '其他': 辉南新闻
2026-08-10 18:45:53,908 - IPTVCollector - INFO - 🌏 自动追加: 长白山电视台 -> ☘️吉林频道
2026-08-10 18:45:53,909 - IPTVCollector - INFO - 📌 未分类频道追加到 '其他': 大立电视台
2026-08-10 18:45:53,909 - IPTVCollector - INFO - 🌏 自动追加: 绍兴电视台公共 -> ☘️浙江频道
2026-08-10 18:45:53,909 - IPTVCollector - INFO - 📌 未分类频道追加到 '其他': 通海电视台
2026-08-10 18:45:53,909 - IPTVCollector - INFO - 📌 未分类频道追加到 '其他': 龙门飞甲
2026-08-10 18:45:53,909 - IPTVCollector - INFO - 📌 未分类频道追加到 '其他': 伊犁经济法制
2026-08-10 18:45:53,910 - IPTVCollector - INFO - 📌 未分类频道追加到 '其他': 奎屯汉语
2026-08-10 18:45:53,910 - IPTVCollector - INFO - 📌 未分类频道追加到 '其他': 玛纳斯
2026-08-10 18:45:53,910 - IPTVCollector - INFO - 📌 未分类频道追加到 '其他': 玛纳斯综合
2026-08-10 18:45:53,910 - IPTVCollector - INFO - 🎯 Demo 筛选：原始 317 -> 匹配/分类后 317 个频道
2026-08-10 18:45:53,910 - IPTVCollector - INFO - 📊 Demo筛选后: 317
2026-08-10 18:45:53,911 - IPTVCollector - INFO - ✅ M3U 文件已生成: output/tv.m3u
2026-08-10 18:45:53,911 - IPTVCollector - INFO - ✅ TXT 文件已生成: output/tv.txt
2026-08-10 18:45:53,912 - IPTVCollector - INFO - ✅ 多源 M3U 文件已生成: output/tv_multi.m3u
2026-08-10 18:45:53,915 - IPTVCollector - INFO - ✅ JSON API 已生成: output/channels.json
2026-08-10 18:45:53,915 - IPTVCollector - INFO - ✅ 精简版已生成: output/tv_lite.m3u
2026-08-10 18:45:53,915 - IPTVCollector - INFO - ✅ M3U 文件已生成: output/tv_epg.m3u
2026-08-10 18:45:53,916 - IPTVCollector - INFO - 🚀 IPTV 自治系统启动
2026-08-10 18:45:53,916 - IPTVCollector - INFO - ⏭️ 跳过发现阶段
2026-08-10 18:45:53,916 - IPTVCollector - INFO - ==================================================
阶段2: 从缓存观察候选源
==================================================
2026-08-10 18:45:53,942 - IPTVCollector - INFO -   📊 观察进度: 100/263，稳定 0 个
2026-08-10 18:45:53,955 - IPTVCollector - INFO -   📊 观察进度: 200/263，稳定 0 个
2026-08-10 18:45:53,963 - IPTVCollector - INFO - ✅ 观察阶段完成: 0 个源达到稳定标准
2026-08-10 18:45:53,963 - IPTVCollector - INFO - ==================================================
阶段3: 提升稳定源
==================================================
2026-08-10 18:45:53,963 - IPTVCollector - INFO - 📭 没有稳定的候选源需要提升
2026-08-10 18:45:53,963 - IPTVCollector - INFO - 📊 自治模式统计:
2026-08-10 18:45:53,963 - IPTVCollector - INFO -   候选池总数: 781, 观察中: 263, 稳定: 510
2026-08-10 18:45:53,963 - IPTVCollector - INFO -   本次新提升: 0
2026-08-10 18:45:53,963 - IPTVCollector - INFO - 🎉 全部完成！
2026-08-11 01:03:46,915 - IPTVCollector - INFO - 🚀 IPTV 智能整理平台启动
2026-08-11 01:03:46,918 - IPTVCollector - INFO - ✅ 数据库缓存已启用: data/iptv_cache.db
2026-08-11 01:03:46,920 - IPTVCollector - INFO - 📌 CCTV-1 已设为固定源 (auto_optimize=True)
2026-08-11 01:03:46,921 - IPTVCollector - INFO - 📌 CCTV-2 已设为固定源 (auto_optimize=True)
2026-08-11 01:03:46,923 - IPTVCollector - INFO - 📌 CCTV-3 已设为固定源 (auto_optimize=True)
2026-08-11 01:03:46,924 - IPTVCollector - INFO - 📌 CCTV-4 已设为固定源 (auto_optimize=True)
2026-08-11 01:03:46,925 - IPTVCollector - INFO - 📌 CCTV-5 已设为固定源 (auto_optimize=True)
2026-08-11 01:03:46,927 - IPTVCollector - INFO - 📌 CCTV-5+ 已设为固定源 (auto_optimize=True)
2026-08-11 01:03:46,928 - IPTVCollector - INFO - 📌 CCTV-6 已设为固定源 (auto_optimize=True)
2026-08-11 01:03:46,930 - IPTVCollector - INFO - 📌 CCTV-7 已设为固定源 (auto_optimize=True)
2026-08-11 01:03:46,931 - IPTVCollector - INFO - 📌 CCTV-8 已设为固定源 (auto_optimize=True)
2026-08-11 01:03:46,933 - IPTVCollector - INFO - 📌 CCTV-9 已设为固定源 (auto_optimize=True)
2026-08-11 01:03:46,934 - IPTVCollector - INFO - 📌 CCTV-10 已设为固定源 (auto_optimize=True)
2026-08-11 01:03:46,936 - IPTVCollector - INFO - 📌 CCTV-11 已设为固定源 (auto_optimize=True)
2026-08-11 01:03:46,937 - IPTVCollector - INFO - 📌 CCTV-12 已设为固定源 (auto_optimize=True)
2026-08-11 01:03:46,939 - IPTVCollector - INFO - 📌 CCTV-13 已设为固定源 (auto_optimize=True)
2026-08-11 01:03:46,940 - IPTVCollector - INFO - 📌 CCTV-14 已设为固定源 (auto_optimize=True)
2026-08-11 01:03:46,941 - IPTVCollector - INFO - 📌 CCTV-15 已设为固定源 (auto_optimize=True)
2026-08-11 01:03:46,942 - IPTVCollector - INFO - 📌 CCTV-16 已设为固定源 (auto_optimize=True)
2026-08-11 01:03:46,944 - IPTVCollector - INFO - 📌 CCTV-17 已设为固定源 (auto_optimize=True)
2026-08-11 01:03:46,945 - IPTVCollector - INFO - 📌 CCTV4欧洲 已设为固定源 (auto_optimize=True)
2026-08-11 01:03:46,947 - IPTVCollector - INFO - 📌 CCTV4美洲 已设为固定源 (auto_optimize=True)
2026-08-11 01:03:46,947 - IPTVCollector - INFO - 📌 固定源已同步到数据库
2026-08-11 01:03:46,947 - IPTVCollector - INFO - 📋 订阅源解析：普通 11 个，白名单 0 个
2026-08-11 01:03:46,947 - IPTVCollector - INFO - 📋 使用 11 个源
2026-08-11 01:04:11,464 - IPTVCollector - INFO - 📊 测速完成，有效频道: 395 个
2026-08-11 01:04:11,464 - IPTVCollector - INFO - 📊 通过测速的频道数: 395
2026-08-11 01:04:11,643 - IPTVCollector - INFO - 🔍 ffmpeg 深度验证: 0 个需验证，394 个来自缓存/HTTP
2026-08-11 01:04:11,644 - IPTVCollector - INFO - ✅ ffmpeg 验证完成: 通过 394/395 个频道
2026-08-11 01:04:11,644 - IPTVCollector - INFO - 📊 通过ffmpeg验证的频道数: 394
2026-08-11 01:04:11,651 - IPTVCollector - INFO - 📌 已使用 19 个固定源（含自动优化）
2026-08-11 01:04:11,652 - IPTVCollector - INFO - 📊 合并完成: 共 331 个频道
2026-08-11 01:04:11,652 - IPTVCollector - INFO - 📊 合并后的频道数: 331
2026-08-11 01:04:11,682 - IPTVCollector - INFO - 📊 黑名单过滤后: 315
2026-08-11 01:04:11,685 - IPTVCollector - INFO - 📋 从 demo.txt 解析到 3541 个有序频道
2026-08-11 01:04:11,688 - IPTVCollector - INFO - 📋 从 demo.txt 解析到 3541 个有序频道
2026-08-11 01:05:35,028 - IPTVCollector - INFO - 📌 未分类频道追加到 '其他': 无线新闻台
2026-08-11 01:05:35,028 - IPTVCollector - INFO - 📌 未分类频道追加到 '其他': 九台
2026-08-11 01:05:35,028 - IPTVCollector - INFO - 📌 未分类频道追加到 '其他': 新闻咨询
2026-08-11 01:05:35,029 - IPTVCollector - INFO - 📌 未分类频道追加到 '其他': 东丰
2026-08-11 01:05:35,029 - IPTVCollector - INFO - 📌 未分类频道追加到 '其他': 柳河
2026-08-11 01:05:35,029 - IPTVCollector - INFO - 📌 未分类频道追加到 '其他': 汪清
2026-08-11 01:05:35,029 - IPTVCollector - INFO - 📌 未分类频道追加到 '其他': 音乐欣赏
2026-08-11 01:05:35,029 - IPTVCollector - INFO - 📌 未分类频道追加到 '其他': 磐石
2026-08-11 01:05:35,030 - IPTVCollector - INFO - 📌 未分类频道追加到 '其他': 珲春新闻
2026-08-11 01:05:35,030 - IPTVCollector - INFO - 📌 未分类频道追加到 '其他': 桦甸
2026-08-11 01:05:35,030 - IPTVCollector - INFO - 📌 未分类频道追加到 '其他': 延边2
2026-08-11 01:05:35,030 - IPTVCollector - INFO - 📌 未分类频道追加到 '其他': 舒兰新闻
2026-08-11 01:05:35,030 - IPTVCollector - INFO - 📌 未分类频道追加到 '其他': 飞碟之谜01
2026-08-11 01:05:35,030 - IPTVCollector - INFO - 📌 未分类频道追加到 '其他': 辉南新闻
2026-08-11 01:05:35,031 - IPTVCollector - INFO - 📌 未分类频道追加到 '其他': 地理中国
2026-08-11 01:05:35,031 - IPTVCollector - INFO - 📌 未分类频道追加到 '其他': 人与自然
2026-08-11 01:05:35,032 - IPTVCollector - INFO - 🌏 自动追加: 通化县 -> ☘️吉林频道
2026-08-11 01:05:35,032 - IPTVCollector - INFO - 📌 未分类频道追加到 '其他': 自然传奇
2026-08-11 01:05:35,033 - IPTVCollector - INFO - 📌 未分类频道追加到 '其他': 韩国EBS少儿
2026-08-11 01:05:35,033 - IPTVCollector - INFO - 📌 未分类频道追加到 '其他': 1988年春晚
2026-08-11 01:05:35,033 - IPTVCollector - INFO - 📌 未分类频道追加到 '其他': 1989年春晚
2026-08-11 01:05:35,033 - IPTVCollector - INFO - 📌 未分类频道追加到 '其他': 1987年春晚
2026-08-11 01:05:35,034 - IPTVCollector - INFO - 🌏 自动追加: 长白山电视台 -> ☘️吉林频道
2026-08-11 01:05:35,035 - IPTVCollector - INFO - 📌 未分类频道追加到 '其他': CNA
2026-08-11 01:05:35,035 - IPTVCollector - INFO - 📌 未分类频道追加到 '其他': 龙井
2026-08-11 01:05:35,035 - IPTVCollector - INFO - 📌 未分类频道追加到 '其他': Newsmax
2026-08-11 01:05:35,035 - IPTVCollector - INFO - 📌 未分类频道追加到 '其他': Arirang
2026-08-11 01:05:35,035 - IPTVCollector - INFO - 📌 未分类频道追加到 '其他': Home Plus
2026-08-11 01:05:35,035 - IPTVCollector - INFO - 📌 未分类频道追加到 '其他': Beautiful Life TV
2026-08-11 01:05:35,035 - IPTVCollector - INFO - 📌 未分类频道追加到 '其他': Dali TV
2026-08-11 01:05:35,036 - IPTVCollector - INFO - 📌 未分类频道追加到 '其他': Good 2
2026-08-11 01:05:35,036 - IPTVCollector - INFO - 📌 未分类频道追加到 '其他': Good
2026-08-11 01:05:35,036 - IPTVCollector - INFO - 📌 未分类频道追加到 '其他': 2024年春晚
2026-08-11 01:05:35,036 - IPTVCollector - INFO - 📌 未分类频道追加到 '其他': Supreme Master TV
2026-08-11 01:05:35,036 - IPTVCollector - INFO - 📌 未分类频道追加到 '其他': TVB News
2026-08-11 01:05:35,036 - IPTVCollector - INFO - 📌 未分类频道追加到 '其他': 大立电视台
2026-08-11 01:05:35,037 - IPTVCollector - INFO - 📌 未分类频道追加到 '其他': Trace Sports
2026-08-11 01:05:35,037 - IPTVCollector - INFO - 📌 未分类频道追加到 '其他': Pet Club TV
2026-08-11 01:05:35,037 - IPTVCollector - INFO - 📌 未分类频道追加到 '其他': VOA美国之音
2026-08-11 01:05:35,037 - IPTVCollector - INFO - 📌 未分类频道追加到 '其他': Chifeng Comprehensive News Chanel
2026-08-11 01:05:35,037 - IPTVCollector - INFO - 📌 未分类频道追加到 '其他': Hunan TV
2026-08-11 01:05:35,037 - IPTVCollector - INFO - 📌 未分类频道追加到 '其他': Wild Earth
2026-08-11 01:05:35,038 - IPTVCollector - INFO - 📌 未分类频道追加到 '其他': TV BRICS Chinese
2026-08-11 01:05:35,038 - IPTVCollector - INFO - 📌 未分类频道追加到 '其他': Nei Monggol TV [Not 24/7]
2026-08-11 01:05:35,038 - IPTVCollector - INFO - 🌏 自动追加: 绍兴电视台公共 -> ☘️浙江频道
2026-08-11 01:05:35,038 - IPTVCollector - INFO - 📌 未分类频道追加到 '其他': Nei Monggol TV 2 Mongolian Culture Channel [Not 24/7]
2026-08-11 01:05:35,038 - IPTVCollector - INFO - 📌 未分类频道追加到 '其他': RT Français
2026-08-11 01:05:35,039 - IPTVCollector - INFO - 📌 未分类频道追加到 '其他': Harbin Comprehensive News Channel
2026-08-11 01:05:35,039 - IPTVCollector - INFO - 📌 未分类频道追加到 '其他': Harbin Movie Channel
2026-08-11 01:05:35,039 - IPTVCollector - INFO - 📌 未分类频道追加到 '其他': WionNews
2026-08-11 01:05:35,039 - IPTVCollector - INFO - 📌 未分类频道追加到 '其他': 春晚2025
2026-08-11 01:05:35,039 - IPTVCollector - INFO - 📌 未分类频道追加到 '其他': Xinjiang TV 2
2026-08-11 01:05:35,039 - IPTVCollector - INFO - 📌 未分类频道追加到 '其他': Xinjiang TV 3
2026-08-11 01:05:35,039 - IPTVCollector - INFO - 📌 未分类频道追加到 '其他': 倩女幽魂人间道
2026-08-11 01:05:35,040 - IPTVCollector - INFO - 📌 未分类频道追加到 '其他': 倩女幽魂道道道
2026-08-11 01:05:35,040 - IPTVCollector - INFO - 📌 未分类频道追加到 '其他': 倩女幽魂妖魔道
2026-08-11 01:05:35,040 - IPTVCollector - INFO - 📌 未分类频道追加到 '其他': 通海电视台
2026-08-11 01:05:35,040 - IPTVCollector - INFO - 📌 未分类频道追加到 '其他': Siping TV
2026-08-11 01:05:35,040 - IPTVCollector - INFO - 📌 未分类频道追加到 '其他': Zhejiang TV International
2026-08-11 01:05:35,040 - IPTVCollector - INFO - 📌 未分类频道追加到 '其他': 春晚2024
2026-08-11 01:05:35,041 - IPTVCollector - INFO - 📌 未分类频道追加到 '其他': 环球电视
2026-08-11 01:05:35,041 - IPTVCollector - INFO - 📌 未分类频道追加到 '其他': CGTN-Documentary
2026-08-11 01:05:35,041 - IPTVCollector - INFO - 📌 未分类频道追加到 '其他': 龙门飞甲
2026-08-11 01:05:35,041 - IPTVCollector - INFO - 📌 未分类频道追加到 '其他': 伊犁经济法制
2026-08-11 01:05:35,041 - IPTVCollector - INFO - 📌 未分类频道追加到 '其他': 延边新闻综合 [Geo-blocked]
2026-08-11 01:05:35,041 - IPTVCollector - INFO - 📌 未分类频道追加到 '其他': 前郭综合 [Geo-blocked]
2026-08-11 01:05:35,043 - IPTVCollector - INFO - 🌏 自动追加: 松原新闻综合 [Geo-blocked] -> ☘️吉林频道
2026-08-11 01:05:35,043 - IPTVCollector - INFO - 🌏 自动追加: 浙江 Ⅰ 绍兴影视 -> ☘️浙江频道
2026-08-11 01:05:35,043 - IPTVCollector - INFO - 🌏 自动追加: 浙江 Ⅰ 绍兴综合 -> ☘️浙江频道
2026-08-11 01:05:35,045 - IPTVCollector - INFO - 🌏 自动追加: 四平新闻综合 [Geo-blocked] -> ☘️吉林频道
2026-08-11 01:05:35,045 - IPTVCollector - INFO - 📌 未分类频道追加到 '其他': 玛纳斯
2026-08-11 01:05:35,045 - IPTVCollector - INFO - 📌 未分类频道追加到 '其他': 玛纳斯综合
2026-08-11 01:05:35,045 - IPTVCollector - INFO - 📌 未分类频道追加到 '其他': 奎屯汉语
2026-08-11 01:05:35,045 - IPTVCollector - INFO - 📌 未分类频道追加到 '其他': 浙江钱江都市
2026-08-11 01:05:35,045 - IPTVCollector - INFO - 📌 未分类频道追加到 '其他': 浙江经济
2026-08-11 01:05:35,047 - IPTVCollector - INFO - 🌏 自动追加: 白山新闻综合 [Geo-blocked] -> ☘️吉林频道
2026-08-11 01:05:35,047 - IPTVCollector - INFO - 📌 未分类频道追加到 '其他': 江津经济生活
2026-08-11 01:05:35,047 - IPTVCollector - INFO - 📌 未分类频道追加到 '其他': 辽新闻综合 [Geo-blocked]
2026-08-11 01:05:35,048 - IPTVCollector - INFO - 🌏 自动追加: 通化新闻 [Geo-blocked] -> ☘️吉林频道
2026-08-11 01:05:35,050 - IPTVCollector - INFO - 🌏 自动追加: 长春综合 [Geo-blocked] -> ☘️吉林频道
2026-08-11 01:05:35,050 - IPTVCollector - INFO - 📌 未分类频道追加到 '其他': 集安综合 [Geo-blocked]
2026-08-11 01:05:35,050 - IPTVCollector - INFO - 📌 未分类频道追加到 '其他': Dragon TV International
2026-08-11 01:05:35,050 - IPTVCollector - INFO - 📌 未分类频道追加到 '其他': Hebei TV
2026-08-11 01:05:35,050 - IPTVCollector - INFO - 🌏 自动追加: 福州广电视台新闻综合频道 -> ☘️福建频道
2026-08-11 01:05:35,051 - IPTVCollector - INFO - 📌 未分类频道追加到 '其他': 靖江新闻綜合 [Not 24/7]
2026-08-11 01:05:35,051 - IPTVCollector - INFO - 📌 未分类频道追加到 '其他': 数码时代
2026-08-11 01:05:35,051 - IPTVCollector - INFO - 📌 未分类频道追加到 '其他': 梨园
2026-08-11 01:05:35,051 - IPTVCollector - INFO - 📌 未分类频道追加到 '其他': 浙江教科影视
2026-08-11 01:05:35,051 - IPTVCollector - INFO - 📌 未分类频道追加到 '其他': 浙江教科影院
2026-08-11 01:05:35,051 - IPTVCollector - INFO - 📌 未分类频道追加到 '其他': 浙江教育
2026-08-11 01:05:35,052 - IPTVCollector - INFO - 📌 未分类频道追加到 '其他': 浙江民生休闲
2026-08-11 01:05:35,052 - IPTVCollector - INFO - 📌 未分类频道追加到 '其他': 浙江钱江频道
2026-08-11 01:05:35,052 - IPTVCollector - INFO - 📌 未分类频道追加到 '其他': 浙江生活
2026-08-11 01:05:35,052 - IPTVCollector - INFO - 📌 未分类频道追加到 '其他': CGTN记录
2026-08-11 01:05:35,052 - IPTVCollector - INFO - 📌 未分类频道追加到 '其他': 凤凰资讯
2026-08-11 01:05:35,054 - IPTVCollector - INFO - 🌏 自动追加: 武汉一台新闻综合 -> ☘️湖北频道
2026-08-11 01:05:35,054 - IPTVCollector - INFO - 📌 未分类频道追加到 '其他': 凤凰中文
2026-08-11 01:05:35,054 - IPTVCollector - INFO - 🌏 自动追加: 凤凰香港 -> 🌊港·澳·台
2026-08-11 01:05:35,054 - IPTVCollector - INFO - 📌 未分类频道追加到 '其他': 熊猫直
2026-08-11 01:05:35,054 - IPTVCollector - INFO - 📌 未分类频道追加到 '其他': 韩国电影2
2026-08-11 01:05:35,054 - IPTVCollector - INFO - 📌 未分类频道追加到 '其他': 韩国电影1
2026-08-11 01:05:35,054 - IPTVCollector - INFO - 📌 未分类频道追加到 '其他': 东南卫视
2026-08-11 01:05:35,055 - IPTVCollector - INFO - 📌 未分类频道追加到 '其他': 江津新闻
2026-08-11 01:05:35,055 - IPTVCollector - INFO - 📌 未分类频道追加到 '其他': 河南电视剧
2026-08-11 01:05:35,055 - IPTVCollector - INFO - 📌 未分类频道追加到 '其他': 陕西新闻咨询
2026-08-11 01:05:35,055 - IPTVCollector - INFO - 📌 未分类频道追加到 '其他': FZTV3
2026-08-11 01:05:35,055 - IPTVCollector - INFO - 📌 未分类频道追加到 '其他': 都市青春
2026-08-11 01:05:35,055 - IPTVCollector - INFO - 📌 未分类频道追加到 '其他': Anhui TV
2026-08-11 01:05:35,056 - IPTVCollector - INFO - 📌 未分类频道追加到 '其他': Bread TV面包台
2026-08-11 01:05:35,056 - IPTVCollector - INFO - 📌 未分类频道追加到 '其他': ABN China
2026-08-11 01:05:35,057 - IPTVCollector - INFO - 🌏 自动追加: 北京卡酷少儿 -> ☘️北京频道
2026-08-11 01:05:35,058 - IPTVCollector - INFO - 🌏 自动追加: 哈尔滨都市咨询 -> ☘️黑龙江频道
2026-08-11 01:05:35,058 - IPTVCollector - INFO - 📌 未分类频道追加到 '其他': 耀才财经
2026-08-11 01:05:35,058 - IPTVCollector - INFO - 🎯 Demo 筛选：原始 315 -> 匹配/分类后 315 个频道
2026-08-11 01:05:35,058 - IPTVCollector - INFO - 📊 Demo筛选后: 315
2026-08-11 01:05:35,059 - IPTVCollector - INFO - ✅ M3U 文件已生成: output/tv.m3u
2026-08-11 01:05:35,059 - IPTVCollector - INFO - ✅ TXT 文件已生成: output/tv.txt
2026-08-11 01:05:35,060 - IPTVCollector - INFO - ✅ 多源 M3U 文件已生成: output/tv_multi.m3u
2026-08-11 01:05:35,062 - IPTVCollector - INFO - ✅ JSON API 已生成: output/channels.json
2026-08-11 01:05:35,063 - IPTVCollector - INFO - ✅ 精简版已生成: output/tv_lite.m3u
2026-08-11 01:05:35,063 - IPTVCollector - INFO - ✅ M3U 文件已生成: output/tv_epg.m3u
2026-08-11 01:05:35,064 - IPTVCollector - INFO - 🚀 IPTV 自治系统启动
2026-08-11 01:05:35,064 - IPTVCollector - INFO - ⏭️ 跳过发现阶段
2026-08-11 01:05:35,064 - IPTVCollector - INFO - ==================================================
阶段2: 从缓存观察候选源
==================================================
2026-08-11 01:05:35,095 - IPTVCollector - INFO -   📊 观察进度: 100/253，稳定 0 个
2026-08-11 01:05:35,114 - IPTVCollector - INFO -   📊 观察进度: 200/253，稳定 0 个
2026-08-11 01:05:35,123 - IPTVCollector - INFO - ✅ 观察阶段完成: 0 个源达到稳定标准
2026-08-11 01:05:35,124 - IPTVCollector - INFO - ==================================================
阶段3: 提升稳定源
==================================================
2026-08-11 01:05:35,124 - IPTVCollector - INFO - 📭 没有稳定的候选源需要提升
2026-08-11 01:05:35,124 - IPTVCollector - INFO - 📊 自治模式统计:
2026-08-11 01:05:35,124 - IPTVCollector - INFO -   候选池总数: 781, 观察中: 253, 稳定: 520
2026-08-11 01:05:35,124 - IPTVCollector - INFO -   本次新提升: 0
2026-08-11 01:05:35,125 - IPTVCollector - INFO - 🎉 全部完成！
2026-08-11 06:52:22,225 - IPTVCollector - INFO - 🚀 IPTV 智能整理平台启动
2026-08-11 06:52:22,226 - IPTVCollector - INFO - ✅ 数据库缓存已启用: data/iptv_cache.db
2026-08-11 06:52:22,230 - IPTVCollector - INFO - 📌 CCTV-1 已设为固定源 (auto_optimize=True)
2026-08-11 06:52:22,231 - IPTVCollector - INFO - 📌 CCTV-2 已设为固定源 (auto_optimize=True)
2026-08-11 06:52:22,232 - IPTVCollector - INFO - 📌 CCTV-3 已设为固定源 (auto_optimize=True)
2026-08-11 06:52:22,234 - IPTVCollector - INFO - 📌 CCTV-4 已设为固定源 (auto_optimize=True)
2026-08-11 06:52:22,235 - IPTVCollector - INFO - 📌 CCTV-5 已设为固定源 (auto_optimize=True)
2026-08-11 06:52:22,236 - IPTVCollector - INFO - 📌 CCTV-5+ 已设为固定源 (auto_optimize=True)
2026-08-11 06:52:22,237 - IPTVCollector - INFO - 📌 CCTV-6 已设为固定源 (auto_optimize=True)
2026-08-11 06:52:22,238 - IPTVCollector - INFO - 📌 CCTV-7 已设为固定源 (auto_optimize=True)
2026-08-11 06:52:22,239 - IPTVCollector - INFO - 📌 CCTV-8 已设为固定源 (auto_optimize=True)
2026-08-11 06:52:22,240 - IPTVCollector - INFO - 📌 CCTV-9 已设为固定源 (auto_optimize=True)
2026-08-11 06:52:22,241 - IPTVCollector - INFO - 📌 CCTV-10 已设为固定源 (auto_optimize=True)
2026-08-11 06:52:22,242 - IPTVCollector - INFO - 📌 CCTV-11 已设为固定源 (auto_optimize=True)
2026-08-11 06:52:22,244 - IPTVCollector - INFO - 📌 CCTV-12 已设为固定源 (auto_optimize=True)
2026-08-11 06:52:22,245 - IPTVCollector - INFO - 📌 CCTV-13 已设为固定源 (auto_optimize=True)
2026-08-11 06:52:22,246 - IPTVCollector - INFO - 📌 CCTV-14 已设为固定源 (auto_optimize=True)
2026-08-11 06:52:22,247 - IPTVCollector - INFO - 📌 CCTV-15 已设为固定源 (auto_optimize=True)
2026-08-11 06:52:22,248 - IPTVCollector - INFO - 📌 CCTV-16 已设为固定源 (auto_optimize=True)
2026-08-11 06:52:22,249 - IPTVCollector - INFO - 📌 CCTV-17 已设为固定源 (auto_optimize=True)
2026-08-11 06:52:22,250 - IPTVCollector - INFO - 📌 CCTV4欧洲 已设为固定源 (auto_optimize=True)
2026-08-11 06:52:22,485 - IPTVCollector - INFO - 📌 CCTV4美洲 已设为固定源 (auto_optimize=True)
2026-08-11 06:52:22,485 - IPTVCollector - INFO - 📌 固定源已同步到数据库
2026-08-11 06:52:22,485 - IPTVCollector - INFO - 📋 订阅源解析：普通 11 个，白名单 0 个
2026-08-11 06:52:22,486 - IPTVCollector - INFO - 📋 使用 11 个源
2026-08-11 06:52:51,425 - IPTVCollector - INFO - 📊 测速完成，有效频道: 383 个
2026-08-11 06:52:51,425 - IPTVCollector - INFO - 📊 通过测速的频道数: 383
2026-08-11 06:52:51,506 - IPTVCollector - INFO - 🔍 ffmpeg 深度验证: 0 个需验证，382 个来自缓存/HTTP
2026-08-11 06:52:51,506 - IPTVCollector - INFO - ✅ ffmpeg 验证完成: 通过 382/383 个频道
2026-08-11 06:52:51,506 - IPTVCollector - INFO - 📊 通过ffmpeg验证的频道数: 382
2026-08-11 06:52:51,512 - IPTVCollector - INFO - 📌 已使用 19 个固定源（含自动优化）
2026-08-11 06:52:51,512 - IPTVCollector - INFO - 📊 合并完成: 共 324 个频道
2026-08-11 06:52:51,512 - IPTVCollector - INFO - 📊 合并后的频道数: 324
2026-08-11 06:52:51,534 - IPTVCollector - INFO - 📊 黑名单过滤后: 308
2026-08-11 06:52:51,537 - IPTVCollector - INFO - 📋 从 demo.txt 解析到 3541 个有序频道
2026-08-11 06:52:51,539 - IPTVCollector - INFO - 📋 从 demo.txt 解析到 3541 个有序频道
2026-08-11 06:53:49,156 - IPTVCollector - INFO - 📌 未分类频道追加到 '其他': 桦甸
2026-08-11 06:53:49,157 - IPTVCollector - INFO - 🌏 自动追加: 通化县 -> ☘️吉林频道
2026-08-11 06:53:49,157 - IPTVCollector - INFO - 📌 未分类频道追加到 '其他': 汪清
2026-08-11 06:53:49,158 - IPTVCollector - INFO - 🌏 自动追加: 长白山电视台 -> ☘️吉林频道
2026-08-11 06:53:49,158 - IPTVCollector - INFO - 📌 未分类频道追加到 '其他': 辉南新闻
2026-08-11 06:53:49,159 - IPTVCollector - INFO - 📌 未分类频道追加到 '其他': 舒兰新闻
2026-08-11 06:53:49,159 - IPTVCollector - INFO - 📌 未分类频道追加到 '其他': 珲春新闻
2026-08-11 06:53:49,159 - IPTVCollector - INFO - 📌 未分类频道追加到 '其他': 龙井
2026-08-11 06:53:49,159 - IPTVCollector - INFO - 📌 未分类频道追加到 '其他': Home Plus
2026-08-11 06:53:49,159 - IPTVCollector - INFO - 📌 未分类频道追加到 '其他': 大立电视台
2026-08-11 06:53:49,159 - IPTVCollector - INFO - 🌏 自动追加: 绍兴电视台公共 -> ☘️浙江频道
2026-08-11 06:53:49,159 - IPTVCollector - INFO - 📌 未分类频道追加到 '其他': VOA美国之音
2026-08-11 06:53:49,159 - IPTVCollector - INFO - 📌 未分类频道追加到 '其他': Hunan TV
2026-08-11 06:53:49,159 - IPTVCollector - INFO - 📌 未分类频道追加到 '其他': Harbin Movie Channel
2026-08-11 06:53:49,159 - IPTVCollector - INFO - 📌 未分类频道追加到 '其他': Harbin Comprehensive News Channel
2026-08-11 06:53:49,160 - IPTVCollector - INFO - 📌 未分类频道追加到 '其他': Chifeng Comprehensive News Chanel
2026-08-11 06:53:49,160 - IPTVCollector - INFO - 📌 未分类频道追加到 '其他': Xinjiang TV 2
2026-08-11 06:53:49,160 - IPTVCollector - INFO - 📌 未分类频道追加到 '其他': Nei Monggol TV 2 Mongolian Culture Channel [Not 24/7]
2026-08-11 06:53:49,160 - IPTVCollector - INFO - 📌 未分类频道追加到 '其他': Nei Monggol TV [Not 24/7]
2026-08-11 06:53:49,160 - IPTVCollector - INFO - 📌 未分类频道追加到 '其他': TV BRICS Chinese
2026-08-11 06:53:49,160 - IPTVCollector - INFO - 📌 未分类频道追加到 '其他': Xinjiang TV 3
2026-08-11 06:53:49,160 - IPTVCollector - INFO - 📌 未分类频道追加到 '其他': 龙门飞甲
2026-08-11 06:53:49,160 - IPTVCollector - INFO - 📌 未分类频道追加到 '其他': 伊犁经济法制
2026-08-11 06:53:49,160 - IPTVCollector - INFO - 🌏 自动追加: 浙江 Ⅰ 绍兴影视 -> ☘️浙江频道
2026-08-11 06:53:49,160 - IPTVCollector - INFO - 📌 未分类频道追加到 '其他': 玛纳斯
2026-08-11 06:53:49,160 - IPTVCollector - INFO - 📌 未分类频道追加到 '其他': 前郭综合 [Geo-blocked]
2026-08-11 06:53:49,160 - IPTVCollector - INFO - 📌 未分类频道追加到 '其他': 江津经济生活
2026-08-11 06:53:49,161 - IPTVCollector - INFO - 🌏 自动追加: 浙江 Ⅰ 绍兴综合 -> ☘️浙江频道
2026-08-11 06:53:49,162 - IPTVCollector - INFO - 🌏 自动追加: 松原新闻综合 [Geo-blocked] -> ☘️吉林频道
2026-08-11 06:53:49,162 - IPTVCollector - INFO - 🌏 自动追加: 四平新闻综合 [Geo-blocked] -> ☘️吉林频道
2026-08-11 06:53:49,163 - IPTVCollector - INFO - 📌 未分类频道追加到 '其他': 浙江钱江都市
2026-08-11 06:53:49,163 - IPTVCollector - INFO - 📌 未分类频道追加到 '其他': 玛纳斯综合
2026-08-11 06:53:49,163 - IPTVCollector - INFO - 📌 未分类频道追加到 '其他': 浙江经济
2026-08-11 06:53:49,164 - IPTVCollector - INFO - 🌏 自动追加: 白山新闻综合 [Geo-blocked] -> ☘️吉林频道
2026-08-11 06:53:49,164 - IPTVCollector - INFO - 📌 未分类频道追加到 '其他': 奎屯汉语
2026-08-11 06:53:49,164 - IPTVCollector - INFO - 📌 未分类频道追加到 '其他': 辽新闻综合 [Geo-blocked]
2026-08-11 06:53:49,165 - IPTVCollector - INFO - 🌏 自动追加: 长春综合 [Geo-blocked] -> ☘️吉林频道
2026-08-11 06:53:49,165 - IPTVCollector - INFO - 📌 未分类频道追加到 '其他': 集安综合 [Geo-blocked]
2026-08-11 06:53:49,166 - IPTVCollector - INFO - 🌏 自动追加: 通化新闻 [Geo-blocked] -> ☘️吉林频道
2026-08-11 06:53:49,166 - IPTVCollector - INFO - 📌 未分类频道追加到 '其他': 荣昌综合 [Not 24/7]
2026-08-11 06:53:49,166 - IPTVCollector - INFO - 📌 未分类频道追加到 '其他': Dragon TV International
2026-08-11 06:53:49,166 - IPTVCollector - INFO - 📌 未分类频道追加到 '其他': 靖江新闻綜合 [Not 24/7]
2026-08-11 06:53:49,166 - IPTVCollector - INFO - 📌 未分类频道追加到 '其他': Hebei TV
2026-08-11 06:53:49,166 - IPTVCollector - INFO - 📌 未分类频道追加到 '其他': 数码时代
2026-08-11 06:53:49,166 - IPTVCollector - INFO - 📌 未分类频道追加到 '其他': 梨园
2026-08-11 06:53:49,167 - IPTVCollector - INFO - 📌 未分类频道追加到 '其他': 浙江教科影视
2026-08-11 06:53:49,167 - IPTVCollector - INFO - 📌 未分类频道追加到 '其他': 浙江教科影院
2026-08-11 06:53:49,167 - IPTVCollector - INFO - 📌 未分类频道追加到 '其他': 浙江教育
2026-08-11 06:53:49,167 - IPTVCollector - INFO - 📌 未分类频道追加到 '其他': 浙江民生休闲
2026-08-11 06:53:49,167 - IPTVCollector - INFO - 📌 未分类频道追加到 '其他': 浙江钱江频道
2026-08-11 06:53:49,167 - IPTVCollector - INFO - 📌 未分类频道追加到 '其他': 浙江生活
2026-08-11 06:53:49,167 - IPTVCollector - INFO - 📌 未分类频道追加到 '其他': 凤凰资讯
2026-08-11 06:53:49,167 - IPTVCollector - INFO - 📌 未分类频道追加到 '其他': 凤凰中文
2026-08-11 06:53:49,168 - IPTVCollector - INFO - 🌏 自动追加: 武汉一台新闻综合 -> ☘️湖北频道
2026-08-11 06:53:49,168 - IPTVCollector - INFO - 📌 未分类频道追加到 '其他': 韩国电影1
2026-08-11 06:53:49,168 - IPTVCollector - INFO - 🌏 自动追加: 凤凰香港 -> 🌊港·澳·台
2026-08-11 06:53:49,169 - IPTVCollector - INFO - 📌 未分类频道追加到 '其他': 韩国电影2
2026-08-11 06:53:49,169 - IPTVCollector - INFO - 🌏 自动追加: 上海卫视 -> ☘️上海频道
2026-08-11 06:53:49,169 - IPTVCollector - INFO - 📌 未分类频道追加到 '其他': 东南卫视
2026-08-11 06:53:49,169 - IPTVCollector - INFO - 📌 未分类频道追加到 '其他': CGTN记录
2026-08-11 06:53:49,169 - IPTVCollector - INFO - 📌 未分类频道追加到 '其他': 陕西新闻咨询
2026-08-11 06:53:49,169 - IPTVCollector - INFO - 📌 未分类频道追加到 '其他': 都市青春
2026-08-11 06:53:49,169 - IPTVCollector - INFO - 📌 未分类频道追加到 '其他': Anhui TV
2026-08-11 06:53:49,169 - IPTVCollector - INFO - 📌 未分类频道追加到 '其他': 江津新闻
2026-08-11 06:53:49,169 - IPTVCollector - INFO - 📌 未分类频道追加到 '其他': FZTV3
2026-08-11 06:53:49,170 - IPTVCollector - INFO - 📌 未分类频道追加到 '其他': 河南电视剧
2026-08-11 06:53:49,170 - IPTVCollector - INFO - 📌 未分类频道追加到 '其他': Bread TV面包台
2026-08-11 06:53:49,170 - IPTVCollector - INFO - 🌏 自动追加: 北京卡酷少儿 -> ☘️北京频道
2026-08-11 06:53:49,171 - IPTVCollector - INFO - 🌏 自动追加: 哈尔滨都市咨询 -> ☘️黑龙江频道
2026-08-11 06:53:49,171 - IPTVCollector - INFO - 📌 未分类频道追加到 '其他': ABN China
2026-08-11 06:53:49,171 - IPTVCollector - INFO - 📌 未分类频道追加到 '其他': 耀才财经
2026-08-11 06:53:49,172 - IPTVCollector - INFO - 📌 未分类频道追加到 '其他': 无线新闻台
2026-08-11 06:53:49,172 - IPTVCollector - INFO - 📌 未分类频道追加到 '其他': 延边2
2026-08-11 06:53:49,172 - IPTVCollector - INFO - 📌 未分类频道追加到 '其他': 新闻咨询
2026-08-11 06:53:49,172 - IPTVCollector - INFO - 📌 未分类频道追加到 '其他': 音乐欣赏
2026-08-11 06:53:49,172 - IPTVCollector - INFO - 📌 未分类频道追加到 '其他': 柳河
2026-08-11 06:53:49,172 - IPTVCollector - INFO - 📌 未分类频道追加到 '其他': CNA
2026-08-11 06:53:49,172 - IPTVCollector - INFO - 📌 未分类频道追加到 '其他': 韩国EBS少儿
2026-08-11 06:53:49,172 - IPTVCollector - INFO - 📌 未分类频道追加到 '其他': 1989年春晚
2026-08-11 06:53:49,172 - IPTVCollector - INFO - 📌 未分类频道追加到 '其他': 1988年春晚
2026-08-11 06:53:49,172 - IPTVCollector - INFO - 📌 未分类频道追加到 '其他': 1987年春晚
2026-08-11 06:53:49,173 - IPTVCollector - INFO - 📌 未分类频道追加到 '其他': 地理中国
2026-08-11 06:53:49,173 - IPTVCollector - INFO - 📌 未分类频道追加到 '其他': 自然传奇
2026-08-11 06:53:49,173 - IPTVCollector - INFO - 📌 未分类频道追加到 '其他': Newsmax
2026-08-11 06:53:49,173 - IPTVCollector - INFO - 📌 未分类频道追加到 '其他': 人与自然
2026-08-11 06:53:49,173 - IPTVCollector - INFO - 📌 未分类频道追加到 '其他': TVB News
2026-08-11 06:53:49,173 - IPTVCollector - INFO - 📌 未分类频道追加到 '其他': Beautiful Life TV
2026-08-11 06:53:49,173 - IPTVCollector - INFO - 📌 未分类频道追加到 '其他': 飞碟之谜01
2026-08-11 06:53:49,173 - IPTVCollector - INFO - 📌 未分类频道追加到 '其他': Supreme Master TV
2026-08-11 06:53:49,173 - IPTVCollector - INFO - 📌 未分类频道追加到 '其他': Dali TV
2026-08-11 06:53:49,173 - IPTVCollector - INFO - 📌 未分类频道追加到 '其他': Arirang
2026-08-11 06:53:49,174 - IPTVCollector - INFO - 📌 未分类频道追加到 '其他': Trace Sports
2026-08-11 06:53:49,174 - IPTVCollector - INFO - 📌 未分类频道追加到 '其他': Wild Earth
2026-08-11 06:53:49,174 - IPTVCollector - INFO - 📌 未分类频道追加到 '其他': Good 2
2026-08-11 06:53:49,174 - IPTVCollector - INFO - 📌 未分类频道追加到 '其他': Good
2026-08-11 06:53:49,174 - IPTVCollector - INFO - 📌 未分类频道追加到 '其他': WionNews
2026-08-11 06:53:49,174 - IPTVCollector - INFO - 📌 未分类频道追加到 '其他': 春晚2025
2026-08-11 06:53:49,174 - IPTVCollector - INFO - 📌 未分类频道追加到 '其他': 倩女幽魂人间道
2026-08-11 06:53:49,174 - IPTVCollector - INFO - 📌 未分类频道追加到 '其他': 倩女幽魂妖魔道
2026-08-11 06:53:49,174 - IPTVCollector - INFO - 📌 未分类频道追加到 '其他': 2024年春晚
2026-08-11 06:53:49,174 - IPTVCollector - INFO - 📌 未分类频道追加到 '其他': 倩女幽魂道道道
2026-08-11 06:53:49,175 - IPTVCollector - INFO - 📌 未分类频道追加到 '其他': CGTN-Documentary
2026-08-11 06:53:49,175 - IPTVCollector - INFO - 📌 未分类频道追加到 '其他': Pet Club TV
2026-08-11 06:53:49,175 - IPTVCollector - INFO - 📌 未分类频道追加到 '其他': RT Français
2026-08-11 06:53:49,175 - IPTVCollector - INFO - 📌 未分类频道追加到 '其他': 环球电视
2026-08-11 06:53:49,175 - IPTVCollector - INFO - 📌 未分类频道追加到 '其他': 春晚2024
2026-08-11 06:53:49,175 - IPTVCollector - INFO - 🌏 自动追加: 福州广电视台新闻综合频道 -> ☘️福建频道
2026-08-11 06:53:49,175 - IPTVCollector - INFO - 🎯 Demo 筛选：原始 308 -> 匹配/分类后 308 个频道
2026-08-11 06:53:49,175 - IPTVCollector - INFO - 📊 Demo筛选后: 308
2026-08-11 06:53:49,176 - IPTVCollector - INFO - ✅ M3U 文件已生成: output/tv.m3u
2026-08-11 06:53:49,176 - IPTVCollector - INFO - ✅ TXT 文件已生成: output/tv.txt
2026-08-11 06:53:49,177 - IPTVCollector - INFO - ✅ 多源 M3U 文件已生成: output/tv_multi.m3u
2026-08-11 06:53:49,179 - IPTVCollector - INFO - ✅ JSON API 已生成: output/channels.json
2026-08-11 06:53:49,179 - IPTVCollector - INFO - ✅ 精简版已生成: output/tv_lite.m3u
2026-08-11 06:53:49,179 - IPTVCollector - INFO - ✅ M3U 文件已生成: output/tv_epg.m3u
2026-08-11 06:53:49,179 - IPTVCollector - INFO - 🚀 IPTV 自治系统启动
2026-08-11 06:53:49,179 - IPTVCollector - INFO - ⏭️ 跳过发现阶段
2026-08-11 06:53:49,179 - IPTVCollector - INFO - ==================================================
阶段2: 从缓存观察候选源
==================================================
2026-08-11 06:53:49,202 - IPTVCollector - INFO -   📊 观察进度: 100/265，稳定 0 个
2026-08-11 06:53:49,217 - IPTVCollector - INFO -   📊 观察进度: 200/265，稳定 0 个
2026-08-11 06:53:49,226 - IPTVCollector - INFO - ✅ 观察阶段完成: 0 个源达到稳定标准
2026-08-11 06:53:49,226 - IPTVCollector - INFO - ==================================================
阶段3: 提升稳定源
==================================================
2026-08-11 06:53:49,226 - IPTVCollector - INFO - 📭 没有稳定的候选源需要提升
2026-08-11 06:53:49,226 - IPTVCollector - INFO - 📊 自治模式统计:
2026-08-11 06:53:49,227 - IPTVCollector - INFO -   候选池总数: 781, 观察中: 265, 稳定: 508
2026-08-11 06:53:49,227 - IPTVCollector - INFO -   本次新提升: 0
2026-08-11 06:53:49,227 - IPTVCollector - INFO - 🎉 全部完成！
2026-08-11 08:01:15,593 - IPTVCollector - INFO - 🚀 IPTV 智能整理平台启动
2026-08-11 08:01:15,596 - IPTVCollector - INFO - ✅ 数据库缓存已启用: data/iptv_cache.db
2026-08-11 08:01:15,601 - IPTVCollector - INFO - 📌 CCTV-1 已设为固定源 (auto_optimize=True)
2026-08-11 08:01:15,602 - IPTVCollector - INFO - 📌 CCTV-2 已设为固定源 (auto_optimize=True)
2026-08-11 08:01:15,603 - IPTVCollector - INFO - 📌 CCTV-3 已设为固定源 (auto_optimize=True)
2026-08-11 08:01:15,604 - IPTVCollector - INFO - 📌 CCTV-4 已设为固定源 (auto_optimize=True)
2026-08-11 08:01:15,605 - IPTVCollector - INFO - 📌 CCTV-5 已设为固定源 (auto_optimize=True)
2026-08-11 08:01:15,606 - IPTVCollector - INFO - 📌 CCTV-5+ 已设为固定源 (auto_optimize=True)
2026-08-11 08:01:15,607 - IPTVCollector - INFO - 📌 CCTV-6 已设为固定源 (auto_optimize=True)
2026-08-11 08:01:15,608 - IPTVCollector - INFO - 📌 CCTV-7 已设为固定源 (auto_optimize=True)
2026-08-11 08:01:15,609 - IPTVCollector - INFO - 📌 CCTV-8 已设为固定源 (auto_optimize=True)
2026-08-11 08:01:15,610 - IPTVCollector - INFO - 📌 CCTV-9 已设为固定源 (auto_optimize=True)
2026-08-11 08:01:15,611 - IPTVCollector - INFO - 📌 CCTV-10 已设为固定源 (auto_optimize=True)
2026-08-11 08:01:15,612 - IPTVCollector - INFO - 📌 CCTV-11 已设为固定源 (auto_optimize=True)
2026-08-11 08:01:15,613 - IPTVCollector - INFO - 📌 CCTV-12 已设为固定源 (auto_optimize=True)
2026-08-11 08:01:15,614 - IPTVCollector - INFO - 📌 CCTV-13 已设为固定源 (auto_optimize=True)
2026-08-11 08:01:15,615 - IPTVCollector - INFO - 📌 CCTV-14 已设为固定源 (auto_optimize=True)
2026-08-11 08:01:15,616 - IPTVCollector - INFO - 📌 CCTV-15 已设为固定源 (auto_optimize=True)
2026-08-11 08:01:15,617 - IPTVCollector - INFO - 📌 CCTV-16 已设为固定源 (auto_optimize=True)
2026-08-11 08:01:15,618 - IPTVCollector - INFO - 📌 CCTV-17 已设为固定源 (auto_optimize=True)
2026-08-11 08:01:15,619 - IPTVCollector - INFO - 📌 CCTV4欧洲 已设为固定源 (auto_optimize=True)
2026-08-11 08:01:15,620 - IPTVCollector - INFO - 📌 CCTV4美洲 已设为固定源 (auto_optimize=True)
2026-08-11 08:01:15,620 - IPTVCollector - INFO - 📌 固定源已同步到数据库
2026-08-11 08:01:15,621 - IPTVCollector - INFO - 📋 订阅源解析：普通 11 个，白名单 0 个
2026-08-11 08:01:15,621 - IPTVCollector - INFO - 📋 使用 11 个源
2026-08-11 08:01:49,052 - IPTVCollector - INFO - 📊 测速完成，有效频道: 364 个
2026-08-11 08:01:49,053 - IPTVCollector - INFO - 📊 通过测速的频道数: 364
2026-08-11 08:01:49,357 - IPTVCollector - INFO - 🔍 ffmpeg 深度验证: 0 个需验证，363 个来自缓存/HTTP
2026-08-11 08:01:49,357 - IPTVCollector - INFO - ✅ ffmpeg 验证完成: 通过 363/364 个频道
2026-08-11 08:01:49,357 - IPTVCollector - INFO - 📊 通过ffmpeg验证的频道数: 363
2026-08-11 08:01:49,364 - IPTVCollector - INFO - 📌 已使用 18 个固定源（含自动优化）
2026-08-11 08:01:49,365 - IPTVCollector - INFO - 📊 合并完成: 共 305 个频道
2026-08-11 08:01:49,365 - IPTVCollector - INFO - 📊 合并后的频道数: 305
2026-08-11 08:01:49,395 - IPTVCollector - INFO - 📊 黑名单过滤后: 289
2026-08-11 08:01:49,397 - IPTVCollector - INFO - 📋 从 demo.txt 解析到 3541 个有序频道
2026-08-11 08:01:49,400 - IPTVCollector - INFO - 📋 从 demo.txt 解析到 3541 个有序频道
2026-08-11 08:03:02,065 - IPTVCollector - INFO - 📌 未分类频道追加到 '其他': 大立电视台
2026-08-11 08:03:02,066 - IPTVCollector - INFO - 🌏 自动追加: 绍兴电视台公共 -> ☘️浙江频道
2026-08-11 08:03:02,066 - IPTVCollector - INFO - 📌 未分类频道追加到 '其他': 辉南新闻
2026-08-11 08:03:02,066 - IPTVCollector - INFO - 📌 未分类频道追加到 '其他': 磐石
2026-08-11 08:03:02,066 - IPTVCollector - INFO - 📌 未分类频道追加到 '其他': 龙井
2026-08-11 08:03:02,067 - IPTVCollector - INFO - 📌 未分类频道追加到 '其他': 通海电视台
2026-08-11 08:03:02,067 - IPTVCollector - INFO - 📌 未分类频道追加到 '其他': 龙门飞甲
2026-08-11 08:03:02,067 - IPTVCollector - INFO - 📌 未分类频道追加到 '其他': 伊犁经济法制
2026-08-11 08:03:02,067 - IPTVCollector - INFO - 📌 未分类频道追加到 '其他': 浙江钱江都市
2026-08-11 08:03:02,067 - IPTVCollector - INFO - 📌 未分类频道追加到 '其他': 玛纳斯
2026-08-11 08:03:02,068 - IPTVCollector - INFO - 📌 未分类频道追加到 '其他': 玛纳斯综合
2026-08-11 08:03:02,068 - IPTVCollector - INFO - 📌 未分类频道追加到 '其他': 奎屯汉语
2026-08-11 08:03:02,068 - IPTVCollector - INFO - 📌 未分类频道追加到 '其他': 数码时代
2026-08-11 08:03:02,068 - IPTVCollector - INFO - 📌 未分类频道追加到 '其他': 浙江教科影院
2026-08-11 08:03:02,068 - IPTVCollector - INFO - 📌 未分类频道追加到 '其他': 浙江教育
2026-08-11 08:03:02,069 - IPTVCollector - INFO - 📌 未分类频道追加到 '其他': 浙江经济
2026-08-11 08:03:02,069 - IPTVCollector - INFO - 📌 未分类频道追加到 '其他': 浙江民生休闲
2026-08-11 08:03:02,069 - IPTVCollector - INFO - 📌 未分类频道追加到 '其他': 浙江钱江频道
2026-08-11 08:03:02,069 - IPTVCollector - INFO - 📌 未分类频道追加到 '其他': 浙江教科影视
2026-08-11 08:03:02,069 - IPTVCollector - INFO - 📌 未分类频道追加到 '其他': 韩国电影2
2026-08-11 08:03:02,070 - IPTVCollector - INFO - 📌 未分类频道追加到 '其他': 韩国电影1
2026-08-11 08:03:02,070 - IPTVCollector - INFO - 📌 未分类频道追加到 '其他': 凤凰中文
2026-08-11 08:03:02,070 - IPTVCollector - INFO - 📌 未分类频道追加到 '其他': 凤凰资讯
2026-08-11 08:03:02,070 - IPTVCollector - INFO - 🌏 自动追加: 凤凰香港 -> 🌊港·澳·台
2026-08-11 08:03:02,070 - IPTVCollector - INFO - 📌 未分类频道追加到 '其他': 浙江生活
2026-08-11 08:03:02,070 - IPTVCollector - INFO - 📌 未分类频道追加到 '其他': 都市青春
2026-08-11 08:03:02,072 - IPTVCollector - INFO - 🌏 自动追加: 武汉一台新闻综合 -> ☘️湖北频道
2026-08-11 08:03:02,072 - IPTVCollector - INFO - 📌 未分类频道追加到 '其他': 陕西新闻咨询
2026-08-11 08:03:02,073 - IPTVCollector - INFO - 📌 未分类频道追加到 '其他': 河南电视剧
2026-08-11 08:03:02,073 - IPTVCollector - INFO - 📌 未分类频道追加到 '其他': 江津新闻
2026-08-11 08:03:02,074 - IPTVCollector - INFO - 🌏 自动追加: 哈尔滨都市咨询 -> ☘️黑龙江频道
2026-08-11 08:03:02,074 - IPTVCollector - INFO - 📌 未分类频道追加到 '其他': ABN China
2026-08-11 08:03:02,075 - IPTVCollector - INFO - 📌 未分类频道追加到 '其他': Anhui TV
2026-08-11 08:03:02,075 - IPTVCollector - INFO - 📌 未分类频道追加到 '其他': Bread TV面包台
2026-08-11 08:03:02,075 - IPTVCollector - INFO - 📌 未分类频道追加到 '其他': 新闻咨询
2026-08-11 08:03:02,075 - IPTVCollector - INFO - 📌 未分类频道追加到 '其他': 无线新闻台
2026-08-11 08:03:02,076 - IPTVCollector - INFO - 📌 未分类频道追加到 '其他': 音乐欣赏
2026-08-11 08:03:02,076 - IPTVCollector - INFO - 📌 未分类频道追加到 '其他': 地理中国
2026-08-11 08:03:02,076 - IPTVCollector - INFO - 📌 未分类频道追加到 '其他': 人与自然
2026-08-11 08:03:02,076 - IPTVCollector - INFO - 📌 未分类频道追加到 '其他': 自然传奇
2026-08-11 08:03:02,076 - IPTVCollector - INFO - 📌 未分类频道追加到 '其他': 飞碟之谜01
2026-08-11 08:03:02,077 - IPTVCollector - INFO - 📌 未分类频道追加到 '其他': 1988年春晚
2026-08-11 08:03:02,077 - IPTVCollector - INFO - 📌 未分类频道追加到 '其他': 1989年春晚
2026-08-11 08:03:02,077 - IPTVCollector - INFO - 📌 未分类频道追加到 '其他': 1987年春晚
2026-08-11 08:03:02,077 - IPTVCollector - INFO - 📌 未分类频道追加到 '其他': 韩国EBS少儿
2026-08-11 08:03:02,078 - IPTVCollector - INFO - 📌 未分类频道追加到 '其他': Dali TV
2026-08-11 08:03:02,078 - IPTVCollector - INFO - 📌 未分类频道追加到 '其他': CNA
2026-08-11 08:03:02,078 - IPTVCollector - INFO - 📌 未分类频道追加到 '其他': TVB News
2026-08-11 08:03:02,078 - IPTVCollector - INFO - 📌 未分类频道追加到 '其他': Beautiful Life TV
2026-08-11 08:03:02,078 - IPTVCollector - INFO - 📌 未分类频道追加到 '其他': Newsmax
2026-08-11 08:03:02,079 - IPTVCollector - INFO - 📌 未分类频道追加到 '其他': Supreme Master TV
2026-08-11 08:03:02,079 - IPTVCollector - INFO - 📌 未分类频道追加到 '其他': WionNews
2026-08-11 08:03:02,079 - IPTVCollector - INFO - 📌 未分类频道追加到 '其他': Home Plus
2026-08-11 08:03:02,079 - IPTVCollector - INFO - 📌 未分类频道追加到 '其他': Wild Earth
2026-08-11 08:03:02,079 - IPTVCollector - INFO - 📌 未分类频道追加到 '其他': Trace Sports
2026-08-11 08:03:02,080 - IPTVCollector - INFO - 📌 未分类频道追加到 '其他': Arirang
2026-08-11 08:03:02,080 - IPTVCollector - INFO - 📌 未分类频道追加到 '其他': Good
2026-08-11 08:03:02,080 - IPTVCollector - INFO - 📌 未分类频道追加到 '其他': Good 2
2026-08-11 08:03:02,080 - IPTVCollector - INFO - 📌 未分类频道追加到 '其他': 春晚2025
2026-08-11 08:03:02,080 - IPTVCollector - INFO - 📌 未分类频道追加到 '其他': VOA美国之音
2026-08-11 08:03:02,081 - IPTVCollector - INFO - 📌 未分类频道追加到 '其他': 倩女幽魂人间道
2026-08-11 08:03:02,081 - IPTVCollector - INFO - 📌 未分类频道追加到 '其他': Pet Club TV
2026-08-11 08:03:02,081 - IPTVCollector - INFO - 📌 未分类频道追加到 '其他': Harbin Comprehensive News Channel
2026-08-11 08:03:02,081 - IPTVCollector - INFO - 📌 未分类频道追加到 '其他': 倩女幽魂妖魔道
2026-08-11 08:03:02,081 - IPTVCollector - INFO - 📌 未分类频道追加到 '其他': RT Français
2026-08-11 08:03:02,082 - IPTVCollector - INFO - 📌 未分类频道追加到 '其他': 倩女幽魂道道道
2026-08-11 08:03:02,082 - IPTVCollector - INFO - 📌 未分类频道追加到 '其他': TV BRICS Chinese
2026-08-11 08:03:02,082 - IPTVCollector - INFO - 📌 未分类频道追加到 '其他': Xinjiang TV 3
2026-08-11 08:03:02,082 - IPTVCollector - INFO - 📌 未分类频道追加到 '其他': Chifeng Comprehensive News Chanel
2026-08-11 08:03:02,082 - IPTVCollector - INFO - 📌 未分类频道追加到 '其他': CGTN-Documentary
2026-08-11 08:03:02,083 - IPTVCollector - INFO - 📌 未分类频道追加到 '其他': Harbin Movie Channel
2026-08-11 08:03:02,083 - IPTVCollector - INFO - 📌 未分类频道追加到 '其他': Nei Monggol TV [Not 24/7]
2026-08-11 08:03:02,083 - IPTVCollector - INFO - 📌 未分类频道追加到 '其他': Hunan TV
2026-08-11 08:03:02,083 - IPTVCollector - INFO - 📌 未分类频道追加到 '其他': 春晚2024
2026-08-11 08:03:02,083 - IPTVCollector - INFO - 📌 未分类频道追加到 '其他': Siping TV
2026-08-11 08:03:02,084 - IPTVCollector - INFO - 📌 未分类频道追加到 '其他': Xinjiang TV 2
2026-08-11 08:03:02,084 - IPTVCollector - INFO - 📌 未分类频道追加到 '其他': 环球电视
2026-08-11 08:03:02,084 - IPTVCollector - INFO - 🌏 自动追加: 浙江 Ⅰ 绍兴影视 -> ☘️浙江频道
2026-08-11 08:03:02,084 - IPTVCollector - INFO - 📌 未分类频道追加到 '其他': Nei Monggol TV 2 Mongolian Culture Channel [Not 24/7]
2026-08-11 08:03:02,084 - IPTVCollector - INFO - 🌏 自动追加: 浙江 Ⅰ 绍兴综合 -> ☘️浙江频道
2026-08-11 08:03:02,085 - IPTVCollector - INFO - 📌 未分类频道追加到 '其他': 江津经济生活
2026-08-11 08:03:02,086 - IPTVCollector - INFO - 🌏 自动追加: 白山新闻综合 [Geo-blocked] -> ☘️吉林频道
2026-08-11 08:03:02,086 - IPTVCollector - INFO - 📌 未分类频道追加到 '其他': 前郭综合 [Geo-blocked]
2026-08-11 08:03:02,088 - IPTVCollector - INFO - 🌏 自动追加: 松原新闻综合 [Geo-blocked] -> ☘️吉林频道
2026-08-11 08:03:02,089 - IPTVCollector - INFO - 🌏 自动追加: 长春综合 [Geo-blocked] -> ☘️吉林频道
2026-08-11 08:03:02,089 - IPTVCollector - INFO - 📌 未分类频道追加到 '其他': 集安综合 [Geo-blocked]
2026-08-11 08:03:02,091 - IPTVCollector - INFO - 🌏 自动追加: 通化新闻 [Geo-blocked] -> ☘️吉林频道
2026-08-11 08:03:02,091 - IPTVCollector - INFO - 📌 未分类频道追加到 '其他': Dragon TV International
2026-08-11 08:03:02,091 - IPTVCollector - INFO - 📌 未分类频道追加到 '其他': 辽新闻综合 [Geo-blocked]
2026-08-11 08:03:02,091 - IPTVCollector - INFO - 📌 未分类频道追加到 '其他': 靖江新闻綜合 [Not 24/7]
2026-08-11 08:03:02,092 - IPTVCollector - INFO - 📌 未分类频道追加到 '其他': Hebei TV
2026-08-11 08:03:02,092 - IPTVCollector - INFO - 📌 未分类频道追加到 '其他': CGTN记录
2026-08-11 08:03:02,092 - IPTVCollector - INFO - 📌 未分类频道追加到 '其他': 东南卫视
2026-08-11 08:03:02,092 - IPTVCollector - INFO - 📌 未分类频道追加到 '其他': 熊猫直
2026-08-11 08:03:02,093 - IPTVCollector - INFO - 🌏 自动追加: 上海卫视 -> ☘️上海频道
2026-08-11 08:03:02,093 - IPTVCollector - INFO - 📌 未分类频道追加到 '其他': 九台
2026-08-11 08:03:02,093 - IPTVCollector - INFO - 📌 未分类频道追加到 '其他': 东丰
2026-08-11 08:03:02,093 - IPTVCollector - INFO - 📌 未分类频道追加到 '其他': 耀才财经
2026-08-11 08:03:02,093 - IPTVCollector - INFO - 📌 未分类频道追加到 '其他': 桦甸
2026-08-11 08:03:02,094 - IPTVCollector - INFO - 📌 未分类频道追加到 '其他': 珲春新闻
2026-08-11 08:03:02,094 - IPTVCollector - INFO - 📌 未分类频道追加到 '其他': 汪清
2026-08-11 08:03:02,094 - IPTVCollector - INFO - 🎯 Demo 筛选：原始 289 -> 匹配/分类后 289 个频道
2026-08-11 08:03:02,094 - IPTVCollector - INFO - 📊 Demo筛选后: 289
2026-08-11 08:03:02,095 - IPTVCollector - INFO - ✅ M3U 文件已生成: output/tv.m3u
2026-08-11 08:03:02,096 - IPTVCollector - INFO - ✅ TXT 文件已生成: output/tv.txt
2026-08-11 08:03:02,096 - IPTVCollector - INFO - ✅ 多源 M3U 文件已生成: output/tv_multi.m3u
2026-08-11 08:03:02,099 - IPTVCollector - INFO - ✅ JSON API 已生成: output/channels.json
2026-08-11 08:03:02,099 - IPTVCollector - INFO - ✅ 精简版已生成: output/tv_lite.m3u
2026-08-11 08:03:02,100 - IPTVCollector - INFO - ✅ M3U 文件已生成: output/tv_epg.m3u
2026-08-11 08:03:02,100 - IPTVCollector - INFO - 🚀 IPTV 自治系统启动
2026-08-11 08:03:02,100 - IPTVCollector - INFO - ⏭️ 跳过发现阶段
2026-08-11 08:03:02,100 - IPTVCollector - INFO - ==================================================
阶段2: 从缓存观察候选源
==================================================
2026-08-11 08:03:02,122 - IPTVCollector - INFO -   📊 观察进度: 100/258，稳定 0 个
2026-08-11 08:03:02,139 - IPTVCollector - INFO -   📊 观察进度: 200/258，稳定 0 个
2026-08-11 08:03:02,142 - IPTVCollector - INFO - ✅ 候选源稳定:  (成功率 66.67%, 延迟 721ms)
2026-08-11 08:03:02,143 - IPTVCollector - INFO - ✅ 候选源稳定:  (成功率 66.67%, 延迟 482ms)
2026-08-11 08:03:02,145 - IPTVCollector - INFO - ✅ 候选源稳定:  (成功率 66.67%, 延迟 1122ms)
2026-08-11 08:03:02,146 - IPTVCollector - INFO - ✅ 候选源稳定:  (成功率 66.67%, 延迟 741ms)
2026-08-11 08:03:02,148 - IPTVCollector - INFO - ✅ 候选源稳定:  (成功率 66.67%, 延迟 476ms)
2026-08-11 08:03:02,157 - IPTVCollector - INFO - ✅ 观察阶段完成: 5 个源达到稳定标准
2026-08-11 08:03:02,157 - IPTVCollector - INFO - ==================================================
阶段3: 提升稳定源
==================================================
2026-08-11 08:03:02,159 - IPTVCollector - INFO - ✅  已提升为稳定源
2026-08-11 08:03:02,160 - IPTVCollector - INFO - 📌 已提升: 
2026-08-11 08:03:02,162 - IPTVCollector - INFO - ✅  已提升为稳定源
2026-08-11 08:03:02,163 - IPTVCollector - INFO - 📌 已提升: 
2026-08-11 08:03:02,165 - IPTVCollector - INFO - ✅  已提升为稳定源
2026-08-11 08:03:02,166 - IPTVCollector - INFO - 📌 已提升: 
2026-08-11 08:03:02,166 - IPTVCollector - INFO - ✅ 提升阶段完成: 3 个源被提升
2026-08-11 08:03:02,167 - IPTVCollector - INFO - 📊 自治模式统计:
2026-08-11 08:03:02,167 - IPTVCollector - INFO -   候选池总数: 781, 观察中: 253, 稳定: 517
2026-08-11 08:03:02,167 - IPTVCollector - INFO -   本次新提升: 3
2026-08-11 08:03:02,167 - IPTVCollector - INFO - 🎉 全部完成！
2026-08-11 13:14:47,242 - IPTVCollector - INFO - 🚀 IPTV 智能整理平台启动
2026-08-11 13:14:47,244 - IPTVCollector - INFO - ✅ 数据库缓存已启用: data/iptv_cache.db
2026-08-11 13:14:47,246 - IPTVCollector - INFO - 📌 CCTV-1 已设为固定源 (auto_optimize=True)
2026-08-11 13:14:47,248 - IPTVCollector - INFO - 📌 CCTV-2 已设为固定源 (auto_optimize=True)
2026-08-11 13:14:47,249 - IPTVCollector - INFO - 📌 CCTV-3 已设为固定源 (auto_optimize=True)
2026-08-11 13:14:47,251 - IPTVCollector - INFO - 📌 CCTV-4 已设为固定源 (auto_optimize=True)
2026-08-11 13:14:47,252 - IPTVCollector - INFO - 📌 CCTV-5 已设为固定源 (auto_optimize=True)
2026-08-11 13:14:47,253 - IPTVCollector - INFO - 📌 CCTV-5+ 已设为固定源 (auto_optimize=True)
2026-08-11 13:14:47,255 - IPTVCollector - INFO - 📌 CCTV-6 已设为固定源 (auto_optimize=True)
2026-08-11 13:14:47,256 - IPTVCollector - INFO - 📌 CCTV-7 已设为固定源 (auto_optimize=True)
2026-08-11 13:14:47,257 - IPTVCollector - INFO - 📌 CCTV-8 已设为固定源 (auto_optimize=True)
2026-08-11 13:14:47,258 - IPTVCollector - INFO - 📌 CCTV-9 已设为固定源 (auto_optimize=True)
2026-08-11 13:14:47,259 - IPTVCollector - INFO - 📌 CCTV-10 已设为固定源 (auto_optimize=True)
2026-08-11 13:14:47,261 - IPTVCollector - INFO - 📌 CCTV-11 已设为固定源 (auto_optimize=True)
2026-08-11 13:14:47,262 - IPTVCollector - INFO - 📌 CCTV-12 已设为固定源 (auto_optimize=True)
2026-08-11 13:14:47,263 - IPTVCollector - INFO - 📌 CCTV-13 已设为固定源 (auto_optimize=True)
2026-08-11 13:14:47,264 - IPTVCollector - INFO - 📌 CCTV-14 已设为固定源 (auto_optimize=True)
2026-08-11 13:14:47,266 - IPTVCollector - INFO - 📌 CCTV-15 已设为固定源 (auto_optimize=True)
2026-08-11 13:14:47,267 - IPTVCollector - INFO - 📌 CCTV-16 已设为固定源 (auto_optimize=True)
2026-08-11 13:14:47,268 - IPTVCollector - INFO - 📌 CCTV-17 已设为固定源 (auto_optimize=True)
2026-08-11 13:14:47,270 - IPTVCollector - INFO - 📌 CCTV4欧洲 已设为固定源 (auto_optimize=True)
2026-08-11 13:14:47,271 - IPTVCollector - INFO - 📌 CCTV4美洲 已设为固定源 (auto_optimize=True)
2026-08-11 13:14:47,271 - IPTVCollector - INFO - 📌 固定源已同步到数据库
2026-08-11 13:14:47,272 - IPTVCollector - INFO - 📋 订阅源解析：普通 11 个，白名单 0 个
2026-08-11 13:14:47,272 - IPTVCollector - INFO - 📋 使用 11 个源
2026-08-11 13:15:14,355 - IPTVCollector - INFO - 📊 测速完成，有效频道: 369 个
2026-08-11 13:15:14,355 - IPTVCollector - INFO - 📊 通过测速的频道数: 369
2026-08-11 13:15:17,282 - IPTVCollector - INFO - 🔍 ffmpeg 深度验证: 0 个需验证，368 个来自缓存/HTTP
2026-08-11 13:15:17,283 - IPTVCollector - INFO - ✅ ffmpeg 验证完成: 通过 368/369 个频道
2026-08-11 13:15:17,283 - IPTVCollector - INFO - 📊 通过ffmpeg验证的频道数: 368
2026-08-11 13:15:17,290 - IPTVCollector - INFO - 📌 已使用 18 个固定源（含自动优化）
2026-08-11 13:15:17,290 - IPTVCollector - INFO - 📊 合并完成: 共 311 个频道
2026-08-11 13:15:17,290 - IPTVCollector - INFO - 📊 合并后的频道数: 311
2026-08-11 13:15:17,320 - IPTVCollector - INFO - 📊 黑名单过滤后: 295
2026-08-11 13:15:17,322 - IPTVCollector - INFO - 📋 从 demo.txt 解析到 3541 个有序频道
2026-08-11 13:15:17,325 - IPTVCollector - INFO - 📋 从 demo.txt 解析到 3541 个有序频道
2026-08-11 13:16:33,746 - IPTVCollector - INFO - 📌 未分类频道追加到 '其他': Supreme Master TV
2026-08-11 13:16:33,746 - IPTVCollector - INFO - 📌 未分类频道追加到 '其他': Wild Earth
2026-08-11 13:16:33,746 - IPTVCollector - INFO - 📌 未分类频道追加到 '其他': TVB News
2026-08-11 13:16:33,746 - IPTVCollector - INFO - 📌 未分类频道追加到 '其他': 春晚2025
2026-08-11 13:16:33,746 - IPTVCollector - INFO - 📌 未分类频道追加到 '其他': Home Plus
2026-08-11 13:16:33,747 - IPTVCollector - INFO - 📌 未分类频道追加到 '其他': Trace Sports
2026-08-11 13:16:33,747 - IPTVCollector - INFO - 📌 未分类频道追加到 '其他': WionNews
2026-08-11 13:16:33,747 - IPTVCollector - INFO - 📌 未分类频道追加到 '其他': VOA美国之音
2026-08-11 13:16:33,747 - IPTVCollector - INFO - 📌 未分类频道追加到 '其他': 倩女幽魂人间道
2026-08-11 13:16:33,747 - IPTVCollector - INFO - 📌 未分类频道追加到 '其他': 环球电视
2026-08-11 13:16:33,748 - IPTVCollector - INFO - 📌 未分类频道追加到 '其他': 倩女幽魂妖魔道
2026-08-11 13:16:33,748 - IPTVCollector - INFO - 📌 未分类频道追加到 '其他': Siping TV
2026-08-11 13:16:33,748 - IPTVCollector - INFO - 📌 未分类频道追加到 '其他': Xinjiang TV 2
2026-08-11 13:16:33,748 - IPTVCollector - INFO - 📌 未分类频道追加到 '其他': Xinjiang TV 3
2026-08-11 13:16:33,748 - IPTVCollector - INFO - 📌 未分类频道追加到 '其他': CGTN Documentary
2026-08-11 13:16:33,748 - IPTVCollector - INFO - 📌 未分类频道追加到 '其他': Hunan TV
2026-08-11 13:16:33,749 - IPTVCollector - INFO - 📌 未分类频道追加到 '其他': 倩女幽魂道道道
2026-08-11 13:16:33,749 - IPTVCollector - INFO - 📌 未分类频道追加到 '其他': Nei Monggol TV [Not 24/7]
2026-08-11 13:16:33,749 - IPTVCollector - INFO - 📌 未分类频道追加到 '其他': Chifeng Comprehensive News Chanel
2026-08-11 13:16:33,749 - IPTVCollector - INFO - 📌 未分类频道追加到 '其他': Nei Monggol TV 2 Mongolian Culture Channel [Not 24/7]
2026-08-11 13:16:33,749 - IPTVCollector - INFO - 📌 未分类频道追加到 '其他': Harbin Movie Channel
2026-08-11 13:16:33,749 - IPTVCollector - INFO - 📌 未分类频道追加到 '其他': Harbin Comprehensive News Channel
2026-08-11 13:16:33,750 - IPTVCollector - INFO - 🌏 自动追加: 浙江 Ⅰ 绍兴综合 -> ☘️浙江频道
2026-08-11 13:16:33,751 - IPTVCollector - INFO - 🌏 自动追加: 四平新闻综合 [Geo-blocked] -> ☘️吉林频道
2026-08-11 13:16:33,751 - IPTVCollector - INFO - 📌 未分类频道追加到 '其他': 浙江经济
2026-08-11 13:16:33,751 - IPTVCollector - INFO - 📌 未分类频道追加到 '其他': 江津经济生活
2026-08-11 13:16:33,752 - IPTVCollector - INFO - 🌏 自动追加: 浙江 Ⅰ 绍兴影视 -> ☘️浙江频道
2026-08-11 13:16:33,753 - IPTVCollector - INFO - 🌏 自动追加: 白山新闻综合 [Geo-blocked] -> ☘️吉林频道
2026-08-11 13:16:33,754 - IPTVCollector - INFO - 🌏 自动追加: 松原新闻综合 [Geo-blocked] -> ☘️吉林频道
2026-08-11 13:16:33,756 - IPTVCollector - INFO - 🌏 自动追加: 长春综合 [Geo-blocked] -> ☘️吉林频道
2026-08-11 13:16:33,756 - IPTVCollector - INFO - 📌 未分类频道追加到 '其他': Dragon TV International
2026-08-11 13:16:33,756 - IPTVCollector - INFO - 📌 未分类频道追加到 '其他': Hebei TV
2026-08-11 13:16:33,756 - IPTVCollector - INFO - 📌 未分类频道追加到 '其他': 辽新闻综合 [Geo-blocked]
2026-08-11 13:16:33,756 - IPTVCollector - INFO - 📌 未分类频道追加到 '其他': 集安综合 [Geo-blocked]
2026-08-11 13:16:33,758 - IPTVCollector - INFO - 🌏 自动追加: 通化新闻 [Geo-blocked] -> ☘️吉林频道
2026-08-11 13:16:33,758 - IPTVCollector - INFO - 📌 未分类频道追加到 '其他': 靖江新闻綜合 [Not 24/7]
2026-08-11 13:16:33,758 - IPTVCollector - INFO - 🌏 自动追加: 上海卫视 -> ☘️上海频道
2026-08-11 13:16:33,758 - IPTVCollector - INFO - 📌 未分类频道追加到 '其他': CGTN记录
2026-08-11 13:16:33,758 - IPTVCollector - INFO - 📌 未分类频道追加到 '其他': 东南卫视
2026-08-11 13:16:33,758 - IPTVCollector - INFO - 📌 未分类频道追加到 '其他': Anhui TV
2026-08-11 13:16:33,759 - IPTVCollector - INFO - 🌏 自动追加: 北京卡酷少儿 -> ☘️北京频道
2026-08-11 13:16:33,760 - IPTVCollector - INFO - 📌 未分类频道追加到 '其他': 九台
2026-08-11 13:16:33,760 - IPTVCollector - INFO - 📌 未分类频道追加到 '其他': ABN China
2026-08-11 13:16:33,760 - IPTVCollector - INFO - 📌 未分类频道追加到 '其他': Bread TV面包台
2026-08-11 13:16:33,760 - IPTVCollector - INFO - 📌 未分类频道追加到 '其他': 柳河
2026-08-11 13:16:33,760 - IPTVCollector - INFO - 📌 未分类频道追加到 '其他': 东丰
2026-08-11 13:16:33,760 - IPTVCollector - INFO - 📌 未分类频道追加到 '其他': 耀才财经
2026-08-11 13:16:33,760 - IPTVCollector - INFO - 📌 未分类频道追加到 '其他': 桦甸
2026-08-11 13:16:33,761 - IPTVCollector - INFO - 📌 未分类频道追加到 '其他': 珲春新闻
2026-08-11 13:16:33,761 - IPTVCollector - INFO - 📌 未分类频道追加到 '其他': 舒兰新闻
2026-08-11 13:16:33,761 - IPTVCollector - INFO - 📌 未分类频道追加到 '其他': 辉南新闻
2026-08-11 13:16:33,761 - IPTVCollector - INFO - 📌 未分类频道追加到 '其他': 汪清
2026-08-11 13:16:33,762 - IPTVCollector - INFO - 🌏 自动追加: 长白山电视台 -> ☘️吉林频道
2026-08-11 13:16:33,763 - IPTVCollector - INFO - 📌 未分类频道追加到 '其他': 磐石
2026-08-11 13:16:33,763 - IPTVCollector - INFO - 🌏 自动追加: 绍兴电视台公共 -> ☘️浙江频道
2026-08-11 13:16:33,763 - IPTVCollector - INFO - 📌 未分类频道追加到 '其他': 通海电视台
2026-08-11 13:16:33,763 - IPTVCollector - INFO - 📌 未分类频道追加到 '其他': 龙井
2026-08-11 13:16:33,763 - IPTVCollector - INFO - 📌 未分类频道追加到 '其他': 大立电视台
2026-08-11 13:16:33,765 - IPTVCollector - INFO - 🌏 自动追加: 通化县 -> ☘️吉林频道
2026-08-11 13:16:33,765 - IPTVCollector - INFO - 📌 未分类频道追加到 '其他': 玛纳斯
2026-08-11 13:16:33,765 - IPTVCollector - INFO - 📌 未分类频道追加到 '其他': 玛纳斯综合
2026-08-11 13:16:33,765 - IPTVCollector - INFO - 📌 未分类频道追加到 '其他': 龙门飞甲
2026-08-11 13:16:33,765 - IPTVCollector - INFO - 📌 未分类频道追加到 '其他': 浙江钱江都市
2026-08-11 13:16:33,765 - IPTVCollector - INFO - 📌 未分类频道追加到 '其他': 伊犁经济法制
2026-08-11 13:16:33,765 - IPTVCollector - INFO - 📌 未分类频道追加到 '其他': 数码时代
2026-08-11 13:16:33,766 - IPTVCollector - INFO - 📌 未分类频道追加到 '其他': 梨园
2026-08-11 13:16:33,766 - IPTVCollector - INFO - 📌 未分类频道追加到 '其他': 浙江教科影院
2026-08-11 13:16:33,766 - IPTVCollector - INFO - 📌 未分类频道追加到 '其他': 浙江教科影视
2026-08-11 13:16:33,766 - IPTVCollector - INFO - 📌 未分类频道追加到 '其他': 浙江教育
2026-08-11 13:16:33,766 - IPTVCollector - INFO - 📌 未分类频道追加到 '其他': 凤凰资讯
2026-08-11 13:16:33,766 - IPTVCollector - INFO - 📌 未分类频道追加到 '其他': 浙江民生休闲
2026-08-11 13:16:33,767 - IPTVCollector - INFO - 📌 未分类频道追加到 '其他': 浙江钱江频道
2026-08-11 13:16:33,767 - IPTVCollector - INFO - 📌 未分类频道追加到 '其他': 韩国电影1
2026-08-11 13:16:33,767 - IPTVCollector - INFO - 📌 未分类频道追加到 '其他': 韩国电影2
2026-08-11 13:16:33,767 - IPTVCollector - INFO - 🌏 自动追加: 凤凰香港 -> 🌊港·澳·台
2026-08-11 13:16:33,767 - IPTVCollector - INFO - 📌 未分类频道追加到 '其他': 凤凰中文
2026-08-11 13:16:33,767 - IPTVCollector - INFO - 📌 未分类频道追加到 '其他': 都市青春
2026-08-11 13:16:33,767 - IPTVCollector - INFO - 📌 未分类频道追加到 '其他': 陕西新闻咨询
2026-08-11 13:16:33,768 - IPTVCollector - INFO - 📌 未分类频道追加到 '其他': 浙江生活
2026-08-11 13:16:33,769 - IPTVCollector - INFO - 🌏 自动追加: 武汉一台新闻综合 -> ☘️湖北频道
2026-08-11 13:16:33,770 - IPTVCollector - INFO - 🌏 自动追加: 哈尔滨都市咨询 -> ☘️黑龙江频道
2026-08-11 13:16:33,771 - IPTVCollector - INFO - 📌 未分类频道追加到 '其他': 无线新闻台
2026-08-11 13:16:33,771 - IPTVCollector - INFO - 📌 未分类频道追加到 '其他': 河南电视剧
2026-08-11 13:16:33,771 - IPTVCollector - INFO - 📌 未分类频道追加到 '其他': 新闻咨询
2026-08-11 13:16:33,771 - IPTVCollector - INFO - 📌 未分类频道追加到 '其他': FZTV3
2026-08-11 13:16:33,771 - IPTVCollector - INFO - 📌 未分类频道追加到 '其他': 1987年春晚
2026-08-11 13:16:33,771 - IPTVCollector - INFO - 📌 未分类频道追加到 '其他': 音乐欣赏
2026-08-11 13:16:33,771 - IPTVCollector - INFO - 📌 未分类频道追加到 '其他': 1988年春晚
2026-08-11 13:16:33,772 - IPTVCollector - INFO - 📌 未分类频道追加到 '其他': 1989年春晚
2026-08-11 13:16:33,772 - IPTVCollector - INFO - 📌 未分类频道追加到 '其他': Newsmax
2026-08-11 13:16:33,772 - IPTVCollector - INFO - 📌 未分类频道追加到 '其他': Dali TV
2026-08-11 13:16:33,772 - IPTVCollector - INFO - 📌 未分类频道追加到 '其他': CNA
2026-08-11 13:16:33,772 - IPTVCollector - INFO - 📌 未分类频道追加到 '其他': 飞碟之谜01
2026-08-11 13:16:33,772 - IPTVCollector - INFO - 📌 未分类频道追加到 '其他': Beautiful Life TV
2026-08-11 13:16:33,773 - IPTVCollector - INFO - 📌 未分类频道追加到 '其他': 2024年春晚
2026-08-11 13:16:33,773 - IPTVCollector - INFO - 📌 未分类频道追加到 '其他': Good
2026-08-11 13:16:33,773 - IPTVCollector - INFO - 📌 未分类频道追加到 '其他': Good 2
2026-08-11 13:16:33,773 - IPTVCollector - INFO - 📌 未分类频道追加到 '其他': 人与自然
2026-08-11 13:16:33,773 - IPTVCollector - INFO - 📌 未分类频道追加到 '其他': 地理中国
2026-08-11 13:16:33,773 - IPTVCollector - INFO - 📌 未分类频道追加到 '其他': Arirang
2026-08-11 13:16:33,774 - IPTVCollector - INFO - 📌 未分类频道追加到 '其他': 自然传奇
2026-08-11 13:16:33,774 - IPTVCollector - INFO - 📌 未分类频道追加到 '其他': 韩国EBS少儿
2026-08-11 13:16:33,774 - IPTVCollector - INFO - 📌 未分类频道追加到 '其他': Pet Club TV
2026-08-11 13:16:33,774 - IPTVCollector - INFO - 🎯 Demo 筛选：原始 295 -> 匹配/分类后 295 个频道
2026-08-11 13:16:33,774 - IPTVCollector - INFO - 📊 Demo筛选后: 295
2026-08-11 13:16:33,775 - IPTVCollector - INFO - ✅ M3U 文件已生成: output/tv.m3u
2026-08-11 13:16:33,775 - IPTVCollector - INFO - ✅ TXT 文件已生成: output/tv.txt
2026-08-11 13:16:33,776 - IPTVCollector - INFO - ✅ 多源 M3U 文件已生成: output/tv_multi.m3u
2026-08-11 13:16:33,778 - IPTVCollector - INFO - ✅ JSON API 已生成: output/channels.json
2026-08-11 13:16:33,779 - IPTVCollector - INFO - ✅ 精简版已生成: output/tv_lite.m3u
2026-08-11 13:16:33,779 - IPTVCollector - INFO - ✅ M3U 文件已生成: output/tv_epg.m3u
2026-08-11 13:16:33,779 - IPTVCollector - INFO - 🚀 IPTV 自治系统启动
2026-08-11 13:16:33,779 - IPTVCollector - INFO - ⏭️ 跳过发现阶段
2026-08-11 13:16:33,779 - IPTVCollector - INFO - ==================================================
阶段2: 从缓存观察候选源
==================================================
2026-08-11 13:16:33,810 - IPTVCollector - INFO -   📊 观察进度: 100/258，稳定 0 个
2026-08-11 13:16:33,825 - IPTVCollector - INFO -   📊 观察进度: 200/258，稳定 0 个
2026-08-11 13:16:33,834 - IPTVCollector - INFO - ✅ 观察阶段完成: 0 个源达到稳定标准
2026-08-11 13:16:33,834 - IPTVCollector - INFO - ==================================================
阶段3: 提升稳定源
==================================================
2026-08-11 13:16:33,835 - IPTVCollector - INFO - 📭 没有稳定的候选源需要提升
2026-08-11 13:16:33,835 - IPTVCollector - INFO - 📊 自治模式统计:
2026-08-11 13:16:33,835 - IPTVCollector - INFO -   候选池总数: 781, 观察中: 258, 稳定: 512
2026-08-11 13:16:33,835 - IPTVCollector - INFO -   本次新提升: 0
2026-08-11 13:16:33,835 - IPTVCollector - INFO - 🎉 全部完成！
2026-08-11 19:07:19,195 - IPTVCollector - INFO - 🚀 IPTV 智能整理平台启动
2026-08-11 19:07:19,197 - IPTVCollector - INFO - ✅ 数据库缓存已启用: data/iptv_cache.db
2026-08-11 19:07:19,238 - IPTVCollector - INFO - 📌 CCTV-1 已设为固定源 (auto_optimize=True)
2026-08-11 19:07:19,239 - IPTVCollector - INFO - 📌 CCTV-2 已设为固定源 (auto_optimize=True)
2026-08-11 19:07:19,241 - IPTVCollector - INFO - 📌 CCTV-3 已设为固定源 (auto_optimize=True)
2026-08-11 19:07:19,270 - IPTVCollector - INFO - 📌 CCTV-4 已设为固定源 (auto_optimize=True)
2026-08-11 19:07:19,271 - IPTVCollector - INFO - 📌 CCTV-5 已设为固定源 (auto_optimize=True)
2026-08-11 19:07:19,323 - IPTVCollector - INFO - 📌 CCTV-5+ 已设为固定源 (auto_optimize=True)
2026-08-11 19:07:19,325 - IPTVCollector - INFO - 📌 CCTV-6 已设为固定源 (auto_optimize=True)
2026-08-11 19:07:19,326 - IPTVCollector - INFO - 📌 CCTV-7 已设为固定源 (auto_optimize=True)
2026-08-11 19:07:19,327 - IPTVCollector - INFO - 📌 CCTV-8 已设为固定源 (auto_optimize=True)
2026-08-11 19:07:19,329 - IPTVCollector - INFO - 📌 CCTV-9 已设为固定源 (auto_optimize=True)
2026-08-11 19:07:19,330 - IPTVCollector - INFO - 📌 CCTV-10 已设为固定源 (auto_optimize=True)
2026-08-11 19:07:19,331 - IPTVCollector - INFO - 📌 CCTV-11 已设为固定源 (auto_optimize=True)
2026-08-11 19:07:19,332 - IPTVCollector - INFO - 📌 CCTV-12 已设为固定源 (auto_optimize=True)
2026-08-11 19:07:19,333 - IPTVCollector - INFO - 📌 CCTV-13 已设为固定源 (auto_optimize=True)
2026-08-11 19:07:19,335 - IPTVCollector - INFO - 📌 CCTV-14 已设为固定源 (auto_optimize=True)
2026-08-11 19:07:19,336 - IPTVCollector - INFO - 📌 CCTV-15 已设为固定源 (auto_optimize=True)
2026-08-11 19:07:19,337 - IPTVCollector - INFO - 📌 CCTV-16 已设为固定源 (auto_optimize=True)
2026-08-11 19:07:19,338 - IPTVCollector - INFO - 📌 CCTV-17 已设为固定源 (auto_optimize=True)
2026-08-11 19:07:19,340 - IPTVCollector - INFO - 📌 CCTV4欧洲 已设为固定源 (auto_optimize=True)
2026-08-11 19:07:19,341 - IPTVCollector - INFO - 📌 CCTV4美洲 已设为固定源 (auto_optimize=True)
2026-08-11 19:07:19,341 - IPTVCollector - INFO - 📌 固定源已同步到数据库
2026-08-11 19:07:19,342 - IPTVCollector - INFO - 📋 订阅源解析：普通 11 个，白名单 0 个
2026-08-11 19:07:19,342 - IPTVCollector - INFO - 📋 使用 11 个源
2026-08-11 19:07:42,484 - IPTVCollector - INFO - 📊 测速完成，有效频道: 375 个
2026-08-11 19:07:42,484 - IPTVCollector - INFO - 📊 通过测速的频道数: 375
2026-08-11 19:07:44,403 - IPTVCollector - INFO - 🔍 ffmpeg 深度验证: 0 个需验证，374 个来自缓存/HTTP
2026-08-11 19:07:44,404 - IPTVCollector - INFO - ✅ ffmpeg 验证完成: 通过 374/375 个频道
2026-08-11 19:07:44,404 - IPTVCollector - INFO - 📊 通过ffmpeg验证的频道数: 374
2026-08-11 19:07:44,409 - IPTVCollector - INFO - 📌 已使用 18 个固定源（含自动优化）
2026-08-11 19:07:44,410 - IPTVCollector - INFO - 📊 合并完成: 共 321 个频道
2026-08-11 19:07:44,410 - IPTVCollector - INFO - 📊 合并后的频道数: 321
2026-08-11 19:07:44,431 - IPTVCollector - INFO - 📊 黑名单过滤后: 305
2026-08-11 19:07:44,432 - IPTVCollector - INFO - 📋 从 demo.txt 解析到 3541 个有序频道
2026-08-11 19:07:44,435 - IPTVCollector - INFO - 📋 从 demo.txt 解析到 3541 个有序频道
2026-08-11 19:08:39,905 - IPTVCollector - INFO - 📌 未分类频道追加到 '其他': Home Plus
2026-08-11 19:08:39,906 - IPTVCollector - INFO - 📌 未分类频道追加到 '其他': 通海电视台
2026-08-11 19:08:39,906 - IPTVCollector - INFO - 📌 未分类频道追加到 '其他': VOA美国之音
2026-08-11 19:08:39,906 - IPTVCollector - INFO - 📌 未分类频道追加到 '其他': Harbin Movie Channel
2026-08-11 19:08:39,906 - IPTVCollector - INFO - 📌 未分类频道追加到 '其他': Siping TV
2026-08-11 19:08:39,906 - IPTVCollector - INFO - 📌 未分类频道追加到 '其他': Harbin Comprehensive News Channel
2026-08-11 19:08:39,906 - IPTVCollector - INFO - 📌 未分类频道追加到 '其他': Xinjiang TV 2
2026-08-11 19:08:39,907 - IPTVCollector - INFO - 📌 未分类频道追加到 '其他': Nei Monggol TV 2 Mongolian Culture Channel [Not 24/7]
2026-08-11 19:08:39,907 - IPTVCollector - INFO - 📌 未分类频道追加到 '其他': Chifeng Comprehensive News Chanel
2026-08-11 19:08:39,907 - IPTVCollector - INFO - 📌 未分类频道追加到 '其他': Nei Monggol TV [Not 24/7]
2026-08-11 19:08:39,907 - IPTVCollector - INFO - 📌 未分类频道追加到 '其他': Hunan TV
2026-08-11 19:08:39,907 - IPTVCollector - INFO - 📌 未分类频道追加到 '其他': 龙门飞甲
2026-08-11 19:08:39,907 - IPTVCollector - INFO - 📌 未分类频道追加到 '其他': Xinjiang TV 3
2026-08-11 19:08:39,907 - IPTVCollector - INFO - 📌 未分类频道追加到 '其他': TV BRICS Chinese
2026-08-11 19:08:39,907 - IPTVCollector - INFO - 📌 未分类频道追加到 '其他': 伊犁经济法制
2026-08-11 19:08:39,908 - IPTVCollector - INFO - 📌 未分类频道追加到 '其他': 玛纳斯综合
2026-08-11 19:08:39,908 - IPTVCollector - INFO - 📌 未分类频道追加到 '其他': 玛纳斯
2026-08-11 19:08:39,908 - IPTVCollector - INFO - 📌 未分类频道追加到 '其他': 浙江钱江都市
2026-08-11 19:08:39,908 - IPTVCollector - INFO - 📌 未分类频道追加到 '其他': 奎屯汉语
2026-08-11 19:08:39,908 - IPTVCollector - INFO - 📌 未分类频道追加到 '其他': 前郭综合 [Geo-blocked]
2026-08-11 19:08:39,909 - IPTVCollector - INFO - 🌏 自动追加: 四平新闻综合 [Geo-blocked] -> ☘️吉林频道
2026-08-11 19:08:39,910 - IPTVCollector - INFO - 🌏 自动追加: 松原新闻综合 [Geo-blocked] -> ☘️吉林频道
2026-08-11 19:08:39,910 - IPTVCollector - INFO - 📌 未分类频道追加到 '其他': 浙江经济
2026-08-11 19:08:39,911 - IPTVCollector - INFO - 📌 未分类频道追加到 '其他': 江津经济生活
2026-08-11 19:08:39,911 - IPTVCollector - INFO - 🌏 自动追加: 浙江 Ⅰ 绍兴综合 -> ☘️浙江频道
2026-08-11 19:08:39,911 - IPTVCollector - INFO - 🌏 自动追加: 浙江 Ⅰ 绍兴影视 -> ☘️浙江频道
2026-08-11 19:08:39,912 - IPTVCollector - INFO - 🌏 自动追加: 白山新闻综合 [Geo-blocked] -> ☘️吉林频道
2026-08-11 19:08:39,912 - IPTVCollector - INFO - 📌 未分类频道追加到 '其他': 辽新闻综合 [Geo-blocked]
2026-08-11 19:08:39,913 - IPTVCollector - INFO - 🌏 自动追加: 通化新闻 [Geo-blocked] -> ☘️吉林频道
2026-08-11 19:08:39,914 - IPTVCollector - INFO - 🌏 自动追加: 长春综合 [Geo-blocked] -> ☘️吉林频道
2026-08-11 19:08:39,914 - IPTVCollector - INFO - 📌 未分类频道追加到 '其他': 集安综合 [Geo-blocked]
2026-08-11 19:08:39,914 - IPTVCollector - INFO - 📌 未分类频道追加到 '其他': 数码时代
2026-08-11 19:08:39,914 - IPTVCollector - INFO - 📌 未分类频道追加到 '其他': 荣昌综合 [Not 24/7]
2026-08-11 19:08:39,914 - IPTVCollector - INFO - 📌 未分类频道追加到 '其他': 浙江教科影视
2026-08-11 19:08:39,914 - IPTVCollector - INFO - 📌 未分类频道追加到 '其他': Dragon TV International
2026-08-11 19:08:39,914 - IPTVCollector - INFO - 📌 未分类频道追加到 '其他': 靖江新闻綜合 [Not 24/7]
2026-08-11 19:08:39,914 - IPTVCollector - INFO - 📌 未分类频道追加到 '其他': 浙江教科影院
2026-08-11 19:08:39,915 - IPTVCollector - INFO - 📌 未分类频道追加到 '其他': 梨园
2026-08-11 19:08:39,915 - IPTVCollector - INFO - 📌 未分类频道追加到 '其他': Hebei TV
2026-08-11 19:08:39,915 - IPTVCollector - INFO - 📌 未分类频道追加到 '其他': 浙江民生休闲
2026-08-11 19:08:39,915 - IPTVCollector - INFO - 📌 未分类频道追加到 '其他': 浙江教育
2026-08-11 19:08:39,915 - IPTVCollector - INFO - 📌 未分类频道追加到 '其他': 浙江钱江频道
2026-08-11 19:08:39,915 - IPTVCollector - INFO - 📌 未分类频道追加到 '其他': 浙江生活
2026-08-11 19:08:39,915 - IPTVCollector - INFO - 📌 未分类频道追加到 '其他': 韩国电影1
2026-08-11 19:08:39,915 - IPTVCollector - INFO - 📌 未分类频道追加到 '其他': 韩国电影2
2026-08-11 19:08:39,915 - IPTVCollector - INFO - 🌏 自动追加: 上海卫视 -> ☘️上海频道
2026-08-11 19:08:39,915 - IPTVCollector - INFO - 📌 未分类频道追加到 '其他': 凤凰中文
2026-08-11 19:08:39,916 - IPTVCollector - INFO - 🌏 自动追加: 凤凰香港 -> 🌊港·澳·台
2026-08-11 19:08:39,916 - IPTVCollector - INFO - 📌 未分类频道追加到 '其他': 凤凰资讯
2026-08-11 19:08:39,917 - IPTVCollector - INFO - 🌏 自动追加: 武汉一台新闻综合 -> ☘️湖北频道
2026-08-11 19:08:39,917 - IPTVCollector - INFO - 📌 未分类频道追加到 '其他': CGTN记录
2026-08-11 19:08:39,917 - IPTVCollector - INFO - 📌 未分类频道追加到 '其他': 都市青春
2026-08-11 19:08:39,917 - IPTVCollector - INFO - 📌 未分类频道追加到 '其他': FZTV3
2026-08-11 19:08:39,917 - IPTVCollector - INFO - 📌 未分类频道追加到 '其他': 东南卫视
2026-08-11 19:08:39,917 - IPTVCollector - INFO - 📌 未分类频道追加到 '其他': 江津新闻
2026-08-11 19:08:39,918 - IPTVCollector - INFO - 🌏 自动追加: 哈尔滨都市咨询 -> ☘️黑龙江频道
2026-08-11 19:08:39,918 - IPTVCollector - INFO - 📌 未分类频道追加到 '其他': 无线新闻台
2026-08-11 19:08:39,918 - IPTVCollector - INFO - 📌 未分类频道追加到 '其他': 耀才财经
2026-08-11 19:08:39,918 - IPTVCollector - INFO - 📌 未分类频道追加到 '其他': 新闻咨询
2026-08-11 19:08:39,918 - IPTVCollector - INFO - 📌 未分类频道追加到 '其他': 柳河
2026-08-11 19:08:39,919 - IPTVCollector - INFO - 📌 未分类频道追加到 '其他': 东丰
2026-08-11 19:08:39,919 - IPTVCollector - INFO - 📌 未分类频道追加到 '其他': 九台
2026-08-11 19:08:39,919 - IPTVCollector - INFO - 📌 未分类频道追加到 '其他': 桦甸
2026-08-11 19:08:39,919 - IPTVCollector - INFO - 📌 未分类频道追加到 '其他': 音乐欣赏
2026-08-11 19:08:39,919 - IPTVCollector - INFO - 📌 未分类频道追加到 '其他': 汪清
2026-08-11 19:08:39,919 - IPTVCollector - INFO - 📌 未分类频道追加到 '其他': 珲春新闻
2026-08-11 19:08:39,919 - IPTVCollector - INFO - 📌 未分类频道追加到 '其他': 磐石
2026-08-11 19:08:39,919 - IPTVCollector - INFO - 📌 未分类频道追加到 '其他': 韩国EBS少儿
2026-08-11 19:08:39,919 - IPTVCollector - INFO - 📌 未分类频道追加到 '其他': 飞碟之谜01
2026-08-11 19:08:39,919 - IPTVCollector - INFO - 📌 未分类频道追加到 '其他': 舒兰新闻
2026-08-11 19:08:39,920 - IPTVCollector - INFO - 📌 未分类频道追加到 '其他': 人与自然
2026-08-11 19:08:39,920 - IPTVCollector - INFO - 📌 未分类频道追加到 '其他': 辉南新闻
2026-08-11 19:08:39,920 - IPTVCollector - INFO - 📌 未分类频道追加到 '其他': 自然传奇
2026-08-11 19:08:39,921 - IPTVCollector - INFO - 🌏 自动追加: 通化县 -> ☘️吉林频道
2026-08-11 19:08:39,921 - IPTVCollector - INFO - 📌 未分类频道追加到 '其他': 地理中国
2026-08-11 19:08:39,922 - IPTVCollector - INFO - 🌏 自动追加: 长白山电视台 -> ☘️吉林频道
2026-08-11 19:08:39,922 - IPTVCollector - INFO - 📌 未分类频道追加到 '其他': 龙井
2026-08-11 19:08:39,922 - IPTVCollector - INFO - 📌 未分类频道追加到 '其他': Beautiful Life TV
2026-08-11 19:08:39,922 - IPTVCollector - INFO - 📌 未分类频道追加到 '其他': Newsmax
2026-08-11 19:08:39,922 - IPTVCollector - INFO - 📌 未分类频道追加到 '其他': CNA
2026-08-11 19:08:39,922 - IPTVCollector - INFO - 📌 未分类频道追加到 '其他': Arirang
2026-08-11 19:08:39,922 - IPTVCollector - INFO - 📌 未分类频道追加到 '其他': 1987年春晚
2026-08-11 19:08:39,922 - IPTVCollector - INFO - 📌 未分类频道追加到 '其他': 1989年春晚
2026-08-11 19:08:39,922 - IPTVCollector - INFO - 📌 未分类频道追加到 '其他': 1988年春晚
2026-08-11 19:08:39,922 - IPTVCollector - INFO - 📌 未分类频道追加到 '其他': Dali TV
2026-08-11 19:08:39,923 - IPTVCollector - INFO - 📌 未分类频道追加到 '其他': 2024年春晚
2026-08-11 19:08:39,923 - IPTVCollector - INFO - 📌 未分类频道追加到 '其他': Good
2026-08-11 19:08:39,923 - IPTVCollector - INFO - 📌 未分类频道追加到 '其他': Supreme Master TV
2026-08-11 19:08:39,923 - IPTVCollector - INFO - 📌 未分类频道追加到 '其他': Good 2
2026-08-11 19:08:39,923 - IPTVCollector - INFO - 📌 未分类频道追加到 '其他': TVB News
2026-08-11 19:08:39,923 - IPTVCollector - INFO - 📌 未分类频道追加到 '其他': Trace Sports
2026-08-11 19:08:39,923 - IPTVCollector - INFO - 📌 未分类频道追加到 '其他': 大立电视台
2026-08-11 19:08:39,923 - IPTVCollector - INFO - 🌏 自动追加: 绍兴电视台公共 -> ☘️浙江频道
2026-08-11 19:08:39,924 - IPTVCollector - INFO - 📌 未分类频道追加到 '其他': Wild Earth
2026-08-11 19:08:39,924 - IPTVCollector - INFO - 📌 未分类频道追加到 '其他': 春晚2025
2026-08-11 19:08:39,924 - IPTVCollector - INFO - 📌 未分类频道追加到 '其他': 倩女幽魂人间道
2026-08-11 19:08:39,924 - IPTVCollector - INFO - 📌 未分类频道追加到 '其他': 倩女幽魂道道道
2026-08-11 19:08:39,924 - IPTVCollector - INFO - 📌 未分类频道追加到 '其他': 倩女幽魂妖魔道
2026-08-11 19:08:39,924 - IPTVCollector - INFO - 📌 未分类频道追加到 '其他': 春晚2024
2026-08-11 19:08:39,924 - IPTVCollector - INFO - 📌 未分类频道追加到 '其他': CGTN-Documentary
2026-08-11 19:08:39,924 - IPTVCollector - INFO - 📌 未分类频道追加到 '其他': RT Français
2026-08-11 19:08:39,924 - IPTVCollector - INFO - 📌 未分类频道追加到 '其他': Pet Club TV
2026-08-11 19:08:39,924 - IPTVCollector - INFO - 📌 未分类频道追加到 '其他': 环球电视
2026-08-11 19:08:39,925 - IPTVCollector - INFO - 📌 未分类频道追加到 '其他': WionNews
2026-08-11 19:08:39,925 - IPTVCollector - INFO - 📌 未分类频道追加到 '其他': ABN China
2026-08-11 19:08:39,925 - IPTVCollector - INFO - 📌 未分类频道追加到 '其他': Anhui TV
2026-08-11 19:08:39,925 - IPTVCollector - INFO - 📌 未分类频道追加到 '其他': Bread TV面包台
2026-08-11 19:08:39,925 - IPTVCollector - INFO - 🎯 Demo 筛选：原始 305 -> 匹配/分类后 305 个频道
2026-08-11 19:08:39,925 - IPTVCollector - INFO - 📊 Demo筛选后: 305
2026-08-11 19:08:39,926 - IPTVCollector - INFO - ✅ M3U 文件已生成: output/tv.m3u
2026-08-11 19:08:39,926 - IPTVCollector - INFO - ✅ TXT 文件已生成: output/tv.txt
2026-08-11 19:08:39,926 - IPTVCollector - INFO - ✅ 多源 M3U 文件已生成: output/tv_multi.m3u
2026-08-11 19:08:39,928 - IPTVCollector - INFO - ✅ JSON API 已生成: output/channels.json
2026-08-11 19:08:39,928 - IPTVCollector - INFO - ✅ 精简版已生成: output/tv_lite.m3u
2026-08-11 19:08:39,929 - IPTVCollector - INFO - ✅ M3U 文件已生成: output/tv_epg.m3u
2026-08-11 19:08:39,929 - IPTVCollector - INFO - 🚀 IPTV 自治系统启动
2026-08-11 19:08:39,929 - IPTVCollector - INFO - ⏭️ 跳过发现阶段
2026-08-11 19:08:39,929 - IPTVCollector - INFO - ==================================================
阶段2: 从缓存观察候选源
==================================================
2026-08-11 19:08:39,954 - IPTVCollector - INFO -   📊 观察进度: 100/253，稳定 0 个
2026-08-11 19:08:39,968 - IPTVCollector - INFO -   📊 观察进度: 200/253，稳定 0 个
2026-08-11 19:08:39,976 - IPTVCollector - INFO - ✅ 观察阶段完成: 0 个源达到稳定标准
2026-08-11 19:08:39,976 - IPTVCollector - INFO - ==================================================
阶段3: 提升稳定源
==================================================
2026-08-11 19:08:39,976 - IPTVCollector - INFO - 📭 没有稳定的候选源需要提升
2026-08-11 19:08:39,976 - IPTVCollector - INFO - 📊 自治模式统计:
2026-08-11 19:08:39,976 - IPTVCollector - INFO -   候选池总数: 781, 观察中: 253, 稳定: 517
2026-08-11 19:08:39,977 - IPTVCollector - INFO -   本次新提升: 0
2026-08-11 19:08:39,977 - IPTVCollector - INFO - 🎉 全部完成！
2026-08-12 02:13:20,734 - IPTVCollector - INFO - 🚀 IPTV 智能整理平台启动
2026-08-12 02:13:20,736 - IPTVCollector - INFO - ✅ 数据库缓存已启用: data/iptv_cache.db
2026-08-12 02:13:20,738 - IPTVCollector - INFO - 📌 CCTV-1 已设为固定源 (auto_optimize=True)
2026-08-12 02:13:20,740 - IPTVCollector - INFO - 📌 CCTV-2 已设为固定源 (auto_optimize=True)
2026-08-12 02:13:20,741 - IPTVCollector - INFO - 📌 CCTV-3 已设为固定源 (auto_optimize=True)
2026-08-12 02:13:20,743 - IPTVCollector - INFO - 📌 CCTV-4 已设为固定源 (auto_optimize=True)
2026-08-12 02:13:20,746 - IPTVCollector - INFO - 📌 CCTV-5 已设为固定源 (auto_optimize=True)
2026-08-12 02:13:20,747 - IPTVCollector - INFO - 📌 CCTV-5+ 已设为固定源 (auto_optimize=True)
2026-08-12 02:13:20,749 - IPTVCollector - INFO - 📌 CCTV-6 已设为固定源 (auto_optimize=True)
2026-08-12 02:13:20,751 - IPTVCollector - INFO - 📌 CCTV-7 已设为固定源 (auto_optimize=True)
2026-08-12 02:13:20,752 - IPTVCollector - INFO - 📌 CCTV-8 已设为固定源 (auto_optimize=True)
2026-08-12 02:13:20,754 - IPTVCollector - INFO - 📌 CCTV-9 已设为固定源 (auto_optimize=True)
2026-08-12 02:13:20,756 - IPTVCollector - INFO - 📌 CCTV-10 已设为固定源 (auto_optimize=True)
2026-08-12 02:13:20,758 - IPTVCollector - INFO - 📌 CCTV-11 已设为固定源 (auto_optimize=True)
2026-08-12 02:13:20,759 - IPTVCollector - INFO - 📌 CCTV-12 已设为固定源 (auto_optimize=True)
2026-08-12 02:13:20,761 - IPTVCollector - INFO - 📌 CCTV-13 已设为固定源 (auto_optimize=True)
2026-08-12 02:13:20,762 - IPTVCollector - INFO - 📌 CCTV-14 已设为固定源 (auto_optimize=True)
2026-08-12 02:13:20,764 - IPTVCollector - INFO - 📌 CCTV-15 已设为固定源 (auto_optimize=True)
2026-08-12 02:13:20,766 - IPTVCollector - INFO - 📌 CCTV-16 已设为固定源 (auto_optimize=True)
2026-08-12 02:13:20,767 - IPTVCollector - INFO - 📌 CCTV-17 已设为固定源 (auto_optimize=True)
2026-08-12 02:13:20,769 - IPTVCollector - INFO - 📌 CCTV4欧洲 已设为固定源 (auto_optimize=True)
2026-08-12 02:13:20,770 - IPTVCollector - INFO - 📌 CCTV4美洲 已设为固定源 (auto_optimize=True)
2026-08-12 02:13:20,770 - IPTVCollector - INFO - 📌 固定源已同步到数据库
2026-08-12 02:13:20,771 - IPTVCollector - INFO - 📋 订阅源解析：普通 11 个，白名单 0 个
2026-08-12 02:13:20,771 - IPTVCollector - INFO - 📋 使用 11 个源
2026-08-12 02:13:50,692 - IPTVCollector - INFO - 📊 测速完成，有效频道: 371 个
2026-08-12 02:13:50,692 - IPTVCollector - INFO - 📊 通过测速的频道数: 371
2026-08-12 02:13:51,013 - IPTVCollector - INFO - 🔍 ffmpeg 深度验证: 0 个需验证，370 个来自缓存/HTTP
2026-08-12 02:13:51,013 - IPTVCollector - INFO - ✅ ffmpeg 验证完成: 通过 370/371 个频道
2026-08-12 02:13:51,013 - IPTVCollector - INFO - 📊 通过ffmpeg验证的频道数: 370
2026-08-12 02:13:51,020 - IPTVCollector - INFO - 📌 已使用 18 个固定源（含自动优化）
2026-08-12 02:13:51,020 - IPTVCollector - INFO - 📊 合并完成: 共 316 个频道
2026-08-12 02:13:51,021 - IPTVCollector - INFO - 📊 合并后的频道数: 316
2026-08-12 02:13:51,051 - IPTVCollector - INFO - 📊 黑名单过滤后: 300
2026-08-12 02:13:51,053 - IPTVCollector - INFO - 📋 从 demo.txt 解析到 3541 个有序频道
2026-08-12 02:13:51,057 - IPTVCollector - INFO - 📋 从 demo.txt 解析到 3541 个有序频道
2026-08-12 02:15:11,823 - IPTVCollector - INFO - 📌 未分类频道追加到 '其他': VOA美国之音
2026-08-12 02:15:11,823 - IPTVCollector - INFO - 📌 未分类频道追加到 '其他': Home Plus
2026-08-12 02:15:11,823 - IPTVCollector - INFO - 📌 未分类频道追加到 '其他': TV BRICS Chinese
2026-08-12 02:15:11,824 - IPTVCollector - INFO - 📌 未分类频道追加到 '其他': Xinjiang TV 3
2026-08-12 02:15:11,824 - IPTVCollector - INFO - 📌 未分类频道追加到 '其他': Xinjiang TV 2
2026-08-12 02:15:11,824 - IPTVCollector - INFO - 📌 未分类频道追加到 '其他': Hunan TV
2026-08-12 02:15:11,824 - IPTVCollector - INFO - 📌 未分类频道追加到 '其他': Siping TV
2026-08-12 02:15:11,826 - IPTVCollector - INFO - 🌏 自动追加: 四平新闻综合 [Geo-blocked] -> ☘️吉林频道
2026-08-12 02:15:11,826 - IPTVCollector - INFO - 🌏 自动追加: 浙江 Ⅰ 绍兴影视 -> ☘️浙江频道
2026-08-12 02:15:11,826 - IPTVCollector - INFO - 📌 未分类频道追加到 '其他': 江津经济生活
2026-08-12 02:15:11,826 - IPTVCollector - INFO - 📌 未分类频道追加到 '其他': Chifeng Comprehensive News Chanel
2026-08-12 02:15:11,826 - IPTVCollector - INFO - 📌 未分类频道追加到 '其他': Harbin Comprehensive News Channel
2026-08-12 02:15:11,828 - IPTVCollector - INFO - 🌏 自动追加: 白山新闻综合 [Geo-blocked] -> ☘️吉林频道
2026-08-12 02:15:11,828 - IPTVCollector - INFO - 📌 未分类频道追加到 '其他': Nei Monggol TV [Not 24/7]
2026-08-12 02:15:11,828 - IPTVCollector - INFO - 📌 未分类频道追加到 '其他': Harbin Movie Channel
2026-08-12 02:15:11,828 - IPTVCollector - INFO - 📌 未分类频道追加到 '其他': Nei Monggol TV 2 Mongolian Culture Channel [Not 24/7]
2026-08-12 02:15:11,829 - IPTVCollector - INFO - 🌏 自动追加: 通化新闻 [Geo-blocked] -> ☘️吉林频道
2026-08-12 02:15:11,830 - IPTVCollector - INFO - 🌏 自动追加: 浙江 Ⅰ 绍兴综合 -> ☘️浙江频道
2026-08-12 02:15:11,831 - IPTVCollector - INFO - 🌏 自动追加: 松原新闻综合 [Geo-blocked] -> ☘️吉林频道
2026-08-12 02:15:11,831 - IPTVCollector - INFO - 📌 未分类频道追加到 '其他': 辽新闻综合 [Geo-blocked]
2026-08-12 02:15:11,831 - IPTVCollector - INFO - 📌 未分类频道追加到 '其他': 浙江经济
2026-08-12 02:15:11,831 - IPTVCollector - INFO - 📌 未分类频道追加到 '其他': 荣昌综合 [Not 24/7]
2026-08-12 02:15:11,832 - IPTVCollector - INFO - 📌 未分类频道追加到 '其他': 集安综合 [Geo-blocked]
2026-08-12 02:15:11,832 - IPTVCollector - INFO - 📌 未分类频道追加到 '其他': Dragon TV International
2026-08-12 02:15:11,832 - IPTVCollector - INFO - 📌 未分类频道追加到 '其他': Hebei TV
2026-08-12 02:15:11,833 - IPTVCollector - INFO - 🌏 自动追加: 长春综合 [Geo-blocked] -> ☘️吉林频道
2026-08-12 02:15:11,834 - IPTVCollector - INFO - 📌 未分类频道追加到 '其他': CGTN记录
2026-08-12 02:15:11,834 - IPTVCollector - INFO - 📌 未分类频道追加到 '其他': 靖江新闻綜合 [Not 24/7]
2026-08-12 02:15:11,834 - IPTVCollector - INFO - 🌏 自动追加: 上海卫视 -> ☘️上海频道
2026-08-12 02:15:11,834 - IPTVCollector - INFO - 📌 未分类频道追加到 '其他': 东南卫视
2026-08-12 02:15:11,834 - IPTVCollector - INFO - 📌 未分类频道追加到 '其他': Anhui TV
2026-08-12 02:15:11,834 - IPTVCollector - INFO - 📌 未分类频道追加到 '其他': ABN China
2026-08-12 02:15:11,835 - IPTVCollector - INFO - 📌 未分类频道追加到 '其他': Bread TV面包台
2026-08-12 02:15:11,835 - IPTVCollector - INFO - 📌 未分类频道追加到 '其他': 耀才财经
2026-08-12 02:15:11,835 - IPTVCollector - INFO - 📌 未分类频道追加到 '其他': 桦甸
2026-08-12 02:15:11,835 - IPTVCollector - INFO - 📌 未分类频道追加到 '其他': 九台
2026-08-12 02:15:11,835 - IPTVCollector - INFO - 📌 未分类频道追加到 '其他': 汪清
2026-08-12 02:15:11,835 - IPTVCollector - INFO - 📌 未分类频道追加到 '其他': 柳河
2026-08-12 02:15:11,835 - IPTVCollector - INFO - 📌 未分类频道追加到 '其他': 舒兰新闻
2026-08-12 02:15:11,837 - IPTVCollector - INFO - 🌏 自动追加: 通化县 -> ☘️吉林频道
2026-08-12 02:15:11,837 - IPTVCollector - INFO - 📌 未分类频道追加到 '其他': 东丰
2026-08-12 02:15:11,837 - IPTVCollector - INFO - 📌 未分类频道追加到 '其他': 珲春新闻
2026-08-12 02:15:11,837 - IPTVCollector - INFO - 📌 未分类频道追加到 '其他': 磐石
2026-08-12 02:15:11,839 - IPTVCollector - INFO - 🌏 自动追加: 长白山电视台 -> ☘️吉林频道
2026-08-12 02:15:11,839 - IPTVCollector - INFO - 📌 未分类频道追加到 '其他': 辉南新闻
2026-08-12 02:15:11,839 - IPTVCollector - INFO - 🌏 自动追加: 绍兴电视台公共 -> ☘️浙江频道
2026-08-12 02:15:11,839 - IPTVCollector - INFO - 📌 未分类频道追加到 '其他': 龙井
2026-08-12 02:15:11,839 - IPTVCollector - INFO - 📌 未分类频道追加到 '其他': 通海电视台
2026-08-12 02:15:11,839 - IPTVCollector - INFO - 📌 未分类频道追加到 '其他': 春晚2025
2026-08-12 02:15:11,840 - IPTVCollector - INFO - 📌 未分类频道追加到 '其他': 大立电视台
2026-08-12 02:15:11,840 - IPTVCollector - INFO - 📌 未分类频道追加到 '其他': 倩女幽魂妖魔道
2026-08-12 02:15:11,840 - IPTVCollector - INFO - 📌 未分类频道追加到 '其他': 倩女幽魂人间道
2026-08-12 02:15:11,840 - IPTVCollector - INFO - 📌 未分类频道追加到 '其他': 倩女幽魂道道道
2026-08-12 02:15:11,840 - IPTVCollector - INFO - 📌 未分类频道追加到 '其他': 环球电视
2026-08-12 02:15:11,840 - IPTVCollector - INFO - 📌 未分类频道追加到 '其他': CGTN-Documentary
2026-08-12 02:15:11,841 - IPTVCollector - INFO - 📌 未分类频道追加到 '其他': 龙门飞甲
2026-08-12 02:15:11,841 - IPTVCollector - INFO - 📌 未分类频道追加到 '其他': 春晚2024
2026-08-12 02:15:11,841 - IPTVCollector - INFO - 📌 未分类频道追加到 '其他': 伊犁经济法制
2026-08-12 02:15:11,841 - IPTVCollector - INFO - 📌 未分类频道追加到 '其他': 玛纳斯
2026-08-12 02:15:11,841 - IPTVCollector - INFO - 📌 未分类频道追加到 '其他': 奎屯汉语
2026-08-12 02:15:11,841 - IPTVCollector - INFO - 📌 未分类频道追加到 '其他': 玛纳斯综合
2026-08-12 02:15:11,841 - IPTVCollector - INFO - 📌 未分类频道追加到 '其他': 浙江钱江都市
2026-08-12 02:15:11,842 - IPTVCollector - INFO - 📌 未分类频道追加到 '其他': 数码时代
2026-08-12 02:15:11,842 - IPTVCollector - INFO - 📌 未分类频道追加到 '其他': 浙江教科影视
2026-08-12 02:15:11,842 - IPTVCollector - INFO - 📌 未分类频道追加到 '其他': 梨园
2026-08-12 02:15:11,842 - IPTVCollector - INFO - 📌 未分类频道追加到 '其他': 浙江教育
2026-08-12 02:15:11,842 - IPTVCollector - INFO - 📌 未分类频道追加到 '其他': 浙江教科影院
2026-08-12 02:15:11,842 - IPTVCollector - INFO - 📌 未分类频道追加到 '其他': 浙江民生休闲
2026-08-12 02:15:11,843 - IPTVCollector - INFO - 📌 未分类频道追加到 '其他': 浙江钱江频道
2026-08-12 02:15:11,843 - IPTVCollector - INFO - 📌 未分类频道追加到 '其他': 浙江生活
2026-08-12 02:15:11,843 - IPTVCollector - INFO - 📌 未分类频道追加到 '其他': 凤凰中文
2026-08-12 02:15:11,843 - IPTVCollector - INFO - 📌 未分类频道追加到 '其他': 凤凰资讯
2026-08-12 02:15:11,843 - IPTVCollector - INFO - 🌏 自动追加: 凤凰香港 -> 🌊港·澳·台
2026-08-12 02:15:11,843 - IPTVCollector - INFO - 📌 未分类频道追加到 '其他': 韩国电影1
2026-08-12 02:15:11,843 - IPTVCollector - INFO - 📌 未分类频道追加到 '其他': 韩国电影2
2026-08-12 02:15:11,844 - IPTVCollector - INFO - 📌 未分类频道追加到 '其他': 都市青春
2026-08-12 02:15:11,844 - IPTVCollector - INFO - 📌 未分类频道追加到 '其他': 陕西新闻咨询
2026-08-12 02:15:11,844 - IPTVCollector - INFO - 📌 未分类频道追加到 '其他': FZTV3
2026-08-12 02:15:11,845 - IPTVCollector - INFO - 🌏 自动追加: 武汉一台新闻综合 -> ☘️湖北频道
2026-08-12 02:15:11,846 - IPTVCollector - INFO - 📌 未分类频道追加到 '其他': 江津新闻
2026-08-12 02:15:11,847 - IPTVCollector - INFO - 🌏 自动追加: 哈尔滨都市咨询 -> ☘️黑龙江频道
2026-08-12 02:15:11,847 - IPTVCollector - INFO - 📌 未分类频道追加到 '其他': 无线新闻台
2026-08-12 02:15:11,847 - IPTVCollector - INFO - 📌 未分类频道追加到 '其他': 新闻咨询
2026-08-12 02:15:11,847 - IPTVCollector - INFO - 📌 未分类频道追加到 '其他': 河南电视剧
2026-08-12 02:15:11,848 - IPTVCollector - INFO - 📌 未分类频道追加到 '其他': 1987年春晚
2026-08-12 02:15:11,848 - IPTVCollector - INFO - 📌 未分类频道追加到 '其他': 1988年春晚
2026-08-12 02:15:11,848 - IPTVCollector - INFO - 📌 未分类频道追加到 '其他': 1989年春晚
2026-08-12 02:15:11,848 - IPTVCollector - INFO - 📌 未分类频道追加到 '其他': 音乐欣赏
2026-08-12 02:15:11,848 - IPTVCollector - INFO - 📌 未分类频道追加到 '其他': Dali TV
2026-08-12 02:15:11,848 - IPTVCollector - INFO - 📌 未分类频道追加到 '其他': Newsmax
2026-08-12 02:15:11,848 - IPTVCollector - INFO - 📌 未分类频道追加到 '其他': CNA
2026-08-12 02:15:11,849 - IPTVCollector - INFO - 📌 未分类频道追加到 '其他': TVB News
2026-08-12 02:15:11,849 - IPTVCollector - INFO - 📌 未分类频道追加到 '其他': Supreme Master TV
2026-08-12 02:15:11,849 - IPTVCollector - INFO - 📌 未分类频道追加到 '其他': 飞碟之谜01
2026-08-12 02:15:11,849 - IPTVCollector - INFO - 📌 未分类频道追加到 '其他': 韩国EBS少儿
2026-08-12 02:15:11,849 - IPTVCollector - INFO - 📌 未分类频道追加到 '其他': Wild Earth
2026-08-12 02:15:11,849 - IPTVCollector - INFO - 📌 未分类频道追加到 '其他': 地理中国
2026-08-12 02:15:11,850 - IPTVCollector - INFO - 📌 未分类频道追加到 '其他': 自然传奇
2026-08-12 02:15:11,850 - IPTVCollector - INFO - 📌 未分类频道追加到 '其他': 2024年春晚
2026-08-12 02:15:11,850 - IPTVCollector - INFO - 📌 未分类频道追加到 '其他': Good
2026-08-12 02:15:11,850 - IPTVCollector - INFO - 📌 未分类频道追加到 '其他': Beautiful Life TV
2026-08-12 02:15:11,850 - IPTVCollector - INFO - 📌 未分类频道追加到 '其他': 人与自然
2026-08-12 02:15:11,850 - IPTVCollector - INFO - 📌 未分类频道追加到 '其他': Trace Sports
2026-08-12 02:15:11,850 - IPTVCollector - INFO - 📌 未分类频道追加到 '其他': Good 2
2026-08-12 02:15:11,851 - IPTVCollector - INFO - 📌 未分类频道追加到 '其他': WionNews
2026-08-12 02:15:11,851 - IPTVCollector - INFO - 📌 未分类频道追加到 '其他': Arirang
2026-08-12 02:15:11,851 - IPTVCollector - INFO - 📌 未分类频道追加到 '其他': Pet Club TV
2026-08-12 02:15:11,851 - IPTVCollector - INFO - 📌 未分类频道追加到 '其他': RT Français
2026-08-12 02:15:11,851 - IPTVCollector - INFO - 🎯 Demo 筛选：原始 300 -> 匹配/分类后 300 个频道
2026-08-12 02:15:11,851 - IPTVCollector - INFO - 📊 Demo筛选后: 300
2026-08-12 02:15:11,852 - IPTVCollector - INFO - ✅ M3U 文件已生成: output/tv.m3u
2026-08-12 02:15:11,852 - IPTVCollector - INFO - ✅ TXT 文件已生成: output/tv.txt
2026-08-12 02:15:11,853 - IPTVCollector - INFO - ✅ 多源 M3U 文件已生成: output/tv_multi.m3u
2026-08-12 02:15:11,855 - IPTVCollector - INFO - ✅ JSON API 已生成: output/channels.json
2026-08-12 02:15:11,856 - IPTVCollector - INFO - ✅ 精简版已生成: output/tv_lite.m3u
2026-08-12 02:15:11,856 - IPTVCollector - INFO - ✅ M3U 文件已生成: output/tv_epg.m3u
2026-08-12 02:15:11,856 - IPTVCollector - INFO - 🚀 IPTV 自治系统启动
2026-08-12 02:15:11,856 - IPTVCollector - INFO - ⏭️ 跳过发现阶段
2026-08-12 02:15:11,856 - IPTVCollector - INFO - ==================================================
阶段2: 从缓存观察候选源
==================================================
2026-08-12 02:15:11,894 - IPTVCollector - INFO -   📊 观察进度: 100/245，稳定 0 个
2026-08-12 02:15:11,915 - IPTVCollector - INFO -   📊 观察进度: 200/245，稳定 0 个
2026-08-12 02:15:11,925 - IPTVCollector - INFO - ✅ 观察阶段完成: 0 个源达到稳定标准
2026-08-12 02:15:11,925 - IPTVCollector - INFO - ==================================================
阶段3: 提升稳定源
==================================================
2026-08-12 02:15:11,925 - IPTVCollector - INFO - 📭 没有稳定的候选源需要提升
2026-08-12 02:15:11,925 - IPTVCollector - INFO - 📊 自治模式统计:
2026-08-12 02:15:11,926 - IPTVCollector - INFO -   候选池总数: 781, 观察中: 245, 稳定: 525
2026-08-12 02:15:11,926 - IPTVCollector - INFO -   本次新提升: 0
2026-08-12 02:15:11,926 - IPTVCollector - INFO - 🎉 全部完成！
2026-08-12 07:39:30,481 - IPTVCollector - INFO - 🚀 IPTV 智能整理平台启动
2026-08-12 07:39:30,484 - IPTVCollector - INFO - ✅ 数据库缓存已启用: data/iptv_cache.db
2026-08-12 07:39:30,486 - IPTVCollector - INFO - 📌 CCTV-1 已设为固定源 (auto_optimize=True)
2026-08-12 07:39:30,487 - IPTVCollector - INFO - 📌 CCTV-2 已设为固定源 (auto_optimize=True)
2026-08-12 07:39:30,488 - IPTVCollector - INFO - 📌 CCTV-3 已设为固定源 (auto_optimize=True)
2026-08-12 07:39:30,489 - IPTVCollector - INFO - 📌 CCTV-4 已设为固定源 (auto_optimize=True)
2026-08-12 07:39:30,490 - IPTVCollector - INFO - 📌 CCTV-5 已设为固定源 (auto_optimize=True)
2026-08-12 07:39:30,491 - IPTVCollector - INFO - 📌 CCTV-5+ 已设为固定源 (auto_optimize=True)
2026-08-12 07:39:30,492 - IPTVCollector - INFO - 📌 CCTV-6 已设为固定源 (auto_optimize=True)
2026-08-12 07:39:30,493 - IPTVCollector - INFO - 📌 CCTV-7 已设为固定源 (auto_optimize=True)
2026-08-12 07:39:30,494 - IPTVCollector - INFO - 📌 CCTV-8 已设为固定源 (auto_optimize=True)
2026-08-12 07:39:30,495 - IPTVCollector - INFO - 📌 CCTV-9 已设为固定源 (auto_optimize=True)
2026-08-12 07:39:30,496 - IPTVCollector - INFO - 📌 CCTV-10 已设为固定源 (auto_optimize=True)
2026-08-12 07:39:30,497 - IPTVCollector - INFO - 📌 CCTV-11 已设为固定源 (auto_optimize=True)
2026-08-12 07:39:30,498 - IPTVCollector - INFO - 📌 CCTV-12 已设为固定源 (auto_optimize=True)
2026-08-12 07:39:30,499 - IPTVCollector - INFO - 📌 CCTV-13 已设为固定源 (auto_optimize=True)
2026-08-12 07:39:30,500 - IPTVCollector - INFO - 📌 CCTV-14 已设为固定源 (auto_optimize=True)
2026-08-12 07:39:30,501 - IPTVCollector - INFO - 📌 CCTV-15 已设为固定源 (auto_optimize=True)
2026-08-12 07:39:30,501 - IPTVCollector - INFO - 📌 CCTV-16 已设为固定源 (auto_optimize=True)
2026-08-12 07:39:30,502 - IPTVCollector - INFO - 📌 CCTV-17 已设为固定源 (auto_optimize=True)
2026-08-12 07:39:30,503 - IPTVCollector - INFO - 📌 CCTV4欧洲 已设为固定源 (auto_optimize=True)
2026-08-12 07:39:30,504 - IPTVCollector - INFO - 📌 CCTV4美洲 已设为固定源 (auto_optimize=True)
2026-08-12 07:39:30,504 - IPTVCollector - INFO - 📌 固定源已同步到数据库
2026-08-12 07:39:30,505 - IPTVCollector - INFO - 📋 订阅源解析：普通 11 个，白名单 0 个
2026-08-12 07:39:30,505 - IPTVCollector - INFO - 📋 使用 11 个源
2026-08-12 07:39:55,037 - IPTVCollector - INFO - 📊 测速完成，有效频道: 372 个
2026-08-12 07:39:55,037 - IPTVCollector - INFO - 📊 通过测速的频道数: 372
2026-08-12 07:39:55,383 - IPTVCollector - INFO - 🔍 ffmpeg 深度验证: 0 个需验证，371 个来自缓存/HTTP
2026-08-12 07:39:55,383 - IPTVCollector - INFO - ✅ ffmpeg 验证完成: 通过 371/372 个频道
2026-08-12 07:39:55,383 - IPTVCollector - INFO - 📊 通过ffmpeg验证的频道数: 371
2026-08-12 07:39:55,390 - IPTVCollector - INFO - 📌 已使用 18 个固定源（含自动优化）
2026-08-12 07:39:55,390 - IPTVCollector - INFO - 📊 合并完成: 共 314 个频道
2026-08-12 07:39:55,390 - IPTVCollector - INFO - 📊 合并后的频道数: 314
2026-08-12 07:39:55,419 - IPTVCollector - INFO - 📊 黑名单过滤后: 298
2026-08-12 07:39:55,421 - IPTVCollector - INFO - 📋 从 demo.txt 解析到 3541 个有序频道
2026-08-12 07:39:55,424 - IPTVCollector - INFO - 📋 从 demo.txt 解析到 3541 个有序频道
2026-08-12 07:40:59,136 - IPTVCollector - INFO - 📌 未分类频道追加到 '其他': 春晚2025
2026-08-12 07:40:59,136 - IPTVCollector - INFO - 📌 未分类频道追加到 '其他': Home Plus
2026-08-12 07:40:59,137 - IPTVCollector - INFO - 📌 未分类频道追加到 '其他': 倩女幽魂道道道
2026-08-12 07:40:59,137 - IPTVCollector - INFO - 📌 未分类频道追加到 '其他': 倩女幽魂妖魔道
2026-08-12 07:40:59,137 - IPTVCollector - INFO - 📌 未分类频道追加到 '其他': 倩女幽魂人间道
2026-08-12 07:40:59,137 - IPTVCollector - INFO - 📌 未分类频道追加到 '其他': VOA美国之音
2026-08-12 07:40:59,137 - IPTVCollector - INFO - 📌 未分类频道追加到 '其他': TV BRICS Chinese
2026-08-12 07:40:59,138 - IPTVCollector - INFO - 📌 未分类频道追加到 '其他': Xinjiang TV 2
2026-08-12 07:40:59,138 - IPTVCollector - INFO - 📌 未分类频道追加到 '其他': Chifeng Comprehensive News Chanel
2026-08-12 07:40:59,138 - IPTVCollector - INFO - 📌 未分类频道追加到 '其他': Nei Monggol TV [Not 24/7]
2026-08-12 07:40:59,138 - IPTVCollector - INFO - 📌 未分类频道追加到 '其他': CGTN Documentary
2026-08-12 07:40:59,139 - IPTVCollector - INFO - 📌 未分类频道追加到 '其他': Hunan TV
2026-08-12 07:40:59,139 - IPTVCollector - INFO - 📌 未分类频道追加到 '其他': Nei Monggol TV 2 Mongolian Culture Channel [Not 24/7]
2026-08-12 07:40:59,139 - IPTVCollector - INFO - 📌 未分类频道追加到 '其他': 环球电视
2026-08-12 07:40:59,139 - IPTVCollector - INFO - 📌 未分类频道追加到 '其他': Harbin Comprehensive News Channel
2026-08-12 07:40:59,139 - IPTVCollector - INFO - 📌 未分类频道追加到 '其他': Harbin Movie Channel
2026-08-12 07:40:59,140 - IPTVCollector - INFO - 📌 未分类频道追加到 '其他': Xinjiang TV 3
2026-08-12 07:40:59,140 - IPTVCollector - INFO - 📌 未分类频道追加到 '其他': 春晚2024
2026-08-12 07:40:59,140 - IPTVCollector - INFO - 📌 未分类频道追加到 '其他': Siping TV
2026-08-12 07:40:59,140 - IPTVCollector - INFO - 🌏 自动追加: 浙江 Ⅰ 绍兴影视 -> ☘️浙江频道
2026-08-12 07:40:59,141 - IPTVCollector - INFO - 🌏 自动追加: 浙江 Ⅰ 绍兴综合 -> ☘️浙江频道
2026-08-12 07:40:59,141 - IPTVCollector - INFO - 📌 未分类频道追加到 '其他': 江津经济生活
2026-08-12 07:40:59,141 - IPTVCollector - INFO - 📌 未分类频道追加到 '其他': 浙江经济
2026-08-12 07:40:59,142 - IPTVCollector - INFO - 🌏 自动追加: 四平新闻综合 [Geo-blocked] -> ☘️吉林频道
2026-08-12 07:40:59,143 - IPTVCollector - INFO - 📌 未分类频道追加到 '其他': 前郭综合 [Geo-blocked]
2026-08-12 07:40:59,144 - IPTVCollector - INFO - 🌏 自动追加: 松原新闻综合 [Geo-blocked] -> ☘️吉林频道
2026-08-12 07:40:59,144 - IPTVCollector - INFO - 📌 未分类频道追加到 '其他': 集安综合 [Geo-blocked]
2026-08-12 07:40:59,146 - IPTVCollector - INFO - 🌏 自动追加: 白山新闻综合 [Geo-blocked] -> ☘️吉林频道
2026-08-12 07:40:59,147 - IPTVCollector - INFO - 🌏 自动追加: 长春综合 [Geo-blocked] -> ☘️吉林频道
2026-08-12 07:40:59,147 - IPTVCollector - INFO - 📌 未分类频道追加到 '其他': 靖江新闻綜合 [Not 24/7]
2026-08-12 07:40:59,148 - IPTVCollector - INFO - 📌 未分类频道追加到 '其他': Dragon TV International
2026-08-12 07:40:59,148 - IPTVCollector - INFO - 📌 未分类频道追加到 '其他': Hebei TV
2026-08-12 07:40:59,149 - IPTVCollector - INFO - 🌏 自动追加: 通化新闻 [Geo-blocked] -> ☘️吉林频道
2026-08-12 07:40:59,149 - IPTVCollector - INFO - 📌 未分类频道追加到 '其他': 东南卫视
2026-08-12 07:40:59,150 - IPTVCollector - INFO - 🌏 自动追加: 上海卫视 -> ☘️上海频道
2026-08-12 07:40:59,150 - IPTVCollector - INFO - 📌 未分类频道追加到 '其他': CGTN记录
2026-08-12 07:40:59,150 - IPTVCollector - INFO - 📌 未分类频道追加到 '其他': 九台
2026-08-12 07:40:59,150 - IPTVCollector - INFO - 📌 未分类频道追加到 '其他': 桦甸
2026-08-12 07:40:59,150 - IPTVCollector - INFO - 📌 未分类频道追加到 '其他': 耀才财经
2026-08-12 07:40:59,150 - IPTVCollector - INFO - 📌 未分类频道追加到 '其他': 舒兰新闻
2026-08-12 07:40:59,151 - IPTVCollector - INFO - 📌 未分类频道追加到 '其他': 珲春新闻
2026-08-12 07:40:59,152 - IPTVCollector - INFO - 🌏 自动追加: 通化县 -> ☘️吉林频道
2026-08-12 07:40:59,152 - IPTVCollector - INFO - 📌 未分类频道追加到 '其他': 辉南新闻
2026-08-12 07:40:59,152 - IPTVCollector - INFO - 📌 未分类频道追加到 '其他': 龙井
2026-08-12 07:40:59,154 - IPTVCollector - INFO - 🌏 自动追加: 长白山电视台 -> ☘️吉林频道
2026-08-12 07:40:59,154 - IPTVCollector - INFO - 🌏 自动追加: 绍兴电视台公共 -> ☘️浙江频道
2026-08-12 07:40:59,154 - IPTVCollector - INFO - 📌 未分类频道追加到 '其他': 汪清
2026-08-12 07:40:59,155 - IPTVCollector - INFO - 📌 未分类频道追加到 '其他': 通海电视台
2026-08-12 07:40:59,155 - IPTVCollector - INFO - 📌 未分类频道追加到 '其他': 大立电视台
2026-08-12 07:40:59,155 - IPTVCollector - INFO - 📌 未分类频道追加到 '其他': 龙门飞甲
2026-08-12 07:40:59,155 - IPTVCollector - INFO - 📌 未分类频道追加到 '其他': 浙江钱江都市
2026-08-12 07:40:59,155 - IPTVCollector - INFO - 📌 未分类频道追加到 '其他': 玛纳斯
2026-08-12 07:40:59,156 - IPTVCollector - INFO - 📌 未分类频道追加到 '其他': 奎屯汉语
2026-08-12 07:40:59,156 - IPTVCollector - INFO - 📌 未分类频道追加到 '其他': 伊犁经济法制
2026-08-12 07:40:59,156 - IPTVCollector - INFO - 📌 未分类频道追加到 '其他': 玛纳斯综合
2026-08-12 07:40:59,156 - IPTVCollector - INFO - 📌 未分类频道追加到 '其他': 数码时代
2026-08-12 07:40:59,156 - IPTVCollector - INFO - 📌 未分类频道追加到 '其他': 浙江教科影视
2026-08-12 07:40:59,156 - IPTVCollector - INFO - 📌 未分类频道追加到 '其他': 浙江教育
2026-08-12 07:40:59,157 - IPTVCollector - INFO - 📌 未分类频道追加到 '其他': 浙江教科影院
2026-08-12 07:40:59,157 - IPTVCollector - INFO - 📌 未分类频道追加到 '其他': 浙江民生休闲
2026-08-12 07:40:59,157 - IPTVCollector - INFO - 📌 未分类频道追加到 '其他': 梨园
2026-08-12 07:40:59,157 - IPTVCollector - INFO - 📌 未分类频道追加到 '其他': 浙江钱江频道
2026-08-12 07:40:59,157 - IPTVCollector - INFO - 📌 未分类频道追加到 '其他': 凤凰中文
2026-08-12 07:40:59,158 - IPTVCollector - INFO - 📌 未分类频道追加到 '其他': 凤凰资讯
2026-08-12 07:40:59,158 - IPTVCollector - INFO - 🌏 自动追加: 凤凰香港 -> 🌊港·澳·台
2026-08-12 07:40:59,158 - IPTVCollector - INFO - 📌 未分类频道追加到 '其他': 韩国电影1
2026-08-12 07:40:59,158 - IPTVCollector - INFO - 📌 未分类频道追加到 '其他': 韩国电影2
2026-08-12 07:40:59,159 - IPTVCollector - INFO - 🌏 自动追加: 武汉一台新闻综合 -> ☘️湖北频道
2026-08-12 07:40:59,160 - IPTVCollector - INFO - 📌 未分类频道追加到 '其他': 都市青春
2026-08-12 07:40:59,160 - IPTVCollector - INFO - 📌 未分类频道追加到 '其他': 陕西新闻咨询
2026-08-12 07:40:59,160 - IPTVCollector - INFO - 📌 未分类频道追加到 '其他': 江津新闻
2026-08-12 07:40:59,160 - IPTVCollector - INFO - 📌 未分类频道追加到 '其他': 浙江生活
2026-08-12 07:40:59,160 - IPTVCollector - INFO - 📌 未分类频道追加到 '其他': 河南电视剧
2026-08-12 07:40:59,162 - IPTVCollector - INFO - 🌏 自动追加: 哈尔滨都市咨询 -> ☘️黑龙江频道
2026-08-12 07:40:59,162 - IPTVCollector - INFO - 📌 未分类频道追加到 '其他': FZTV3
2026-08-12 07:40:59,162 - IPTVCollector - INFO - 📌 未分类频道追加到 '其他': 新闻咨询
2026-08-12 07:40:59,162 - IPTVCollector - INFO - 📌 未分类频道追加到 '其他': 1987年春晚
2026-08-12 07:40:59,163 - IPTVCollector - INFO - 📌 未分类频道追加到 '其他': 1988年春晚
2026-08-12 07:40:59,163 - IPTVCollector - INFO - 📌 未分类频道追加到 '其他': Anhui TV
2026-08-12 07:40:59,163 - IPTVCollector - INFO - 📌 未分类频道追加到 '其他': 1989年春晚
2026-08-12 07:40:59,163 - IPTVCollector - INFO - 📌 未分类频道追加到 '其他': 音乐欣赏
2026-08-12 07:40:59,163 - IPTVCollector - INFO - 📌 未分类频道追加到 '其他': 无线新闻台
2026-08-12 07:40:59,163 - IPTVCollector - INFO - 📌 未分类频道追加到 '其他': ABN China
2026-08-12 07:40:59,164 - IPTVCollector - INFO - 📌 未分类频道追加到 '其他': Dali TV
2026-08-12 07:40:59,164 - IPTVCollector - INFO - 📌 未分类频道追加到 '其他': 韩国EBS少儿
2026-08-12 07:40:59,164 - IPTVCollector - INFO - 📌 未分类频道追加到 '其他': 飞碟之谜01
2026-08-12 07:40:59,164 - IPTVCollector - INFO - 📌 未分类频道追加到 '其他': Newsmax
2026-08-12 07:40:59,164 - IPTVCollector - INFO - 📌 未分类频道追加到 '其他': 地理中国
2026-08-12 07:40:59,164 - IPTVCollector - INFO - 📌 未分类频道追加到 '其他': 人与自然
2026-08-12 07:40:59,165 - IPTVCollector - INFO - 📌 未分类频道追加到 '其他': 自然传奇
2026-08-12 07:40:59,165 - IPTVCollector - INFO - 📌 未分类频道追加到 '其他': TVB News
2026-08-12 07:40:59,165 - IPTVCollector - INFO - 📌 未分类频道追加到 '其他': Beautiful Life TV
2026-08-12 07:40:59,165 - IPTVCollector - INFO - 📌 未分类频道追加到 '其他': Supreme Master TV
2026-08-12 07:40:59,165 - IPTVCollector - INFO - 📌 未分类频道追加到 '其他': CNA
2026-08-12 07:40:59,166 - IPTVCollector - INFO - 📌 未分类频道追加到 '其他': 2024年春晚
2026-08-12 07:40:59,166 - IPTVCollector - INFO - 📌 未分类频道追加到 '其他': Good
2026-08-12 07:40:59,166 - IPTVCollector - INFO - 📌 未分类频道追加到 '其他': Good 2
2026-08-12 07:40:59,166 - IPTVCollector - INFO - 📌 未分类频道追加到 '其他': Trace Sports
2026-08-12 07:40:59,166 - IPTVCollector - INFO - 📌 未分类频道追加到 '其他': Wild Earth
2026-08-12 07:40:59,166 - IPTVCollector - INFO - 📌 未分类频道追加到 '其他': Arirang
2026-08-12 07:40:59,167 - IPTVCollector - INFO - 📌 未分类频道追加到 '其他': WionNews
2026-08-12 07:40:59,167 - IPTVCollector - INFO - 📌 未分类频道追加到 '其他': Pet Club TV
2026-08-12 07:40:59,167 - IPTVCollector - INFO - 📌 未分类频道追加到 '其他': RT Français
2026-08-12 07:40:59,167 - IPTVCollector - INFO - 🎯 Demo 筛选：原始 298 -> 匹配/分类后 298 个频道
2026-08-12 07:40:59,167 - IPTVCollector - INFO - 📊 Demo筛选后: 298
2026-08-12 07:40:59,168 - IPTVCollector - INFO - ✅ M3U 文件已生成: output/tv.m3u
2026-08-12 07:40:59,168 - IPTVCollector - INFO - ✅ TXT 文件已生成: output/tv.txt
2026-08-12 07:40:59,169 - IPTVCollector - INFO - ✅ 多源 M3U 文件已生成: output/tv_multi.m3u
2026-08-12 07:40:59,171 - IPTVCollector - INFO - ✅ JSON API 已生成: output/channels.json
2026-08-12 07:40:59,172 - IPTVCollector - INFO - ✅ 精简版已生成: output/tv_lite.m3u
2026-08-12 07:40:59,172 - IPTVCollector - INFO - ✅ M3U 文件已生成: output/tv_epg.m3u
2026-08-12 07:40:59,173 - IPTVCollector - INFO - 🚀 IPTV 自治系统启动
2026-08-12 07:40:59,173 - IPTVCollector - INFO - ⏭️ 跳过发现阶段
2026-08-12 07:40:59,173 - IPTVCollector - INFO - ==================================================
阶段2: 从缓存观察候选源
==================================================
2026-08-12 07:40:59,199 - IPTVCollector - INFO -   📊 观察进度: 100/241，稳定 0 个
2026-08-12 07:40:59,216 - IPTVCollector - INFO -   📊 观察进度: 200/241，稳定 0 个
2026-08-12 07:40:59,221 - IPTVCollector - INFO - ✅ 观察阶段完成: 0 个源达到稳定标准
2026-08-12 07:40:59,221 - IPTVCollector - INFO - ==================================================
阶段3: 提升稳定源
==================================================
2026-08-12 07:40:59,222 - IPTVCollector - INFO - 📭 没有稳定的候选源需要提升
2026-08-12 07:40:59,222 - IPTVCollector - INFO - 📊 自治模式统计:
2026-08-12 07:40:59,222 - IPTVCollector - INFO -   候选池总数: 781, 观察中: 241, 稳定: 529
2026-08-12 07:40:59,222 - IPTVCollector - INFO -   本次新提升: 0
2026-08-12 07:40:59,222 - IPTVCollector - INFO - 🎉 全部完成！
2026-08-12 13:18:36,196 - IPTVCollector - INFO - 🚀 IPTV 智能整理平台启动
2026-08-12 13:18:36,198 - IPTVCollector - INFO - ✅ 数据库缓存已启用: data/iptv_cache.db
2026-08-12 13:18:36,201 - IPTVCollector - INFO - 📌 CCTV-1 已设为固定源 (auto_optimize=True)
2026-08-12 13:18:36,202 - IPTVCollector - INFO - 📌 CCTV-2 已设为固定源 (auto_optimize=True)
2026-08-12 13:18:36,203 - IPTVCollector - INFO - 📌 CCTV-3 已设为固定源 (auto_optimize=True)
2026-08-12 13:18:36,204 - IPTVCollector - INFO - 📌 CCTV-4 已设为固定源 (auto_optimize=True)
2026-08-12 13:18:36,205 - IPTVCollector - INFO - 📌 CCTV-5 已设为固定源 (auto_optimize=True)
2026-08-12 13:18:36,206 - IPTVCollector - INFO - 📌 CCTV-5+ 已设为固定源 (auto_optimize=True)
2026-08-12 13:18:36,207 - IPTVCollector - INFO - 📌 CCTV-6 已设为固定源 (auto_optimize=True)
2026-08-12 13:18:36,209 - IPTVCollector - INFO - 📌 CCTV-7 已设为固定源 (auto_optimize=True)
2026-08-12 13:18:36,210 - IPTVCollector - INFO - 📌 CCTV-8 已设为固定源 (auto_optimize=True)
2026-08-12 13:18:36,211 - IPTVCollector - INFO - 📌 CCTV-9 已设为固定源 (auto_optimize=True)
2026-08-12 13:18:36,212 - IPTVCollector - INFO - 📌 CCTV-10 已设为固定源 (auto_optimize=True)
2026-08-12 13:18:36,213 - IPTVCollector - INFO - 📌 CCTV-11 已设为固定源 (auto_optimize=True)
2026-08-12 13:18:36,214 - IPTVCollector - INFO - 📌 CCTV-12 已设为固定源 (auto_optimize=True)
2026-08-12 13:18:36,215 - IPTVCollector - INFO - 📌 CCTV-13 已设为固定源 (auto_optimize=True)
2026-08-12 13:18:36,217 - IPTVCollector - INFO - 📌 CCTV-14 已设为固定源 (auto_optimize=True)
2026-08-12 13:18:36,218 - IPTVCollector - INFO - 📌 CCTV-15 已设为固定源 (auto_optimize=True)
2026-08-12 13:18:36,220 - IPTVCollector - INFO - 📌 CCTV-16 已设为固定源 (auto_optimize=True)
2026-08-12 13:18:36,221 - IPTVCollector - INFO - 📌 CCTV-17 已设为固定源 (auto_optimize=True)
2026-08-12 13:18:36,222 - IPTVCollector - INFO - 📌 CCTV4欧洲 已设为固定源 (auto_optimize=True)
2026-08-12 13:18:36,223 - IPTVCollector - INFO - 📌 CCTV4美洲 已设为固定源 (auto_optimize=True)
2026-08-12 13:18:36,223 - IPTVCollector - INFO - 📌 固定源已同步到数据库
2026-08-12 13:18:36,224 - IPTVCollector - INFO - 📋 订阅源解析：普通 11 个，白名单 0 个
2026-08-12 13:18:36,224 - IPTVCollector - INFO - 📋 使用 11 个源
2026-08-12 13:19:00,434 - IPTVCollector - INFO - 📊 测速完成，有效频道: 363 个
2026-08-12 13:19:00,435 - IPTVCollector - INFO - 📊 通过测速的频道数: 363
2026-08-12 13:19:00,890 - IPTVCollector - INFO - 🔍 ffmpeg 深度验证: 0 个需验证，362 个来自缓存/HTTP
2026-08-12 13:19:00,890 - IPTVCollector - INFO - ✅ ffmpeg 验证完成: 通过 362/363 个频道
2026-08-12 13:19:00,890 - IPTVCollector - INFO - 📊 通过ffmpeg验证的频道数: 362
2026-08-12 13:19:00,898 - IPTVCollector - INFO - 📌 已使用 18 个固定源（含自动优化）
2026-08-12 13:19:00,898 - IPTVCollector - INFO - 📊 合并完成: 共 310 个频道
2026-08-12 13:19:00,898 - IPTVCollector - INFO - 📊 合并后的频道数: 310
2026-08-12 13:19:00,928 - IPTVCollector - INFO - 📊 黑名单过滤后: 294
2026-08-12 13:19:00,930 - IPTVCollector - INFO - 📋 从 demo.txt 解析到 3541 个有序频道
2026-08-12 13:19:00,933 - IPTVCollector - INFO - 📋 从 demo.txt 解析到 3541 个有序频道
2026-08-12 13:20:20,910 - IPTVCollector - INFO - 📌 未分类频道追加到 '其他': 龙门飞甲
2026-08-12 13:20:20,910 - IPTVCollector - INFO - 📌 未分类频道追加到 '其他': 伊犁经济法制
2026-08-12 13:20:20,911 - IPTVCollector - INFO - 📌 未分类频道追加到 '其他': 浙江钱江都市
2026-08-12 13:20:20,911 - IPTVCollector - INFO - 📌 未分类频道追加到 '其他': 奎屯汉语
2026-08-12 13:20:20,911 - IPTVCollector - INFO - 📌 未分类频道追加到 '其他': 玛纳斯
2026-08-12 13:20:20,911 - IPTVCollector - INFO - 📌 未分类频道追加到 '其他': 玛纳斯综合
2026-08-12 13:20:20,911 - IPTVCollector - INFO - 📌 未分类频道追加到 '其他': 数码时代
2026-08-12 13:20:20,911 - IPTVCollector - INFO - 📌 未分类频道追加到 '其他': 浙江教科影院
2026-08-12 13:20:20,912 - IPTVCollector - INFO - 📌 未分类频道追加到 '其他': 浙江教科影视
2026-08-12 13:20:20,912 - IPTVCollector - INFO - 📌 未分类频道追加到 '其他': 浙江教育
2026-08-12 13:20:20,912 - IPTVCollector - INFO - 📌 未分类频道追加到 '其他': 浙江民生休闲
2026-08-12 13:20:20,912 - IPTVCollector - INFO - 📌 未分类频道追加到 '其他': 浙江经济
2026-08-12 13:20:20,912 - IPTVCollector - INFO - 📌 未分类频道追加到 '其他': 韩国电影1
2026-08-12 13:20:20,912 - IPTVCollector - INFO - 📌 未分类频道追加到 '其他': 韩国电影2
2026-08-12 13:20:20,912 - IPTVCollector - INFO - 📌 未分类频道追加到 '其他': 浙江钱江频道
2026-08-12 13:20:20,912 - IPTVCollector - INFO - 📌 未分类频道追加到 '其他': 浙江生活
2026-08-12 13:20:20,914 - IPTVCollector - INFO - 🌏 自动追加: 武汉一台新闻综合 -> ☘️湖北频道
2026-08-12 13:20:20,914 - IPTVCollector - INFO - 📌 未分类频道追加到 '其他': 凤凰资讯
2026-08-12 13:20:20,914 - IPTVCollector - INFO - 🌏 自动追加: 凤凰香港 -> 🌊港·澳·台
2026-08-12 13:20:20,914 - IPTVCollector - INFO - 📌 未分类频道追加到 '其他': 凤凰中文
2026-08-12 13:20:20,915 - IPTVCollector - INFO - 📌 未分类频道追加到 '其他': 都市青春
2026-08-12 13:20:20,915 - IPTVCollector - INFO - 📌 未分类频道追加到 '其他': 陕西新闻咨询
2026-08-12 13:20:20,917 - IPTVCollector - INFO - 🌏 自动追加: 哈尔滨都市咨询 -> ☘️黑龙江频道
2026-08-12 13:20:20,917 - IPTVCollector - INFO - 📌 未分类频道追加到 '其他': FZTV3
2026-08-12 13:20:20,917 - IPTVCollector - INFO - 📌 未分类频道追加到 '其他': 无线新闻台
2026-08-12 13:20:20,918 - IPTVCollector - INFO - 📌 未分类频道追加到 '其他': ABN China
2026-08-12 13:20:20,918 - IPTVCollector - INFO - 📌 未分类频道追加到 '其他': Anhui TV
2026-08-12 13:20:20,918 - IPTVCollector - INFO - 📌 未分类频道追加到 '其他': 音乐欣赏
2026-08-12 13:20:20,918 - IPTVCollector - INFO - 📌 未分类频道追加到 '其他': 1988年春晚
2026-08-12 13:20:20,918 - IPTVCollector - INFO - 📌 未分类频道追加到 '其他': 1987年春晚
2026-08-12 13:20:20,919 - IPTVCollector - INFO - 📌 未分类频道追加到 '其他': 1989年春晚
2026-08-12 13:20:20,919 - IPTVCollector - INFO - 📌 未分类频道追加到 '其他': 新闻咨询
2026-08-12 13:20:20,919 - IPTVCollector - INFO - 📌 未分类频道追加到 '其他': Newsmax
2026-08-12 13:20:20,919 - IPTVCollector - INFO - 📌 未分类频道追加到 '其他': 飞碟之谜01
2026-08-12 13:20:20,920 - IPTVCollector - INFO - 📌 未分类频道追加到 '其他': 自然传奇
2026-08-12 13:20:20,920 - IPTVCollector - INFO - 📌 未分类频道追加到 '其他': Supreme Master TV
2026-08-12 13:20:20,920 - IPTVCollector - INFO - 📌 未分类频道追加到 '其他': CNA
2026-08-12 13:20:20,920 - IPTVCollector - INFO - 📌 未分类频道追加到 '其他': 地理中国
2026-08-12 13:20:20,920 - IPTVCollector - INFO - 📌 未分类频道追加到 '其他': TVB News
2026-08-12 13:20:20,921 - IPTVCollector - INFO - 📌 未分类频道追加到 '其他': 人与自然
2026-08-12 13:20:20,921 - IPTVCollector - INFO - 📌 未分类频道追加到 '其他': Trace Sports
2026-08-12 13:20:20,921 - IPTVCollector - INFO - 📌 未分类频道追加到 '其他': Beautiful Life TV
2026-08-12 13:20:20,921 - IPTVCollector - INFO - 📌 未分类频道追加到 '其他': WionNews
2026-08-12 13:20:20,921 - IPTVCollector - INFO - 📌 未分类频道追加到 '其他': 韩国EBS少儿
2026-08-12 13:20:20,922 - IPTVCollector - INFO - 📌 未分类频道追加到 '其他': Wild Earth
2026-08-12 13:20:20,922 - IPTVCollector - INFO - 📌 未分类频道追加到 '其他': Arirang
2026-08-12 13:20:20,922 - IPTVCollector - INFO - 📌 未分类频道追加到 '其他': Good 2
2026-08-12 13:20:20,922 - IPTVCollector - INFO - 📌 未分类频道追加到 '其他': Good
2026-08-12 13:20:20,922 - IPTVCollector - INFO - 📌 未分类频道追加到 '其他': Dali TV
2026-08-12 13:20:20,923 - IPTVCollector - INFO - 📌 未分类频道追加到 '其他': 春晚2025
2026-08-12 13:20:20,923 - IPTVCollector - INFO - 📌 未分类频道追加到 '其他': Pet Club TV
2026-08-12 13:20:20,923 - IPTVCollector - INFO - 📌 未分类频道追加到 '其他': 倩女幽魂妖魔道
2026-08-12 13:20:20,923 - IPTVCollector - INFO - 📌 未分类频道追加到 '其他': Home Plus
2026-08-12 13:20:20,923 - IPTVCollector - INFO - 📌 未分类频道追加到 '其他': 倩女幽魂道道道
2026-08-12 13:20:20,924 - IPTVCollector - INFO - 📌 未分类频道追加到 '其他': RT Français
2026-08-12 13:20:20,924 - IPTVCollector - INFO - 📌 未分类频道追加到 '其他': 倩女幽魂人间道
2026-08-12 13:20:20,924 - IPTVCollector - INFO - 📌 未分类频道追加到 '其他': VOA美国之音
2026-08-12 13:20:20,924 - IPTVCollector - INFO - 📌 未分类频道追加到 '其他': Harbin Comprehensive News Channel
2026-08-12 13:20:20,924 - IPTVCollector - INFO - 📌 未分类频道追加到 '其他': TV BRICS Chinese
2026-08-12 13:20:20,925 - IPTVCollector - INFO - 📌 未分类频道追加到 '其他': Hunan TV
2026-08-12 13:20:20,925 - IPTVCollector - INFO - 📌 未分类频道追加到 '其他': 2024年春晚
2026-08-12 13:20:20,925 - IPTVCollector - INFO - 📌 未分类频道追加到 '其他': 春晚2024
2026-08-12 13:20:20,925 - IPTVCollector - INFO - 📌 未分类频道追加到 '其他': Siping TV
2026-08-12 13:20:20,925 - IPTVCollector - INFO - 📌 未分类频道追加到 '其他': CGTN Documentary
2026-08-12 13:20:20,926 - IPTVCollector - INFO - 📌 未分类频道追加到 '其他': Chifeng Comprehensive News Chanel
2026-08-12 13:20:20,926 - IPTVCollector - INFO - 📌 未分类频道追加到 '其他': Nei Monggol TV 2 Mongolian Culture Channel [Not 24/7]
2026-08-12 13:20:20,926 - IPTVCollector - INFO - 📌 未分类频道追加到 '其他': Nei Monggol TV [Not 24/7]
2026-08-12 13:20:20,926 - IPTVCollector - INFO - 📌 未分类频道追加到 '其他': Harbin Movie Channel
2026-08-12 13:20:20,927 - IPTVCollector - INFO - 📌 未分类频道追加到 '其他': 环球电视
2026-08-12 13:20:20,927 - IPTVCollector - INFO - 📌 未分类频道追加到 '其他': Xinjiang TV 3
2026-08-12 13:20:20,927 - IPTVCollector - INFO - 📌 未分类频道追加到 '其他': Xinjiang TV 2
2026-08-12 13:20:20,928 - IPTVCollector - INFO - 🌏 自动追加: 四平新闻综合 [Geo-blocked] -> ☘️吉林频道
2026-08-12 13:20:20,929 - IPTVCollector - INFO - 🌏 自动追加: 浙江 Ⅰ 绍兴影视 -> ☘️浙江频道
2026-08-12 13:20:20,929 - IPTVCollector - INFO - 🌏 自动追加: 浙江 Ⅰ 绍兴综合 -> ☘️浙江频道
2026-08-12 13:20:20,930 - IPTVCollector - INFO - 🌏 自动追加: 白山新闻综合 [Geo-blocked] -> ☘️吉林频道
2026-08-12 13:20:20,930 - IPTVCollector - INFO - 📌 未分类频道追加到 '其他': 江津经济生活
2026-08-12 13:20:20,932 - IPTVCollector - INFO - 🌏 自动追加: 松原新闻综合 [Geo-blocked] -> ☘️吉林频道
2026-08-12 13:20:20,933 - IPTVCollector - INFO - 🌏 自动追加: 长春综合 [Geo-blocked] -> ☘️吉林频道
2026-08-12 13:20:20,933 - IPTVCollector - INFO - 📌 未分类频道追加到 '其他': 辽新闻综合 [Geo-blocked]
2026-08-12 13:20:20,935 - IPTVCollector - INFO - 🌏 自动追加: 通化新闻 [Geo-blocked] -> ☘️吉林频道
2026-08-12 13:20:20,935 - IPTVCollector - INFO - 📌 未分类频道追加到 '其他': 靖江新闻綜合 [Not 24/7]
2026-08-12 13:20:20,935 - IPTVCollector - INFO - 📌 未分类频道追加到 '其他': Dragon TV International
2026-08-12 13:20:20,935 - IPTVCollector - INFO - 📌 未分类频道追加到 '其他': 集安综合 [Geo-blocked]
2026-08-12 13:20:20,935 - IPTVCollector - INFO - 📌 未分类频道追加到 '其他': Hebei TV
2026-08-12 13:20:20,936 - IPTVCollector - INFO - 📌 未分类频道追加到 '其他': 荣昌综合 [Not 24/7]
2026-08-12 13:20:20,936 - IPTVCollector - INFO - 🌏 自动追加: 上海卫视 -> ☘️上海频道
2026-08-12 13:20:20,936 - IPTVCollector - INFO - 📌 未分类频道追加到 '其他': 东南卫视
2026-08-12 13:20:20,936 - IPTVCollector - INFO - 📌 未分类频道追加到 '其他': CGTN记录
2026-08-12 13:20:20,936 - IPTVCollector - INFO - 📌 未分类频道追加到 '其他': 九台
2026-08-12 13:20:20,937 - IPTVCollector - INFO - 📌 未分类频道追加到 '其他': 东丰
2026-08-12 13:20:20,937 - IPTVCollector - INFO - 📌 未分类频道追加到 '其他': 耀才财经
2026-08-12 13:20:20,937 - IPTVCollector - INFO - 📌 未分类频道追加到 '其他': 汪清
2026-08-12 13:20:20,937 - IPTVCollector - INFO - 📌 未分类频道追加到 '其他': 柳河
2026-08-12 13:20:20,937 - IPTVCollector - INFO - 📌 未分类频道追加到 '其他': 珲春新闻
2026-08-12 13:20:20,938 - IPTVCollector - INFO - 📌 未分类频道追加到 '其他': 辉南新闻
2026-08-12 13:20:20,938 - IPTVCollector - INFO - 📌 未分类频道追加到 '其他': 磐石
2026-08-12 13:20:20,938 - IPTVCollector - INFO - 📌 未分类频道追加到 '其他': 舒兰新闻
2026-08-12 13:20:20,938 - IPTVCollector - INFO - 📌 未分类频道追加到 '其他': 大立电视台
2026-08-12 13:20:20,938 - IPTVCollector - INFO - 📌 未分类频道追加到 '其他': 桦甸
2026-08-12 13:20:20,940 - IPTVCollector - INFO - 🌏 自动追加: 长白山电视台 -> ☘️吉林频道
2026-08-12 13:20:20,941 - IPTVCollector - INFO - 🌏 自动追加: 通化县 -> ☘️吉林频道
2026-08-12 13:20:20,941 - IPTVCollector - INFO - 📌 未分类频道追加到 '其他': 通海电视台
2026-08-12 13:20:20,942 - IPTVCollector - INFO - 🌏 自动追加: 绍兴电视台公共 -> ☘️浙江频道
2026-08-12 13:20:20,942 - IPTVCollector - INFO - 📌 未分类频道追加到 '其他': 龙井
2026-08-12 13:20:20,942 - IPTVCollector - INFO - 🎯 Demo 筛选：原始 294 -> 匹配/分类后 294 个频道
2026-08-12 13:20:20,942 - IPTVCollector - INFO - 📊 Demo筛选后: 294
2026-08-12 13:20:20,943 - IPTVCollector - INFO - ✅ M3U 文件已生成: output/tv.m3u
2026-08-12 13:20:20,943 - IPTVCollector - INFO - ✅ TXT 文件已生成: output/tv.txt
2026-08-12 13:20:20,944 - IPTVCollector - INFO - ✅ 多源 M3U 文件已生成: output/tv_multi.m3u
2026-08-12 13:20:20,946 - IPTVCollector - INFO - ✅ JSON API 已生成: output/channels.json
2026-08-12 13:20:20,947 - IPTVCollector - INFO - ✅ 精简版已生成: output/tv_lite.m3u
2026-08-12 13:20:20,947 - IPTVCollector - INFO - ✅ M3U 文件已生成: output/tv_epg.m3u
2026-08-12 13:20:20,947 - IPTVCollector - INFO - 🚀 IPTV 自治系统启动
2026-08-12 13:20:20,947 - IPTVCollector - INFO - ⏭️ 跳过发现阶段
2026-08-12 13:20:20,947 - IPTVCollector - INFO - ==================================================
阶段2: 从缓存观察候选源
==================================================
2026-08-12 13:20:20,979 - IPTVCollector - INFO -   📊 观察进度: 100/247，稳定 0 个
2026-08-12 13:20:20,995 - IPTVCollector - INFO -   📊 观察进度: 200/247，稳定 0 个
2026-08-12 13:20:21,000 - IPTVCollector - INFO - ✅ 候选源稳定: CCTV-3 (成功率 66.67%, 延迟 1617ms)
2026-08-12 13:20:21,008 - IPTVCollector - INFO - ✅ 观察阶段完成: 1 个源达到稳定标准
2026-08-12 13:20:21,009 - IPTVCollector - INFO - ==================================================
阶段3: 提升稳定源
==================================================
2026-08-12 13:20:21,009 - IPTVCollector - INFO - ✅ 提升阶段完成: 0 个源被提升
2026-08-12 13:20:21,009 - IPTVCollector - INFO - 📊 自治模式统计:
2026-08-12 13:20:21,010 - IPTVCollector - INFO -   候选池总数: 781, 观察中: 246, 稳定: 524
2026-08-12 13:20:21,010 - IPTVCollector - INFO -   本次新提升: 0
2026-08-12 13:20:21,010 - IPTVCollector - INFO - 🎉 全部完成！
2026-08-12 19:07:30,261 - IPTVCollector - INFO - 🚀 IPTV 智能整理平台启动
2026-08-12 19:07:30,263 - IPTVCollector - INFO - ✅ 数据库缓存已启用: data/iptv_cache.db
2026-08-12 19:07:30,266 - IPTVCollector - INFO - 📌 CCTV-1 已设为固定源 (auto_optimize=True)
2026-08-12 19:07:30,267 - IPTVCollector - INFO - 📌 CCTV-2 已设为固定源 (auto_optimize=True)
2026-08-12 19:07:30,268 - IPTVCollector - INFO - 📌 CCTV-3 已设为固定源 (auto_optimize=True)
2026-08-12 19:07:30,270 - IPTVCollector - INFO - 📌 CCTV-4 已设为固定源 (auto_optimize=True)
2026-08-12 19:07:30,271 - IPTVCollector - INFO - 📌 CCTV-5 已设为固定源 (auto_optimize=True)
2026-08-12 19:07:30,273 - IPTVCollector - INFO - 📌 CCTV-5+ 已设为固定源 (auto_optimize=True)
2026-08-12 19:07:30,274 - IPTVCollector - INFO - 📌 CCTV-6 已设为固定源 (auto_optimize=True)
2026-08-12 19:07:30,275 - IPTVCollector - INFO - 📌 CCTV-7 已设为固定源 (auto_optimize=True)
2026-08-12 19:07:30,276 - IPTVCollector - INFO - 📌 CCTV-8 已设为固定源 (auto_optimize=True)
2026-08-12 19:07:30,277 - IPTVCollector - INFO - 📌 CCTV-9 已设为固定源 (auto_optimize=True)
2026-08-12 19:07:30,278 - IPTVCollector - INFO - 📌 CCTV-10 已设为固定源 (auto_optimize=True)
2026-08-12 19:07:30,279 - IPTVCollector - INFO - 📌 CCTV-11 已设为固定源 (auto_optimize=True)
2026-08-12 19:07:30,281 - IPTVCollector - INFO - 📌 CCTV-12 已设为固定源 (auto_optimize=True)
2026-08-12 19:07:30,282 - IPTVCollector - INFO - 📌 CCTV-13 已设为固定源 (auto_optimize=True)
2026-08-12 19:07:30,283 - IPTVCollector - INFO - 📌 CCTV-14 已设为固定源 (auto_optimize=True)
2026-08-12 19:07:30,284 - IPTVCollector - INFO - 📌 CCTV-15 已设为固定源 (auto_optimize=True)
2026-08-12 19:07:30,285 - IPTVCollector - INFO - 📌 CCTV-16 已设为固定源 (auto_optimize=True)
2026-08-12 19:07:30,286 - IPTVCollector - INFO - 📌 CCTV-17 已设为固定源 (auto_optimize=True)
2026-08-12 19:07:30,287 - IPTVCollector - INFO - 📌 CCTV4欧洲 已设为固定源 (auto_optimize=True)
2026-08-12 19:07:30,289 - IPTVCollector - INFO - 📌 CCTV4美洲 已设为固定源 (auto_optimize=True)
2026-08-12 19:07:30,289 - IPTVCollector - INFO - 📌 固定源已同步到数据库
2026-08-12 19:07:30,289 - IPTVCollector - INFO - 📋 订阅源解析：普通 11 个，白名单 0 个
2026-08-12 19:07:30,290 - IPTVCollector - INFO - 📋 使用 11 个源
2026-08-12 19:07:30,295 - IPTVCollector - INFO - 🔄 拉取: https://raw.githubusercontent.com/iptv-org/iptv/gh-pages/countries/cn.m3u
2026-08-12 19:07:30,296 - IPTVCollector - INFO - 🔄 拉取: https://raw.githubusercontent.com/iptv-org/iptv/master/streams/cn.m3u
2026-08-12 19:07:30,296 - IPTVCollector - INFO - 🔄 拉取: https://raw.githubusercontent.com/vbskycn/iptv/master/tv/iptv4.txt
2026-08-12 19:07:30,297 - IPTVCollector - INFO - 🔄 拉取: https://raw.githubusercontent.com/zzgpy1/Collect-IPTV/main/best_sorted.m3u
2026-08-12 19:07:30,297 - IPTVCollector - INFO - 🔄 拉取: https://raw.githubusercontent.com/zzgpy1/ITV/main/output/tv.m3u
2026-08-12 19:07:30,297 - IPTVCollector - INFO - 🔄 拉取: https://raw.githubusercontent.com/iptv-org/iptv/refs/heads/master/streams/cn.m3u
2026-08-12 19:07:30,297 - IPTVCollector - INFO - 🔄 拉取: https://raw.githubusercontent.com/zzgpy1/ipv6-iptv/master/tv/iptv4.txt
2026-08-12 19:07:30,312 - IPTVCollector - INFO - 🔄 拉取: https://raw.githubusercontent.com/CCSH/IPTV/refs/heads/main/live.txt
2026-08-12 19:07:30,313 - IPTVCollector - INFO - 🔄 拉取: https://raw.githubusercontent.com/kakaxi-1/IPTV/main/iptv.txt
2026-08-12 19:07:30,313 - IPTVCollector - INFO - 🔄 拉取: https://raw.githubusercontent.com/zzgpy1/iptv-api/master/output/result.txt
2026-08-12 19:07:30,314 - IPTVCollector - INFO - 🔄 拉取: https://tv.19860519.xyz/xymm
2026-08-12 19:07:49,373 - IPTVCollector - INFO - 📊 测速完成，有效频道: 360 个
2026-08-12 19:07:49,373 - IPTVCollector - INFO - 📊 通过测速的频道数: 360
2026-08-12 19:08:04,502 - IPTVCollector - INFO - 🔍 ffmpeg 深度验证: 0 个需验证，359 个来自缓存/HTTP
2026-08-12 19:08:04,502 - IPTVCollector - INFO - ✅ ffmpeg 验证完成: 通过 359/360 个频道
2026-08-12 19:08:04,502 - IPTVCollector - INFO - 📊 通过ffmpeg验证的频道数: 359
2026-08-12 19:08:04,510 - IPTVCollector - INFO - 📌 已使用 18 个固定源（含自动优化）
2026-08-12 19:08:04,510 - IPTVCollector - INFO - 📊 合并完成: 共 313 个频道
2026-08-12 19:08:04,510 - IPTVCollector - INFO - 📊 合并后的频道数: 313
2026-08-12 19:08:04,540 - IPTVCollector - INFO - 📊 黑名单过滤后: 296
2026-08-12 19:08:04,543 - IPTVCollector - INFO - 📋 从 demo.txt 解析到 3541 个有序频道
2026-08-12 19:08:04,545 - IPTVCollector - INFO - 📋 从 demo.txt 解析到 3541 个有序频道
2026-08-12 19:09:13,279 - IPTVCollector - INFO - 📌 未分类频道追加到 '其他': Home Plus
2026-08-12 19:09:13,279 - IPTVCollector - INFO - 📌 未分类频道追加到 '其他': 浙江钱江都市
2026-08-12 19:09:13,280 - IPTVCollector - INFO - 📌 未分类频道追加到 '其他': Hunan TV
2026-08-12 19:09:13,280 - IPTVCollector - INFO - 📌 未分类频道追加到 '其他': Siping TV
2026-08-12 19:09:13,280 - IPTVCollector - INFO - 📌 未分类频道追加到 '其他': VOA美国之音
2026-08-12 19:09:13,280 - IPTVCollector - INFO - 📌 未分类频道追加到 '其他': Nei Monggol TV 2 Mongolian Culture Channel [Not 24/7]
2026-08-12 19:09:13,280 - IPTVCollector - INFO - 📌 未分类频道追加到 '其他': Chifeng Comprehensive News Chanel
2026-08-12 19:09:13,281 - IPTVCollector - INFO - 📌 未分类频道追加到 '其他': Nei Monggol TV [Not 24/7]
2026-08-12 19:09:13,281 - IPTVCollector - INFO - 📌 未分类频道追加到 '其他': Harbin Comprehensive News Channel
2026-08-12 19:09:13,281 - IPTVCollector - INFO - 📌 未分类频道追加到 '其他': Harbin Movie Channel
2026-08-12 19:09:13,281 - IPTVCollector - INFO - 📌 未分类频道追加到 '其他': 数码时代
2026-08-12 19:09:13,281 - IPTVCollector - INFO - 📌 未分类频道追加到 '其他': Xinjiang TV 2
2026-08-12 19:09:13,281 - IPTVCollector - INFO - 📌 未分类频道追加到 '其他': Xinjiang TV 3
2026-08-12 19:09:13,282 - IPTVCollector - INFO - 📌 未分类频道追加到 '其他': 浙江教科影院
2026-08-12 19:09:13,282 - IPTVCollector - INFO - 📌 未分类频道追加到 '其他': TV BRICS Chinese
2026-08-12 19:09:13,282 - IPTVCollector - INFO - 📌 未分类频道追加到 '其他': 浙江教育
2026-08-12 19:09:13,282 - IPTVCollector - INFO - 📌 未分类频道追加到 '其他': 浙江民生休闲
2026-08-12 19:09:13,282 - IPTVCollector - INFO - 📌 未分类频道追加到 '其他': 浙江经济
2026-08-12 19:09:13,282 - IPTVCollector - INFO - 📌 未分类频道追加到 '其他': 浙江生活
2026-08-12 19:09:13,283 - IPTVCollector - INFO - 📌 未分类频道追加到 '其他': 凤凰资讯
2026-08-12 19:09:13,283 - IPTVCollector - INFO - 📌 未分类频道追加到 '其他': 凤凰中文
2026-08-12 19:09:13,283 - IPTVCollector - INFO - 📌 未分类频道追加到 '其他': 韩国电影1
2026-08-12 19:09:13,283 - IPTVCollector - INFO - 🌏 自动追加: 凤凰香港 -> 🌊港·澳·台
2026-08-12 19:09:13,283 - IPTVCollector - INFO - 📌 未分类频道追加到 '其他': Hebei TV
2026-08-12 19:09:13,283 - IPTVCollector - INFO - 📌 未分类频道追加到 '其他': Dragon TV International
2026-08-12 19:09:13,284 - IPTVCollector - INFO - 📌 未分类频道追加到 '其他': 韩国电影2
2026-08-12 19:09:13,285 - IPTVCollector - INFO - 🌏 自动追加: 武汉一台新闻综合 -> ☘️湖北频道
2026-08-12 19:09:13,285 - IPTVCollector - INFO - 📌 未分类频道追加到 '其他': 前郭综合 [Geo-blocked]
2026-08-12 19:09:13,287 - IPTVCollector - INFO - 🌏 自动追加: 四平新闻综合 [Geo-blocked] -> ☘️吉林频道
2026-08-12 19:09:13,287 - IPTVCollector - INFO - 📌 未分类频道追加到 '其他': 延边新闻综合 [Geo-blocked]
2026-08-12 19:09:13,288 - IPTVCollector - INFO - 🌏 自动追加: 松原新闻综合 [Geo-blocked] -> ☘️吉林频道
2026-08-12 19:09:13,289 - IPTVCollector - INFO - 🌏 自动追加: 浙江 Ⅰ 绍兴综合 -> ☘️浙江频道
2026-08-12 19:09:13,289 - IPTVCollector - INFO - 🌏 自动追加: 浙江 Ⅰ 绍兴影视 -> ☘️浙江频道
2026-08-12 19:09:13,289 - IPTVCollector - INFO - 📌 未分类频道追加到 '其他': 江津经济生活
2026-08-12 19:09:13,290 - IPTVCollector - INFO - 🌏 自动追加: 白山新闻综合 [Geo-blocked] -> ☘️吉林频道
2026-08-12 19:09:13,291 - IPTVCollector - INFO - 📌 未分类频道追加到 '其他': 都市青春
2026-08-12 19:09:13,291 - IPTVCollector - INFO - 📌 未分类频道追加到 '其他': 辽新闻综合 [Geo-blocked]
2026-08-12 19:09:13,292 - IPTVCollector - INFO - 🌏 自动追加: 通化新闻 [Geo-blocked] -> ☘️吉林频道
2026-08-12 19:09:13,293 - IPTVCollector - INFO - 🌏 自动追加: 长春综合 [Geo-blocked] -> ☘️吉林频道
2026-08-12 19:09:13,294 - IPTVCollector - INFO - 📌 未分类频道追加到 '其他': 陕西新闻咨询
2026-08-12 19:09:13,294 - IPTVCollector - INFO - 📌 未分类频道追加到 '其他': 集安综合 [Geo-blocked]
2026-08-12 19:09:13,294 - IPTVCollector - INFO - 📌 未分类频道追加到 '其他': 荣昌综合 [Not 24/7]
2026-08-12 19:09:13,294 - IPTVCollector - INFO - 📌 未分类频道追加到 '其他': 靖江新闻綜合 [Not 24/7]
2026-08-12 19:09:13,294 - IPTVCollector - INFO - 📌 未分类频道追加到 '其他': 江津新闻
2026-08-12 19:09:13,294 - IPTVCollector - INFO - 📌 未分类频道追加到 '其他': 河南电视剧
2026-08-12 19:09:13,295 - IPTVCollector - INFO - 📌 未分类频道追加到 '其他': FZTV3
2026-08-12 19:09:13,296 - IPTVCollector - INFO - 🌏 自动追加: 哈尔滨都市咨询 -> ☘️黑龙江频道
2026-08-12 19:09:13,296 - IPTVCollector - INFO - 📌 未分类频道追加到 '其他': 华丽翡翠台
2026-08-12 19:09:13,296 - IPTVCollector - INFO - 📌 未分类频道追加到 '其他': 无线新闻台
2026-08-12 19:09:13,296 - IPTVCollector - INFO - 📌 未分类频道追加到 '其他': 新闻咨询
2026-08-12 19:09:13,297 - IPTVCollector - INFO - 🌏 自动追加: 上海卫视 -> ☘️上海频道
2026-08-12 19:09:13,297 - IPTVCollector - INFO - 📌 未分类频道追加到 '其他': 东南卫视
2026-08-12 19:09:13,297 - IPTVCollector - INFO - 📌 未分类频道追加到 '其他': 音乐欣赏
2026-08-12 19:09:13,297 - IPTVCollector - INFO - 📌 未分类频道追加到 '其他': 岭南戏曲
2026-08-12 19:09:13,297 - IPTVCollector - INFO - 📌 未分类频道追加到 '其他': 现代教育
2026-08-12 19:09:13,297 - IPTVCollector - INFO - 📌 未分类频道追加到 '其他': 南方卫视
2026-08-12 19:09:13,298 - IPTVCollector - INFO - 📌 未分类频道追加到 '其他': 飞碟之谜01
2026-08-12 19:09:13,298 - IPTVCollector - INFO - 📌 未分类频道追加到 '其他': Newsmax
2026-08-12 19:09:13,298 - IPTVCollector - INFO - 📌 未分类频道追加到 '其他': CNA
2026-08-12 19:09:13,298 - IPTVCollector - INFO - 📌 未分类频道追加到 '其他': Beautiful Life TV
2026-08-12 19:09:13,298 - IPTVCollector - INFO - 📌 未分类频道追加到 '其他': Arirang
2026-08-12 19:09:13,299 - IPTVCollector - INFO - 📌 未分类频道追加到 '其他': TVB News
2026-08-12 19:09:13,299 - IPTVCollector - INFO - 📌 未分类频道追加到 '其他': Supreme Master TV
2026-08-12 19:09:13,299 - IPTVCollector - INFO - 📌 未分类频道追加到 '其他': Dali TV
2026-08-12 19:09:13,299 - IPTVCollector - INFO - 📌 未分类频道追加到 '其他': 韩国EBS少儿
2026-08-12 19:09:13,299 - IPTVCollector - INFO - 📌 未分类频道追加到 '其他': Good 2
2026-08-12 19:09:13,299 - IPTVCollector - INFO - 📌 未分类频道追加到 '其他': Good
2026-08-12 19:09:13,300 - IPTVCollector - INFO - 📌 未分类频道追加到 '其他': Wild Earth
2026-08-12 19:09:13,300 - IPTVCollector - INFO - 📌 未分类频道追加到 '其他': Trace Sports
2026-08-12 19:09:13,300 - IPTVCollector - INFO - 📌 未分类频道追加到 '其他': 2024年春晚
2026-08-12 19:09:13,300 - IPTVCollector - INFO - 📌 未分类频道追加到 '其他': Pet Club TV
2026-08-12 19:09:13,300 - IPTVCollector - INFO - 📌 未分类频道追加到 '其他': 春晚2025
2026-08-12 19:09:13,300 - IPTVCollector - INFO - 📌 未分类频道追加到 '其他': WionNews
2026-08-12 19:09:13,301 - IPTVCollector - INFO - 📌 未分类频道追加到 '其他': 春晚2024
2026-08-12 19:09:13,301 - IPTVCollector - INFO - 📌 未分类频道追加到 '其他': 环球电视
2026-08-12 19:09:13,301 - IPTVCollector - INFO - 📌 未分类频道追加到 '其他': CGTN-Documentary
2026-08-12 19:09:13,301 - IPTVCollector - INFO - 📌 未分类频道追加到 '其他': 倩女幽魂道道道
2026-08-12 19:09:13,301 - IPTVCollector - INFO - 📌 未分类频道追加到 '其他': 倩女幽魂妖魔道
2026-08-12 19:09:13,301 - IPTVCollector - INFO - 📌 未分类频道追加到 '其他': 倩女幽魂人间道
2026-08-12 19:09:13,302 - IPTVCollector - INFO - 📌 未分类频道追加到 '其他': 大立电视台
2026-08-12 19:09:13,302 - IPTVCollector - INFO - 🌏 自动追加: 绍兴电视台公共 -> ☘️浙江频道
2026-08-12 19:09:13,302 - IPTVCollector - INFO - 📌 未分类频道追加到 '其他': 耀才财经
2026-08-12 19:09:13,302 - IPTVCollector - INFO - 📌 未分类频道追加到 '其他': 龙门飞甲
2026-08-12 19:09:13,302 - IPTVCollector - INFO - 📌 未分类频道追加到 '其他': 广东影视
2026-08-12 19:09:13,303 - IPTVCollector - INFO - 📌 未分类频道追加到 '其他': 伊犁经济法制
2026-08-12 19:09:13,303 - IPTVCollector - INFO - 📌 未分类频道追加到 '其他': 玛纳斯
2026-08-12 19:09:13,303 - IPTVCollector - INFO - 📌 未分类频道追加到 '其他': 玛纳斯综合
2026-08-12 19:09:13,303 - IPTVCollector - INFO - 📌 未分类频道追加到 '其他': 奎屯汉语
2026-08-12 19:09:13,303 - IPTVCollector - INFO - 📌 未分类频道追加到 '其他': ABN China
2026-08-12 19:09:13,305 - IPTVCollector - INFO - 🌏 自动追加: 长白山电视台 -> ☘️吉林频道
2026-08-12 19:09:13,305 - IPTVCollector - INFO - 📌 未分类频道追加到 '其他': Anhui TV
2026-08-12 19:09:13,306 - IPTVCollector - INFO - 🌏 自动追加: 通化县 -> ☘️吉林频道
2026-08-12 19:09:13,306 - IPTVCollector - INFO - 🎯 Demo 筛选：原始 296 -> 匹配/分类后 296 个频道
2026-08-12 19:09:13,306 - IPTVCollector - INFO - 📊 Demo筛选后: 296
2026-08-12 19:09:13,307 - IPTVCollector - INFO - ✅ M3U 文件已生成: output/tv.m3u
2026-08-12 19:09:13,308 - IPTVCollector - INFO - ✅ TXT 文件已生成: output/tv.txt
2026-08-12 19:09:13,308 - IPTVCollector - INFO - ✅ 多源 M3U 文件已生成: output/tv_multi.m3u
2026-08-12 19:09:13,311 - IPTVCollector - INFO - ✅ JSON API 已生成: output/channels.json
2026-08-12 19:09:13,312 - IPTVCollector - INFO - ✅ 精简版已生成: output/tv_lite.m3u
2026-08-12 19:09:13,312 - IPTVCollector - INFO - ✅ M3U 文件已生成: output/tv_epg.m3u
2026-08-12 19:09:13,312 - IPTVCollector - INFO - 🚀 IPTV 自治系统启动
2026-08-12 19:09:13,312 - IPTVCollector - INFO - ⏭️ 跳过发现阶段
2026-08-12 19:09:13,313 - IPTVCollector - INFO - ==================================================
阶段2: 从缓存观察候选源
==================================================
2026-08-12 19:09:13,340 - IPTVCollector - INFO -   📊 观察进度: 100/276，稳定 0 个
2026-08-12 19:09:13,363 - IPTVCollector - INFO -   📊 观察进度: 200/276，稳定 0 个
2026-08-12 19:09:13,381 - IPTVCollector - INFO - ✅ 观察阶段完成: 0 个源达到稳定标准
2026-08-12 19:09:13,381 - IPTVCollector - INFO - ==================================================
阶段3: 提升稳定源
==================================================
2026-08-12 19:09:13,381 - IPTVCollector - INFO - 📭 没有稳定的候选源需要提升
2026-08-12 19:09:13,382 - IPTVCollector - INFO - 📊 自治模式统计:
2026-08-12 19:09:13,382 - IPTVCollector - INFO -   候选池总数: 816, 观察中: 276, 稳定: 529
2026-08-12 19:09:13,382 - IPTVCollector - INFO -   本次新提升: 0
2026-08-12 19:09:13,382 - IPTVCollector - INFO - 🎉 全部完成！
2026-08-13 02:19:19,981 - IPTVCollector - INFO - 🚀 IPTV 智能整理平台启动
2026-08-13 02:19:19,983 - IPTVCollector - INFO - ✅ 数据库缓存已启用: data/iptv_cache.db
2026-08-13 02:19:20,033 - IPTVCollector - INFO - 📌 CCTV-1 已设为固定源 (auto_optimize=True)
2026-08-13 02:19:20,034 - IPTVCollector - INFO - 📌 CCTV-2 已设为固定源 (auto_optimize=True)
2026-08-13 02:19:20,036 - IPTVCollector - INFO - 📌 CCTV-3 已设为固定源 (auto_optimize=True)
2026-08-13 02:19:20,037 - IPTVCollector - INFO - 📌 CCTV-4 已设为固定源 (auto_optimize=True)
2026-08-13 02:19:20,038 - IPTVCollector - INFO - 📌 CCTV-5 已设为固定源 (auto_optimize=True)
2026-08-13 02:19:20,039 - IPTVCollector - INFO - 📌 CCTV-5+ 已设为固定源 (auto_optimize=True)
2026-08-13 02:19:20,040 - IPTVCollector - INFO - 📌 CCTV-6 已设为固定源 (auto_optimize=True)
2026-08-13 02:19:20,041 - IPTVCollector - INFO - 📌 CCTV-7 已设为固定源 (auto_optimize=True)
2026-08-13 02:19:20,042 - IPTVCollector - INFO - 📌 CCTV-8 已设为固定源 (auto_optimize=True)
2026-08-13 02:19:20,043 - IPTVCollector - INFO - 📌 CCTV-9 已设为固定源 (auto_optimize=True)
2026-08-13 02:19:20,044 - IPTVCollector - INFO - 📌 CCTV-10 已设为固定源 (auto_optimize=True)
2026-08-13 02:19:20,045 - IPTVCollector - INFO - 📌 CCTV-11 已设为固定源 (auto_optimize=True)
2026-08-13 02:19:20,046 - IPTVCollector - INFO - 📌 CCTV-12 已设为固定源 (auto_optimize=True)
2026-08-13 02:19:20,047 - IPTVCollector - INFO - 📌 CCTV-13 已设为固定源 (auto_optimize=True)
2026-08-13 02:19:20,049 - IPTVCollector - INFO - 📌 CCTV-14 已设为固定源 (auto_optimize=True)
2026-08-13 02:19:20,065 - IPTVCollector - INFO - 📌 CCTV-15 已设为固定源 (auto_optimize=True)
2026-08-13 02:19:20,073 - IPTVCollector - INFO - 📌 CCTV-16 已设为固定源 (auto_optimize=True)
2026-08-13 02:19:20,127 - IPTVCollector - INFO - 📌 CCTV-17 已设为固定源 (auto_optimize=True)
2026-08-13 02:19:20,129 - IPTVCollector - INFO - 📌 CCTV4欧洲 已设为固定源 (auto_optimize=True)
2026-08-13 02:19:20,130 - IPTVCollector - INFO - 📌 CCTV4美洲 已设为固定源 (auto_optimize=True)
2026-08-13 02:19:20,130 - IPTVCollector - INFO - 📌 固定源已同步到数据库
2026-08-13 02:19:20,131 - IPTVCollector - INFO - 📋 订阅源解析：普通 11 个，白名单 0 个
2026-08-13 02:19:20,131 - IPTVCollector - INFO - 📋 使用 11 个源
2026-08-13 02:19:38,553 - IPTVCollector - INFO - 📊 测速完成，有效频道: 350 个
2026-08-13 02:19:38,553 - IPTVCollector - INFO - 📊 通过测速的频道数: 350
2026-08-13 02:19:38,624 - IPTVCollector - INFO - 🔍 ffmpeg 深度验证: 0 个需验证，349 个来自缓存/HTTP
2026-08-13 02:19:38,624 - IPTVCollector - INFO - ✅ ffmpeg 验证完成: 通过 349/350 个频道
2026-08-13 02:19:38,625 - IPTVCollector - INFO - 📊 通过ffmpeg验证的频道数: 349
2026-08-13 02:19:38,630 - IPTVCollector - INFO - 📌 已使用 18 个固定源（含自动优化）
2026-08-13 02:19:38,630 - IPTVCollector - INFO - 📊 合并完成: 共 304 个频道
2026-08-13 02:19:38,631 - IPTVCollector - INFO - 📊 合并后的频道数: 304
2026-08-13 02:19:38,652 - IPTVCollector - INFO - 📊 黑名单过滤后: 287
2026-08-13 02:19:38,653 - IPTVCollector - INFO - 📋 从 demo.txt 解析到 3541 个有序频道
2026-08-13 02:19:38,656 - IPTVCollector - INFO - 📋 从 demo.txt 解析到 3541 个有序频道
2026-08-13 02:20:21,519 - IPTVCollector - INFO - 📌 未分类频道追加到 '其他': Supreme Master TV
2026-08-13 02:20:21,519 - IPTVCollector - INFO - 📌 未分类频道追加到 '其他': CNA
2026-08-13 02:20:21,520 - IPTVCollector - INFO - 📌 未分类频道追加到 '其他': TVB News
2026-08-13 02:20:21,520 - IPTVCollector - INFO - 📌 未分类频道追加到 '其他': 音乐欣赏
2026-08-13 02:20:21,520 - IPTVCollector - INFO - 📌 未分类频道追加到 '其他': Newsmax
2026-08-13 02:20:21,520 - IPTVCollector - INFO - 📌 未分类频道追加到 '其他': Wild Earth
2026-08-13 02:20:21,520 - IPTVCollector - INFO - 📌 未分类频道追加到 '其他': 岭南戏曲
2026-08-13 02:20:21,520 - IPTVCollector - INFO - 📌 未分类频道追加到 '其他': 现代教育
2026-08-13 02:20:21,520 - IPTVCollector - INFO - 📌 未分类频道追加到 '其他': Dali TV
2026-08-13 02:20:21,521 - IPTVCollector - INFO - 📌 未分类频道追加到 '其他': Beautiful Life TV
2026-08-13 02:20:21,521 - IPTVCollector - INFO - 📌 未分类频道追加到 '其他': Good 2
2026-08-13 02:20:21,521 - IPTVCollector - INFO - 📌 未分类频道追加到 '其他': Good
2026-08-13 02:20:21,521 - IPTVCollector - INFO - 📌 未分类频道追加到 '其他': Arirang
2026-08-13 02:20:21,521 - IPTVCollector - INFO - 📌 未分类频道追加到 '其他': Trace Sports
2026-08-13 02:20:21,521 - IPTVCollector - INFO - 📌 未分类频道追加到 '其他': 春晚2025
2026-08-13 02:20:21,521 - IPTVCollector - INFO - 📌 未分类频道追加到 '其他': 倩女幽魂妖魔道
2026-08-13 02:20:21,521 - IPTVCollector - INFO - 📌 未分类频道追加到 '其他': WionNews
2026-08-13 02:20:21,522 - IPTVCollector - INFO - 📌 未分类频道追加到 '其他': 倩女幽魂道道道
2026-08-13 02:20:21,522 - IPTVCollector - INFO - 📌 未分类频道追加到 '其他': Pet Club TV
2026-08-13 02:20:21,522 - IPTVCollector - INFO - 📌 未分类频道追加到 '其他': 环球电视
2026-08-13 02:20:21,522 - IPTVCollector - INFO - 📌 未分类频道追加到 '其他': 倩女幽魂人间道
2026-08-13 02:20:21,522 - IPTVCollector - INFO - 📌 未分类频道追加到 '其他': 2024年春晚
2026-08-13 02:20:21,522 - IPTVCollector - INFO - 📌 未分类频道追加到 '其他': 春晚2024
2026-08-13 02:20:21,522 - IPTVCollector - INFO - 🌏 自动追加: 浙江 Ⅰ 绍兴影视 -> ☘️浙江频道
2026-08-13 02:20:21,523 - IPTVCollector - INFO - 🌏 自动追加: 浙江 Ⅰ 绍兴综合 -> ☘️浙江频道
2026-08-13 02:20:21,524 - IPTVCollector - INFO - 🌏 自动追加: 长白山电视台 -> ☘️吉林频道
2026-08-13 02:20:21,524 - IPTVCollector - INFO - 📌 未分类频道追加到 '其他': 东南卫视
2026-08-13 02:20:21,525 - IPTVCollector - INFO - 🌏 自动追加: 通化县 -> ☘️吉林频道
2026-08-13 02:20:21,525 - IPTVCollector - INFO - 📌 未分类频道追加到 '其他': 南方卫视
2026-08-13 02:20:21,525 - IPTVCollector - INFO - 📌 未分类频道追加到 '其他': Anhui TV
2026-08-13 02:20:21,525 - IPTVCollector - INFO - 📌 未分类频道追加到 '其他': ABN China
2026-08-13 02:20:21,526 - IPTVCollector - INFO - 📌 未分类频道追加到 '其他': 大立电视台
2026-08-13 02:20:21,526 - IPTVCollector - INFO - 🌏 自动追加: 绍兴电视台公共 -> ☘️浙江频道
2026-08-13 02:20:21,526 - IPTVCollector - INFO - 📌 未分类频道追加到 '其他': 耀才财经
2026-08-13 02:20:21,526 - IPTVCollector - INFO - 📌 未分类频道追加到 '其他': 龙门飞甲
2026-08-13 02:20:21,526 - IPTVCollector - INFO - 📌 未分类频道追加到 '其他': 广东影视
2026-08-13 02:20:21,526 - IPTVCollector - INFO - 📌 未分类频道追加到 '其他': 伊犁经济法制
2026-08-13 02:20:21,527 - IPTVCollector - INFO - 📌 未分类频道追加到 '其他': 玛纳斯
2026-08-13 02:20:21,527 - IPTVCollector - INFO - 📌 未分类频道追加到 '其他': 玛纳斯综合
2026-08-13 02:20:21,527 - IPTVCollector - INFO - 📌 未分类频道追加到 '其他': 奎屯汉语
2026-08-13 02:20:21,527 - IPTVCollector - INFO - 📌 未分类频道追加到 '其他': 浙江钱江都市
2026-08-13 02:20:21,527 - IPTVCollector - INFO - 📌 未分类频道追加到 '其他': Home Plus
2026-08-13 02:20:21,527 - IPTVCollector - INFO - 📌 未分类频道追加到 '其他': 数码时代
2026-08-13 02:20:21,527 - IPTVCollector - INFO - 📌 未分类频道追加到 '其他': Chifeng Comprehensive News Chanel
2026-08-13 02:20:21,528 - IPTVCollector - INFO - 📌 未分类频道追加到 '其他': Harbin Comprehensive News Channel
2026-08-13 02:20:21,528 - IPTVCollector - INFO - 📌 未分类频道追加到 '其他': Siping TV
2026-08-13 02:20:21,528 - IPTVCollector - INFO - 📌 未分类频道追加到 '其他': Harbin Movie Channel
2026-08-13 02:20:21,528 - IPTVCollector - INFO - 📌 未分类频道追加到 '其他': Nei Monggol TV [Not 24/7]
2026-08-13 02:20:21,528 - IPTVCollector - INFO - 📌 未分类频道追加到 '其他': VOA美国之音
2026-08-13 02:20:21,528 - IPTVCollector - INFO - 📌 未分类频道追加到 '其他': Nei Monggol TV 2 Mongolian Culture Channel [Not 24/7]
2026-08-13 02:20:21,529 - IPTVCollector - INFO - 📌 未分类频道追加到 '其他': Xinjiang TV 2
2026-08-13 02:20:21,529 - IPTVCollector - INFO - 📌 未分类频道追加到 '其他': Hunan TV
2026-08-13 02:20:21,529 - IPTVCollector - INFO - 📌 未分类频道追加到 '其他': Xinjiang TV 3
2026-08-13 02:20:21,529 - IPTVCollector - INFO - 📌 未分类频道追加到 '其他': 浙江教科影院
2026-08-13 02:20:21,529 - IPTVCollector - INFO - 📌 未分类频道追加到 '其他': 浙江教育
2026-08-13 02:20:21,529 - IPTVCollector - INFO - 📌 未分类频道追加到 '其他': TV BRICS Chinese
2026-08-13 02:20:21,529 - IPTVCollector - INFO - 📌 未分类频道追加到 '其他': 浙江民生休闲
2026-08-13 02:20:21,530 - IPTVCollector - INFO - 📌 未分类频道追加到 '其他': 凤凰中文
2026-08-13 02:20:21,530 - IPTVCollector - INFO - 📌 未分类频道追加到 '其他': Dragon TV International
2026-08-13 02:20:21,530 - IPTVCollector - INFO - 📌 未分类频道追加到 '其他': CGTN Documentary
2026-08-13 02:20:21,530 - IPTVCollector - INFO - 📌 未分类频道追加到 '其他': 浙江经济
2026-08-13 02:20:21,530 - IPTVCollector - INFO - 📌 未分类频道追加到 '其他': 凤凰资讯
2026-08-13 02:20:21,530 - IPTVCollector - INFO - 🌏 自动追加: 凤凰香港 -> 🌊港·澳·台
2026-08-13 02:20:21,530 - IPTVCollector - INFO - 📌 未分类频道追加到 '其他': 前郭综合 [Geo-blocked]
2026-08-13 02:20:21,530 - IPTVCollector - INFO - 📌 未分类频道追加到 '其他': 浙江生活
2026-08-13 02:20:21,531 - IPTVCollector - INFO - 📌 未分类频道追加到 '其他': 韩国电影1
2026-08-13 02:20:21,532 - IPTVCollector - INFO - 🌏 自动追加: 武汉一台新闻综合 -> ☘️湖北频道
2026-08-13 02:20:21,532 - IPTVCollector - INFO - 📌 未分类频道追加到 '其他': Hebei TV
2026-08-13 02:20:21,532 - IPTVCollector - INFO - 📌 未分类频道追加到 '其他': 韩国电影2
2026-08-13 02:20:21,533 - IPTVCollector - INFO - 🌏 自动追加: 四平新闻综合 [Geo-blocked] -> ☘️吉林频道
2026-08-13 02:20:21,533 - IPTVCollector - INFO - 📌 未分类频道追加到 '其他': 延边新闻综合 [Geo-blocked]
2026-08-13 02:20:21,533 - IPTVCollector - INFO - 📌 未分类频道追加到 '其他': 江津经济生活
2026-08-13 02:20:21,533 - IPTVCollector - INFO - 📌 未分类频道追加到 '其他': 都市青春
2026-08-13 02:20:21,534 - IPTVCollector - INFO - 🌏 自动追加: 松原新闻综合 [Geo-blocked] -> ☘️吉林频道
2026-08-13 02:20:21,535 - IPTVCollector - INFO - 📌 未分类频道追加到 '其他': 江津新闻
2026-08-13 02:20:21,536 - IPTVCollector - INFO - 🌏 自动追加: 白山新闻综合 [Geo-blocked] -> ☘️吉林频道
2026-08-13 02:20:21,536 - IPTVCollector - INFO - 📌 未分类频道追加到 '其他': 陕西新闻咨询
2026-08-13 02:20:21,536 - IPTVCollector - INFO - 📌 未分类频道追加到 '其他': 辽新闻综合 [Geo-blocked]
2026-08-13 02:20:21,537 - IPTVCollector - INFO - 🌏 自动追加: 通化新闻 [Geo-blocked] -> ☘️吉林频道
2026-08-13 02:20:21,537 - IPTVCollector - INFO - 📌 未分类频道追加到 '其他': 集安综合 [Geo-blocked]
2026-08-13 02:20:21,537 - IPTVCollector - INFO - 📌 未分类频道追加到 '其他': FZTV3
2026-08-13 02:20:21,537 - IPTVCollector - INFO - 📌 未分类频道追加到 '其他': 荣昌综合 [Not 24/7]
2026-08-13 02:20:21,537 - IPTVCollector - INFO - 📌 未分类频道追加到 '其他': 靖江新闻綜合 [Not 24/7]
2026-08-13 02:20:21,539 - IPTVCollector - INFO - 🌏 自动追加: 哈尔滨都市咨询 -> ☘️黑龙江频道
2026-08-13 02:20:21,539 - IPTVCollector - INFO - 📌 未分类频道追加到 '其他': 无线新闻台
2026-08-13 02:20:21,539 - IPTVCollector - INFO - 📌 未分类频道追加到 '其他': 华丽翡翠台
2026-08-13 02:20:21,539 - IPTVCollector - INFO - 📌 未分类频道追加到 '其他': 新闻咨询
2026-08-13 02:20:21,539 - IPTVCollector - INFO - 🌏 自动追加: 上海卫视 -> ☘️上海频道
2026-08-13 02:20:21,539 - IPTVCollector - INFO - 📌 未分类频道追加到 '其他': 飞碟之谜01
2026-08-13 02:20:21,539 - IPTVCollector - INFO - 📌 未分类频道追加到 '其他': 韩国EBS少儿
2026-08-13 02:20:21,539 - IPTVCollector - INFO - 🎯 Demo 筛选：原始 287 -> 匹配/分类后 287 个频道
2026-08-13 02:20:21,540 - IPTVCollector - INFO - 📊 Demo筛选后: 287
2026-08-13 02:20:21,540 - IPTVCollector - INFO - ✅ M3U 文件已生成: output/tv.m3u
2026-08-13 02:20:21,541 - IPTVCollector - INFO - ✅ TXT 文件已生成: output/tv.txt
2026-08-13 02:20:21,541 - IPTVCollector - INFO - ✅ 多源 M3U 文件已生成: output/tv_multi.m3u
2026-08-13 02:20:21,543 - IPTVCollector - INFO - ✅ JSON API 已生成: output/channels.json
2026-08-13 02:20:21,544 - IPTVCollector - INFO - ✅ 精简版已生成: output/tv_lite.m3u
2026-08-13 02:20:21,544 - IPTVCollector - INFO - ✅ M3U 文件已生成: output/tv_epg.m3u
2026-08-13 02:20:21,544 - IPTVCollector - INFO - 🚀 IPTV 自治系统启动
2026-08-13 02:20:21,544 - IPTVCollector - INFO - ⏭️ 跳过发现阶段
2026-08-13 02:20:21,544 - IPTVCollector - INFO - ==================================================
阶段2: 从缓存观察候选源
==================================================
2026-08-13 02:20:21,566 - IPTVCollector - INFO -   📊 观察进度: 100/272，稳定 0 个
2026-08-13 02:20:21,579 - IPTVCollector - INFO -   📊 观察进度: 200/272，稳定 0 个
2026-08-13 02:20:21,589 - IPTVCollector - INFO - ✅ 观察阶段完成: 0 个源达到稳定标准
2026-08-13 02:20:21,589 - IPTVCollector - INFO - ==================================================
阶段3: 提升稳定源
==================================================
2026-08-13 02:20:21,589 - IPTVCollector - INFO - 📭 没有稳定的候选源需要提升
2026-08-13 02:20:21,589 - IPTVCollector - INFO - 📊 自治模式统计:
2026-08-13 02:20:21,589 - IPTVCollector - INFO -   候选池总数: 816, 观察中: 272, 稳定: 533
2026-08-13 02:20:21,590 - IPTVCollector - INFO -   本次新提升: 0
2026-08-13 02:20:21,590 - IPTVCollector - INFO - 🎉 全部完成！
2026-08-13 07:40:50,102 - IPTVCollector - INFO - 🚀 IPTV 智能整理平台启动
2026-08-13 07:40:50,104 - IPTVCollector - INFO - ✅ 数据库缓存已启用: data/iptv_cache.db
2026-08-13 07:40:50,106 - IPTVCollector - INFO - 📌 CCTV-1 已设为固定源 (auto_optimize=True)
2026-08-13 07:40:50,108 - IPTVCollector - INFO - 📌 CCTV-2 已设为固定源 (auto_optimize=True)
2026-08-13 07:40:50,109 - IPTVCollector - INFO - 📌 CCTV-3 已设为固定源 (auto_optimize=True)
2026-08-13 07:40:50,110 - IPTVCollector - INFO - 📌 CCTV-4 已设为固定源 (auto_optimize=True)
2026-08-13 07:40:50,111 - IPTVCollector - INFO - 📌 CCTV-5 已设为固定源 (auto_optimize=True)
2026-08-13 07:40:50,112 - IPTVCollector - INFO - 📌 CCTV-5+ 已设为固定源 (auto_optimize=True)
2026-08-13 07:40:50,113 - IPTVCollector - INFO - 📌 CCTV-6 已设为固定源 (auto_optimize=True)
2026-08-13 07:40:50,115 - IPTVCollector - INFO - 📌 CCTV-7 已设为固定源 (auto_optimize=True)
2026-08-13 07:40:50,116 - IPTVCollector - INFO - 📌 CCTV-8 已设为固定源 (auto_optimize=True)
2026-08-13 07:40:50,117 - IPTVCollector - INFO - 📌 CCTV-9 已设为固定源 (auto_optimize=True)
2026-08-13 07:40:50,118 - IPTVCollector - INFO - 📌 CCTV-10 已设为固定源 (auto_optimize=True)
2026-08-13 07:40:50,119 - IPTVCollector - INFO - 📌 CCTV-11 已设为固定源 (auto_optimize=True)
2026-08-13 07:40:50,120 - IPTVCollector - INFO - 📌 CCTV-12 已设为固定源 (auto_optimize=True)
2026-08-13 07:40:50,121 - IPTVCollector - INFO - 📌 CCTV-13 已设为固定源 (auto_optimize=True)
2026-08-13 07:40:50,122 - IPTVCollector - INFO - 📌 CCTV-14 已设为固定源 (auto_optimize=True)
2026-08-13 07:40:50,123 - IPTVCollector - INFO - 📌 CCTV-15 已设为固定源 (auto_optimize=True)
2026-08-13 07:40:50,124 - IPTVCollector - INFO - 📌 CCTV-16 已设为固定源 (auto_optimize=True)
2026-08-13 07:40:50,125 - IPTVCollector - INFO - 📌 CCTV-17 已设为固定源 (auto_optimize=True)
2026-08-13 07:40:50,126 - IPTVCollector - INFO - 📌 CCTV4欧洲 已设为固定源 (auto_optimize=True)
2026-08-13 07:40:50,128 - IPTVCollector - INFO - 📌 CCTV4美洲 已设为固定源 (auto_optimize=True)
2026-08-13 07:40:50,128 - IPTVCollector - INFO - 📌 固定源已同步到数据库
2026-08-13 07:40:50,128 - IPTVCollector - INFO - 📋 订阅源解析：普通 11 个，白名单 0 个
2026-08-13 07:40:50,128 - IPTVCollector - INFO - 📋 使用 11 个源
2026-08-13 07:41:15,264 - IPTVCollector - INFO - 📊 测速完成，有效频道: 339 个
2026-08-13 07:41:15,264 - IPTVCollector - INFO - 📊 通过测速的频道数: 339
2026-08-13 07:41:15,571 - IPTVCollector - INFO - 🔍 ffmpeg 深度验证: 0 个需验证，338 个来自缓存/HTTP
2026-08-13 07:41:15,571 - IPTVCollector - INFO - ✅ ffmpeg 验证完成: 通过 338/339 个频道
2026-08-13 07:41:15,571 - IPTVCollector - INFO - 📊 通过ffmpeg验证的频道数: 338
2026-08-13 07:41:15,578 - IPTVCollector - INFO - 📌 已使用 18 个固定源（含自动优化）
2026-08-13 07:41:15,578 - IPTVCollector - INFO - 📊 合并完成: 共 294 个频道
2026-08-13 07:41:15,578 - IPTVCollector - INFO - 📊 合并后的频道数: 294
2026-08-13 07:41:15,606 - IPTVCollector - INFO - 📊 黑名单过滤后: 277
2026-08-13 07:41:15,608 - IPTVCollector - INFO - 📋 从 demo.txt 解析到 3541 个有序频道
2026-08-13 07:41:15,610 - IPTVCollector - INFO - 📋 从 demo.txt 解析到 3541 个有序频道
2026-08-13 07:42:22,183 - IPTVCollector - INFO - 📌 未分类频道追加到 '其他': Newsmax
2026-08-13 07:42:22,183 - IPTVCollector - INFO - 📌 未分类频道追加到 '其他': Supreme Master TV
2026-08-13 07:42:22,183 - IPTVCollector - INFO - 📌 未分类频道追加到 '其他': TVB News
2026-08-13 07:42:22,183 - IPTVCollector - INFO - 📌 未分类频道追加到 '其他': CNA
2026-08-13 07:42:22,184 - IPTVCollector - INFO - 📌 未分类频道追加到 '其他': Trace Sports
2026-08-13 07:42:22,184 - IPTVCollector - INFO - 📌 未分类频道追加到 '其他': 南方卫视
2026-08-13 07:42:22,184 - IPTVCollector - INFO - 📌 未分类频道追加到 '其他': Wild Earth
2026-08-13 07:42:22,184 - IPTVCollector - INFO - 📌 未分类频道追加到 '其他': Dali TV
2026-08-13 07:42:22,185 - IPTVCollector - INFO - 📌 未分类频道追加到 '其他': Good
2026-08-13 07:42:22,185 - IPTVCollector - INFO - 📌 未分类频道追加到 '其他': Good 2
2026-08-13 07:42:22,185 - IPTVCollector - INFO - 📌 未分类频道追加到 '其他': Pet Club TV
2026-08-13 07:42:22,185 - IPTVCollector - INFO - 📌 未分类频道追加到 '其他': 春晚2025
2026-08-13 07:42:22,185 - IPTVCollector - INFO - 📌 未分类频道追加到 '其他': RT Français
2026-08-13 07:42:22,186 - IPTVCollector - INFO - 📌 未分类频道追加到 '其他': WionNews
2026-08-13 07:42:22,186 - IPTVCollector - INFO - 📌 未分类频道追加到 '其他': 环球电视
2026-08-13 07:42:22,186 - IPTVCollector - INFO - 📌 未分类频道追加到 '其他': 倩女幽魂人间道
2026-08-13 07:42:22,186 - IPTVCollector - INFO - 📌 未分类频道追加到 '其他': 倩女幽魂妖魔道
2026-08-13 07:42:22,186 - IPTVCollector - INFO - 📌 未分类频道追加到 '其他': 倩女幽魂道道道
2026-08-13 07:42:22,187 - IPTVCollector - INFO - 📌 未分类频道追加到 '其他': 大立电视台
2026-08-13 07:42:22,187 - IPTVCollector - INFO - 📌 未分类频道追加到 '其他': 春晚2024
2026-08-13 07:42:22,187 - IPTVCollector - INFO - 📌 未分类频道追加到 '其他': Anhui TV
2026-08-13 07:42:22,187 - IPTVCollector - INFO - 📌 未分类频道追加到 '其他': ABN China
2026-08-13 07:42:22,187 - IPTVCollector - INFO - 📌 未分类频道追加到 '其他': 耀才财经
2026-08-13 07:42:22,188 - IPTVCollector - INFO - 🌏 自动追加: 绍兴电视台公共 -> ☘️浙江频道
2026-08-13 07:42:22,188 - IPTVCollector - INFO - 📌 未分类频道追加到 '其他': 龙门飞甲
2026-08-13 07:42:22,188 - IPTVCollector - INFO - 📌 未分类频道追加到 '其他': 广东影视
2026-08-13 07:42:22,188 - IPTVCollector - INFO - 🌏 自动追加: 浙江 Ⅰ 绍兴综合 -> ☘️浙江频道
2026-08-13 07:42:22,189 - IPTVCollector - INFO - 📌 未分类频道追加到 '其他': 玛纳斯
2026-08-13 07:42:22,189 - IPTVCollector - INFO - 📌 未分类频道追加到 '其他': 玛纳斯综合
2026-08-13 07:42:22,189 - IPTVCollector - INFO - 📌 未分类频道追加到 '其他': 奎屯汉语
2026-08-13 07:42:22,189 - IPTVCollector - INFO - 📌 未分类频道追加到 '其他': 伊犁经济法制
2026-08-13 07:42:22,190 - IPTVCollector - INFO - 🌏 自动追加: 浙江 Ⅰ 绍兴影视 -> ☘️浙江频道
2026-08-13 07:42:22,190 - IPTVCollector - INFO - 📌 未分类频道追加到 '其他': 浙江钱江都市
2026-08-13 07:42:22,190 - IPTVCollector - INFO - 📌 未分类频道追加到 '其他': Home Plus
2026-08-13 07:42:22,190 - IPTVCollector - INFO - 📌 未分类频道追加到 '其他': 数码时代
2026-08-13 07:42:22,190 - IPTVCollector - INFO - 📌 未分类频道追加到 '其他': Chifeng Comprehensive News Chanel
2026-08-13 07:42:22,191 - IPTVCollector - INFO - 📌 未分类频道追加到 '其他': VOA美国之音
2026-08-13 07:42:22,191 - IPTVCollector - INFO - 📌 未分类频道追加到 '其他': Nei Monggol TV [Not 24/7]
2026-08-13 07:42:22,191 - IPTVCollector - INFO - 📌 未分类频道追加到 '其他': 浙江教科影院
2026-08-13 07:42:22,191 - IPTVCollector - INFO - 📌 未分类频道追加到 '其他': 浙江教育
2026-08-13 07:42:22,191 - IPTVCollector - INFO - 📌 未分类频道追加到 '其他': TV BRICS Chinese
2026-08-13 07:42:22,192 - IPTVCollector - INFO - 📌 未分类频道追加到 '其他': Harbin Comprehensive News Channel
2026-08-13 07:42:22,192 - IPTVCollector - INFO - 📌 未分类频道追加到 '其他': Nei Monggol TV 2 Mongolian Culture Channel [Not 24/7]
2026-08-13 07:42:22,192 - IPTVCollector - INFO - 📌 未分类频道追加到 '其他': Xinjiang TV 2
2026-08-13 07:42:22,192 - IPTVCollector - INFO - 📌 未分类频道追加到 '其他': Siping TV
2026-08-13 07:42:22,192 - IPTVCollector - INFO - 📌 未分类频道追加到 '其他': 浙江民生休闲
2026-08-13 07:42:22,193 - IPTVCollector - INFO - 📌 未分类频道追加到 '其他': Harbin Movie Channel
2026-08-13 07:42:22,193 - IPTVCollector - INFO - 📌 未分类频道追加到 '其他': Xinjiang TV 3
2026-08-13 07:42:22,193 - IPTVCollector - INFO - 📌 未分类频道追加到 '其他': 浙江经济
2026-08-13 07:42:22,193 - IPTVCollector - INFO - 📌 未分类频道追加到 '其他': Hunan TV
2026-08-13 07:42:22,193 - IPTVCollector - INFO - 📌 未分类频道追加到 '其他': 浙江生活
2026-08-13 07:42:22,194 - IPTVCollector - INFO - 📌 未分类频道追加到 '其他': CGTN Documentary
2026-08-13 07:42:22,194 - IPTVCollector - INFO - 📌 未分类频道追加到 '其他': 凤凰中文
2026-08-13 07:42:22,194 - IPTVCollector - INFO - 📌 未分类频道追加到 '其他': 凤凰资讯
2026-08-13 07:42:22,194 - IPTVCollector - INFO - 🌏 自动追加: 凤凰香港 -> 🌊港·澳·台
2026-08-13 07:42:22,194 - IPTVCollector - INFO - 📌 未分类频道追加到 '其他': 韩国电影1
2026-08-13 07:42:22,194 - IPTVCollector - INFO - 📌 未分类频道追加到 '其他': 韩国电影2
2026-08-13 07:42:22,195 - IPTVCollector - INFO - 📌 未分类频道追加到 '其他': Dragon TV International
2026-08-13 07:42:22,195 - IPTVCollector - INFO - 📌 未分类频道追加到 '其他': Hebei TV
2026-08-13 07:42:22,196 - IPTVCollector - INFO - 🌏 自动追加: 武汉一台新闻综合 -> ☘️湖北频道
2026-08-13 07:42:22,198 - IPTVCollector - INFO - 🌏 自动追加: 四平新闻综合 [Geo-blocked] -> ☘️吉林频道
2026-08-13 07:42:22,199 - IPTVCollector - INFO - 🌏 自动追加: 长白山电视台 -> ☘️吉林频道
2026-08-13 07:42:22,199 - IPTVCollector - INFO - 📌 未分类频道追加到 '其他': 都市青春
2026-08-13 07:42:22,199 - IPTVCollector - INFO - 📌 未分类频道追加到 '其他': 河南电视剧
2026-08-13 07:42:22,200 - IPTVCollector - INFO - 📌 未分类频道追加到 '其他': 江津经济生活
2026-08-13 07:42:22,200 - IPTVCollector - INFO - 📌 未分类频道追加到 '其他': 前郭综合 [Geo-blocked]
2026-08-13 07:42:22,200 - IPTVCollector - INFO - 📌 未分类频道追加到 '其他': 陕西新闻咨询
2026-08-13 07:42:22,200 - IPTVCollector - INFO - 📌 未分类频道追加到 '其他': 江津新闻
2026-08-13 07:42:22,202 - IPTVCollector - INFO - 🌏 自动追加: 通化县 -> ☘️吉林频道
2026-08-13 07:42:22,202 - IPTVCollector - INFO - 📌 未分类频道追加到 '其他': FZTV3
2026-08-13 07:42:22,202 - IPTVCollector - INFO - 📌 未分类频道追加到 '其他': 辽新闻综合 [Geo-blocked]
2026-08-13 07:42:22,203 - IPTVCollector - INFO - 🌏 自动追加: 白山新闻综合 [Geo-blocked] -> ☘️吉林频道
2026-08-13 07:42:22,205 - IPTVCollector - INFO - 🌏 自动追加: 哈尔滨都市咨询 -> ☘️黑龙江频道
2026-08-13 07:42:22,206 - IPTVCollector - INFO - 🌏 自动追加: 通化新闻 [Geo-blocked] -> ☘️吉林频道
2026-08-13 07:42:22,207 - IPTVCollector - INFO - 🌏 自动追加: 长春综合 [Geo-blocked] -> ☘️吉林频道
2026-08-13 07:42:22,208 - IPTVCollector - INFO - 📌 未分类频道追加到 '其他': 华丽翡翠台
2026-08-13 07:42:22,208 - IPTVCollector - INFO - 📌 未分类频道追加到 '其他': 集安综合 [Geo-blocked]
2026-08-13 07:42:22,208 - IPTVCollector - INFO - 📌 未分类频道追加到 '其他': 无线新闻台
2026-08-13 07:42:22,208 - IPTVCollector - INFO - 📌 未分类频道追加到 '其他': 新闻咨询
2026-08-13 07:42:22,208 - IPTVCollector - INFO - 📌 未分类频道追加到 '其他': 音乐欣赏
2026-08-13 07:42:22,209 - IPTVCollector - INFO - 📌 未分类频道追加到 '其他': 现代教育
2026-08-13 07:42:22,209 - IPTVCollector - INFO - 🌏 自动追加: 上海卫视 -> ☘️上海频道
2026-08-13 07:42:22,209 - IPTVCollector - INFO - 📌 未分类频道追加到 '其他': 岭南戏曲
2026-08-13 07:42:22,209 - IPTVCollector - INFO - 📌 未分类频道追加到 '其他': 东南卫视
2026-08-13 07:42:22,209 - IPTVCollector - INFO - 📌 未分类频道追加到 '其他': 2024年春晚
2026-08-13 07:42:22,210 - IPTVCollector - INFO - 📌 未分类频道追加到 '其他': 韩国EBS少儿
2026-08-13 07:42:22,210 - IPTVCollector - INFO - 📌 未分类频道追加到 '其他': Beautiful Life TV
2026-08-13 07:42:22,210 - IPTVCollector - INFO - 📌 未分类频道追加到 '其他': Arirang
2026-08-13 07:42:22,210 - IPTVCollector - INFO - 🎯 Demo 筛选：原始 277 -> 匹配/分类后 277 个频道
2026-08-13 07:42:22,210 - IPTVCollector - INFO - 📊 Demo筛选后: 277
2026-08-13 07:42:22,211 - IPTVCollector - INFO - ✅ M3U 文件已生成: output/tv.m3u
2026-08-13 07:42:22,212 - IPTVCollector - INFO - ✅ TXT 文件已生成: output/tv.txt
2026-08-13 07:42:22,212 - IPTVCollector - INFO - ✅ 多源 M3U 文件已生成: output/tv_multi.m3u
2026-08-13 07:42:22,215 - IPTVCollector - INFO - ✅ JSON API 已生成: output/channels.json
2026-08-13 07:42:22,215 - IPTVCollector - INFO - ✅ 精简版已生成: output/tv_lite.m3u
2026-08-13 07:42:22,215 - IPTVCollector - INFO - ✅ M3U 文件已生成: output/tv_epg.m3u
2026-08-13 07:42:22,216 - IPTVCollector - INFO - 🚀 IPTV 自治系统启动
2026-08-13 07:42:22,216 - IPTVCollector - INFO - ⏭️ 跳过发现阶段
2026-08-13 07:42:22,216 - IPTVCollector - INFO - ==================================================
阶段2: 从缓存观察候选源
==================================================
2026-08-13 07:42:22,253 - IPTVCollector - INFO -   📊 观察进度: 100/278，稳定 0 个
2026-08-13 07:42:22,275 - IPTVCollector - INFO -   📊 观察进度: 200/278，稳定 0 个
2026-08-13 07:42:22,293 - IPTVCollector - INFO - ✅ 观察阶段完成: 0 个源达到稳定标准
2026-08-13 07:42:22,293 - IPTVCollector - INFO - ==================================================
阶段3: 提升稳定源
==================================================
2026-08-13 07:42:22,293 - IPTVCollector - INFO - 📭 没有稳定的候选源需要提升
2026-08-13 07:42:22,293 - IPTVCollector - INFO - 📊 自治模式统计:
2026-08-13 07:42:22,293 - IPTVCollector - INFO -   候选池总数: 816, 观察中: 278, 稳定: 527
2026-08-13 07:42:22,293 - IPTVCollector - INFO -   本次新提升: 0
2026-08-13 07:42:22,294 - IPTVCollector - INFO - 🎉 全部完成！
2026-08-13 13:20:27,804 - IPTVCollector - INFO - 🚀 IPTV 智能整理平台启动
2026-08-13 13:20:27,806 - IPTVCollector - INFO - ✅ 数据库缓存已启用: data/iptv_cache.db
2026-08-13 13:20:27,812 - IPTVCollector - INFO - 📌 CCTV-1 已设为固定源 (auto_optimize=True)
2026-08-13 13:20:27,813 - IPTVCollector - INFO - 📌 CCTV-2 已设为固定源 (auto_optimize=True)
2026-08-13 13:20:27,814 - IPTVCollector - INFO - 📌 CCTV-3 已设为固定源 (auto_optimize=True)
2026-08-13 13:20:27,815 - IPTVCollector - INFO - 📌 CCTV-4 已设为固定源 (auto_optimize=True)
2026-08-13 13:20:27,816 - IPTVCollector - INFO - 📌 CCTV-5 已设为固定源 (auto_optimize=True)
2026-08-13 13:20:27,818 - IPTVCollector - INFO - 📌 CCTV-5+ 已设为固定源 (auto_optimize=True)
2026-08-13 13:20:27,819 - IPTVCollector - INFO - 📌 CCTV-6 已设为固定源 (auto_optimize=True)
2026-08-13 13:20:27,820 - IPTVCollector - INFO - 📌 CCTV-7 已设为固定源 (auto_optimize=True)
2026-08-13 13:20:27,822 - IPTVCollector - INFO - 📌 CCTV-8 已设为固定源 (auto_optimize=True)
2026-08-13 13:20:27,823 - IPTVCollector - INFO - 📌 CCTV-9 已设为固定源 (auto_optimize=True)
2026-08-13 13:20:27,824 - IPTVCollector - INFO - 📌 CCTV-10 已设为固定源 (auto_optimize=True)
2026-08-13 13:20:27,825 - IPTVCollector - INFO - 📌 CCTV-11 已设为固定源 (auto_optimize=True)
2026-08-13 13:20:27,826 - IPTVCollector - INFO - 📌 CCTV-12 已设为固定源 (auto_optimize=True)
2026-08-13 13:20:27,827 - IPTVCollector - INFO - 📌 CCTV-13 已设为固定源 (auto_optimize=True)
2026-08-13 13:20:27,828 - IPTVCollector - INFO - 📌 CCTV-14 已设为固定源 (auto_optimize=True)
2026-08-13 13:20:27,829 - IPTVCollector - INFO - 📌 CCTV-15 已设为固定源 (auto_optimize=True)
2026-08-13 13:20:27,831 - IPTVCollector - INFO - 📌 CCTV-16 已设为固定源 (auto_optimize=True)
2026-08-13 13:20:27,832 - IPTVCollector - INFO - 📌 CCTV-17 已设为固定源 (auto_optimize=True)
2026-08-13 13:20:27,833 - IPTVCollector - INFO - 📌 CCTV4欧洲 已设为固定源 (auto_optimize=True)
2026-08-13 13:20:27,834 - IPTVCollector - INFO - 📌 CCTV4美洲 已设为固定源 (auto_optimize=True)
2026-08-13 13:20:27,834 - IPTVCollector - INFO - 📌 固定源已同步到数据库
2026-08-13 13:20:27,835 - IPTVCollector - INFO - 📋 订阅源解析：普通 11 个，白名单 0 个
2026-08-13 13:20:27,835 - IPTVCollector - INFO - 📋 使用 11 个源
2026-08-13 13:20:53,442 - IPTVCollector - INFO - 📊 测速完成，有效频道: 343 个
2026-08-13 13:20:53,442 - IPTVCollector - INFO - 📊 通过测速的频道数: 343
2026-08-13 13:20:53,789 - IPTVCollector - INFO - 🔍 ffmpeg 深度验证: 0 个需验证，342 个来自缓存/HTTP
2026-08-13 13:20:53,789 - IPTVCollector - INFO - ✅ ffmpeg 验证完成: 通过 342/343 个频道
2026-08-13 13:20:53,790 - IPTVCollector - INFO - 📊 通过ffmpeg验证的频道数: 342
2026-08-13 13:20:53,797 - IPTVCollector - INFO - 📌 已使用 18 个固定源（含自动优化）
2026-08-13 13:20:53,797 - IPTVCollector - INFO - 📊 合并完成: 共 300 个频道
2026-08-13 13:20:53,798 - IPTVCollector - INFO - 📊 合并后的频道数: 300
2026-08-13 13:20:53,826 - IPTVCollector - INFO - 📊 黑名单过滤后: 283
2026-08-13 13:20:53,828 - IPTVCollector - INFO - 📋 从 demo.txt 解析到 3541 个有序频道
2026-08-13 13:20:53,831 - IPTVCollector - INFO - 📋 从 demo.txt 解析到 3541 个有序频道
2026-08-13 13:22:00,365 - IPTVCollector - INFO - 📌 未分类频道追加到 '其他': Newsmax
2026-08-13 13:22:00,366 - IPTVCollector - INFO - 📌 未分类频道追加到 '其他': WionNews
2026-08-13 13:22:00,366 - IPTVCollector - INFO - 📌 未分类频道追加到 '其他': Wild Earth
2026-08-13 13:22:00,366 - IPTVCollector - INFO - 📌 未分类频道追加到 '其他': Supreme Master TV
2026-08-13 13:22:00,366 - IPTVCollector - INFO - 📌 未分类频道追加到 '其他': Trace Sports
2026-08-13 13:22:00,366 - IPTVCollector - INFO - 📌 未分类频道追加到 '其他': 春晚2025
2026-08-13 13:22:00,366 - IPTVCollector - INFO - 📌 未分类频道追加到 '其他': RT Français
2026-08-13 13:22:00,367 - IPTVCollector - INFO - 📌 未分类频道追加到 '其他': TVB News
2026-08-13 13:22:00,367 - IPTVCollector - INFO - 📌 未分类频道追加到 '其他': Pet Club TV
2026-08-13 13:22:00,367 - IPTVCollector - INFO - 📌 未分类频道追加到 '其他': 倩女幽魂妖魔道
2026-08-13 13:22:00,367 - IPTVCollector - INFO - 📌 未分类频道追加到 '其他': 倩女幽魂人间道
2026-08-13 13:22:00,367 - IPTVCollector - INFO - 📌 未分类频道追加到 '其他': 倩女幽魂道道道
2026-08-13 13:22:00,367 - IPTVCollector - INFO - 📌 未分类频道追加到 '其他': 环球电视
2026-08-13 13:22:00,368 - IPTVCollector - INFO - 📌 未分类频道追加到 '其他': 春晚2024
2026-08-13 13:22:00,368 - IPTVCollector - INFO - 📌 未分类频道追加到 '其他': 大立电视台
2026-08-13 13:22:00,368 - IPTVCollector - INFO - 📌 未分类频道追加到 '其他': 耀才财经
2026-08-13 13:22:00,368 - IPTVCollector - INFO - 🌏 自动追加: 绍兴电视台公共 -> ☘️浙江频道
2026-08-13 13:22:00,368 - IPTVCollector - INFO - 📌 未分类频道追加到 '其他': 龙门飞甲
2026-08-13 13:22:00,369 - IPTVCollector - INFO - 📌 未分类频道追加到 '其他': 广东影视
2026-08-13 13:22:00,369 - IPTVCollector - INFO - 🌏 自动追加: 浙江 Ⅰ 绍兴影视 -> ☘️浙江频道
2026-08-13 13:22:00,369 - IPTVCollector - INFO - 📌 未分类频道追加到 '其他': 伊犁经济法制
2026-08-13 13:22:00,369 - IPTVCollector - INFO - 📌 未分类频道追加到 '其他': 玛纳斯
2026-08-13 13:22:00,369 - IPTVCollector - INFO - 📌 未分类频道追加到 '其他': 奎屯汉语
2026-08-13 13:22:00,370 - IPTVCollector - INFO - 📌 未分类频道追加到 '其他': 玛纳斯综合
2026-08-13 13:22:00,370 - IPTVCollector - INFO - 🌏 自动追加: 浙江 Ⅰ 绍兴综合 -> ☘️浙江频道
2026-08-13 13:22:00,370 - IPTVCollector - INFO - 📌 未分类频道追加到 '其他': 浙江钱江都市
2026-08-13 13:22:00,370 - IPTVCollector - INFO - 📌 未分类频道追加到 '其他': 数码时代
2026-08-13 13:22:00,370 - IPTVCollector - INFO - 📌 未分类频道追加到 '其他': 浙江教科影院
2026-08-13 13:22:00,371 - IPTVCollector - INFO - 📌 未分类频道追加到 '其他': 浙江教育
2026-08-13 13:22:00,371 - IPTVCollector - INFO - 📌 未分类频道追加到 '其他': 浙江民生休闲
2026-08-13 13:22:00,371 - IPTVCollector - INFO - 📌 未分类频道追加到 '其他': 浙江经济
2026-08-13 13:22:00,371 - IPTVCollector - INFO - 📌 未分类频道追加到 '其他': 凤凰中文
2026-08-13 13:22:00,371 - IPTVCollector - INFO - 📌 未分类频道追加到 '其他': 浙江生活
2026-08-13 13:22:00,372 - IPTVCollector - INFO - 📌 未分类频道追加到 '其他': 韩国电影1
2026-08-13 13:22:00,372 - IPTVCollector - INFO - 📌 未分类频道追加到 '其他': 韩国电影2
2026-08-13 13:22:00,373 - IPTVCollector - INFO - 🌏 自动追加: 武汉一台新闻综合 -> ☘️湖北频道
2026-08-13 13:22:00,373 - IPTVCollector - INFO - 📌 未分类频道追加到 '其他': 凤凰资讯
2026-08-13 13:22:00,374 - IPTVCollector - INFO - 🌏 自动追加: 凤凰香港 -> 🌊港·澳·台
2026-08-13 13:22:00,375 - IPTVCollector - INFO - 🌏 自动追加: 长白山电视台 -> ☘️吉林频道
2026-08-13 13:22:00,375 - IPTVCollector - INFO - 📌 未分类频道追加到 '其他': 都市青春
2026-08-13 13:22:00,375 - IPTVCollector - INFO - 📌 未分类频道追加到 '其他': 江津新闻
2026-08-13 13:22:00,376 - IPTVCollector - INFO - 📌 未分类频道追加到 '其他': 陕西新闻咨询
2026-08-13 13:22:00,376 - IPTVCollector - INFO - 📌 未分类频道追加到 '其他': 河南电视剧
2026-08-13 13:22:00,377 - IPTVCollector - INFO - 🌏 自动追加: 通化县 -> ☘️吉林频道
2026-08-13 13:22:00,379 - IPTVCollector - INFO - 🌏 自动追加: 哈尔滨都市咨询 -> ☘️黑龙江频道
2026-08-13 13:22:00,379 - IPTVCollector - INFO - 📌 未分类频道追加到 '其他': 无线新闻台
2026-08-13 13:22:00,379 - IPTVCollector - INFO - 📌 未分类频道追加到 '其他': 新闻咨询
2026-08-13 13:22:00,379 - IPTVCollector - INFO - 📌 未分类频道追加到 '其他': CNA
2026-08-13 13:22:00,379 - IPTVCollector - INFO - 📌 未分类频道追加到 '其他': 音乐欣赏
2026-08-13 13:22:00,380 - IPTVCollector - INFO - 📌 未分类频道追加到 '其他': 现代教育
2026-08-13 13:22:00,380 - IPTVCollector - INFO - 📌 未分类频道追加到 '其他': ABN China
2026-08-13 13:22:00,380 - IPTVCollector - INFO - 📌 未分类频道追加到 '其他': 华丽翡翠台
2026-08-13 13:22:00,380 - IPTVCollector - INFO - 📌 未分类频道追加到 '其他': Dali TV
2026-08-13 13:22:00,380 - IPTVCollector - INFO - 📌 未分类频道追加到 '其他': 岭南戏曲
2026-08-13 13:22:00,381 - IPTVCollector - INFO - 📌 未分类频道追加到 '其他': 飞碟之谜01
2026-08-13 13:22:00,381 - IPTVCollector - INFO - 📌 未分类频道追加到 '其他': Beautiful Life TV
2026-08-13 13:22:00,381 - IPTVCollector - INFO - 📌 未分类频道追加到 '其他': Good
2026-08-13 13:22:00,381 - IPTVCollector - INFO - 📌 未分类频道追加到 '其他': Good 2
2026-08-13 13:22:00,381 - IPTVCollector - INFO - 📌 未分类频道追加到 '其他': Arirang
2026-08-13 13:22:00,382 - IPTVCollector - INFO - 📌 未分类频道追加到 '其他': 韩国EBS少儿
2026-08-13 13:22:00,382 - IPTVCollector - INFO - 📌 未分类频道追加到 '其他': Anhui TV
2026-08-13 13:22:00,382 - IPTVCollector - INFO - 📌 未分类频道追加到 '其他': VOA美国之音
2026-08-13 13:22:00,382 - IPTVCollector - INFO - 📌 未分类频道追加到 '其他': Home Plus
2026-08-13 13:22:00,382 - IPTVCollector - INFO - 📌 未分类频道追加到 '其他': CGTN Documentary
2026-08-13 13:22:00,383 - IPTVCollector - INFO - 📌 未分类频道追加到 '其他': Dragon TV International
2026-08-13 13:22:00,383 - IPTVCollector - INFO - 📌 未分类频道追加到 '其他': TV BRICS Chinese
2026-08-13 13:22:00,383 - IPTVCollector - INFO - 📌 未分类频道追加到 '其他': Xinjiang TV 2
2026-08-13 13:22:00,383 - IPTVCollector - INFO - 📌 未分类频道追加到 '其他': Xinjiang TV 3
2026-08-13 13:22:00,383 - IPTVCollector - INFO - 📌 未分类频道追加到 '其他': 前郭综合 [Geo-blocked]
2026-08-13 13:22:00,384 - IPTVCollector - INFO - 📌 未分类频道追加到 '其他': Hebei TV
2026-08-13 13:22:00,384 - IPTVCollector - INFO - 📌 未分类频道追加到 '其他': Hunan TV
2026-08-13 13:22:00,384 - IPTVCollector - INFO - 📌 未分类频道追加到 '其他': Harbin Comprehensive News Channel
2026-08-13 13:22:00,384 - IPTVCollector - INFO - 📌 未分类频道追加到 '其他': Nei Monggol TV 2 Mongolian Culture Channel [Not 24/7]
2026-08-13 13:22:00,384 - IPTVCollector - INFO - 📌 未分类频道追加到 '其他': 2024年春晚
2026-08-13 13:22:00,385 - IPTVCollector - INFO - 📌 未分类频道追加到 '其他': Chifeng Comprehensive News Chanel
2026-08-13 13:22:00,386 - IPTVCollector - INFO - 🌏 自动追加: 四平新闻综合 [Geo-blocked] -> ☘️吉林频道
2026-08-13 13:22:00,386 - IPTVCollector - INFO - 📌 未分类频道追加到 '其他': Nei Monggol TV [Not 24/7]
2026-08-13 13:22:00,388 - IPTVCollector - INFO - 🌏 自动追加: 白山新闻综合 [Geo-blocked] -> ☘️吉林频道
2026-08-13 13:22:00,388 - IPTVCollector - INFO - 📌 未分类频道追加到 '其他': Harbin Movie Channel
2026-08-13 13:22:00,389 - IPTVCollector - INFO - 🌏 自动追加: 松原新闻综合 [Geo-blocked] -> ☘️吉林频道
2026-08-13 13:22:00,389 - IPTVCollector - INFO - 📌 未分类频道追加到 '其他': 辽新闻综合 [Geo-blocked]
2026-08-13 13:22:00,391 - IPTVCollector - INFO - 🌏 自动追加: 通化新闻 [Geo-blocked] -> ☘️吉林频道
2026-08-13 13:22:00,391 - IPTVCollector - INFO - 📌 未分类频道追加到 '其他': 荣昌综合 [Not 24/7]
2026-08-13 13:22:00,392 - IPTVCollector - INFO - 🌏 自动追加: 长春综合 [Geo-blocked] -> ☘️吉林频道
2026-08-13 13:22:00,392 - IPTVCollector - INFO - 📌 未分类频道追加到 '其他': 集安综合 [Geo-blocked]
2026-08-13 13:22:00,392 - IPTVCollector - INFO - 📌 未分类频道追加到 '其他': 江津经济生活
2026-08-13 13:22:00,393 - IPTVCollector - INFO - 🌏 自动追加: 上海卫视 -> ☘️上海频道
2026-08-13 13:22:00,393 - IPTVCollector - INFO - 📌 未分类频道追加到 '其他': 南方卫视
2026-08-13 13:22:00,393 - IPTVCollector - INFO - 📌 未分类频道追加到 '其他': 靖江新闻綜合 [Not 24/7]
2026-08-13 13:22:00,393 - IPTVCollector - INFO - 📌 未分类频道追加到 '其他': 东南卫视
2026-08-13 13:22:00,393 - IPTVCollector - INFO - 🎯 Demo 筛选：原始 283 -> 匹配/分类后 283 个频道
2026-08-13 13:22:00,394 - IPTVCollector - INFO - 📊 Demo筛选后: 283
2026-08-13 13:22:00,394 - IPTVCollector - INFO - ✅ M3U 文件已生成: output/tv.m3u
2026-08-13 13:22:00,395 - IPTVCollector - INFO - ✅ TXT 文件已生成: output/tv.txt
2026-08-13 13:22:00,395 - IPTVCollector - INFO - ✅ 多源 M3U 文件已生成: output/tv_multi.m3u
2026-08-13 13:22:00,398 - IPTVCollector - INFO - ✅ JSON API 已生成: output/channels.json
2026-08-13 13:22:00,398 - IPTVCollector - INFO - ✅ 精简版已生成: output/tv_lite.m3u
2026-08-13 13:22:00,399 - IPTVCollector - INFO - ✅ M3U 文件已生成: output/tv_epg.m3u
2026-08-13 13:22:00,399 - IPTVCollector - INFO - 🚀 IPTV 自治系统启动
2026-08-13 13:22:00,399 - IPTVCollector - INFO - ⏭️ 跳过发现阶段
2026-08-13 13:22:00,399 - IPTVCollector - INFO - ==================================================
阶段2: 从缓存观察候选源
==================================================
2026-08-13 13:22:00,430 - IPTVCollector - INFO -   📊 观察进度: 100/259，稳定 0 个
2026-08-13 13:22:00,447 - IPTVCollector - INFO -   📊 观察进度: 200/259，稳定 0 个
2026-08-13 13:22:00,458 - IPTVCollector - INFO - ✅ 观察阶段完成: 0 个源达到稳定标准
2026-08-13 13:22:00,458 - IPTVCollector - INFO - ==================================================
阶段3: 提升稳定源
==================================================
2026-08-13 13:22:00,458 - IPTVCollector - INFO - 📭 没有稳定的候选源需要提升
2026-08-13 13:22:00,458 - IPTVCollector - INFO - 📊 自治模式统计:
2026-08-13 13:22:00,458 - IPTVCollector - INFO -   候选池总数: 816, 观察中: 259, 稳定: 546
2026-08-13 13:22:00,459 - IPTVCollector - INFO -   本次新提升: 0
2026-08-13 13:22:00,459 - IPTVCollector - INFO - 🎉 全部完成！
2026-08-13 19:07:38,518 - IPTVCollector - INFO - 🚀 IPTV 智能整理平台启动
2026-08-13 19:07:38,521 - IPTVCollector - INFO - ✅ 数据库缓存已启用: data/iptv_cache.db
2026-08-13 19:07:38,523 - IPTVCollector - INFO - 📌 CCTV-1 已设为固定源 (auto_optimize=True)
2026-08-13 19:07:38,524 - IPTVCollector - INFO - 📌 CCTV-2 已设为固定源 (auto_optimize=True)
2026-08-13 19:07:38,525 - IPTVCollector - INFO - 📌 CCTV-3 已设为固定源 (auto_optimize=True)
2026-08-13 19:07:38,526 - IPTVCollector - INFO - 📌 CCTV-4 已设为固定源 (auto_optimize=True)
2026-08-13 19:07:38,527 - IPTVCollector - INFO - 📌 CCTV-5 已设为固定源 (auto_optimize=True)
2026-08-13 19:07:38,528 - IPTVCollector - INFO - 📌 CCTV-5+ 已设为固定源 (auto_optimize=True)
2026-08-13 19:07:38,529 - IPTVCollector - INFO - 📌 CCTV-6 已设为固定源 (auto_optimize=True)
2026-08-13 19:07:38,530 - IPTVCollector - INFO - 📌 CCTV-7 已设为固定源 (auto_optimize=True)
2026-08-13 19:07:38,531 - IPTVCollector - INFO - 📌 CCTV-8 已设为固定源 (auto_optimize=True)
2026-08-13 19:07:38,532 - IPTVCollector - INFO - 📌 CCTV-9 已设为固定源 (auto_optimize=True)
2026-08-13 19:07:38,533 - IPTVCollector - INFO - 📌 CCTV-10 已设为固定源 (auto_optimize=True)
2026-08-13 19:07:38,534 - IPTVCollector - INFO - 📌 CCTV-11 已设为固定源 (auto_optimize=True)
2026-08-13 19:07:38,535 - IPTVCollector - INFO - 📌 CCTV-12 已设为固定源 (auto_optimize=True)
2026-08-13 19:07:38,535 - IPTVCollector - INFO - 📌 CCTV-13 已设为固定源 (auto_optimize=True)
2026-08-13 19:07:38,536 - IPTVCollector - INFO - 📌 CCTV-14 已设为固定源 (auto_optimize=True)
2026-08-13 19:07:38,537 - IPTVCollector - INFO - 📌 CCTV-15 已设为固定源 (auto_optimize=True)
2026-08-13 19:07:38,538 - IPTVCollector - INFO - 📌 CCTV-16 已设为固定源 (auto_optimize=True)
2026-08-13 19:07:38,540 - IPTVCollector - INFO - 📌 CCTV-17 已设为固定源 (auto_optimize=True)
2026-08-13 19:07:38,541 - IPTVCollector - INFO - 📌 CCTV4欧洲 已设为固定源 (auto_optimize=True)
2026-08-13 19:07:38,542 - IPTVCollector - INFO - 📌 CCTV4美洲 已设为固定源 (auto_optimize=True)
2026-08-13 19:07:38,542 - IPTVCollector - INFO - 📌 固定源已同步到数据库
2026-08-13 19:07:38,542 - IPTVCollector - INFO - 📋 订阅源解析：普通 11 个，白名单 0 个
2026-08-13 19:07:38,542 - IPTVCollector - INFO - 📋 使用 11 个源
2026-08-13 19:07:59,891 - IPTVCollector - INFO - 📊 测速完成，有效频道: 349 个
2026-08-13 19:07:59,891 - IPTVCollector - INFO - 📊 通过测速的频道数: 349
2026-08-13 19:08:01,816 - IPTVCollector - INFO - 🔍 ffmpeg 深度验证: 0 个需验证，348 个来自缓存/HTTP
2026-08-13 19:08:01,816 - IPTVCollector - INFO - ✅ ffmpeg 验证完成: 通过 348/349 个频道
2026-08-13 19:08:01,816 - IPTVCollector - INFO - 📊 通过ffmpeg验证的频道数: 348
2026-08-13 19:08:01,823 - IPTVCollector - INFO - 📌 已使用 18 个固定源（含自动优化）
2026-08-13 19:08:01,824 - IPTVCollector - INFO - 📊 合并完成: 共 304 个频道
2026-08-13 19:08:01,824 - IPTVCollector - INFO - 📊 合并后的频道数: 304
2026-08-13 19:08:01,851 - IPTVCollector - INFO - 📊 黑名单过滤后: 287
2026-08-13 19:08:01,853 - IPTVCollector - INFO - 📋 从 demo.txt 解析到 3541 个有序频道
2026-08-13 19:08:01,855 - IPTVCollector - INFO - 📋 从 demo.txt 解析到 3541 个有序频道
2026-08-13 19:08:57,720 - IPTVCollector - INFO - 📌 未分类频道追加到 '其他': Wild Earth
2026-08-13 19:08:57,720 - IPTVCollector - INFO - 📌 未分类频道追加到 '其他': Supreme Master TV
2026-08-13 19:08:57,720 - IPTVCollector - INFO - 📌 未分类频道追加到 '其他': Trace Sports
2026-08-13 19:08:57,720 - IPTVCollector - INFO - 📌 未分类频道追加到 '其他': TVB News
2026-08-13 19:08:57,721 - IPTVCollector - INFO - 📌 未分类频道追加到 '其他': WionNews
2026-08-13 19:08:57,721 - IPTVCollector - INFO - 📌 未分类频道追加到 '其他': 春晚2025
2026-08-13 19:08:57,721 - IPTVCollector - INFO - 📌 未分类频道追加到 '其他': 倩女幽魂妖魔道
2026-08-13 19:08:57,721 - IPTVCollector - INFO - 📌 未分类频道追加到 '其他': 倩女幽魂人间道
2026-08-13 19:08:57,721 - IPTVCollector - INFO - 📌 未分类频道追加到 '其他': RT Français
2026-08-13 19:08:57,722 - IPTVCollector - INFO - 📌 未分类频道追加到 '其他': 倩女幽魂道道道
2026-08-13 19:08:57,722 - IPTVCollector - INFO - 📌 未分类频道追加到 '其他': 环球电视
2026-08-13 19:08:57,722 - IPTVCollector - INFO - 📌 未分类频道追加到 '其他': 春晚2024
2026-08-13 19:08:57,722 - IPTVCollector - INFO - 📌 未分类频道追加到 '其他': ABN China
2026-08-13 19:08:57,722 - IPTVCollector - INFO - 📌 未分类频道追加到 '其他': Anhui TV
2026-08-13 19:08:57,722 - IPTVCollector - INFO - 📌 未分类频道追加到 '其他': 大立电视台
2026-08-13 19:08:57,723 - IPTVCollector - INFO - 📌 未分类频道追加到 '其他': 耀才财经
2026-08-13 19:08:57,723 - IPTVCollector - INFO - 🌏 自动追加: 绍兴电视台公共 -> ☘️浙江频道
2026-08-13 19:08:57,723 - IPTVCollector - INFO - 📌 未分类频道追加到 '其他': 广东影视
2026-08-13 19:08:57,723 - IPTVCollector - INFO - 📌 未分类频道追加到 '其他': 龙门飞甲
2026-08-13 19:08:57,723 - IPTVCollector - INFO - 🌏 自动追加: 浙江 Ⅰ 绍兴影视 -> ☘️浙江频道
2026-08-13 19:08:57,724 - IPTVCollector - INFO - 🌏 自动追加: 浙江 Ⅰ 绍兴综合 -> ☘️浙江频道
2026-08-13 19:08:57,724 - IPTVCollector - INFO - 📌 未分类频道追加到 '其他': 伊犁经济法制
2026-08-13 19:08:57,724 - IPTVCollector - INFO - 📌 未分类频道追加到 '其他': 玛纳斯
2026-08-13 19:08:57,724 - IPTVCollector - INFO - 📌 未分类频道追加到 '其他': 玛纳斯综合
2026-08-13 19:08:57,725 - IPTVCollector - INFO - 📌 未分类频道追加到 '其他': 奎屯汉语
2026-08-13 19:08:57,725 - IPTVCollector - INFO - 📌 未分类频道追加到 '其他': 浙江钱江都市
2026-08-13 19:08:57,725 - IPTVCollector - INFO - 📌 未分类频道追加到 '其他': 数码时代
2026-08-13 19:08:57,725 - IPTVCollector - INFO - 📌 未分类频道追加到 '其他': Home Plus
2026-08-13 19:08:57,725 - IPTVCollector - INFO - 📌 未分类频道追加到 '其他': 浙江教科影院
2026-08-13 19:08:57,725 - IPTVCollector - INFO - 📌 未分类频道追加到 '其他': 浙江教育
2026-08-13 19:08:57,726 - IPTVCollector - INFO - 📌 未分类频道追加到 '其他': Chifeng Comprehensive News Chanel
2026-08-13 19:08:57,726 - IPTVCollector - INFO - 📌 未分类频道追加到 '其他': VOA美国之音
2026-08-13 19:08:57,726 - IPTVCollector - INFO - 📌 未分类频道追加到 '其他': Nei Monggol TV [Not 24/7]
2026-08-13 19:08:57,726 - IPTVCollector - INFO - 📌 未分类频道追加到 '其他': Nei Monggol TV 2 Mongolian Culture Channel [Not 24/7]
2026-08-13 19:08:57,726 - IPTVCollector - INFO - 📌 未分类频道追加到 '其他': 浙江民生休闲
2026-08-13 19:08:57,727 - IPTVCollector - INFO - 📌 未分类频道追加到 '其他': Hunan TV
2026-08-13 19:08:57,727 - IPTVCollector - INFO - 📌 未分类频道追加到 '其他': TV BRICS Chinese
2026-08-13 19:08:57,727 - IPTVCollector - INFO - 📌 未分类频道追加到 '其他': Siping TV
2026-08-13 19:08:57,727 - IPTVCollector - INFO - 📌 未分类频道追加到 '其他': Harbin Comprehensive News Channel
2026-08-13 19:08:57,727 - IPTVCollector - INFO - 📌 未分类频道追加到 '其他': Harbin Movie Channel
2026-08-13 19:08:57,727 - IPTVCollector - INFO - 📌 未分类频道追加到 '其他': Xinjiang TV 2
2026-08-13 19:08:57,728 - IPTVCollector - INFO - 📌 未分类频道追加到 '其他': 浙江经济
2026-08-13 19:08:57,728 - IPTVCollector - INFO - 📌 未分类频道追加到 '其他': Xinjiang TV 3
2026-08-13 19:08:57,728 - IPTVCollector - INFO - 📌 未分类频道追加到 '其他': 浙江生活
2026-08-13 19:08:57,728 - IPTVCollector - INFO - 🌏 自动追加: 凤凰香港 -> 🌊港·澳·台
2026-08-13 19:08:57,728 - IPTVCollector - INFO - 📌 未分类频道追加到 '其他': 凤凰中文
2026-08-13 19:08:57,728 - IPTVCollector - INFO - 📌 未分类频道追加到 '其他': 韩国电影1
2026-08-13 19:08:57,729 - IPTVCollector - INFO - 📌 未分类频道追加到 '其他': 凤凰资讯
2026-08-13 19:08:57,729 - IPTVCollector - INFO - 📌 未分类频道追加到 '其他': 韩国电影2
2026-08-13 19:08:57,729 - IPTVCollector - INFO - 📌 未分类频道追加到 '其他': CGTN Documentary
2026-08-13 19:08:57,730 - IPTVCollector - INFO - 🌏 自动追加: 武汉一台新闻综合 -> ☘️湖北频道
2026-08-13 19:08:57,731 - IPTVCollector - INFO - 📌 未分类频道追加到 '其他': Dragon TV International
2026-08-13 19:08:57,731 - IPTVCollector - INFO - 📌 未分类频道追加到 '其他': 前郭综合 [Geo-blocked]
2026-08-13 19:08:57,731 - IPTVCollector - INFO - 📌 未分类频道追加到 '其他': Hebei TV
2026-08-13 19:08:57,732 - IPTVCollector - INFO - 🌏 自动追加: 四平新闻综合 [Geo-blocked] -> ☘️吉林频道
2026-08-13 19:08:57,734 - IPTVCollector - INFO - 🌏 自动追加: 长白山电视台 -> ☘️吉林频道
2026-08-13 19:08:57,735 - IPTVCollector - INFO - 🌏 自动追加: 松原新闻综合 [Geo-blocked] -> ☘️吉林频道
2026-08-13 19:08:57,735 - IPTVCollector - INFO - 📌 未分类频道追加到 '其他': 都市青春
2026-08-13 19:08:57,737 - IPTVCollector - INFO - 🌏 自动追加: 通化县 -> ☘️吉林频道
2026-08-13 19:08:57,737 - IPTVCollector - INFO - 📌 未分类频道追加到 '其他': 延边新闻综合 [Geo-blocked]
2026-08-13 19:08:57,737 - IPTVCollector - INFO - 📌 未分类频道追加到 '其他': 陕西新闻咨询
2026-08-13 19:08:57,737 - IPTVCollector - INFO - 📌 未分类频道追加到 '其他': 江津新闻
2026-08-13 19:08:57,737 - IPTVCollector - INFO - 📌 未分类频道追加到 '其他': 江津经济生活
2026-08-13 19:08:57,737 - IPTVCollector - INFO - 📌 未分类频道追加到 '其他': 河南电视剧
2026-08-13 19:08:57,738 - IPTVCollector - INFO - 📌 未分类频道追加到 '其他': FZTV3
2026-08-13 19:08:57,739 - IPTVCollector - INFO - 🌏 自动追加: 白山新闻综合 [Geo-blocked] -> ☘️吉林频道
2026-08-13 19:08:57,739 - IPTVCollector - INFO - 📌 未分类频道追加到 '其他': 辽新闻综合 [Geo-blocked]
2026-08-13 19:08:57,740 - IPTVCollector - INFO - 🌏 自动追加: 通化新闻 [Geo-blocked] -> ☘️吉林频道
2026-08-13 19:08:57,742 - IPTVCollector - INFO - 🌏 自动追加: 长春综合 [Geo-blocked] -> ☘️吉林频道
2026-08-13 19:08:57,742 - IPTVCollector - INFO - 📌 未分类频道追加到 '其他': 集安综合 [Geo-blocked]
2026-08-13 19:08:57,743 - IPTVCollector - INFO - 🌏 自动追加: 哈尔滨都市咨询 -> ☘️黑龙江频道
2026-08-13 19:08:57,743 - IPTVCollector - INFO - 📌 未分类频道追加到 '其他': 荣昌综合 [Not 24/7]
2026-08-13 19:08:57,744 - IPTVCollector - INFO - 📌 未分类频道追加到 '其他': 靖江新闻綜合 [Not 24/7]
2026-08-13 19:08:57,744 - IPTVCollector - INFO - 📌 未分类频道追加到 '其他': 无线新闻台
2026-08-13 19:08:57,744 - IPTVCollector - INFO - 📌 未分类频道追加到 '其他': 新闻咨询
2026-08-13 19:08:57,744 - IPTVCollector - INFO - 📌 未分类频道追加到 '其他': 华丽翡翠台
2026-08-13 19:08:57,744 - IPTVCollector - INFO - 📌 未分类频道追加到 '其他': 音乐欣赏
2026-08-13 19:08:57,745 - IPTVCollector - INFO - 🌏 自动追加: 上海卫视 -> ☘️上海频道
2026-08-13 19:08:57,745 - IPTVCollector - INFO - 📌 未分类频道追加到 '其他': 现代教育
2026-08-13 19:08:57,745 - IPTVCollector - INFO - 📌 未分类频道追加到 '其他': Arirang
2026-08-13 19:08:57,745 - IPTVCollector - INFO - 📌 未分类频道追加到 '其他': 东南卫视
2026-08-13 19:08:57,745 - IPTVCollector - INFO - 📌 未分类频道追加到 '其他': CNA
2026-08-13 19:08:57,745 - IPTVCollector - INFO - 📌 未分类频道追加到 '其他': 岭南戏曲
2026-08-13 19:08:57,746 - IPTVCollector - INFO - 📌 未分类频道追加到 '其他': Newsmax
2026-08-13 19:08:57,746 - IPTVCollector - INFO - 📌 未分类频道追加到 '其他': Dali TV
2026-08-13 19:08:57,746 - IPTVCollector - INFO - 📌 未分类频道追加到 '其他': 南方卫视
2026-08-13 19:08:57,746 - IPTVCollector - INFO - 📌 未分类频道追加到 '其他': 2024年春晚
2026-08-13 19:08:57,746 - IPTVCollector - INFO - 📌 未分类频道追加到 '其他': 韩国EBS少儿
2026-08-13 19:08:57,746 - IPTVCollector - INFO - 📌 未分类频道追加到 '其他': 飞碟之谜01
2026-08-13 19:08:57,747 - IPTVCollector - INFO - 📌 未分类频道追加到 '其他': Beautiful Life TV
2026-08-13 19:08:57,747 - IPTVCollector - INFO - 📌 未分类频道追加到 '其他': Good 2
2026-08-13 19:08:57,747 - IPTVCollector - INFO - 📌 未分类频道追加到 '其他': Good
2026-08-13 19:08:57,747 - IPTVCollector - INFO - 📌 未分类频道追加到 '其他': Pet Club TV
2026-08-13 19:08:57,747 - IPTVCollector - INFO - 🎯 Demo 筛选：原始 287 -> 匹配/分类后 287 个频道
2026-08-13 19:08:57,747 - IPTVCollector - INFO - 📊 Demo筛选后: 287
2026-08-13 19:08:57,748 - IPTVCollector - INFO - ✅ M3U 文件已生成: output/tv.m3u
2026-08-13 19:08:57,748 - IPTVCollector - INFO - ✅ TXT 文件已生成: output/tv.txt
2026-08-13 19:08:57,749 - IPTVCollector - INFO - ✅ 多源 M3U 文件已生成: output/tv_multi.m3u
2026-08-13 19:08:57,751 - IPTVCollector - INFO - ✅ JSON API 已生成: output/channels.json
2026-08-13 19:08:57,752 - IPTVCollector - INFO - ✅ 精简版已生成: output/tv_lite.m3u
2026-08-13 19:08:57,752 - IPTVCollector - INFO - ✅ M3U 文件已生成: output/tv_epg.m3u
2026-08-13 19:08:57,752 - IPTVCollector - INFO - 🚀 IPTV 自治系统启动
2026-08-13 19:08:57,752 - IPTVCollector - INFO - ⏭️ 跳过发现阶段
2026-08-13 19:08:57,753 - IPTVCollector - INFO - ==================================================
阶段2: 从缓存观察候选源
==================================================
2026-08-13 19:08:57,784 - IPTVCollector - INFO -   📊 观察进度: 100/254，稳定 0 个
2026-08-13 19:08:57,796 - IPTVCollector - INFO -   📊 观察进度: 200/254，稳定 0 个
2026-08-13 19:08:57,804 - IPTVCollector - INFO - ✅ 观察阶段完成: 0 个源达到稳定标准
2026-08-13 19:08:57,804 - IPTVCollector - INFO - ==================================================
阶段3: 提升稳定源
==================================================
2026-08-13 19:08:57,804 - IPTVCollector - INFO - 📭 没有稳定的候选源需要提升
2026-08-13 19:08:57,804 - IPTVCollector - INFO - 📊 自治模式统计:
2026-08-13 19:08:57,804 - IPTVCollector - INFO -   候选池总数: 816, 观察中: 254, 稳定: 551
2026-08-13 19:08:57,804 - IPTVCollector - INFO -   本次新提升: 0
2026-08-13 19:08:57,804 - IPTVCollector - INFO - 🎉 全部完成！
2026-08-14 02:13:59,263 - IPTVCollector - INFO - 🚀 IPTV 智能整理平台启动
2026-08-14 02:13:59,266 - IPTVCollector - INFO - ✅ 数据库缓存已启用: data/iptv_cache.db
2026-08-14 02:13:59,268 - IPTVCollector - INFO - 📌 CCTV-1 已设为固定源 (auto_optimize=True)
2026-08-14 02:13:59,269 - IPTVCollector - INFO - 📌 CCTV-2 已设为固定源 (auto_optimize=True)
2026-08-14 02:13:59,270 - IPTVCollector - INFO - 📌 CCTV-3 已设为固定源 (auto_optimize=True)
2026-08-14 02:13:59,271 - IPTVCollector - INFO - 📌 CCTV-4 已设为固定源 (auto_optimize=True)
2026-08-14 02:13:59,272 - IPTVCollector - INFO - 📌 CCTV-5 已设为固定源 (auto_optimize=True)
2026-08-14 02:13:59,273 - IPTVCollector - INFO - 📌 CCTV-5+ 已设为固定源 (auto_optimize=True)
2026-08-14 02:13:59,274 - IPTVCollector - INFO - 📌 CCTV-6 已设为固定源 (auto_optimize=True)
2026-08-14 02:13:59,276 - IPTVCollector - INFO - 📌 CCTV-7 已设为固定源 (auto_optimize=True)
2026-08-14 02:13:59,277 - IPTVCollector - INFO - 📌 CCTV-8 已设为固定源 (auto_optimize=True)
2026-08-14 02:13:59,278 - IPTVCollector - INFO - 📌 CCTV-9 已设为固定源 (auto_optimize=True)
2026-08-14 02:13:59,279 - IPTVCollector - INFO - 📌 CCTV-10 已设为固定源 (auto_optimize=True)
2026-08-14 02:13:59,280 - IPTVCollector - INFO - 📌 CCTV-11 已设为固定源 (auto_optimize=True)
2026-08-14 02:13:59,281 - IPTVCollector - INFO - 📌 CCTV-12 已设为固定源 (auto_optimize=True)
2026-08-14 02:13:59,282 - IPTVCollector - INFO - 📌 CCTV-13 已设为固定源 (auto_optimize=True)
2026-08-14 02:13:59,284 - IPTVCollector - INFO - 📌 CCTV-14 已设为固定源 (auto_optimize=True)
2026-08-14 02:13:59,285 - IPTVCollector - INFO - 📌 CCTV-15 已设为固定源 (auto_optimize=True)
2026-08-14 02:13:59,286 - IPTVCollector - INFO - 📌 CCTV-16 已设为固定源 (auto_optimize=True)
2026-08-14 02:13:59,287 - IPTVCollector - INFO - 📌 CCTV-17 已设为固定源 (auto_optimize=True)
2026-08-14 02:13:59,288 - IPTVCollector - INFO - 📌 CCTV4欧洲 已设为固定源 (auto_optimize=True)
2026-08-14 02:13:59,289 - IPTVCollector - INFO - 📌 CCTV4美洲 已设为固定源 (auto_optimize=True)
2026-08-14 02:13:59,289 - IPTVCollector - INFO - 📌 固定源已同步到数据库
2026-08-14 02:13:59,290 - IPTVCollector - INFO - 📋 订阅源解析：普通 11 个，白名单 0 个
2026-08-14 02:13:59,290 - IPTVCollector - INFO - 📋 使用 11 个源
2026-08-14 02:14:17,760 - IPTVCollector - INFO - 📊 测速完成，有效频道: 347 个
2026-08-14 02:14:17,760 - IPTVCollector - INFO - 📊 通过测速的频道数: 347
2026-08-14 02:14:17,909 - IPTVCollector - INFO - 🔍 ffmpeg 深度验证: 0 个需验证，346 个来自缓存/HTTP
2026-08-14 02:14:17,909 - IPTVCollector - INFO - ✅ ffmpeg 验证完成: 通过 346/347 个频道
2026-08-14 02:14:17,909 - IPTVCollector - INFO - 📊 通过ffmpeg验证的频道数: 346
2026-08-14 02:14:17,916 - IPTVCollector - INFO - 📌 已使用 18 个固定源（含自动优化）
2026-08-14 02:14:17,917 - IPTVCollector - INFO - 📊 合并完成: 共 302 个频道
2026-08-14 02:14:17,917 - IPTVCollector - INFO - 📊 合并后的频道数: 302
2026-08-14 02:14:17,945 - IPTVCollector - INFO - 📊 黑名单过滤后: 285
2026-08-14 02:14:17,947 - IPTVCollector - INFO - 📋 从 demo.txt 解析到 3541 个有序频道
2026-08-14 02:14:17,950 - IPTVCollector - INFO - 📋 从 demo.txt 解析到 3541 个有序频道
2026-08-14 02:15:27,941 - IPTVCollector - INFO - 📌 未分类频道追加到 '其他': Supreme Master TV
2026-08-14 02:15:27,941 - IPTVCollector - INFO - 📌 未分类频道追加到 '其他': TVB News
2026-08-14 02:15:27,941 - IPTVCollector - INFO - 📌 未分类频道追加到 '其他': 春晚2025
2026-08-14 02:15:27,942 - IPTVCollector - INFO - 📌 未分类频道追加到 '其他': Wild Earth
2026-08-14 02:15:27,942 - IPTVCollector - INFO - 📌 未分类频道追加到 '其他': 倩女幽魂妖魔道
2026-08-14 02:15:27,942 - IPTVCollector - INFO - 📌 未分类频道追加到 '其他': 倩女幽魂道道道
2026-08-14 02:15:27,942 - IPTVCollector - INFO - 📌 未分类频道追加到 '其他': 倩女幽魂人间道
2026-08-14 02:15:27,942 - IPTVCollector - INFO - 📌 未分类频道追加到 '其他': Trace Sports
2026-08-14 02:15:27,942 - IPTVCollector - INFO - 📌 未分类频道追加到 '其他': ABN China
2026-08-14 02:15:27,942 - IPTVCollector - INFO - 📌 未分类频道追加到 '其他': 环球电视
2026-08-14 02:15:27,943 - IPTVCollector - INFO - 📌 未分类频道追加到 '其他': Anhui TV
2026-08-14 02:15:27,943 - IPTVCollector - INFO - 📌 未分类频道追加到 '其他': 春晚2024
2026-08-14 02:15:27,943 - IPTVCollector - INFO - 📌 未分类频道追加到 '其他': WionNews
2026-08-14 02:15:27,943 - IPTVCollector - INFO - 🌏 自动追加: 浙江 Ⅰ 绍兴影视 -> ☘️浙江频道
2026-08-14 02:15:27,943 - IPTVCollector - INFO - 🌏 自动追加: 浙江 Ⅰ 绍兴综合 -> ☘️浙江频道
2026-08-14 02:15:27,943 - IPTVCollector - INFO - 📌 未分类频道追加到 '其他': Chifeng Comprehensive News Chanel
2026-08-14 02:15:27,944 - IPTVCollector - INFO - 📌 未分类频道追加到 '其他': Home Plus
2026-08-14 02:15:27,944 - IPTVCollector - INFO - 📌 未分类频道追加到 '其他': Siping TV
2026-08-14 02:15:27,944 - IPTVCollector - INFO - 📌 未分类频道追加到 '其他': Nei Monggol TV 2 Mongolian Culture Channel [Not 24/7]
2026-08-14 02:15:27,944 - IPTVCollector - INFO - 📌 未分类频道追加到 '其他': VOA美国之音
2026-08-14 02:15:27,944 - IPTVCollector - INFO - 📌 未分类频道追加到 '其他': Harbin Comprehensive News Channel
2026-08-14 02:15:27,944 - IPTVCollector - INFO - 📌 未分类频道追加到 '其他': Nei Monggol TV [Not 24/7]
2026-08-14 02:15:27,944 - IPTVCollector - INFO - 📌 未分类频道追加到 '其他': Harbin Movie Channel
2026-08-14 02:15:27,944 - IPTVCollector - INFO - 📌 未分类频道追加到 '其他': Xinjiang TV 2
2026-08-14 02:15:27,945 - IPTVCollector - INFO - 📌 未分类频道追加到 '其他': Xinjiang TV 3
2026-08-14 02:15:27,945 - IPTVCollector - INFO - 📌 未分类频道追加到 '其他': CGTN Documentary
2026-08-14 02:15:27,945 - IPTVCollector - INFO - 📌 未分类频道追加到 '其他': TV BRICS Chinese
2026-08-14 02:15:27,945 - IPTVCollector - INFO - 📌 未分类频道追加到 '其他': Dragon TV International
2026-08-14 02:15:27,945 - IPTVCollector - INFO - 📌 未分类频道追加到 '其他': 前郭综合 [Geo-blocked]
2026-08-14 02:15:27,945 - IPTVCollector - INFO - 📌 未分类频道追加到 '其他': Hunan TV
2026-08-14 02:15:27,945 - IPTVCollector - INFO - 📌 未分类频道追加到 '其他': Hebei TV
2026-08-14 02:15:27,947 - IPTVCollector - INFO - 🌏 自动追加: 通化县 -> ☘️吉林频道
2026-08-14 02:15:27,948 - IPTVCollector - INFO - 🌏 自动追加: 松原新闻综合 [Geo-blocked] -> ☘️吉林频道
2026-08-14 02:15:27,949 - IPTVCollector - INFO - 🌏 自动追加: 四平新闻综合 [Geo-blocked] -> ☘️吉林频道
2026-08-14 02:15:27,951 - IPTVCollector - INFO - 🌏 自动追加: 长白山电视台 -> ☘️吉林频道
2026-08-14 02:15:27,951 - IPTVCollector - INFO - 📌 未分类频道追加到 '其他': 延边新闻综合 [Geo-blocked]
2026-08-14 02:15:27,952 - IPTVCollector - INFO - 🌏 自动追加: 白山新闻综合 [Geo-blocked] -> ☘️吉林频道
2026-08-14 02:15:27,952 - IPTVCollector - INFO - 📌 未分类频道追加到 '其他': 辽新闻综合 [Geo-blocked]
2026-08-14 02:15:27,954 - IPTVCollector - INFO - 🌏 自动追加: 通化新闻 [Geo-blocked] -> ☘️吉林频道
2026-08-14 02:15:27,954 - IPTVCollector - INFO - 📌 未分类频道追加到 '其他': 浙江经济
2026-08-14 02:15:27,954 - IPTVCollector - INFO - 📌 未分类频道追加到 '其他': 集安综合 [Geo-blocked]
2026-08-14 02:15:27,954 - IPTVCollector - INFO - 📌 未分类频道追加到 '其他': 荣昌综合 [Not 24/7]
2026-08-14 02:15:27,955 - IPTVCollector - INFO - 🌏 自动追加: 长春综合 [Geo-blocked] -> ☘️吉林频道
2026-08-14 02:15:27,956 - IPTVCollector - INFO - 📌 未分类频道追加到 '其他': 靖江新闻綜合 [Not 24/7]
2026-08-14 02:15:27,956 - IPTVCollector - INFO - 🌏 自动追加: 上海卫视 -> ☘️上海频道
2026-08-14 02:15:27,956 - IPTVCollector - INFO - 📌 未分类频道追加到 '其他': 江津经济生活
2026-08-14 02:15:27,956 - IPTVCollector - INFO - 📌 未分类频道追加到 '其他': 南方卫视
2026-08-14 02:15:27,956 - IPTVCollector - INFO - 📌 未分类频道追加到 '其他': 东南卫视
2026-08-14 02:15:27,957 - IPTVCollector - INFO - 🌏 自动追加: 绍兴电视台公共 -> ☘️浙江频道
2026-08-14 02:15:27,957 - IPTVCollector - INFO - 📌 未分类频道追加到 '其他': 大立电视台
2026-08-14 02:15:27,957 - IPTVCollector - INFO - 📌 未分类频道追加到 '其他': 龙门飞甲
2026-08-14 02:15:27,957 - IPTVCollector - INFO - 📌 未分类频道追加到 '其他': 广东影视
2026-08-14 02:15:27,957 - IPTVCollector - INFO - 📌 未分类频道追加到 '其他': 耀才财经
2026-08-14 02:15:27,957 - IPTVCollector - INFO - 📌 未分类频道追加到 '其他': 伊犁经济法制
2026-08-14 02:15:27,958 - IPTVCollector - INFO - 📌 未分类频道追加到 '其他': 浙江钱江都市
2026-08-14 02:15:27,958 - IPTVCollector - INFO - 📌 未分类频道追加到 '其他': 奎屯汉语
2026-08-14 02:15:27,958 - IPTVCollector - INFO - 📌 未分类频道追加到 '其他': 玛纳斯
2026-08-14 02:15:27,958 - IPTVCollector - INFO - 📌 未分类频道追加到 '其他': 玛纳斯综合
2026-08-14 02:15:27,958 - IPTVCollector - INFO - 📌 未分类频道追加到 '其他': 数码时代
2026-08-14 02:15:27,959 - IPTVCollector - INFO - 📌 未分类频道追加到 '其他': 浙江教科影院
2026-08-14 02:15:27,959 - IPTVCollector - INFO - 📌 未分类频道追加到 '其他': 浙江民生休闲
2026-08-14 02:15:27,959 - IPTVCollector - INFO - 📌 未分类频道追加到 '其他': 凤凰中文
2026-08-14 02:15:27,959 - IPTVCollector - INFO - 📌 未分类频道追加到 '其他': 凤凰资讯
2026-08-14 02:15:27,959 - IPTVCollector - INFO - 📌 未分类频道追加到 '其他': 浙江教育
2026-08-14 02:15:27,959 - IPTVCollector - INFO - 🌏 自动追加: 凤凰香港 -> 🌊港·澳·台
2026-08-14 02:15:27,959 - IPTVCollector - INFO - 📌 未分类频道追加到 '其他': 韩国电影2
2026-08-14 02:15:27,960 - IPTVCollector - INFO - 📌 未分类频道追加到 '其他': 韩国电影1
2026-08-14 02:15:27,960 - IPTVCollector - INFO - 📌 未分类频道追加到 '其他': 江津新闻
2026-08-14 02:15:27,960 - IPTVCollector - INFO - 📌 未分类频道追加到 '其他': FZTV3
2026-08-14 02:15:27,960 - IPTVCollector - INFO - 📌 未分类频道追加到 '其他': 都市青春
2026-08-14 02:15:27,960 - IPTVCollector - INFO - 📌 未分类频道追加到 '其他': 陕西新闻咨询
2026-08-14 02:15:27,960 - IPTVCollector - INFO - 📌 未分类频道追加到 '其他': 河南电视剧
2026-08-14 02:15:27,960 - IPTVCollector - INFO - 📌 未分类频道追加到 '其他': 浙江生活
2026-08-14 02:15:27,962 - IPTVCollector - INFO - 🌏 自动追加: 武汉一台新闻综合 -> ☘️湖北频道
2026-08-14 02:15:27,962 - IPTVCollector - INFO - 📌 未分类频道追加到 '其他': 华丽翡翠台
2026-08-14 02:15:27,962 - IPTVCollector - INFO - 📌 未分类频道追加到 '其他': 无线新闻台
2026-08-14 02:15:27,964 - IPTVCollector - INFO - 🌏 自动追加: 哈尔滨都市咨询 -> ☘️黑龙江频道
2026-08-14 02:15:27,964 - IPTVCollector - INFO - 📌 未分类频道追加到 '其他': 新闻咨询
2026-08-14 02:15:27,964 - IPTVCollector - INFO - 📌 未分类频道追加到 '其他': 音乐欣赏
2026-08-14 02:15:27,964 - IPTVCollector - INFO - 📌 未分类频道追加到 '其他': CNA
2026-08-14 02:15:27,964 - IPTVCollector - INFO - 📌 未分类频道追加到 '其他': 现代教育
2026-08-14 02:15:27,965 - IPTVCollector - INFO - 📌 未分类频道追加到 '其他': Dali TV
2026-08-14 02:15:27,965 - IPTVCollector - INFO - 📌 未分类频道追加到 '其他': 岭南戏曲
2026-08-14 02:15:27,965 - IPTVCollector - INFO - 📌 未分类频道追加到 '其他': Newsmax
2026-08-14 02:15:27,965 - IPTVCollector - INFO - 📌 未分类频道追加到 '其他': Beautiful Life TV
2026-08-14 02:15:27,965 - IPTVCollector - INFO - 📌 未分类频道追加到 '其他': 韩国EBS少儿
2026-08-14 02:15:27,966 - IPTVCollector - INFO - 📌 未分类频道追加到 '其他': Arirang
2026-08-14 02:15:27,966 - IPTVCollector - INFO - 📌 未分类频道追加到 '其他': 2024年春晚
2026-08-14 02:15:27,966 - IPTVCollector - INFO - 📌 未分类频道追加到 '其他': Good 2
2026-08-14 02:15:27,966 - IPTVCollector - INFO - 📌 未分类频道追加到 '其他': Good
2026-08-14 02:15:27,966 - IPTVCollector - INFO - 📌 未分类频道追加到 '其他': 飞碟之谜01
2026-08-14 02:15:27,967 - IPTVCollector - INFO - 📌 未分类频道追加到 '其他': Pet Club TV
2026-08-14 02:15:27,967 - IPTVCollector - INFO - 📌 未分类频道追加到 '其他': RT Français
2026-08-14 02:15:27,967 - IPTVCollector - INFO - 🎯 Demo 筛选：原始 285 -> 匹配/分类后 285 个频道
2026-08-14 02:15:27,967 - IPTVCollector - INFO - 📊 Demo筛选后: 285
2026-08-14 02:15:27,968 - IPTVCollector - INFO - ✅ M3U 文件已生成: output/tv.m3u
2026-08-14 02:15:27,968 - IPTVCollector - INFO - ✅ TXT 文件已生成: output/tv.txt
2026-08-14 02:15:27,969 - IPTVCollector - INFO - ✅ 多源 M3U 文件已生成: output/tv_multi.m3u
2026-08-14 02:15:27,971 - IPTVCollector - INFO - ✅ JSON API 已生成: output/channels.json
2026-08-14 02:15:27,972 - IPTVCollector - INFO - ✅ 精简版已生成: output/tv_lite.m3u
2026-08-14 02:15:27,972 - IPTVCollector - INFO - ✅ M3U 文件已生成: output/tv_epg.m3u
2026-08-14 02:15:27,973 - IPTVCollector - INFO - 🚀 IPTV 自治系统启动
2026-08-14 02:15:27,973 - IPTVCollector - INFO - ⏭️ 跳过发现阶段
2026-08-14 02:15:27,973 - IPTVCollector - INFO - ==================================================
阶段2: 从缓存观察候选源
==================================================
2026-08-14 02:15:28,005 - IPTVCollector - INFO -   📊 观察进度: 100/246，稳定 0 个
2026-08-14 02:15:28,023 - IPTVCollector - INFO -   📊 观察进度: 200/246，稳定 0 个
2026-08-14 02:15:28,031 - IPTVCollector - INFO - ✅ 观察阶段完成: 0 个源达到稳定标准
2026-08-14 02:15:28,031 - IPTVCollector - INFO - ==================================================
阶段3: 提升稳定源
==================================================
2026-08-14 02:15:28,032 - IPTVCollector - INFO - 📭 没有稳定的候选源需要提升
2026-08-14 02:15:28,032 - IPTVCollector - INFO - 📊 自治模式统计:
2026-08-14 02:15:28,032 - IPTVCollector - INFO -   候选池总数: 816, 观察中: 246, 稳定: 559
2026-08-14 02:15:28,032 - IPTVCollector - INFO -   本次新提升: 0
2026-08-14 02:15:28,032 - IPTVCollector - INFO - 🎉 全部完成！
2026-08-14 07:38:43,609 - IPTVCollector - INFO - 🚀 IPTV 智能整理平台启动
2026-08-14 07:38:43,612 - IPTVCollector - INFO - ✅ 数据库缓存已启用: data/iptv_cache.db
2026-08-14 07:38:43,614 - IPTVCollector - INFO - 📌 CCTV-1 已设为固定源 (auto_optimize=True)
2026-08-14 07:38:43,616 - IPTVCollector - INFO - 📌 CCTV-2 已设为固定源 (auto_optimize=True)
2026-08-14 07:38:43,617 - IPTVCollector - INFO - 📌 CCTV-3 已设为固定源 (auto_optimize=True)
2026-08-14 07:38:43,618 - IPTVCollector - INFO - 📌 CCTV-4 已设为固定源 (auto_optimize=True)
2026-08-14 07:38:43,619 - IPTVCollector - INFO - 📌 CCTV-5 已设为固定源 (auto_optimize=True)
2026-08-14 07:38:43,621 - IPTVCollector - INFO - 📌 CCTV-5+ 已设为固定源 (auto_optimize=True)
2026-08-14 07:38:43,622 - IPTVCollector - INFO - 📌 CCTV-6 已设为固定源 (auto_optimize=True)
2026-08-14 07:38:43,623 - IPTVCollector - INFO - 📌 CCTV-7 已设为固定源 (auto_optimize=True)
2026-08-14 07:38:43,625 - IPTVCollector - INFO - 📌 CCTV-8 已设为固定源 (auto_optimize=True)
2026-08-14 07:38:43,626 - IPTVCollector - INFO - 📌 CCTV-9 已设为固定源 (auto_optimize=True)
2026-08-14 07:38:43,627 - IPTVCollector - INFO - 📌 CCTV-10 已设为固定源 (auto_optimize=True)
2026-08-14 07:38:43,628 - IPTVCollector - INFO - 📌 CCTV-11 已设为固定源 (auto_optimize=True)
2026-08-14 07:38:43,629 - IPTVCollector - INFO - 📌 CCTV-12 已设为固定源 (auto_optimize=True)
2026-08-14 07:38:43,631 - IPTVCollector - INFO - 📌 CCTV-13 已设为固定源 (auto_optimize=True)
2026-08-14 07:38:43,633 - IPTVCollector - INFO - 📌 CCTV-14 已设为固定源 (auto_optimize=True)
2026-08-14 07:38:43,634 - IPTVCollector - INFO - 📌 CCTV-15 已设为固定源 (auto_optimize=True)
2026-08-14 07:38:43,635 - IPTVCollector - INFO - 📌 CCTV-16 已设为固定源 (auto_optimize=True)
2026-08-14 07:38:43,636 - IPTVCollector - INFO - 📌 CCTV-17 已设为固定源 (auto_optimize=True)
2026-08-14 07:38:43,637 - IPTVCollector - INFO - 📌 CCTV4欧洲 已设为固定源 (auto_optimize=True)
2026-08-14 07:38:43,639 - IPTVCollector - INFO - 📌 CCTV4美洲 已设为固定源 (auto_optimize=True)
2026-08-14 07:38:43,639 - IPTVCollector - INFO - 📌 固定源已同步到数据库
2026-08-14 07:38:43,639 - IPTVCollector - INFO - 📋 订阅源解析：普通 11 个，白名单 0 个
2026-08-14 07:38:43,639 - IPTVCollector - INFO - 📋 使用 11 个源
2026-08-14 07:39:04,875 - IPTVCollector - INFO - 📊 测速完成，有效频道: 337 个
2026-08-14 07:39:04,875 - IPTVCollector - INFO - 📊 通过测速的频道数: 337
2026-08-14 07:39:05,732 - IPTVCollector - INFO - 🔍 ffmpeg 深度验证: 0 个需验证，336 个来自缓存/HTTP
2026-08-14 07:39:05,733 - IPTVCollector - INFO - ✅ ffmpeg 验证完成: 通过 336/337 个频道
2026-08-14 07:39:05,733 - IPTVCollector - INFO - 📊 通过ffmpeg验证的频道数: 336
2026-08-14 07:39:05,742 - IPTVCollector - INFO - 📌 已使用 18 个固定源（含自动优化）
2026-08-14 07:39:05,742 - IPTVCollector - INFO - 📊 合并完成: 共 293 个频道
2026-08-14 07:39:05,742 - IPTVCollector - INFO - 📊 合并后的频道数: 293
2026-08-14 07:39:05,770 - IPTVCollector - INFO - 📊 黑名单过滤后: 276
2026-08-14 07:39:05,801 - IPTVCollector - INFO - 📋 从 demo.txt 解析到 3541 个有序频道
2026-08-14 07:39:05,803 - IPTVCollector - INFO - 📋 从 demo.txt 解析到 3541 个有序频道
2026-08-14 07:40:13,249 - IPTVCollector - INFO - 📌 未分类频道追加到 '其他': TVB News
2026-08-14 07:40:13,249 - IPTVCollector - INFO - 📌 未分类频道追加到 '其他': 春晚2025
2026-08-14 07:40:13,249 - IPTVCollector - INFO - 📌 未分类频道追加到 '其他': Wild Earth
2026-08-14 07:40:13,250 - IPTVCollector - INFO - 📌 未分类频道追加到 '其他': Trace Sports
2026-08-14 07:40:13,250 - IPTVCollector - INFO - 📌 未分类频道追加到 '其他': WionNews
2026-08-14 07:40:13,250 - IPTVCollector - INFO - 📌 未分类频道追加到 '其他': 倩女幽魂妖魔道
2026-08-14 07:40:13,250 - IPTVCollector - INFO - 📌 未分类频道追加到 '其他': 倩女幽魂道道道
2026-08-14 07:40:13,250 - IPTVCollector - INFO - 📌 未分类频道追加到 '其他': 倩女幽魂人间道
2026-08-14 07:40:13,251 - IPTVCollector - INFO - 📌 未分类频道追加到 '其他': Anhui TV
2026-08-14 07:40:13,251 - IPTVCollector - INFO - 📌 未分类频道追加到 '其他': 大立电视台
2026-08-14 07:40:13,251 - IPTVCollector - INFO - 📌 未分类频道追加到 '其他': 环球电视
2026-08-14 07:40:13,251 - IPTVCollector - INFO - 📌 未分类频道追加到 '其他': 耀才财经
2026-08-14 07:40:13,251 - IPTVCollector - INFO - 📌 未分类频道追加到 '其他': 春晚2024
2026-08-14 07:40:13,251 - IPTVCollector - INFO - 📌 未分类频道追加到 '其他': ABN China
2026-08-14 07:40:13,251 - IPTVCollector - INFO - 🌏 自动追加: 绍兴电视台公共 -> ☘️浙江频道
2026-08-14 07:40:13,252 - IPTVCollector - INFO - 📌 未分类频道追加到 '其他': 广东影视
2026-08-14 07:40:13,252 - IPTVCollector - INFO - 📌 未分类频道追加到 '其他': 龙门飞甲
2026-08-14 07:40:13,252 - IPTVCollector - INFO - 🌏 自动追加: 浙江 Ⅰ 绍兴综合 -> ☘️浙江频道
2026-08-14 07:40:13,252 - IPTVCollector - INFO - 🌏 自动追加: 浙江 Ⅰ 绍兴影视 -> ☘️浙江频道
2026-08-14 07:40:13,252 - IPTVCollector - INFO - 📌 未分类频道追加到 '其他': 玛纳斯综合
2026-08-14 07:40:13,252 - IPTVCollector - INFO - 📌 未分类频道追加到 '其他': 伊犁经济法制
2026-08-14 07:40:13,253 - IPTVCollector - INFO - 📌 未分类频道追加到 '其他': 浙江钱江都市
2026-08-14 07:40:13,253 - IPTVCollector - INFO - 📌 未分类频道追加到 '其他': 玛纳斯
2026-08-14 07:40:13,253 - IPTVCollector - INFO - 📌 未分类频道追加到 '其他': 数码时代
2026-08-14 07:40:13,253 - IPTVCollector - INFO - 📌 未分类频道追加到 '其他': 浙江教科影院
2026-08-14 07:40:13,253 - IPTVCollector - INFO - 📌 未分类频道追加到 '其他': Home Plus
2026-08-14 07:40:13,253 - IPTVCollector - INFO - 📌 未分类频道追加到 '其他': 浙江教育
2026-08-14 07:40:13,253 - IPTVCollector - INFO - 📌 未分类频道追加到 '其他': Chifeng Comprehensive News Chanel
2026-08-14 07:40:13,254 - IPTVCollector - INFO - 📌 未分类频道追加到 '其他': 浙江民生休闲
2026-08-14 07:40:13,254 - IPTVCollector - INFO - 📌 未分类频道追加到 '其他': VOA美国之音
2026-08-14 07:40:13,254 - IPTVCollector - INFO - 📌 未分类频道追加到 '其他': Harbin Comprehensive News Channel
2026-08-14 07:40:13,254 - IPTVCollector - INFO - 📌 未分类频道追加到 '其他': Nei Monggol TV 2 Mongolian Culture Channel [Not 24/7]
2026-08-14 07:40:13,254 - IPTVCollector - INFO - 📌 未分类频道追加到 '其他': Siping TV
2026-08-14 07:40:13,255 - IPTVCollector - INFO - 📌 未分类频道追加到 '其他': Harbin Movie Channel
2026-08-14 07:40:13,255 - IPTVCollector - INFO - 📌 未分类频道追加到 '其他': Nei Monggol TV [Not 24/7]
2026-08-14 07:40:13,255 - IPTVCollector - INFO - 📌 未分类频道追加到 '其他': 浙江经济
2026-08-14 07:40:13,255 - IPTVCollector - INFO - 📌 未分类频道追加到 '其他': Xinjiang TV 2
2026-08-14 07:40:13,256 - IPTVCollector - INFO - 📌 未分类频道追加到 '其他': TV BRICS Chinese
2026-08-14 07:40:13,256 - IPTVCollector - INFO - 📌 未分类频道追加到 '其他': Xinjiang TV 3
2026-08-14 07:40:13,256 - IPTVCollector - INFO - 📌 未分类频道追加到 '其他': Hunan TV
2026-08-14 07:40:13,256 - IPTVCollector - INFO - 📌 未分类频道追加到 '其他': 浙江生活
2026-08-14 07:40:13,256 - IPTVCollector - INFO - 📌 未分类频道追加到 '其他': 凤凰资讯
2026-08-14 07:40:13,259 - IPTVCollector - INFO - 🌏 自动追加: 武汉一台新闻综合 -> ☘️湖北频道
2026-08-14 07:40:13,259 - IPTVCollector - INFO - 🌏 自动追加: 凤凰香港 -> 🌊港·澳·台
2026-08-14 07:40:13,259 - IPTVCollector - INFO - 📌 未分类频道追加到 '其他': 凤凰中文
2026-08-14 07:40:13,259 - IPTVCollector - INFO - 📌 未分类频道追加到 '其他': CGTN Documentary
2026-08-14 07:40:13,259 - IPTVCollector - INFO - 📌 未分类频道追加到 '其他': 韩国电影1
2026-08-14 07:40:13,260 - IPTVCollector - INFO - 📌 未分类频道追加到 '其他': Dragon TV International
2026-08-14 07:40:13,260 - IPTVCollector - INFO - 📌 未分类频道追加到 '其他': 韩国电影2
2026-08-14 07:40:13,260 - IPTVCollector - INFO - 📌 未分类频道追加到 '其他': Hebei TV
2026-08-14 07:40:13,260 - IPTVCollector - INFO - 📌 未分类频道追加到 '其他': 前郭综合 [Geo-blocked]
2026-08-14 07:40:13,262 - IPTVCollector - INFO - 🌏 自动追加: 长白山电视台 -> ☘️吉林频道
2026-08-14 07:40:13,263 - IPTVCollector - INFO - 🌏 自动追加: 四平新闻综合 [Geo-blocked] -> ☘️吉林频道
2026-08-14 07:40:13,265 - IPTVCollector - INFO - 🌏 自动追加: 通化县 -> ☘️吉林频道
2026-08-14 07:40:13,265 - IPTVCollector - INFO - 📌 未分类频道追加到 '其他': 延边新闻综合 [Geo-blocked]
2026-08-14 07:40:13,265 - IPTVCollector - INFO - 📌 未分类频道追加到 '其他': 江津新闻
2026-08-14 07:40:13,266 - IPTVCollector - INFO - 📌 未分类频道追加到 '其他': 陕西新闻咨询
2026-08-14 07:40:13,266 - IPTVCollector - INFO - 📌 未分类频道追加到 '其他': 都市青春
2026-08-14 07:40:13,266 - IPTVCollector - INFO - 📌 未分类频道追加到 '其他': 江津经济生活
2026-08-14 07:40:13,266 - IPTVCollector - INFO - 📌 未分类频道追加到 '其他': 辽新闻综合 [Geo-blocked]
2026-08-14 07:40:13,268 - IPTVCollector - INFO - 🌏 自动追加: 白山新闻综合 [Geo-blocked] -> ☘️吉林频道
2026-08-14 07:40:13,269 - IPTVCollector - INFO - 🌏 自动追加: 长春综合 [Geo-blocked] -> ☘️吉林频道
2026-08-14 07:40:13,271 - IPTVCollector - INFO - 🌏 自动追加: 哈尔滨都市咨询 -> ☘️黑龙江频道
2026-08-14 07:40:13,272 - IPTVCollector - INFO - 🌏 自动追加: 通化新闻 [Geo-blocked] -> ☘️吉林频道
2026-08-14 07:40:13,272 - IPTVCollector - INFO - 📌 未分类频道追加到 '其他': 华丽翡翠台
2026-08-14 07:40:13,273 - IPTVCollector - INFO - 📌 未分类频道追加到 '其他': 靖江新闻綜合 [Not 24/7]
2026-08-14 07:40:13,273 - IPTVCollector - INFO - 📌 未分类频道追加到 '其他': 无线新闻台
2026-08-14 07:40:13,273 - IPTVCollector - INFO - 📌 未分类频道追加到 '其他': 新闻咨询
2026-08-14 07:40:13,273 - IPTVCollector - INFO - 📌 未分类频道追加到 '其他': 荣昌综合 [Not 24/7]
2026-08-14 07:40:13,274 - IPTVCollector - INFO - 📌 未分类频道追加到 '其他': 音乐欣赏
2026-08-14 07:40:13,274 - IPTVCollector - INFO - 📌 未分类频道追加到 '其他': 现代教育
2026-08-14 07:40:13,274 - IPTVCollector - INFO - 📌 未分类频道追加到 '其他': 韩国EBS少儿
2026-08-14 07:40:13,274 - IPTVCollector - INFO - 📌 未分类频道追加到 '其他': 岭南戏曲
2026-08-14 07:40:13,275 - IPTVCollector - INFO - 📌 未分类频道追加到 '其他': Arirang
2026-08-14 07:40:13,275 - IPTVCollector - INFO - 📌 未分类频道追加到 '其他': 东南卫视
2026-08-14 07:40:13,275 - IPTVCollector - INFO - 📌 未分类频道追加到 '其他': Dali TV
2026-08-14 07:40:13,275 - IPTVCollector - INFO - 📌 未分类频道追加到 '其他': CNA
2026-08-14 07:40:13,276 - IPTVCollector - INFO - 📌 未分类频道追加到 '其他': 集安综合 [Geo-blocked]
2026-08-14 07:40:13,276 - IPTVCollector - INFO - 📌 未分类频道追加到 '其他': 南方卫视
2026-08-14 07:40:13,276 - IPTVCollector - INFO - 🌏 自动追加: 上海卫视 -> ☘️上海频道
2026-08-14 07:40:13,276 - IPTVCollector - INFO - 📌 未分类频道追加到 '其他': Supreme Master TV
2026-08-14 07:40:13,277 - IPTVCollector - INFO - 📌 未分类频道追加到 '其他': Beautiful Life TV
2026-08-14 07:40:13,277 - IPTVCollector - INFO - 📌 未分类频道追加到 '其他': 飞碟之谜01
2026-08-14 07:40:13,277 - IPTVCollector - INFO - 📌 未分类频道追加到 '其他': Newsmax
2026-08-14 07:40:13,277 - IPTVCollector - INFO - 📌 未分类频道追加到 '其他': Good
2026-08-14 07:40:13,277 - IPTVCollector - INFO - 📌 未分类频道追加到 '其他': Good 2
2026-08-14 07:40:13,278 - IPTVCollector - INFO - 📌 未分类频道追加到 '其他': 2024年春晚
2026-08-14 07:40:13,278 - IPTVCollector - INFO - 📌 未分类频道追加到 '其他': Pet Club TV
2026-08-14 07:40:13,278 - IPTVCollector - INFO - 📌 未分类频道追加到 '其他': RT Français
2026-08-14 07:40:13,278 - IPTVCollector - INFO - 🎯 Demo 筛选：原始 276 -> 匹配/分类后 276 个频道
2026-08-14 07:40:13,279 - IPTVCollector - INFO - 📊 Demo筛选后: 276
2026-08-14 07:40:13,280 - IPTVCollector - INFO - ✅ M3U 文件已生成: output/tv.m3u
2026-08-14 07:40:13,280 - IPTVCollector - INFO - ✅ TXT 文件已生成: output/tv.txt
2026-08-14 07:40:13,281 - IPTVCollector - INFO - ✅ 多源 M3U 文件已生成: output/tv_multi.m3u
2026-08-14 07:40:13,283 - IPTVCollector - INFO - ✅ JSON API 已生成: output/channels.json
2026-08-14 07:40:13,284 - IPTVCollector - INFO - ✅ 精简版已生成: output/tv_lite.m3u
2026-08-14 07:40:13,284 - IPTVCollector - INFO - ✅ M3U 文件已生成: output/tv_epg.m3u
2026-08-14 07:40:13,285 - IPTVCollector - INFO - 🚀 IPTV 自治系统启动
2026-08-14 07:40:13,285 - IPTVCollector - INFO - ⏭️ 跳过发现阶段
2026-08-14 07:40:13,285 - IPTVCollector - INFO - ==================================================
阶段2: 从缓存观察候选源
==================================================
2026-08-14 07:40:13,320 - IPTVCollector - INFO -   📊 观察进度: 100/248，稳定 0 个
2026-08-14 07:40:13,337 - IPTVCollector - INFO -   📊 观察进度: 200/248，稳定 0 个
2026-08-14 07:40:13,345 - IPTVCollector - INFO - ✅ 候选源稳定: 江苏卫视 (成功率 66.67%, 延迟 633ms)
2026-08-14 07:40:13,346 - IPTVCollector - INFO - ✅ 候选源稳定: 农林卫视 (成功率 66.67%, 延迟 497ms)
2026-08-14 07:40:13,350 - IPTVCollector - INFO - ✅ 观察阶段完成: 2 个源达到稳定标准
2026-08-14 07:40:13,350 - IPTVCollector - INFO - ==================================================
阶段3: 提升稳定源
==================================================
2026-08-14 07:40:13,352 - IPTVCollector - INFO - ✅ 江苏卫视 已提升为稳定源
2026-08-14 07:40:13,353 - IPTVCollector - INFO - 📌 已提升: 江苏卫视
2026-08-14 07:40:13,355 - IPTVCollector - INFO - ✅ 农林卫视 已提升为稳定源
2026-08-14 07:40:13,356 - IPTVCollector - INFO - 📌 已提升: 农林卫视
2026-08-14 07:40:13,357 - IPTVCollector - INFO - ✅ 提升阶段完成: 2 个源被提升
2026-08-14 07:40:13,357 - IPTVCollector - INFO - 📊 自治模式统计:
2026-08-14 07:40:13,357 - IPTVCollector - INFO -   候选池总数: 816, 观察中: 246, 稳定: 557
2026-08-14 07:40:13,357 - IPTVCollector - INFO -   本次新提升: 2
2026-08-14 07:40:13,357 - IPTVCollector - INFO - 🎉 全部完成！
2026-08-14 13:15:41,105 - IPTVCollector - INFO - 🚀 IPTV 智能整理平台启动
2026-08-14 13:15:41,107 - IPTVCollector - INFO - ✅ 数据库缓存已启用: data/iptv_cache.db
2026-08-14 13:15:41,109 - IPTVCollector - INFO - 📌 CCTV-1 已设为固定源 (auto_optimize=True)
2026-08-14 13:15:41,111 - IPTVCollector - INFO - 📌 CCTV-2 已设为固定源 (auto_optimize=True)
2026-08-14 13:15:41,112 - IPTVCollector - INFO - 📌 CCTV-3 已设为固定源 (auto_optimize=True)
2026-08-14 13:15:41,114 - IPTVCollector - INFO - 📌 CCTV-4 已设为固定源 (auto_optimize=True)
2026-08-14 13:15:41,115 - IPTVCollector - INFO - 📌 CCTV-5 已设为固定源 (auto_optimize=True)
2026-08-14 13:15:41,116 - IPTVCollector - INFO - 📌 CCTV-5+ 已设为固定源 (auto_optimize=True)
2026-08-14 13:15:41,117 - IPTVCollector - INFO - 📌 CCTV-6 已设为固定源 (auto_optimize=True)
2026-08-14 13:15:41,118 - IPTVCollector - INFO - 📌 CCTV-7 已设为固定源 (auto_optimize=True)
2026-08-14 13:15:41,120 - IPTVCollector - INFO - 📌 CCTV-8 已设为固定源 (auto_optimize=True)
2026-08-14 13:15:41,121 - IPTVCollector - INFO - 📌 CCTV-9 已设为固定源 (auto_optimize=True)
2026-08-14 13:15:41,122 - IPTVCollector - INFO - 📌 CCTV-10 已设为固定源 (auto_optimize=True)
2026-08-14 13:15:41,123 - IPTVCollector - INFO - 📌 CCTV-11 已设为固定源 (auto_optimize=True)
2026-08-14 13:15:41,124 - IPTVCollector - INFO - 📌 CCTV-12 已设为固定源 (auto_optimize=True)
2026-08-14 13:15:41,126 - IPTVCollector - INFO - 📌 CCTV-13 已设为固定源 (auto_optimize=True)
2026-08-14 13:15:41,127 - IPTVCollector - INFO - 📌 CCTV-14 已设为固定源 (auto_optimize=True)
2026-08-14 13:15:41,128 - IPTVCollector - INFO - 📌 CCTV-15 已设为固定源 (auto_optimize=True)
2026-08-14 13:15:41,129 - IPTVCollector - INFO - 📌 CCTV-16 已设为固定源 (auto_optimize=True)
2026-08-14 13:15:41,131 - IPTVCollector - INFO - 📌 CCTV-17 已设为固定源 (auto_optimize=True)
2026-08-14 13:15:41,132 - IPTVCollector - INFO - 📌 CCTV4欧洲 已设为固定源 (auto_optimize=True)
2026-08-14 13:15:41,133 - IPTVCollector - INFO - 📌 CCTV4美洲 已设为固定源 (auto_optimize=True)
2026-08-14 13:15:41,133 - IPTVCollector - INFO - 📌 固定源已同步到数据库
2026-08-14 13:15:41,133 - IPTVCollector - INFO - 📋 订阅源解析：普通 11 个，白名单 0 个
2026-08-14 13:15:41,133 - IPTVCollector - INFO - 📋 使用 11 个源
2026-08-14 13:16:03,157 - IPTVCollector - INFO - 📊 测速完成，有效频道: 339 个
2026-08-14 13:16:03,157 - IPTVCollector - INFO - 📊 通过测速的频道数: 339
2026-08-14 13:18:07,683 - IPTVCollector - INFO - 🔍 ffmpeg 深度验证: 3 个需验证，336 个来自缓存/HTTP
2026-08-14 13:18:12,477 - IPTVCollector - INFO - ✅ ffmpeg 验证完成: 通过 338/339 个频道
2026-08-14 13:18:12,477 - IPTVCollector - INFO - 📊 通过ffmpeg验证的频道数: 338
2026-08-14 13:18:12,484 - IPTVCollector - INFO - 📌 已使用 19 个固定源（含自动优化）
2026-08-14 13:18:12,484 - IPTVCollector - INFO - 📊 合并完成: 共 296 个频道
2026-08-14 13:18:12,484 - IPTVCollector - INFO - 📊 合并后的频道数: 296
2026-08-14 13:18:12,512 - IPTVCollector - INFO - 📊 黑名单过滤后: 279
2026-08-14 13:18:12,514 - IPTVCollector - INFO - 📋 从 demo.txt 解析到 3541 个有序频道
2026-08-14 13:18:12,517 - IPTVCollector - INFO - 📋 从 demo.txt 解析到 3541 个有序频道
2026-08-14 13:19:20,295 - IPTVCollector - INFO - 📌 未分类频道追加到 '其他': 春晚2025
2026-08-14 13:19:20,295 - IPTVCollector - INFO - 📌 未分类频道追加到 '其他': ABN China
2026-08-14 13:19:20,295 - IPTVCollector - INFO - 📌 未分类频道追加到 '其他': 环球电视
2026-08-14 13:19:20,296 - IPTVCollector - INFO - 📌 未分类频道追加到 '其他': Anhui TV
2026-08-14 13:19:20,296 - IPTVCollector - INFO - 🌏 自动追加: 浙江 Ⅰ 绍兴综合 -> ☘️浙江频道
2026-08-14 13:19:20,296 - IPTVCollector - INFO - 📌 未分类频道追加到 '其他': 春晚2024
2026-08-14 13:19:20,297 - IPTVCollector - INFO - 🌏 自动追加: 浙江 Ⅰ 绍兴影视 -> ☘️浙江频道
2026-08-14 13:19:20,297 - IPTVCollector - INFO - 📌 未分类频道追加到 '其他': Home Plus
2026-08-14 13:19:20,297 - IPTVCollector - INFO - 📌 未分类频道追加到 '其他': VOA美国之音
2026-08-14 13:19:20,297 - IPTVCollector - INFO - 📌 未分类频道追加到 '其他': Chifeng Comprehensive News Chanel
2026-08-14 13:19:20,297 - IPTVCollector - INFO - 📌 未分类频道追加到 '其他': TV BRICS Chinese
2026-08-14 13:19:20,298 - IPTVCollector - INFO - 📌 未分类频道追加到 '其他': Nei Monggol TV [Not 24/7]
2026-08-14 13:19:20,298 - IPTVCollector - INFO - 📌 未分类频道追加到 '其他': Hunan TV
2026-08-14 13:19:20,298 - IPTVCollector - INFO - 📌 未分类频道追加到 '其他': Siping TV
2026-08-14 13:19:20,298 - IPTVCollector - INFO - 📌 未分类频道追加到 '其他': Xinjiang TV 2
2026-08-14 13:19:20,299 - IPTVCollector - INFO - 📌 未分类频道追加到 '其他': Harbin Comprehensive News Channel
2026-08-14 13:19:20,299 - IPTVCollector - INFO - 📌 未分类频道追加到 '其他': Harbin Movie Channel
2026-08-14 13:19:20,299 - IPTVCollector - INFO - 📌 未分类频道追加到 '其他': Nei Monggol TV 2 Mongolian Culture Channel [Not 24/7]
2026-08-14 13:19:20,299 - IPTVCollector - INFO - 📌 未分类频道追加到 '其他': CGTN Documentary
2026-08-14 13:19:20,300 - IPTVCollector - INFO - 📌 未分类频道追加到 '其他': Xinjiang TV 3
2026-08-14 13:19:20,300 - IPTVCollector - INFO - 📌 未分类频道追加到 '其他': Dragon TV International
2026-08-14 13:19:20,301 - IPTVCollector - INFO - 🌏 自动追加: 长白山电视台 -> ☘️吉林频道
2026-08-14 13:19:20,302 - IPTVCollector - INFO - 📌 未分类频道追加到 '其他': 前郭综合 [Geo-blocked]
2026-08-14 13:19:20,302 - IPTVCollector - INFO - 📌 未分类频道追加到 '其他': Hebei TV
2026-08-14 13:19:20,303 - IPTVCollector - INFO - 🌏 自动追加: 四平新闻综合 [Geo-blocked] -> ☘️吉林频道
2026-08-14 13:19:20,305 - IPTVCollector - INFO - 🌏 自动追加: 通化县 -> ☘️吉林频道
2026-08-14 13:19:20,305 - IPTVCollector - INFO - 📌 未分类频道追加到 '其他': 浙江经济
2026-08-14 13:19:20,306 - IPTVCollector - INFO - 🌏 自动追加: 白山新闻综合 [Geo-blocked] -> ☘️吉林频道
2026-08-14 13:19:20,306 - IPTVCollector - INFO - 📌 未分类频道追加到 '其他': 辽新闻综合 [Geo-blocked]
2026-08-14 13:19:20,307 - IPTVCollector - INFO - 📌 未分类频道追加到 '其他': 江津经济生活
2026-08-14 13:19:20,308 - IPTVCollector - INFO - 🌏 自动追加: 松原新闻综合 [Geo-blocked] -> ☘️吉林频道
2026-08-14 13:19:20,309 - IPTVCollector - INFO - 🌏 自动追加: 长春综合 [Geo-blocked] -> ☘️吉林频道
2026-08-14 13:19:20,309 - IPTVCollector - INFO - 📌 未分类频道追加到 '其他': 集安综合 [Geo-blocked]
2026-08-14 13:19:20,310 - IPTVCollector - INFO - 📌 未分类频道追加到 '其他': 靖江新闻綜合 [Not 24/7]
2026-08-14 13:19:20,310 - IPTVCollector - INFO - 🌏 自动追加: 上海卫视 -> ☘️上海频道
2026-08-14 13:19:20,310 - IPTVCollector - INFO - 📌 未分类频道追加到 '其他': 延边新闻综合 [Geo-blocked]
2026-08-14 13:19:20,310 - IPTVCollector - INFO - 📌 未分类频道追加到 '其他': 南方卫视
2026-08-14 13:19:20,310 - IPTVCollector - INFO - 📌 未分类频道追加到 '其他': 东南卫视
2026-08-14 13:19:20,311 - IPTVCollector - INFO - 🌏 自动追加: 绍兴电视台公共 -> ☘️浙江频道
2026-08-14 13:19:20,311 - IPTVCollector - INFO - 📌 未分类频道追加到 '其他': 大立电视台
2026-08-14 13:19:20,311 - IPTVCollector - INFO - 📌 未分类频道追加到 '其他': 耀才财经
2026-08-14 13:19:20,311 - IPTVCollector - INFO - 📌 未分类频道追加到 '其他': 广东影视
2026-08-14 13:19:20,312 - IPTVCollector - INFO - 📌 未分类频道追加到 '其他': 伊犁经济法制
2026-08-14 13:19:20,312 - IPTVCollector - INFO - 📌 未分类频道追加到 '其他': 龙门飞甲
2026-08-14 13:19:20,312 - IPTVCollector - INFO - 📌 未分类频道追加到 '其他': 玛纳斯
2026-08-14 13:19:20,312 - IPTVCollector - INFO - 📌 未分类频道追加到 '其他': 浙江钱江都市
2026-08-14 13:19:20,312 - IPTVCollector - INFO - 📌 未分类频道追加到 '其他': 玛纳斯综合
2026-08-14 13:19:20,313 - IPTVCollector - INFO - 📌 未分类频道追加到 '其他': 数码时代
2026-08-14 13:19:20,313 - IPTVCollector - INFO - 📌 未分类频道追加到 '其他': 奎屯汉语
2026-08-14 13:19:20,313 - IPTVCollector - INFO - 📌 未分类频道追加到 '其他': 浙江民生休闲
2026-08-14 13:19:20,313 - IPTVCollector - INFO - 📌 未分类频道追加到 '其他': 凤凰中文
2026-08-14 13:19:20,313 - IPTVCollector - INFO - 📌 未分类频道追加到 '其他': 凤凰资讯
2026-08-14 13:19:20,313 - IPTVCollector - INFO - 🌏 自动追加: 凤凰香港 -> 🌊港·澳·台
2026-08-14 13:19:20,314 - IPTVCollector - INFO - 📌 未分类频道追加到 '其他': 浙江教育
2026-08-14 13:19:20,314 - IPTVCollector - INFO - 📌 未分类频道追加到 '其他': 韩国电影1
2026-08-14 13:19:20,314 - IPTVCollector - INFO - 📌 未分类频道追加到 '其他': 韩国电影2
2026-08-14 13:19:20,314 - IPTVCollector - INFO - 📌 未分类频道追加到 '其他': 浙江教科影院
2026-08-14 13:19:20,315 - IPTVCollector - INFO - 📌 未分类频道追加到 '其他': 都市青春
2026-08-14 13:19:20,316 - IPTVCollector - INFO - 🌏 自动追加: 武汉一台新闻综合 -> ☘️湖北频道
2026-08-14 13:19:20,316 - IPTVCollector - INFO - 📌 未分类频道追加到 '其他': 陕西新闻咨询
2026-08-14 13:19:20,317 - IPTVCollector - INFO - 📌 未分类频道追加到 '其他': 浙江生活
2026-08-14 13:19:20,317 - IPTVCollector - INFO - 📌 未分类频道追加到 '其他': 江津新闻
2026-08-14 13:19:20,317 - IPTVCollector - INFO - 📌 未分类频道追加到 '其他': FZTV3
2026-08-14 13:19:20,317 - IPTVCollector - INFO - 📌 未分类频道追加到 '其他': 华丽翡翠台
2026-08-14 13:19:20,317 - IPTVCollector - INFO - 📌 未分类频道追加到 '其他': 无线新闻台
2026-08-14 13:19:20,319 - IPTVCollector - INFO - 🌏 自动追加: 哈尔滨都市咨询 -> ☘️黑龙江频道
2026-08-14 13:19:20,319 - IPTVCollector - INFO - 📌 未分类频道追加到 '其他': 新闻咨询
2026-08-14 13:19:20,319 - IPTVCollector - INFO - 📌 未分类频道追加到 '其他': CNA
2026-08-14 13:19:20,319 - IPTVCollector - INFO - 📌 未分类频道追加到 '其他': Newsmax
2026-08-14 13:19:20,320 - IPTVCollector - INFO - 📌 未分类频道追加到 '其他': TVB News
2026-08-14 13:19:20,320 - IPTVCollector - INFO - 📌 未分类频道追加到 '其他': 现代教育
2026-08-14 13:19:20,320 - IPTVCollector - INFO - 📌 未分类频道追加到 '其他': Dali TV
2026-08-14 13:19:20,320 - IPTVCollector - INFO - 📌 未分类频道追加到 '其他': 音乐欣赏
2026-08-14 13:19:20,321 - IPTVCollector - INFO - 📌 未分类频道追加到 '其他': Supreme Master TV
2026-08-14 13:19:20,321 - IPTVCollector - INFO - 📌 未分类频道追加到 '其他': WionNews
2026-08-14 13:19:20,321 - IPTVCollector - INFO - 📌 未分类频道追加到 '其他': Wild Earth
2026-08-14 13:19:20,321 - IPTVCollector - INFO - 📌 未分类频道追加到 '其他': Trace Sports
2026-08-14 13:19:20,321 - IPTVCollector - INFO - 📌 未分类频道追加到 '其他': 岭南戏曲
2026-08-14 13:19:20,322 - IPTVCollector - INFO - 📌 未分类频道追加到 '其他': Pet Club TV
2026-08-14 13:19:20,322 - IPTVCollector - INFO - 📌 未分类频道追加到 '其他': 倩女幽魂人间道
2026-08-14 13:19:20,322 - IPTVCollector - INFO - 📌 未分类频道追加到 '其他': Good
2026-08-14 13:19:20,322 - IPTVCollector - INFO - 📌 未分类频道追加到 '其他': Good 2
2026-08-14 13:19:20,323 - IPTVCollector - INFO - 📌 未分类频道追加到 '其他': 倩女幽魂道道道
2026-08-14 13:19:20,323 - IPTVCollector - INFO - 📌 未分类频道追加到 '其他': 倩女幽魂妖魔道
2026-08-14 13:19:20,323 - IPTVCollector - INFO - 📌 未分类频道追加到 '其他': RT Français
2026-08-14 13:19:20,323 - IPTVCollector - INFO - 📌 未分类频道追加到 '其他': 韩国EBS少儿
2026-08-14 13:19:20,323 - IPTVCollector - INFO - 📌 未分类频道追加到 '其他': Beautiful Life TV
2026-08-14 13:19:20,324 - IPTVCollector - INFO - 📌 未分类频道追加到 '其他': 飞碟之谜01
2026-08-14 13:19:20,324 - IPTVCollector - INFO - 📌 未分类频道追加到 '其他': Arirang
2026-08-14 13:19:20,324 - IPTVCollector - INFO - 📌 未分类频道追加到 '其他': 2024年春晚
2026-08-14 13:19:20,324 - IPTVCollector - INFO - 📌 未分类频道追加到 '其他': 河南电视剧
2026-08-14 13:19:20,324 - IPTVCollector - INFO - 🎯 Demo 筛选：原始 279 -> 匹配/分类后 279 个频道
2026-08-14 13:19:20,325 - IPTVCollector - INFO - 📊 Demo筛选后: 279
2026-08-14 13:19:20,326 - IPTVCollector - INFO - ✅ M3U 文件已生成: output/tv.m3u
2026-08-14 13:19:20,326 - IPTVCollector - INFO - ✅ TXT 文件已生成: output/tv.txt
2026-08-14 13:19:20,327 - IPTVCollector - INFO - ✅ 多源 M3U 文件已生成: output/tv_multi.m3u
2026-08-14 13:19:20,329 - IPTVCollector - INFO - ✅ JSON API 已生成: output/channels.json
2026-08-14 13:19:20,330 - IPTVCollector - INFO - ✅ 精简版已生成: output/tv_lite.m3u
2026-08-14 13:19:20,330 - IPTVCollector - INFO - ✅ M3U 文件已生成: output/tv_epg.m3u
2026-08-14 13:19:20,330 - IPTVCollector - INFO - 🚀 IPTV 自治系统启动
2026-08-14 13:19:20,330 - IPTVCollector - INFO - ⏭️ 跳过发现阶段
2026-08-14 13:19:20,330 - IPTVCollector - INFO - ==================================================
阶段2: 从缓存观察候选源
==================================================
2026-08-14 13:19:20,350 - IPTVCollector - INFO -   📊 观察进度: 100/249，稳定 0 个
2026-08-14 13:19:20,366 - IPTVCollector - INFO -   📊 观察进度: 200/249，稳定 0 个
2026-08-14 13:19:20,374 - IPTVCollector - INFO - ✅ 观察阶段完成: 0 个源达到稳定标准
2026-08-14 13:19:20,374 - IPTVCollector - INFO - ==================================================
阶段3: 提升稳定源
==================================================
2026-08-14 13:19:20,374 - IPTVCollector - INFO - 📭 没有稳定的候选源需要提升
2026-08-14 13:19:20,374 - IPTVCollector - INFO - 📊 自治模式统计:
2026-08-14 13:19:20,375 - IPTVCollector - INFO -   候选池总数: 816, 观察中: 249, 稳定: 554
2026-08-14 13:19:20,375 - IPTVCollector - INFO -   本次新提升: 0
2026-08-14 13:19:20,375 - IPTVCollector - INFO - 🎉 全部完成！
2026-08-14 18:59:55,924 - IPTVCollector - INFO - 🚀 IPTV 智能整理平台启动
2026-08-14 18:59:55,927 - IPTVCollector - INFO - ✅ 数据库缓存已启用: data/iptv_cache.db
2026-08-14 18:59:55,929 - IPTVCollector - INFO - 📌 CCTV-1 已设为固定源 (auto_optimize=True)
2026-08-14 18:59:55,930 - IPTVCollector - INFO - 📌 CCTV-2 已设为固定源 (auto_optimize=True)
2026-08-14 18:59:55,932 - IPTVCollector - INFO - 📌 CCTV-3 已设为固定源 (auto_optimize=True)
2026-08-14 18:59:55,933 - IPTVCollector - INFO - 📌 CCTV-4 已设为固定源 (auto_optimize=True)
2026-08-14 18:59:55,934 - IPTVCollector - INFO - 📌 CCTV-5 已设为固定源 (auto_optimize=True)
2026-08-14 18:59:55,935 - IPTVCollector - INFO - 📌 CCTV-5+ 已设为固定源 (auto_optimize=True)
2026-08-14 18:59:55,936 - IPTVCollector - INFO - 📌 CCTV-6 已设为固定源 (auto_optimize=True)
2026-08-14 18:59:55,937 - IPTVCollector - INFO - 📌 CCTV-7 已设为固定源 (auto_optimize=True)
2026-08-14 18:59:55,939 - IPTVCollector - INFO - 📌 CCTV-8 已设为固定源 (auto_optimize=True)
2026-08-14 18:59:55,940 - IPTVCollector - INFO - 📌 CCTV-9 已设为固定源 (auto_optimize=True)
2026-08-14 18:59:55,941 - IPTVCollector - INFO - 📌 CCTV-10 已设为固定源 (auto_optimize=True)
2026-08-14 18:59:55,942 - IPTVCollector - INFO - 📌 CCTV-11 已设为固定源 (auto_optimize=True)
2026-08-14 18:59:55,943 - IPTVCollector - INFO - 📌 CCTV-12 已设为固定源 (auto_optimize=True)
2026-08-14 18:59:55,944 - IPTVCollector - INFO - 📌 CCTV-13 已设为固定源 (auto_optimize=True)
2026-08-14 18:59:55,945 - IPTVCollector - INFO - 📌 CCTV-14 已设为固定源 (auto_optimize=True)
2026-08-14 18:59:55,946 - IPTVCollector - INFO - 📌 CCTV-15 已设为固定源 (auto_optimize=True)
2026-08-14 18:59:55,948 - IPTVCollector - INFO - 📌 CCTV-16 已设为固定源 (auto_optimize=True)
2026-08-14 18:59:55,949 - IPTVCollector - INFO - 📌 CCTV-17 已设为固定源 (auto_optimize=True)
2026-08-14 18:59:55,950 - IPTVCollector - INFO - 📌 CCTV4欧洲 已设为固定源 (auto_optimize=True)
2026-08-14 18:59:55,951 - IPTVCollector - INFO - 📌 CCTV4美洲 已设为固定源 (auto_optimize=True)
2026-08-14 18:59:55,951 - IPTVCollector - INFO - 📌 固定源已同步到数据库
2026-08-14 18:59:55,952 - IPTVCollector - INFO - 📋 订阅源解析：普通 11 个，白名单 0 个
2026-08-14 18:59:55,952 - IPTVCollector - INFO - 📋 使用 11 个源
2026-08-14 19:00:12,240 - IPTVCollector - INFO - 📊 测速完成，有效频道: 342 个
2026-08-14 19:00:12,240 - IPTVCollector - INFO - 📊 通过测速的频道数: 342
2026-08-14 19:00:14,425 - IPTVCollector - INFO - 🔍 ffmpeg 深度验证: 0 个需验证，341 个来自缓存/HTTP
2026-08-14 19:00:14,425 - IPTVCollector - INFO - ✅ ffmpeg 验证完成: 通过 341/342 个频道
2026-08-14 19:00:14,425 - IPTVCollector - INFO - 📊 通过ffmpeg验证的频道数: 341
2026-08-14 19:00:14,432 - IPTVCollector - INFO - 📌 已使用 19 个固定源（含自动优化）
2026-08-14 19:00:14,432 - IPTVCollector - INFO - 📊 合并完成: 共 298 个频道
2026-08-14 19:00:14,432 - IPTVCollector - INFO - 📊 合并后的频道数: 298
2026-08-14 19:00:14,461 - IPTVCollector - INFO - 📊 黑名单过滤后: 281
2026-08-14 19:00:14,463 - IPTVCollector - INFO - 📋 从 demo.txt 解析到 3541 个有序频道
2026-08-14 19:00:14,466 - IPTVCollector - INFO - 📋 从 demo.txt 解析到 3541 个有序频道
2026-08-14 19:01:25,575 - IPTVCollector - INFO - 📌 未分类频道追加到 '其他': ABN China
2026-08-14 19:01:25,575 - IPTVCollector - INFO - 📌 未分类频道追加到 '其他': Anhui TV
2026-08-14 19:01:25,575 - IPTVCollector - INFO - 🌏 自动追加: 浙江 Ⅰ 绍兴影视 -> ☘️浙江频道
2026-08-14 19:01:25,576 - IPTVCollector - INFO - 🌏 自动追加: 浙江 Ⅰ 绍兴综合 -> ☘️浙江频道
2026-08-14 19:01:25,576 - IPTVCollector - INFO - 📌 未分类频道追加到 '其他': Home Plus
2026-08-14 19:01:25,576 - IPTVCollector - INFO - 📌 未分类频道追加到 '其他': Siping TV
2026-08-14 19:01:25,577 - IPTVCollector - INFO - 📌 未分类频道追加到 '其他': Nei Monggol TV 2 Mongolian Culture Channel [Not 24/7]
2026-08-14 19:01:25,577 - IPTVCollector - INFO - 📌 未分类频道追加到 '其他': Chifeng Comprehensive News Chanel
2026-08-14 19:01:25,577 - IPTVCollector - INFO - 📌 未分类频道追加到 '其他': Xinjiang TV 2
2026-08-14 19:01:25,577 - IPTVCollector - INFO - 📌 未分类频道追加到 '其他': Nei Monggol TV [Not 24/7]
2026-08-14 19:01:25,578 - IPTVCollector - INFO - 📌 未分类频道追加到 '其他': Hunan TV
2026-08-14 19:01:25,578 - IPTVCollector - INFO - 📌 未分类频道追加到 '其他': VOA美国之音
2026-08-14 19:01:25,578 - IPTVCollector - INFO - 📌 未分类频道追加到 '其他': Xinjiang TV 3
2026-08-14 19:01:25,578 - IPTVCollector - INFO - 📌 未分类频道追加到 '其他': Harbin Comprehensive News Channel
2026-08-14 19:01:25,578 - IPTVCollector - INFO - 📌 未分类频道追加到 '其他': TV BRICS Chinese
2026-08-14 19:01:25,579 - IPTVCollector - INFO - 📌 未分类频道追加到 '其他': Harbin Movie Channel
2026-08-14 19:01:25,579 - IPTVCollector - INFO - 📌 未分类频道追加到 '其他': CGTN Documentary
2026-08-14 19:01:25,579 - IPTVCollector - INFO - 📌 未分类频道追加到 '其他': Dragon TV International
2026-08-14 19:01:25,581 - IPTVCollector - INFO - 🌏 自动追加: 长白山电视台 -> ☘️吉林频道
2026-08-14 19:01:25,582 - IPTVCollector - INFO - 🌏 自动追加: 通化县 -> ☘️吉林频道
2026-08-14 19:01:25,582 - IPTVCollector - INFO - 📌 未分类频道追加到 '其他': Hebei TV
2026-08-14 19:01:25,582 - IPTVCollector - INFO - 📌 未分类频道追加到 '其他': 前郭综合 [Geo-blocked]
2026-08-14 19:01:25,584 - IPTVCollector - INFO - 🌏 自动追加: 四平新闻综合 [Geo-blocked] -> ☘️吉林频道
2026-08-14 19:01:25,584 - IPTVCollector - INFO - 📌 未分类频道追加到 '其他': 延边新闻综合 [Geo-blocked]
2026-08-14 19:01:25,584 - IPTVCollector - INFO - 📌 未分类频道追加到 '其他': 江津经济生活
2026-08-14 19:01:25,586 - IPTVCollector - INFO - 🌏 自动追加: 松原新闻综合 [Geo-blocked] -> ☘️吉林频道
2026-08-14 19:01:25,586 - IPTVCollector - INFO - 📌 未分类频道追加到 '其他': 辽新闻综合 [Geo-blocked]
2026-08-14 19:01:25,587 - IPTVCollector - INFO - 🌏 自动追加: 通化新闻 [Geo-blocked] -> ☘️吉林频道
2026-08-14 19:01:25,589 - IPTVCollector - INFO - 🌏 自动追加: 长春综合 [Geo-blocked] -> ☘️吉林频道
2026-08-14 19:01:25,589 - IPTVCollector - INFO - 📌 未分类频道追加到 '其他': 浙江经济
2026-08-14 19:01:25,590 - IPTVCollector - INFO - 🌏 自动追加: 白山新闻综合 [Geo-blocked] -> ☘️吉林频道
2026-08-14 19:01:25,591 - IPTVCollector - INFO - 📌 未分类频道追加到 '其他': 靖江新闻綜合 [Not 24/7]
2026-08-14 19:01:25,591 - IPTVCollector - INFO - 📌 未分类频道追加到 '其他': 荣昌综合 [Not 24/7]
2026-08-14 19:01:25,591 - IPTVCollector - INFO - 📌 未分类频道追加到 '其他': 集安综合 [Geo-blocked]
2026-08-14 19:01:25,591 - IPTVCollector - INFO - 🌏 自动追加: 上海卫视 -> ☘️上海频道
2026-08-14 19:01:25,592 - IPTVCollector - INFO - 📌 未分类频道追加到 '其他': 南方卫视
2026-08-14 19:01:25,592 - IPTVCollector - INFO - 📌 未分类频道追加到 '其他': 东南卫视
2026-08-14 19:01:25,592 - IPTVCollector - INFO - 🌏 自动追加: 绍兴电视台公共 -> ☘️浙江频道
2026-08-14 19:01:25,593 - IPTVCollector - INFO - 📌 未分类频道追加到 '其他': 大立电视台
2026-08-14 19:01:25,593 - IPTVCollector - INFO - 📌 未分类频道追加到 '其他': 广东影视
2026-08-14 19:01:25,593 - IPTVCollector - INFO - 📌 未分类频道追加到 '其他': 耀才财经
2026-08-14 19:01:25,593 - IPTVCollector - INFO - 📌 未分类频道追加到 '其他': 伊犁经济法制
2026-08-14 19:01:25,594 - IPTVCollector - INFO - 📌 未分类频道追加到 '其他': 龙门飞甲
2026-08-14 19:01:25,594 - IPTVCollector - INFO - 📌 未分类频道追加到 '其他': 玛纳斯
2026-08-14 19:01:25,594 - IPTVCollector - INFO - 📌 未分类频道追加到 '其他': 浙江钱江都市
2026-08-14 19:01:25,594 - IPTVCollector - INFO - 📌 未分类频道追加到 '其他': 奎屯汉语
2026-08-14 19:01:25,594 - IPTVCollector - INFO - 📌 未分类频道追加到 '其他': 玛纳斯综合
2026-08-14 19:01:25,595 - IPTVCollector - INFO - 📌 未分类频道追加到 '其他': 数码时代
2026-08-14 19:01:25,595 - IPTVCollector - INFO - 📌 未分类频道追加到 '其他': 浙江民生休闲
2026-08-14 19:01:25,595 - IPTVCollector - INFO - 📌 未分类频道追加到 '其他': 浙江教科影院
2026-08-14 19:01:25,595 - IPTVCollector - INFO - 📌 未分类频道追加到 '其他': 浙江教育
2026-08-14 19:01:25,596 - IPTVCollector - INFO - 📌 未分类频道追加到 '其他': 凤凰中文
2026-08-14 19:01:25,596 - IPTVCollector - INFO - 📌 未分类频道追加到 '其他': 韩国电影1
2026-08-14 19:01:25,596 - IPTVCollector - INFO - 📌 未分类频道追加到 '其他': 韩国电影2
2026-08-14 19:01:25,598 - IPTVCollector - INFO - 🌏 自动追加: 武汉一台新闻综合 -> ☘️湖北频道
2026-08-14 19:01:25,598 - IPTVCollector - INFO - 📌 未分类频道追加到 '其他': 凤凰资讯
2026-08-14 19:01:25,598 - IPTVCollector - INFO - 🌏 自动追加: 凤凰香港 -> 🌊港·澳·台
2026-08-14 19:01:25,598 - IPTVCollector - INFO - 📌 未分类频道追加到 '其他': 都市青春
2026-08-14 19:01:25,598 - IPTVCollector - INFO - 📌 未分类频道追加到 '其他': 浙江生活
2026-08-14 19:01:25,599 - IPTVCollector - INFO - 📌 未分类频道追加到 '其他': 陕西新闻咨询
2026-08-14 19:01:25,599 - IPTVCollector - INFO - 📌 未分类频道追加到 '其他': FZTV3
2026-08-14 19:01:25,599 - IPTVCollector - INFO - 📌 未分类频道追加到 '其他': 江津新闻
2026-08-14 19:01:25,599 - IPTVCollector - INFO - 📌 未分类频道追加到 '其他': 河南电视剧
2026-08-14 19:01:25,600 - IPTVCollector - INFO - 📌 未分类频道追加到 '其他': 新闻咨询
2026-08-14 19:01:25,600 - IPTVCollector - INFO - 📌 未分类频道追加到 '其他': 华丽翡翠台
2026-08-14 19:01:25,600 - IPTVCollector - INFO - 📌 未分类频道追加到 '其他': 音乐欣赏
2026-08-14 19:01:25,600 - IPTVCollector - INFO - 📌 未分类频道追加到 '其他': 现代教育
2026-08-14 19:01:25,601 - IPTVCollector - INFO - 📌 未分类频道追加到 '其他': Dali TV
2026-08-14 19:01:25,601 - IPTVCollector - INFO - 📌 未分类频道追加到 '其他': Newsmax
2026-08-14 19:01:25,601 - IPTVCollector - INFO - 📌 未分类频道追加到 '其他': 无线新闻台
2026-08-14 19:01:25,601 - IPTVCollector - INFO - 📌 未分类频道追加到 '其他': 岭南戏曲
2026-08-14 19:01:25,602 - IPTVCollector - INFO - 📌 未分类频道追加到 '其他': Supreme Master TV
2026-08-14 19:01:25,603 - IPTVCollector - INFO - 🌏 自动追加: 哈尔滨都市咨询 -> ☘️黑龙江频道
2026-08-14 19:01:25,603 - IPTVCollector - INFO - 📌 未分类频道追加到 '其他': CNA
2026-08-14 19:01:25,603 - IPTVCollector - INFO - 📌 未分类频道追加到 '其他': 飞碟之谜01
2026-08-14 19:01:25,604 - IPTVCollector - INFO - 📌 未分类频道追加到 '其他': Wild Earth
2026-08-14 19:01:25,604 - IPTVCollector - INFO - 📌 未分类频道追加到 '其他': Trace Sports
2026-08-14 19:01:25,604 - IPTVCollector - INFO - 📌 未分类频道追加到 '其他': TVB News
2026-08-14 19:01:25,604 - IPTVCollector - INFO - 📌 未分类频道追加到 '其他': Good
2026-08-14 19:01:25,605 - IPTVCollector - INFO - 📌 未分类频道追加到 '其他': Good 2
2026-08-14 19:01:25,605 - IPTVCollector - INFO - 📌 未分类频道追加到 '其他': 春晚2025
2026-08-14 19:01:25,605 - IPTVCollector - INFO - 📌 未分类频道追加到 '其他': 韩国EBS少儿
2026-08-14 19:01:25,605 - IPTVCollector - INFO - 📌 未分类频道追加到 '其他': Arirang
2026-08-14 19:01:25,605 - IPTVCollector - INFO - 📌 未分类频道追加到 '其他': 倩女幽魂人间道
2026-08-14 19:01:25,606 - IPTVCollector - INFO - 📌 未分类频道追加到 '其他': 倩女幽魂妖魔道
2026-08-14 19:01:25,606 - IPTVCollector - INFO - 📌 未分类频道追加到 '其他': 倩女幽魂道道道
2026-08-14 19:01:25,606 - IPTVCollector - INFO - 📌 未分类频道追加到 '其他': 2024年春晚
2026-08-14 19:01:25,606 - IPTVCollector - INFO - 📌 未分类频道追加到 '其他': 春晚2024
2026-08-14 19:01:25,607 - IPTVCollector - INFO - 📌 未分类频道追加到 '其他': WionNews
2026-08-14 19:01:25,607 - IPTVCollector - INFO - 📌 未分类频道追加到 '其他': 环球电视
2026-08-14 19:01:25,607 - IPTVCollector - INFO - 📌 未分类频道追加到 '其他': RT Français
2026-08-14 19:01:25,607 - IPTVCollector - INFO - 📌 未分类频道追加到 '其他': Pet Club TV
2026-08-14 19:01:25,607 - IPTVCollector - INFO - 🎯 Demo 筛选：原始 281 -> 匹配/分类后 281 个频道
2026-08-14 19:01:25,608 - IPTVCollector - INFO - 📊 Demo筛选后: 281
2026-08-14 19:01:25,608 - IPTVCollector - INFO - ✅ M3U 文件已生成: output/tv.m3u
2026-08-14 19:01:25,609 - IPTVCollector - INFO - ✅ TXT 文件已生成: output/tv.txt
2026-08-14 19:01:25,609 - IPTVCollector - INFO - ✅ 多源 M3U 文件已生成: output/tv_multi.m3u
2026-08-14 19:01:25,612 - IPTVCollector - INFO - ✅ JSON API 已生成: output/channels.json
2026-08-14 19:01:25,612 - IPTVCollector - INFO - ✅ 精简版已生成: output/tv_lite.m3u
2026-08-14 19:01:25,612 - IPTVCollector - INFO - ✅ M3U 文件已生成: output/tv_epg.m3u
2026-08-14 19:01:25,613 - IPTVCollector - INFO - 🚀 IPTV 自治系统启动
2026-08-14 19:01:25,613 - IPTVCollector - INFO - ⏭️ 跳过发现阶段
2026-08-14 19:01:25,613 - IPTVCollector - INFO - ==================================================
阶段2: 从缓存观察候选源
==================================================
2026-08-14 19:01:25,650 - IPTVCollector - INFO -   📊 观察进度: 100/248，稳定 0 个
2026-08-14 19:01:25,670 - IPTVCollector - INFO -   📊 观察进度: 200/248，稳定 0 个
2026-08-14 19:01:25,679 - IPTVCollector - INFO - ✅ 观察阶段完成: 0 个源达到稳定标准
2026-08-14 19:01:25,679 - IPTVCollector - INFO - ==================================================
阶段3: 提升稳定源
==================================================
2026-08-14 19:01:25,679 - IPTVCollector - INFO - 📭 没有稳定的候选源需要提升
2026-08-14 19:01:25,680 - IPTVCollector - INFO - 📊 自治模式统计:
2026-08-14 19:01:25,680 - IPTVCollector - INFO -   候选池总数: 816, 观察中: 248, 稳定: 555
2026-08-14 19:01:25,680 - IPTVCollector - INFO -   本次新提升: 0
2026-08-14 19:01:25,680 - IPTVCollector - INFO - 🎉 全部完成！
2026-08-15 01:26:08,112 - IPTVCollector - INFO - 🚀 IPTV 智能整理平台启动
2026-08-15 01:26:08,114 - IPTVCollector - INFO - ✅ 数据库缓存已启用: data/iptv_cache.db
2026-08-15 01:26:08,117 - IPTVCollector - INFO - 📌 CCTV-1 已设为固定源 (auto_optimize=True)
2026-08-15 01:26:08,119 - IPTVCollector - INFO - 📌 CCTV-2 已设为固定源 (auto_optimize=True)
2026-08-15 01:26:08,121 - IPTVCollector - INFO - 📌 CCTV-3 已设为固定源 (auto_optimize=True)
2026-08-15 01:26:08,122 - IPTVCollector - INFO - 📌 CCTV-4 已设为固定源 (auto_optimize=True)
2026-08-15 01:26:08,123 - IPTVCollector - INFO - 📌 CCTV-5 已设为固定源 (auto_optimize=True)
2026-08-15 01:26:08,125 - IPTVCollector - INFO - 📌 CCTV-5+ 已设为固定源 (auto_optimize=True)
2026-08-15 01:26:08,126 - IPTVCollector - INFO - 📌 CCTV-6 已设为固定源 (auto_optimize=True)
2026-08-15 01:26:08,128 - IPTVCollector - INFO - 📌 CCTV-7 已设为固定源 (auto_optimize=True)
2026-08-15 01:26:08,129 - IPTVCollector - INFO - 📌 CCTV-8 已设为固定源 (auto_optimize=True)
2026-08-15 01:26:08,130 - IPTVCollector - INFO - 📌 CCTV-9 已设为固定源 (auto_optimize=True)
2026-08-15 01:26:08,132 - IPTVCollector - INFO - 📌 CCTV-10 已设为固定源 (auto_optimize=True)
2026-08-15 01:26:08,133 - IPTVCollector - INFO - 📌 CCTV-11 已设为固定源 (auto_optimize=True)
2026-08-15 01:26:08,137 - IPTVCollector - INFO - 📌 CCTV-12 已设为固定源 (auto_optimize=True)
2026-08-15 01:26:08,138 - IPTVCollector - INFO - 📌 CCTV-13 已设为固定源 (auto_optimize=True)
2026-08-15 01:26:08,140 - IPTVCollector - INFO - 📌 CCTV-14 已设为固定源 (auto_optimize=True)
2026-08-15 01:26:08,141 - IPTVCollector - INFO - 📌 CCTV-15 已设为固定源 (auto_optimize=True)
2026-08-15 01:26:08,142 - IPTVCollector - INFO - 📌 CCTV-16 已设为固定源 (auto_optimize=True)
2026-08-15 01:26:08,144 - IPTVCollector - INFO - 📌 CCTV-17 已设为固定源 (auto_optimize=True)
2026-08-15 01:26:08,145 - IPTVCollector - INFO - 📌 CCTV4欧洲 已设为固定源 (auto_optimize=True)
2026-08-15 01:26:08,147 - IPTVCollector - INFO - 📌 CCTV4美洲 已设为固定源 (auto_optimize=True)
2026-08-15 01:26:08,147 - IPTVCollector - INFO - 📌 固定源已同步到数据库
2026-08-15 01:26:08,147 - IPTVCollector - INFO - 📋 订阅源解析：普通 11 个，白名单 0 个
2026-08-15 01:26:08,147 - IPTVCollector - INFO - 📋 使用 11 个源
2026-08-15 01:26:08,151 - IPTVCollector - INFO - 🔄 拉取: https://raw.githubusercontent.com/iptv-org/iptv/gh-pages/countries/cn.m3u
2026-08-15 01:26:08,151 - IPTVCollector - INFO - 🔄 拉取: https://raw.githubusercontent.com/iptv-org/iptv/master/streams/cn.m3u
2026-08-15 01:26:08,223 - IPTVCollector - INFO - 🔄 拉取: https://raw.githubusercontent.com/vbskycn/iptv/master/tv/iptv4.txt
2026-08-15 01:26:08,224 - IPTVCollector - INFO - 🔄 拉取: https://raw.githubusercontent.com/zzgpy1/Collect-IPTV/main/best_sorted.m3u
2026-08-15 01:26:08,224 - IPTVCollector - INFO - 🔄 拉取: https://raw.githubusercontent.com/zzgpy1/ITV/main/output/tv.m3u
2026-08-15 01:26:08,224 - IPTVCollector - INFO - 🔄 拉取: https://raw.githubusercontent.com/iptv-org/iptv/refs/heads/master/streams/cn.m3u
2026-08-15 01:26:08,224 - IPTVCollector - INFO - 🔄 拉取: https://raw.githubusercontent.com/zzgpy1/ipv6-iptv/master/tv/iptv4.txt
2026-08-15 01:26:08,224 - IPTVCollector - INFO - 🔄 拉取: https://raw.githubusercontent.com/CCSH/IPTV/refs/heads/main/live.txt
2026-08-15 01:26:08,225 - IPTVCollector - INFO - 🔄 拉取: https://raw.githubusercontent.com/kakaxi-1/IPTV/main/iptv.txt
2026-08-15 01:26:08,225 - IPTVCollector - INFO - 🔄 拉取: https://raw.githubusercontent.com/zzgpy1/iptv-api/master/output/result.txt
2026-08-15 01:26:08,225 - IPTVCollector - INFO - 🔄 拉取: https://tv.19860519.xyz/xymm
2026-08-15 01:26:32,844 - IPTVCollector - INFO - 📊 测速完成，有效频道: 400 个
2026-08-15 01:26:32,844 - IPTVCollector - INFO - 📊 通过测速的频道数: 400
2026-08-15 01:27:04,686 - IPTVCollector - INFO - 🔍 ffmpeg 深度验证: 0 个需验证，399 个来自缓存/HTTP
2026-08-15 01:27:04,686 - IPTVCollector - INFO - ✅ ffmpeg 验证完成: 通过 399/400 个频道
2026-08-15 01:27:04,687 - IPTVCollector - INFO - 📊 通过ffmpeg验证的频道数: 399
2026-08-15 01:27:04,693 - IPTVCollector - INFO - 📌 已使用 21 个固定源（含自动优化）
2026-08-15 01:27:04,693 - IPTVCollector - INFO - 📊 合并完成: 共 350 个频道
2026-08-15 01:27:04,693 - IPTVCollector - INFO - 📊 合并后的频道数: 350
2026-08-15 01:27:04,715 - IPTVCollector - INFO - 📊 黑名单过滤后: 334
2026-08-15 01:27:04,717 - IPTVCollector - INFO - 📋 从 demo.txt 解析到 3541 个有序频道
2026-08-15 01:27:04,720 - IPTVCollector - INFO - 📋 从 demo.txt 解析到 3541 个有序频道
2026-08-15 01:27:56,817 - IPTVCollector - INFO - 📌 未分类频道追加到 '其他': CGTN西语
2026-08-15 01:27:56,818 - IPTVCollector - INFO - 📌 未分类频道追加到 '其他': CGTN阿语
2026-08-15 01:27:56,818 - IPTVCollector - INFO - 📌 未分类频道追加到 '其他': 浙江教科影院
2026-08-15 01:27:56,818 - IPTVCollector - INFO - 📌 未分类频道追加到 '其他': 数码时代
2026-08-15 01:27:56,818 - IPTVCollector - INFO - 📌 未分类频道追加到 '其他': CETV-1
2026-08-15 01:27:56,818 - IPTVCollector - INFO - 📌 未分类频道追加到 '其他': 浙江教育
2026-08-15 01:27:56,818 - IPTVCollector - INFO - 📌 未分类频道追加到 '其他': 浙江教科影视
2026-08-15 01:27:56,818 - IPTVCollector - INFO - 🌏 自动追加: 上海卫视 -> ☘️上海频道
2026-08-15 01:27:56,818 - IPTVCollector - INFO - 📌 未分类频道追加到 '其他': 浙江经济
2026-08-15 01:27:56,818 - IPTVCollector - INFO - 📌 未分类频道追加到 '其他': 浙江钱江频道
2026-08-15 01:27:56,818 - IPTVCollector - INFO - 📌 未分类频道追加到 '其他': 浙江民生休闲
2026-08-15 01:27:56,819 - IPTVCollector - INFO - 📌 未分类频道追加到 '其他': 凤凰资讯
2026-08-15 01:27:56,819 - IPTVCollector - INFO - 📌 未分类频道追加到 '其他': 东南卫视
2026-08-15 01:27:56,819 - IPTVCollector - INFO - 📌 未分类频道追加到 '其他': 韩国电影1
2026-08-15 01:27:56,819 - IPTVCollector - INFO - 🌏 自动追加: 凤凰香港 -> 🌊港·澳·台
2026-08-15 01:27:56,819 - IPTVCollector - INFO - 📌 未分类频道追加到 '其他': 凤凰中文
2026-08-15 01:27:56,819 - IPTVCollector - INFO - 📌 未分类频道追加到 '其他': CGTN记录
2026-08-15 01:27:56,819 - IPTVCollector - INFO - 📌 未分类频道追加到 '其他': 南方卫视
2026-08-15 01:27:56,819 - IPTVCollector - INFO - 📌 未分类频道追加到 '其他': 浙江生活
2026-08-15 01:27:56,820 - IPTVCollector - INFO - 🌏 自动追加: 武汉一台新闻综合 -> ☘️湖北频道
2026-08-15 01:27:56,820 - IPTVCollector - INFO - 📌 未分类频道追加到 '其他': 韩国电影2
2026-08-15 01:27:56,820 - IPTVCollector - INFO - 📌 未分类频道追加到 '其他': 江津新闻
2026-08-15 01:27:56,820 - IPTVCollector - INFO - 📌 未分类频道追加到 '其他': 都市青春
2026-08-15 01:27:56,820 - IPTVCollector - INFO - 📌 未分类频道追加到 '其他': 陕西新闻咨询
2026-08-15 01:27:56,821 - IPTVCollector - INFO - 📌 未分类频道追加到 '其他': Anhui TV
2026-08-15 01:27:56,821 - IPTVCollector - INFO - 📌 未分类频道追加到 '其他': 河南电视剧
2026-08-15 01:27:56,821 - IPTVCollector - INFO - 📌 未分类频道追加到 '其他': ABN China
2026-08-15 01:27:56,821 - IPTVCollector - INFO - 📌 未分类频道追加到 '其他': FZTV3
2026-08-15 01:27:56,822 - IPTVCollector - INFO - 🌏 自动追加: 哈尔滨都市咨询 -> ☘️黑龙江频道
2026-08-15 01:27:56,822 - IPTVCollector - INFO - 📌 未分类频道追加到 '其他': 华丽翡翠台
2026-08-15 01:27:56,822 - IPTVCollector - INFO - 📌 未分类频道追加到 '其他': 东丰
2026-08-15 01:27:56,822 - IPTVCollector - INFO - 📌 未分类频道追加到 '其他': 无线新闻台
2026-08-15 01:27:56,822 - IPTVCollector - INFO - 📌 未分类频道追加到 '其他': 耀才财经
2026-08-15 01:27:56,822 - IPTVCollector - INFO - 📌 未分类频道追加到 '其他': 新闻咨询
2026-08-15 01:27:56,822 - IPTVCollector - INFO - 📌 未分类频道追加到 '其他': 柳河
2026-08-15 01:27:56,822 - IPTVCollector - INFO - 📌 未分类频道追加到 '其他': 九台
2026-08-15 01:27:56,822 - IPTVCollector - INFO - 📌 未分类频道追加到 '其他': NewTV黑莓动画
2026-08-15 01:27:56,822 - IPTVCollector - INFO - 📌 未分类频道追加到 '其他': 珲春新闻
2026-08-15 01:27:56,822 - IPTVCollector - INFO - 📌 未分类频道追加到 '其他': 汪清
2026-08-15 01:27:56,822 - IPTVCollector - INFO - 📌 未分类频道追加到 '其他': 音乐欣赏
2026-08-15 01:27:56,822 - IPTVCollector - INFO - 📌 未分类频道追加到 '其他': 1987年春晚
2026-08-15 01:27:56,822 - IPTVCollector - INFO - 📌 未分类频道追加到 '其他': 韩国EBS少儿
2026-08-15 01:27:56,822 - IPTVCollector - INFO - 📌 未分类频道追加到 '其他': 舒兰新闻
2026-08-15 01:27:56,823 - IPTVCollector - INFO - 📌 未分类频道追加到 '其他': 岭南戏曲
2026-08-15 01:27:56,823 - IPTVCollector - INFO - 📌 未分类频道追加到 '其他': 地理中国
2026-08-15 01:27:56,823 - IPTVCollector - INFO - 📌 未分类频道追加到 '其他': 1988年春晚
2026-08-15 01:27:56,823 - IPTVCollector - INFO - 📌 未分类频道追加到 '其他': 自然传奇
2026-08-15 01:27:56,823 - IPTVCollector - INFO - 📌 未分类频道追加到 '其他': 辉南新闻
2026-08-15 01:27:56,823 - IPTVCollector - INFO - 📌 未分类频道追加到 '其他': 飞碟之谜01
2026-08-15 01:27:56,823 - IPTVCollector - INFO - 📌 未分类频道追加到 '其他': 人与自然
2026-08-15 01:27:56,823 - IPTVCollector - INFO - 📌 未分类频道追加到 '其他': 1989年春晚
2026-08-15 01:27:56,823 - IPTVCollector - INFO - 📌 未分类频道追加到 '其他': 现代教育
2026-08-15 01:27:56,823 - IPTVCollector - INFO - 📌 未分类频道追加到 '其他': Guangdong Satellite TV
2026-08-15 01:27:56,823 - IPTVCollector - INFO - 📌 未分类频道追加到 '其他': 磐石
2026-08-15 01:27:56,824 - IPTVCollector - INFO - 📌 未分类频道追加到 '其他': Home Plus
2026-08-15 01:27:56,824 - IPTVCollector - INFO - 🌏 自动追加: 通化县 -> ☘️吉林频道
2026-08-15 01:27:56,825 - IPTVCollector - INFO - 📌 未分类频道追加到 '其他': CNA
2026-08-15 01:27:56,825 - IPTVCollector - INFO - 🌏 自动追加: 长白山电视台 -> ☘️吉林频道
2026-08-15 01:27:56,825 - IPTVCollector - INFO - 📌 未分类频道追加到 '其他': Newsmax
2026-08-15 01:27:56,826 - IPTVCollector - INFO - 📌 未分类频道追加到 '其他': 龙井
2026-08-15 01:27:56,826 - IPTVCollector - INFO - 📌 未分类频道追加到 '其他': Harbin Comprehensive News Channel
2026-08-15 01:27:56,826 - IPTVCollector - INFO - 📌 未分类频道追加到 '其他': Arirang
2026-08-15 01:27:56,826 - IPTVCollector - INFO - 📌 未分类频道追加到 '其他': Dali TV
2026-08-15 01:27:56,826 - IPTVCollector - INFO - 📌 未分类频道追加到 '其他': Chifeng Comprehensive News Chanel
2026-08-15 01:27:56,826 - IPTVCollector - INFO - 📌 未分类频道追加到 '其他': Nei Monggol TV 2 Mongolian Culture Channel [Not 24/7]
2026-08-15 01:27:56,826 - IPTVCollector - INFO - 📌 未分类频道追加到 '其他': VOA美国之音
2026-08-15 01:27:56,826 - IPTVCollector - INFO - 📌 未分类频道追加到 '其他': Hunan TV
2026-08-15 01:27:56,826 - IPTVCollector - INFO - 📌 未分类频道追加到 '其他': Nei Monggol TV [Not 24/7]
2026-08-15 01:27:56,826 - IPTVCollector - INFO - 📌 未分类频道追加到 '其他': Good 2
2026-08-15 01:27:56,827 - IPTVCollector - INFO - 📌 未分类频道追加到 '其他': Good
2026-08-15 01:27:56,827 - IPTVCollector - INFO - 📌 未分类频道追加到 '其他': TV BRICS Chinese
2026-08-15 01:27:56,827 - IPTVCollector - INFO - 📌 未分类频道追加到 '其他': Siping TV
2026-08-15 01:27:56,827 - IPTVCollector - INFO - 📌 未分类频道追加到 '其他': 2024年春晚
2026-08-15 01:27:56,827 - IPTVCollector - INFO - 📌 未分类频道追加到 '其他': Harbin Movie Channel
2026-08-15 01:27:56,827 - IPTVCollector - INFO - 📌 未分类频道追加到 '其他': TVB News
2026-08-15 01:27:56,827 - IPTVCollector - INFO - 📌 未分类频道追加到 '其他': Trace Sports
2026-08-15 01:27:56,827 - IPTVCollector - INFO - 📌 未分类频道追加到 '其他': 大立电视台
2026-08-15 01:27:56,827 - IPTVCollector - INFO - 📌 未分类频道追加到 '其他': Supreme Master TV
2026-08-15 01:27:56,827 - IPTVCollector - INFO - 📌 未分类频道追加到 '其他': TVB Plus
2026-08-15 01:27:56,827 - IPTVCollector - INFO - 📌 未分类频道追加到 '其他': Wild Earth
2026-08-15 01:27:56,828 - IPTVCollector - INFO - 📌 未分类频道追加到 '其他': 通海电视台
2026-08-15 01:27:56,828 - IPTVCollector - INFO - 📌 未分类频道追加到 '其他': Pet Club TV
2026-08-15 01:27:56,828 - IPTVCollector - INFO - 📌 未分类频道追加到 '其他': Xinjiang TV 2
2026-08-15 01:27:56,828 - IPTVCollector - INFO - 🌏 自动追加: 绍兴电视台公共 -> ☘️浙江频道
2026-08-15 01:27:56,828 - IPTVCollector - INFO - 📌 未分类频道追加到 '其他': Xinjiang TV 3
2026-08-15 01:27:56,828 - IPTVCollector - INFO - 📌 未分类频道追加到 '其他': 春晚2025
2026-08-15 01:27:56,828 - IPTVCollector - INFO - 📌 未分类频道追加到 '其他': Dragon TV International
2026-08-15 01:27:56,828 - IPTVCollector - INFO - 📌 未分类频道追加到 '其他': WionNews
2026-08-15 01:27:56,828 - IPTVCollector - INFO - 📌 未分类频道追加到 '其他': 倩女幽魂道道道
2026-08-15 01:27:56,829 - IPTVCollector - INFO - 📌 未分类频道追加到 '其他': 倩女幽魂人间道
2026-08-15 01:27:56,829 - IPTVCollector - INFO - 📌 未分类频道追加到 '其他': 倩女幽魂妖魔道
2026-08-15 01:27:56,829 - IPTVCollector - INFO - 📌 未分类频道追加到 '其他': Hebei TV
2026-08-15 01:27:56,829 - IPTVCollector - INFO - 📌 未分类频道追加到 '其他': RT Français
2026-08-15 01:27:56,829 - IPTVCollector - INFO - 📌 未分类频道追加到 '其他': 春晚2024
2026-08-15 01:27:56,829 - IPTVCollector - INFO - 📌 未分类频道追加到 '其他': 经济科教
2026-08-15 01:27:56,829 - IPTVCollector - INFO - 📌 未分类频道追加到 '其他': 前郭综合 [Geo-blocked]
2026-08-15 01:27:56,829 - IPTVCollector - INFO - 📌 未分类频道追加到 '其他': 环球电视
2026-08-15 01:27:56,829 - IPTVCollector - INFO - 📌 未分类频道追加到 '其他': 延边新闻综合 [Geo-blocked]
2026-08-15 01:27:56,830 - IPTVCollector - INFO - 🌏 自动追加: 松原新闻综合 [Geo-blocked] -> ☘️吉林频道
2026-08-15 01:27:56,831 - IPTVCollector - INFO - 🌏 自动追加: 吉林市新闻综合 [Geo-blocked] -> ☘️吉林频道
2026-08-15 01:27:56,831 - IPTVCollector - INFO - 📌 未分类频道追加到 '其他': 广东影视
2026-08-15 01:27:56,832 - IPTVCollector - INFO - 🌏 自动追加: 四平新闻综合 [Geo-blocked] -> ☘️吉林频道
2026-08-15 01:27:56,832 - IPTVCollector - INFO - 📌 未分类频道追加到 '其他': CGTN-Documentary
2026-08-15 01:27:56,832 - IPTVCollector - INFO - 🌏 自动追加: 浙江 Ⅰ 绍兴影视 -> ☘️浙江频道
2026-08-15 01:27:56,833 - IPTVCollector - INFO - 📌 未分类频道追加到 '其他': 龙门飞甲
2026-08-15 01:27:56,833 - IPTVCollector - INFO - 🌏 自动追加: 浙江 Ⅰ 绍兴综合 -> ☘️浙江频道
2026-08-15 01:27:56,833 - IPTVCollector - INFO - 📌 未分类频道追加到 '其他': 江津经济生活
2026-08-15 01:27:56,833 - IPTVCollector - INFO - 📌 未分类频道追加到 '其他': 伊犁经济法制
2026-08-15 01:27:56,834 - IPTVCollector - INFO - 🌏 自动追加: 白山新闻综合 [Geo-blocked] -> ☘️吉林频道
2026-08-15 01:27:56,834 - IPTVCollector - INFO - 📌 未分类频道追加到 '其他': 辽新闻综合 [Geo-blocked]
2026-08-15 01:27:56,834 - IPTVCollector - INFO - 📌 未分类频道追加到 '其他': 优漫卡通
2026-08-15 01:27:56,835 - IPTVCollector - INFO - 🌏 自动追加: 长春综合 [Geo-blocked] -> ☘️吉林频道
2026-08-15 01:27:56,835 - IPTVCollector - INFO - 📌 未分类频道追加到 '其他': 集安综合 [Geo-blocked]
2026-08-15 01:27:56,835 - IPTVCollector - INFO - 📌 未分类频道追加到 '其他': 玛纳斯
2026-08-15 01:27:56,835 - IPTVCollector - INFO - 📌 未分类频道追加到 '其他': 玛纳斯综合
2026-08-15 01:27:56,835 - IPTVCollector - INFO - 📌 未分类频道追加到 '其他': CGTN Global Biz
2026-08-15 01:27:56,835 - IPTVCollector - INFO - 📌 未分类频道追加到 '其他': 浙江钱江都市
2026-08-15 01:27:56,836 - IPTVCollector - INFO - 🌏 自动追加: 通化新闻 [Geo-blocked] -> ☘️吉林频道
2026-08-15 01:27:56,836 - IPTVCollector - INFO - 📌 未分类频道追加到 '其他': Discovering China
2026-08-15 01:27:56,836 - IPTVCollector - INFO - 📌 未分类频道追加到 '其他': 奎屯汉语
2026-08-15 01:27:56,836 - IPTVCollector - INFO - 📌 未分类频道追加到 '其他': 荣昌综合 [Not 24/7]
2026-08-15 01:27:56,837 - IPTVCollector - INFO - 📌 未分类频道追加到 '其他': China Travel
2026-08-15 01:27:56,837 - IPTVCollector - INFO - 📌 未分类频道追加到 '其他': 靖江新闻綜合 [Not 24/7]
2026-08-15 01:27:56,837 - IPTVCollector - INFO - 📌 未分类频道追加到 '其他': 泾新闻综合
2026-08-15 01:27:56,837 - IPTVCollector - INFO - 📌 未分类频道追加到 '其他': 梨园
2026-08-15 01:27:56,837 - IPTVCollector - INFO - 🎯 Demo 筛选：原始 334 -> 匹配/分类后 334 个频道
2026-08-15 01:27:56,837 - IPTVCollector - INFO - 📊 Demo筛选后: 334
2026-08-15 01:27:56,838 - IPTVCollector - INFO - ✅ M3U 文件已生成: output/tv.m3u
2026-08-15 01:27:56,838 - IPTVCollector - INFO - ✅ TXT 文件已生成: output/tv.txt
2026-08-15 01:27:56,838 - IPTVCollector - INFO - ✅ 多源 M3U 文件已生成: output/tv_multi.m3u
2026-08-15 01:27:56,840 - IPTVCollector - INFO - ✅ JSON API 已生成: output/channels.json
2026-08-15 01:27:56,840 - IPTVCollector - INFO - ✅ 精简版已生成: output/tv_lite.m3u
2026-08-15 01:27:56,841 - IPTVCollector - INFO - ✅ M3U 文件已生成: output/tv_epg.m3u
2026-08-15 01:27:56,841 - IPTVCollector - INFO - 🚀 IPTV 自治系统启动
2026-08-15 01:27:56,841 - IPTVCollector - INFO - ⏭️ 跳过发现阶段
2026-08-15 01:27:56,841 - IPTVCollector - INFO - ==================================================
阶段2: 从缓存观察候选源
==================================================
2026-08-15 01:27:56,871 - IPTVCollector - INFO -   📊 观察进度: 100/291，稳定 0 个
2026-08-15 01:27:56,884 - IPTVCollector - INFO -   📊 观察进度: 200/291，稳定 0 个
2026-08-15 01:27:56,896 - IPTVCollector - INFO - ✅ 观察阶段完成: 0 个源达到稳定标准
2026-08-15 01:27:56,896 - IPTVCollector - INFO - ==================================================
阶段3: 提升稳定源
==================================================
2026-08-15 01:27:56,896 - IPTVCollector - INFO - 📭 没有稳定的候选源需要提升
2026-08-15 01:27:56,896 - IPTVCollector - INFO - 📊 自治模式统计:
2026-08-15 01:27:56,896 - IPTVCollector - INFO -   候选池总数: 867, 观察中: 291, 稳定: 563
2026-08-15 01:27:56,897 - IPTVCollector - INFO -   本次新提升: 0
2026-08-15 01:27:56,897 - IPTVCollector - INFO - 🎉 全部完成！
2026-08-15 06:44:58,712 - IPTVCollector - INFO - 🚀 IPTV 智能整理平台启动
2026-08-15 06:44:58,715 - IPTVCollector - INFO - ✅ 数据库缓存已启用: data/iptv_cache.db
2026-08-15 06:44:58,717 - IPTVCollector - INFO - 📌 CCTV-1 已设为固定源 (auto_optimize=True)
2026-08-15 06:44:58,718 - IPTVCollector - INFO - 📌 CCTV-2 已设为固定源 (auto_optimize=True)
2026-08-15 06:44:58,720 - IPTVCollector - INFO - 📌 CCTV-3 已设为固定源 (auto_optimize=True)
2026-08-15 06:44:58,721 - IPTVCollector - INFO - 📌 CCTV-4 已设为固定源 (auto_optimize=True)
2026-08-15 06:44:58,722 - IPTVCollector - INFO - 📌 CCTV-5 已设为固定源 (auto_optimize=True)
2026-08-15 06:44:58,723 - IPTVCollector - INFO - 📌 CCTV-5+ 已设为固定源 (auto_optimize=True)
2026-08-15 06:44:58,724 - IPTVCollector - INFO - 📌 CCTV-6 已设为固定源 (auto_optimize=True)
2026-08-15 06:44:58,726 - IPTVCollector - INFO - 📌 CCTV-7 已设为固定源 (auto_optimize=True)
2026-08-15 06:44:58,727 - IPTVCollector - INFO - 📌 CCTV-8 已设为固定源 (auto_optimize=True)
2026-08-15 06:44:58,728 - IPTVCollector - INFO - 📌 CCTV-9 已设为固定源 (auto_optimize=True)
2026-08-15 06:44:58,729 - IPTVCollector - INFO - 📌 CCTV-10 已设为固定源 (auto_optimize=True)
2026-08-15 06:44:58,730 - IPTVCollector - INFO - 📌 CCTV-11 已设为固定源 (auto_optimize=True)
2026-08-15 06:44:58,731 - IPTVCollector - INFO - 📌 CCTV-12 已设为固定源 (auto_optimize=True)
2026-08-15 06:44:58,733 - IPTVCollector - INFO - 📌 CCTV-13 已设为固定源 (auto_optimize=True)
2026-08-15 06:44:58,734 - IPTVCollector - INFO - 📌 CCTV-14 已设为固定源 (auto_optimize=True)
2026-08-15 06:44:58,735 - IPTVCollector - INFO - 📌 CCTV-15 已设为固定源 (auto_optimize=True)
2026-08-15 06:44:58,736 - IPTVCollector - INFO - 📌 CCTV-16 已设为固定源 (auto_optimize=True)
2026-08-15 06:44:58,737 - IPTVCollector - INFO - 📌 CCTV-17 已设为固定源 (auto_optimize=True)
2026-08-15 06:44:58,740 - IPTVCollector - INFO - 📌 CCTV4欧洲 已设为固定源 (auto_optimize=True)
2026-08-15 06:44:58,741 - IPTVCollector - INFO - 📌 CCTV4美洲 已设为固定源 (auto_optimize=True)
2026-08-15 06:44:58,741 - IPTVCollector - INFO - 📌 固定源已同步到数据库
2026-08-15 06:44:58,742 - IPTVCollector - INFO - 📋 订阅源解析：普通 11 个，白名单 0 个
2026-08-15 06:44:58,742 - IPTVCollector - INFO - 📋 使用 11 个源
2026-08-15 06:45:23,467 - IPTVCollector - INFO - 📊 测速完成，有效频道: 388 个
2026-08-15 06:45:23,467 - IPTVCollector - INFO - 📊 通过测速的频道数: 388
2026-08-15 06:45:24,281 - IPTVCollector - INFO - 🔍 ffmpeg 深度验证: 0 个需验证，387 个来自缓存/HTTP
2026-08-15 06:45:24,281 - IPTVCollector - INFO - ✅ ffmpeg 验证完成: 通过 387/388 个频道
2026-08-15 06:45:24,281 - IPTVCollector - INFO - 📊 通过ffmpeg验证的频道数: 387
2026-08-15 06:45:24,289 - IPTVCollector - INFO - 📌 已使用 21 个固定源（含自动优化）
2026-08-15 06:45:24,289 - IPTVCollector - INFO - 📊 合并完成: 共 338 个频道
2026-08-15 06:45:24,289 - IPTVCollector - INFO - 📊 合并后的频道数: 338
2026-08-15 06:45:24,322 - IPTVCollector - INFO - 📊 黑名单过滤后: 322
2026-08-15 06:45:24,326 - IPTVCollector - INFO - 📋 从 demo.txt 解析到 3541 个有序频道
2026-08-15 06:45:24,328 - IPTVCollector - INFO - 📋 从 demo.txt 解析到 3541 个有序频道
2026-08-15 06:46:54,469 - IPTVCollector - INFO - 📌 未分类频道追加到 '其他': CNA
2026-08-15 06:46:54,469 - IPTVCollector - INFO - 📌 未分类频道追加到 '其他': Newsmax
2026-08-15 06:46:54,470 - IPTVCollector - INFO - 📌 未分类频道追加到 '其他': Guangdong Satellite TV
2026-08-15 06:46:54,470 - IPTVCollector - INFO - 📌 未分类频道追加到 '其他': Home Plus
2026-08-15 06:46:54,470 - IPTVCollector - INFO - 📌 未分类频道追加到 '其他': Supreme Master TV
2026-08-15 06:46:54,470 - IPTVCollector - INFO - 📌 未分类频道追加到 '其他': VOA美国之音
2026-08-15 06:46:54,471 - IPTVCollector - INFO - 📌 未分类频道追加到 '其他': Wild Earth
2026-08-15 06:46:54,471 - IPTVCollector - INFO - 📌 未分类频道追加到 '其他': WionNews
2026-08-15 06:46:54,471 - IPTVCollector - INFO - 📌 未分类频道追加到 '其他': TVB News
2026-08-15 06:46:54,471 - IPTVCollector - INFO - 📌 未分类频道追加到 '其他': Trace Sports
2026-08-15 06:46:54,472 - IPTVCollector - INFO - 📌 未分类频道追加到 '其他': Dali TV
2026-08-15 06:46:54,472 - IPTVCollector - INFO - 📌 未分类频道追加到 '其他': Good
2026-08-15 06:46:54,472 - IPTVCollector - INFO - 📌 未分类频道追加到 '其他': Good 2
2026-08-15 06:46:54,472 - IPTVCollector - INFO - 📌 未分类频道追加到 '其他': TV BRICS Chinese
2026-08-15 06:46:54,473 - IPTVCollector - INFO - 📌 未分类频道追加到 '其他': Pet Club TV
2026-08-15 06:46:54,473 - IPTVCollector - INFO - 📌 未分类频道追加到 '其他': Xinjiang TV 2
2026-08-15 06:46:54,473 - IPTVCollector - INFO - 📌 未分类频道追加到 '其他': Siping TV
2026-08-15 06:46:54,473 - IPTVCollector - INFO - 📌 未分类频道追加到 '其他': Xinjiang TV 3
2026-08-15 06:46:54,473 - IPTVCollector - INFO - 📌 未分类频道追加到 '其他': 春晚2025
2026-08-15 06:46:54,474 - IPTVCollector - INFO - 📌 未分类频道追加到 '其他': RT Français
2026-08-15 06:46:54,474 - IPTVCollector - INFO - 📌 未分类频道追加到 '其他': Hunan TV
2026-08-15 06:46:54,474 - IPTVCollector - INFO - 📌 未分类频道追加到 '其他': 倩女幽魂道道道
2026-08-15 06:46:54,474 - IPTVCollector - INFO - 📌 未分类频道追加到 '其他': 倩女幽魂人间道
2026-08-15 06:46:54,475 - IPTVCollector - INFO - 📌 未分类频道追加到 '其他': TVB Plus
2026-08-15 06:46:54,475 - IPTVCollector - INFO - 📌 未分类频道追加到 '其他': 经济科教
2026-08-15 06:46:54,475 - IPTVCollector - INFO - 📌 未分类频道追加到 '其他': Nei Monggol TV [Not 24/7]
2026-08-15 06:46:54,475 - IPTVCollector - INFO - 📌 未分类频道追加到 '其他': 倩女幽魂妖魔道
2026-08-15 06:46:54,475 - IPTVCollector - INFO - 📌 未分类频道追加到 '其他': Harbin Movie Channel
2026-08-15 06:46:54,476 - IPTVCollector - INFO - 📌 未分类频道追加到 '其他': Harbin Comprehensive News Channel
2026-08-15 06:46:54,476 - IPTVCollector - INFO - 📌 未分类频道追加到 '其他': CGTN-Documentary
2026-08-15 06:46:54,476 - IPTVCollector - INFO - 📌 未分类频道追加到 '其他': Dragon TV International
2026-08-15 06:46:54,476 - IPTVCollector - INFO - 📌 未分类频道追加到 '其他': Nei Monggol TV 2 Mongolian Culture Channel [Not 24/7]
2026-08-15 06:46:54,477 - IPTVCollector - INFO - 📌 未分类频道追加到 '其他': Hebei TV
2026-08-15 06:46:54,477 - IPTVCollector - INFO - 📌 未分类频道追加到 '其他': 环球电视
2026-08-15 06:46:54,477 - IPTVCollector - INFO - 🌏 自动追加: 浙江 Ⅰ 绍兴影视 -> ☘️浙江频道
2026-08-15 06:46:54,478 - IPTVCollector - INFO - 📌 未分类频道追加到 '其他': 前郭综合 [Geo-blocked]
2026-08-15 06:46:54,479 - IPTVCollector - INFO - 🌏 自动追加: 松原新闻综合 [Geo-blocked] -> ☘️吉林频道
2026-08-15 06:46:54,479 - IPTVCollector - INFO - 📌 未分类频道追加到 '其他': 江津经济生活
2026-08-15 06:46:54,481 - IPTVCollector - INFO - 🌏 自动追加: 吉林市新闻综合 [Geo-blocked] -> ☘️吉林频道
2026-08-15 06:46:54,481 - IPTVCollector - INFO - 📌 未分类频道追加到 '其他': 浙江经济
2026-08-15 06:46:54,482 - IPTVCollector - INFO - 🌏 自动追加: 四平新闻综合 [Geo-blocked] -> ☘️吉林频道
2026-08-15 06:46:54,482 - IPTVCollector - INFO - 📌 未分类频道追加到 '其他': 辽新闻综合 [Geo-blocked]
2026-08-15 06:46:54,483 - IPTVCollector - INFO - 📌 未分类频道追加到 '其他': CGTN Global Biz
2026-08-15 06:46:54,483 - IPTVCollector - INFO - 📌 未分类频道追加到 '其他': Discovering China
2026-08-15 06:46:54,484 - IPTVCollector - INFO - 🌏 自动追加: 长春综合 [Geo-blocked] -> ☘️吉林频道
2026-08-15 06:46:54,484 - IPTVCollector - INFO - 📌 未分类频道追加到 '其他': China Travel
2026-08-15 06:46:54,485 - IPTVCollector - INFO - 🌏 自动追加: 浙江 Ⅰ 绍兴综合 -> ☘️浙江频道
2026-08-15 06:46:54,485 - IPTVCollector - INFO - 📌 未分类频道追加到 '其他': 集安综合 [Geo-blocked]
2026-08-15 06:46:54,486 - IPTVCollector - INFO - 🌏 自动追加: 通化新闻 [Geo-blocked] -> ☘️吉林频道
2026-08-15 06:46:54,486 - IPTVCollector - INFO - 📌 未分类频道追加到 '其他': 泾新闻综合
2026-08-15 06:46:54,487 - IPTVCollector - INFO - 📌 未分类频道追加到 '其他': 靖江新闻綜合 [Not 24/7]
2026-08-15 06:46:54,487 - IPTVCollector - INFO - 📌 未分类频道追加到 '其他': CGTN西语
2026-08-15 06:46:54,487 - IPTVCollector - INFO - 📌 未分类频道追加到 '其他': CGTN阿语
2026-08-15 06:46:54,487 - IPTVCollector - INFO - 📌 未分类频道追加到 '其他': CETV-1
2026-08-15 06:46:54,487 - IPTVCollector - INFO - 🌏 自动追加: 上海卫视 -> ☘️上海频道
2026-08-15 06:46:54,488 - IPTVCollector - INFO - 📌 未分类频道追加到 '其他': 东南卫视
2026-08-15 06:46:54,488 - IPTVCollector - INFO - 📌 未分类频道追加到 '其他': CGTN记录
2026-08-15 06:46:54,488 - IPTVCollector - INFO - 📌 未分类频道追加到 '其他': 南方卫视
2026-08-15 06:46:54,488 - IPTVCollector - INFO - 📌 未分类频道追加到 '其他': Anhui TV
2026-08-15 06:46:54,488 - IPTVCollector - INFO - 📌 未分类频道追加到 '其他': ABN China
2026-08-15 06:46:54,489 - IPTVCollector - INFO - 📌 未分类频道追加到 '其他': 东丰
2026-08-15 06:46:54,489 - IPTVCollector - INFO - 📌 未分类频道追加到 '其他': 耀才财经
2026-08-15 06:46:54,489 - IPTVCollector - INFO - 📌 未分类频道追加到 '其他': 九台
2026-08-15 06:46:54,489 - IPTVCollector - INFO - 📌 未分类频道追加到 '其他': 珲春新闻
2026-08-15 06:46:54,489 - IPTVCollector - INFO - 📌 未分类频道追加到 '其他': 舒兰新闻
2026-08-15 06:46:54,490 - IPTVCollector - INFO - 📌 未分类频道追加到 '其他': 磐石
2026-08-15 06:46:54,490 - IPTVCollector - INFO - 📌 未分类频道追加到 '其他': 柳河
2026-08-15 06:46:54,490 - IPTVCollector - INFO - 📌 未分类频道追加到 '其他': 汪清
2026-08-15 06:46:54,491 - IPTVCollector - INFO - 🌏 自动追加: 长白山电视台 -> ☘️吉林频道
2026-08-15 06:46:54,492 - IPTVCollector - INFO - 📌 未分类频道追加到 '其他': 大立电视台
2026-08-15 06:46:54,493 - IPTVCollector - INFO - 🌏 自动追加: 通化县 -> ☘️吉林频道
2026-08-15 06:46:54,493 - IPTVCollector - INFO - 🌏 自动追加: 绍兴电视台公共 -> ☘️浙江频道
2026-08-15 06:46:54,493 - IPTVCollector - INFO - 📌 未分类频道追加到 '其他': 通海电视台
2026-08-15 06:46:54,494 - IPTVCollector - INFO - 📌 未分类频道追加到 '其他': 辉南新闻
2026-08-15 06:46:54,494 - IPTVCollector - INFO - 📌 未分类频道追加到 '其他': 龙井
2026-08-15 06:46:54,494 - IPTVCollector - INFO - 📌 未分类频道追加到 '其他': 广东影视
2026-08-15 06:46:54,494 - IPTVCollector - INFO - 📌 未分类频道追加到 '其他': 龙门飞甲
2026-08-15 06:46:54,494 - IPTVCollector - INFO - 📌 未分类频道追加到 '其他': 优漫卡通
2026-08-15 06:46:54,495 - IPTVCollector - INFO - 📌 未分类频道追加到 '其他': 奎屯汉语
2026-08-15 06:46:54,495 - IPTVCollector - INFO - 📌 未分类频道追加到 '其他': 玛纳斯综合
2026-08-15 06:46:54,495 - IPTVCollector - INFO - 📌 未分类频道追加到 '其他': 玛纳斯
2026-08-15 06:46:54,495 - IPTVCollector - INFO - 📌 未分类频道追加到 '其他': 浙江钱江都市
2026-08-15 06:46:54,496 - IPTVCollector - INFO - 📌 未分类频道追加到 '其他': 伊犁经济法制
2026-08-15 06:46:54,496 - IPTVCollector - INFO - 📌 未分类频道追加到 '其他': 数码时代
2026-08-15 06:46:54,496 - IPTVCollector - INFO - 📌 未分类频道追加到 '其他': 浙江教科影视
2026-08-15 06:46:54,496 - IPTVCollector - INFO - 📌 未分类频道追加到 '其他': 浙江民生休闲
2026-08-15 06:46:54,496 - IPTVCollector - INFO - 📌 未分类频道追加到 '其他': 浙江教科影院
2026-08-15 06:46:54,496 - IPTVCollector - INFO - 🌏 自动追加: 凤凰香港 -> 🌊港·澳·台
2026-08-15 06:46:54,497 - IPTVCollector - INFO - 📌 未分类频道追加到 '其他': 韩国电影1
2026-08-15 06:46:54,497 - IPTVCollector - INFO - 📌 未分类频道追加到 '其他': 韩国电影2
2026-08-15 06:46:54,497 - IPTVCollector - INFO - 📌 未分类频道追加到 '其他': 浙江教育
2026-08-15 06:46:54,497 - IPTVCollector - INFO - 📌 未分类频道追加到 '其他': 浙江钱江频道
2026-08-15 06:46:54,497 - IPTVCollector - INFO - 📌 未分类频道追加到 '其他': 梨园
2026-08-15 06:46:54,498 - IPTVCollector - INFO - 📌 未分类频道追加到 '其他': 浙江生活
2026-08-15 06:46:54,498 - IPTVCollector - INFO - 📌 未分类频道追加到 '其他': 凤凰中文
2026-08-15 06:46:54,498 - IPTVCollector - INFO - 📌 未分类频道追加到 '其他': 凤凰资讯
2026-08-15 06:46:54,500 - IPTVCollector - INFO - 🌏 自动追加: 武汉一台新闻综合 -> ☘️湖北频道
2026-08-15 06:46:54,500 - IPTVCollector - INFO - 📌 未分类频道追加到 '其他': 都市青春
2026-08-15 06:46:54,500 - IPTVCollector - INFO - 📌 未分类频道追加到 '其他': 陕西新闻咨询
2026-08-15 06:46:54,500 - IPTVCollector - INFO - 📌 未分类频道追加到 '其他': 河南电视剧
2026-08-15 06:46:54,500 - IPTVCollector - INFO - 📌 未分类频道追加到 '其他': FZTV3
2026-08-15 06:46:54,502 - IPTVCollector - INFO - 🌏 自动追加: 哈尔滨都市咨询 -> ☘️黑龙江频道
2026-08-15 06:46:54,502 - IPTVCollector - INFO - 📌 未分类频道追加到 '其他': 江津新闻
2026-08-15 06:46:54,502 - IPTVCollector - INFO - 📌 未分类频道追加到 '其他': 无线新闻台
2026-08-15 06:46:54,502 - IPTVCollector - INFO - 📌 未分类频道追加到 '其他': 华丽翡翠台
2026-08-15 06:46:54,503 - IPTVCollector - INFO - 📌 未分类频道追加到 '其他': 新闻咨询
2026-08-15 06:46:54,503 - IPTVCollector - INFO - 📌 未分类频道追加到 '其他': NewTV黑莓动画
2026-08-15 06:46:54,503 - IPTVCollector - INFO - 📌 未分类频道追加到 '其他': 音乐欣赏
2026-08-15 06:46:54,503 - IPTVCollector - INFO - 📌 未分类频道追加到 '其他': 1987年春晚
2026-08-15 06:46:54,503 - IPTVCollector - INFO - 📌 未分类频道追加到 '其他': 1988年春晚
2026-08-15 06:46:54,504 - IPTVCollector - INFO - 📌 未分类频道追加到 '其他': 1989年春晚
2026-08-15 06:46:54,504 - IPTVCollector - INFO - 📌 未分类频道追加到 '其他': 岭南戏曲
2026-08-15 06:46:54,504 - IPTVCollector - INFO - 📌 未分类频道追加到 '其他': 韩国EBS少儿
2026-08-15 06:46:54,504 - IPTVCollector - INFO - 📌 未分类频道追加到 '其他': 现代教育
2026-08-15 06:46:54,504 - IPTVCollector - INFO - 📌 未分类频道追加到 '其他': 地理中国
2026-08-15 06:46:54,505 - IPTVCollector - INFO - 📌 未分类频道追加到 '其他': 人与自然
2026-08-15 06:46:54,505 - IPTVCollector - INFO - 📌 未分类频道追加到 '其他': 自然传奇
2026-08-15 06:46:54,505 - IPTVCollector - INFO - 📌 未分类频道追加到 '其他': Arirang
2026-08-15 06:46:54,505 - IPTVCollector - INFO - 📌 未分类频道追加到 '其他': 飞碟之谜01
2026-08-15 06:46:54,505 - IPTVCollector - INFO - 🎯 Demo 筛选：原始 322 -> 匹配/分类后 322 个频道
2026-08-15 06:46:54,506 - IPTVCollector - INFO - 📊 Demo筛选后: 322
2026-08-15 06:46:54,506 - IPTVCollector - INFO - ✅ M3U 文件已生成: output/tv.m3u
2026-08-15 06:46:54,507 - IPTVCollector - INFO - ✅ TXT 文件已生成: output/tv.txt
2026-08-15 06:46:54,507 - IPTVCollector - INFO - ✅ 多源 M3U 文件已生成: output/tv_multi.m3u
2026-08-15 06:46:54,510 - IPTVCollector - INFO - ✅ JSON API 已生成: output/channels.json
2026-08-15 06:46:54,511 - IPTVCollector - INFO - ✅ 精简版已生成: output/tv_lite.m3u
2026-08-15 06:46:54,511 - IPTVCollector - INFO - ✅ M3U 文件已生成: output/tv_epg.m3u
2026-08-15 06:46:54,511 - IPTVCollector - INFO - 🚀 IPTV 自治系统启动
2026-08-15 06:46:54,511 - IPTVCollector - INFO - ⏭️ 跳过发现阶段
2026-08-15 06:46:54,511 - IPTVCollector - INFO - ==================================================
阶段2: 从缓存观察候选源
==================================================
2026-08-15 06:46:54,547 - IPTVCollector - INFO -   📊 观察进度: 100/295，稳定 0 个
2026-08-15 06:46:54,564 - IPTVCollector - INFO -   📊 观察进度: 200/295，稳定 0 个
2026-08-15 06:46:54,572 - IPTVCollector - INFO - ✅ 候选源稳定: 河北都市 (成功率 66.67%, 延迟 2234ms)
2026-08-15 06:46:54,583 - IPTVCollector - INFO - ✅ 观察阶段完成: 1 个源达到稳定标准
2026-08-15 06:46:54,583 - IPTVCollector - INFO - ==================================================
阶段3: 提升稳定源
==================================================
2026-08-15 06:46:54,585 - IPTVCollector - INFO - ✅ 河北都市 已提升为稳定源
2026-08-15 06:46:54,586 - IPTVCollector - INFO - 📌 已提升: 河北都市
2026-08-15 06:46:54,586 - IPTVCollector - INFO - ✅ 提升阶段完成: 1 个源被提升
2026-08-15 06:46:54,586 - IPTVCollector - INFO - 📊 自治模式统计:
2026-08-15 06:46:54,586 - IPTVCollector - INFO -   候选池总数: 867, 观察中: 294, 稳定: 559
2026-08-15 06:46:54,586 - IPTVCollector - INFO -   本次新提升: 1
2026-08-15 06:46:54,586 - IPTVCollector - INFO - 🎉 全部完成！
2026-08-15 12:44:21,458 - IPTVCollector - INFO - 🚀 IPTV 智能整理平台启动
2026-08-15 12:44:21,460 - IPTVCollector - INFO - ✅ 数据库缓存已启用: data/iptv_cache.db
2026-08-15 12:44:21,463 - IPTVCollector - INFO - 📌 CCTV-1 已设为固定源 (auto_optimize=True)
2026-08-15 12:44:21,464 - IPTVCollector - INFO - 📌 CCTV-2 已设为固定源 (auto_optimize=True)
2026-08-15 12:44:21,465 - IPTVCollector - INFO - 📌 CCTV-3 已设为固定源 (auto_optimize=True)
2026-08-15 12:44:21,471 - IPTVCollector - INFO - 📌 CCTV-4 已设为固定源 (auto_optimize=True)
2026-08-15 12:44:21,472 - IPTVCollector - INFO - 📌 CCTV-5 已设为固定源 (auto_optimize=True)
2026-08-15 12:44:21,473 - IPTVCollector - INFO - 📌 CCTV-5+ 已设为固定源 (auto_optimize=True)
2026-08-15 12:44:21,475 - IPTVCollector - INFO - 📌 CCTV-6 已设为固定源 (auto_optimize=True)
2026-08-15 12:44:21,476 - IPTVCollector - INFO - 📌 CCTV-7 已设为固定源 (auto_optimize=True)
2026-08-15 12:44:21,477 - IPTVCollector - INFO - 📌 CCTV-8 已设为固定源 (auto_optimize=True)
2026-08-15 12:44:21,479 - IPTVCollector - INFO - 📌 CCTV-9 已设为固定源 (auto_optimize=True)
2026-08-15 12:44:21,480 - IPTVCollector - INFO - 📌 CCTV-10 已设为固定源 (auto_optimize=True)
2026-08-15 12:44:21,482 - IPTVCollector - INFO - 📌 CCTV-11 已设为固定源 (auto_optimize=True)
2026-08-15 12:44:21,483 - IPTVCollector - INFO - 📌 CCTV-12 已设为固定源 (auto_optimize=True)
2026-08-15 12:44:21,485 - IPTVCollector - INFO - 📌 CCTV-13 已设为固定源 (auto_optimize=True)
2026-08-15 12:44:21,486 - IPTVCollector - INFO - 📌 CCTV-14 已设为固定源 (auto_optimize=True)
2026-08-15 12:44:21,487 - IPTVCollector - INFO - 📌 CCTV-15 已设为固定源 (auto_optimize=True)
2026-08-15 12:44:21,488 - IPTVCollector - INFO - 📌 CCTV-16 已设为固定源 (auto_optimize=True)
2026-08-15 12:44:21,490 - IPTVCollector - INFO - 📌 CCTV-17 已设为固定源 (auto_optimize=True)
2026-08-15 12:44:21,491 - IPTVCollector - INFO - 📌 CCTV4欧洲 已设为固定源 (auto_optimize=True)
2026-08-15 12:44:21,492 - IPTVCollector - INFO - 📌 CCTV4美洲 已设为固定源 (auto_optimize=True)
2026-08-15 12:44:21,492 - IPTVCollector - INFO - 📌 固定源已同步到数据库
2026-08-15 12:44:21,493 - IPTVCollector - INFO - 📋 订阅源解析：普通 11 个，白名单 0 个
2026-08-15 12:44:21,493 - IPTVCollector - INFO - 📋 使用 11 个源
2026-08-15 12:44:45,808 - IPTVCollector - INFO - 📊 测速完成，有效频道: 378 个
2026-08-15 12:44:45,808 - IPTVCollector - INFO - 📊 通过测速的频道数: 378
2026-08-15 12:44:46,173 - IPTVCollector - INFO - 🔍 ffmpeg 深度验证: 0 个需验证，377 个来自缓存/HTTP
2026-08-15 12:44:46,173 - IPTVCollector - INFO - ✅ ffmpeg 验证完成: 通过 377/378 个频道
2026-08-15 12:44:46,173 - IPTVCollector - INFO - 📊 通过ffmpeg验证的频道数: 377
2026-08-15 12:44:46,181 - IPTVCollector - INFO - 📌 已使用 21 个固定源（含自动优化）
2026-08-15 12:44:46,181 - IPTVCollector - INFO - 📊 合并完成: 共 330 个频道
2026-08-15 12:44:46,181 - IPTVCollector - INFO - 📊 合并后的频道数: 330
2026-08-15 12:44:46,213 - IPTVCollector - INFO - 📊 黑名单过滤后: 314
2026-08-15 12:44:46,215 - IPTVCollector - INFO - 📋 从 demo.txt 解析到 3541 个有序频道
2026-08-15 12:44:46,218 - IPTVCollector - INFO - 📋 从 demo.txt 解析到 3541 个有序频道
2026-08-15 12:46:18,300 - IPTVCollector - INFO - 📌 未分类频道追加到 '其他': Supreme Master TV
2026-08-15 12:46:18,301 - IPTVCollector - INFO - 📌 未分类频道追加到 '其他': Home Plus
2026-08-15 12:46:18,301 - IPTVCollector - INFO - 📌 未分类频道追加到 '其他': WionNews
2026-08-15 12:46:18,301 - IPTVCollector - INFO - 📌 未分类频道追加到 '其他': VOA美国之音
2026-08-15 12:46:18,301 - IPTVCollector - INFO - 📌 未分类频道追加到 '其他': TVB News
2026-08-15 12:46:18,302 - IPTVCollector - INFO - 📌 未分类频道追加到 '其他': TVB Plus
2026-08-15 12:46:18,302 - IPTVCollector - INFO - 📌 未分类频道追加到 '其他': Trace Sports
2026-08-15 12:46:18,302 - IPTVCollector - INFO - 📌 未分类频道追加到 '其他': Wild Earth
2026-08-15 12:46:18,302 - IPTVCollector - INFO - 📌 未分类频道追加到 '其他': TV BRICS Chinese
2026-08-15 12:46:18,302 - IPTVCollector - INFO - 📌 未分类频道追加到 '其他': 龙井
2026-08-15 12:46:18,302 - IPTVCollector - INFO - 📌 未分类频道追加到 '其他': Hunan TV
2026-08-15 12:46:18,303 - IPTVCollector - INFO - 📌 未分类频道追加到 '其他': 大立电视台
2026-08-15 12:46:18,303 - IPTVCollector - INFO - 📌 未分类频道追加到 '其他': 春晚2025
2026-08-15 12:46:18,303 - IPTVCollector - INFO - 📌 未分类频道追加到 '其他': Xinjiang TV 3
2026-08-15 12:46:18,303 - IPTVCollector - INFO - 📌 未分类频道追加到 '其他': RT Français
2026-08-15 12:46:18,304 - IPTVCollector - INFO - 📌 未分类频道追加到 '其他': Nei Monggol TV 2 Mongolian Culture Channel [Not 24/7]
2026-08-15 12:46:18,304 - IPTVCollector - INFO - 📌 未分类频道追加到 '其他': 倩女幽魂妖魔道
2026-08-15 12:46:18,304 - IPTVCollector - INFO - 📌 未分类频道追加到 '其他': 倩女幽魂道道道
2026-08-15 12:46:18,304 - IPTVCollector - INFO - 📌 未分类频道追加到 '其他': 倩女幽魂人间道
2026-08-15 12:46:18,305 - IPTVCollector - INFO - 📌 未分类频道追加到 '其他': Nei Monggol TV [Not 24/7]
2026-08-15 12:46:18,305 - IPTVCollector - INFO - 🌏 自动追加: 绍兴电视台公共 -> ☘️浙江频道
2026-08-15 12:46:18,305 - IPTVCollector - INFO - 📌 未分类频道追加到 '其他': Harbin Movie Channel
2026-08-15 12:46:18,305 - IPTVCollector - INFO - 📌 未分类频道追加到 '其他': Siping TV
2026-08-15 12:46:18,305 - IPTVCollector - INFO - 📌 未分类频道追加到 '其他': 经济科教
2026-08-15 12:46:18,306 - IPTVCollector - INFO - 📌 未分类频道追加到 '其他': 环球电视
2026-08-15 12:46:18,306 - IPTVCollector - INFO - 📌 未分类频道追加到 '其他': CGTN-Documentary
2026-08-15 12:46:18,306 - IPTVCollector - INFO - 📌 未分类频道追加到 '其他': Xinjiang TV 2
2026-08-15 12:46:18,306 - IPTVCollector - INFO - 📌 未分类频道追加到 '其他': 通海电视台
2026-08-15 12:46:18,307 - IPTVCollector - INFO - 📌 未分类频道追加到 '其他': Hebei TV
2026-08-15 12:46:18,307 - IPTVCollector - INFO - 📌 未分类频道追加到 '其他': Dragon TV International
2026-08-15 12:46:18,307 - IPTVCollector - INFO - 📌 未分类频道追加到 '其他': 春晚2024
2026-08-15 12:46:18,307 - IPTVCollector - INFO - 📌 未分类频道追加到 '其他': 广东影视
2026-08-15 12:46:18,309 - IPTVCollector - INFO - 🌏 自动追加: 四平新闻综合 [Geo-blocked] -> ☘️吉林频道
2026-08-15 12:46:18,309 - IPTVCollector - INFO - 📌 未分类频道追加到 '其他': 龙门飞甲
2026-08-15 12:46:18,309 - IPTVCollector - INFO - 📌 未分类频道追加到 '其他': 延边新闻综合 [Geo-blocked]
2026-08-15 12:46:18,310 - IPTVCollector - INFO - 🌏 自动追加: 松原新闻综合 [Geo-blocked] -> ☘️吉林频道
2026-08-15 12:46:18,311 - IPTVCollector - INFO - 🌏 自动追加: 浙江 Ⅰ 绍兴影视 -> ☘️浙江频道
2026-08-15 12:46:18,311 - IPTVCollector - INFO - 📌 未分类频道追加到 '其他': 江津经济生活
2026-08-15 12:46:18,312 - IPTVCollector - INFO - 🌏 自动追加: 吉林市新闻综合 [Geo-blocked] -> ☘️吉林频道
2026-08-15 12:46:18,313 - IPTVCollector - INFO - 🌏 自动追加: 浙江 Ⅰ 绍兴综合 -> ☘️浙江频道
2026-08-15 12:46:18,313 - IPTVCollector - INFO - 📌 未分类频道追加到 '其他': 前郭综合 [Geo-blocked]
2026-08-15 12:46:18,313 - IPTVCollector - INFO - 📌 未分类频道追加到 '其他': 伊犁经济法制
2026-08-15 12:46:18,313 - IPTVCollector - INFO - 📌 未分类频道追加到 '其他': 浙江经济
2026-08-15 12:46:18,315 - IPTVCollector - INFO - 🌏 自动追加: 白山新闻综合 [Geo-blocked] -> ☘️吉林频道
2026-08-15 12:46:18,315 - IPTVCollector - INFO - 📌 未分类频道追加到 '其他': 优漫卡通
2026-08-15 12:46:18,315 - IPTVCollector - INFO - 📌 未分类频道追加到 '其他': 玛纳斯综合
2026-08-15 12:46:18,316 - IPTVCollector - INFO - 📌 未分类频道追加到 '其他': 辽新闻综合 [Geo-blocked]
2026-08-15 12:46:18,317 - IPTVCollector - INFO - 🌏 自动追加: 通化新闻 [Geo-blocked] -> ☘️吉林频道
2026-08-15 12:46:18,318 - IPTVCollector - INFO - 🌏 自动追加: 长春综合 [Geo-blocked] -> ☘️吉林频道
2026-08-15 12:46:18,319 - IPTVCollector - INFO - 📌 未分类频道追加到 '其他': 浙江钱江都市
2026-08-15 12:46:18,319 - IPTVCollector - INFO - 📌 未分类频道追加到 '其他': 集安综合 [Geo-blocked]
2026-08-15 12:46:18,319 - IPTVCollector - INFO - 📌 未分类频道追加到 '其他': 荣昌综合 [Not 24/7]
2026-08-15 12:46:18,319 - IPTVCollector - INFO - 📌 未分类频道追加到 '其他': CGTN Global Biz
2026-08-15 12:46:18,320 - IPTVCollector - INFO - 📌 未分类频道追加到 '其他': Discovering China
2026-08-15 12:46:18,320 - IPTVCollector - INFO - 📌 未分类频道追加到 '其他': 玛纳斯
2026-08-15 12:46:18,320 - IPTVCollector - INFO - 📌 未分类频道追加到 '其他': China Travel
2026-08-15 12:46:18,320 - IPTVCollector - INFO - 📌 未分类频道追加到 '其他': 靖江新闻綜合 [Not 24/7]
2026-08-15 12:46:18,321 - IPTVCollector - INFO - 📌 未分类频道追加到 '其他': 奎屯汉语
2026-08-15 12:46:18,321 - IPTVCollector - INFO - 📌 未分类频道追加到 '其他': 泾新闻综合
2026-08-15 12:46:18,321 - IPTVCollector - INFO - 📌 未分类频道追加到 '其他': 数码时代
2026-08-15 12:46:18,321 - IPTVCollector - INFO - 📌 未分类频道追加到 '其他': 梨园
2026-08-15 12:46:18,321 - IPTVCollector - INFO - 📌 未分类频道追加到 '其他': 浙江教科影视
2026-08-15 12:46:18,322 - IPTVCollector - INFO - 📌 未分类频道追加到 '其他': 浙江教科影院
2026-08-15 12:46:18,322 - IPTVCollector - INFO - 📌 未分类频道追加到 '其他': 浙江民生休闲
2026-08-15 12:46:18,322 - IPTVCollector - INFO - 📌 未分类频道追加到 '其他': 浙江教育
2026-08-15 12:46:18,322 - IPTVCollector - INFO - 📌 未分类频道追加到 '其他': CGTN阿语
2026-08-15 12:46:18,323 - IPTVCollector - INFO - 📌 未分类频道追加到 '其他': CGTN西语
2026-08-15 12:46:18,323 - IPTVCollector - INFO - 📌 未分类频道追加到 '其他': 浙江生活
2026-08-15 12:46:18,323 - IPTVCollector - INFO - 📌 未分类频道追加到 '其他': 凤凰中文
2026-08-15 12:46:18,323 - IPTVCollector - INFO - 📌 未分类频道追加到 '其他': 凤凰资讯
2026-08-15 12:46:18,324 - IPTVCollector - INFO - 🌏 自动追加: 凤凰香港 -> 🌊港·澳·台
2026-08-15 12:46:18,324 - IPTVCollector - INFO - 📌 未分类频道追加到 '其他': 浙江钱江频道
2026-08-15 12:46:18,324 - IPTVCollector - INFO - 📌 未分类频道追加到 '其他': 韩国电影1
2026-08-15 12:46:18,324 - IPTVCollector - INFO - 📌 未分类频道追加到 '其他': 韩国电影2
2026-08-15 12:46:18,325 - IPTVCollector - INFO - 🌏 自动追加: 上海卫视 -> ☘️上海频道
2026-08-15 12:46:18,325 - IPTVCollector - INFO - 📌 未分类频道追加到 '其他': CGTN记录
2026-08-15 12:46:18,325 - IPTVCollector - INFO - 📌 未分类频道追加到 '其他': 东南卫视
2026-08-15 12:46:18,325 - IPTVCollector - INFO - 📌 未分类频道追加到 '其他': 南方卫视
2026-08-15 12:46:18,327 - IPTVCollector - INFO - 🌏 自动追加: 武汉一台新闻综合 -> ☘️湖北频道
2026-08-15 12:46:18,327 - IPTVCollector - INFO - 📌 未分类频道追加到 '其他': 都市青春
2026-08-15 12:46:18,327 - IPTVCollector - INFO - 📌 未分类频道追加到 '其他': 陕西新闻咨询
2026-08-15 12:46:18,327 - IPTVCollector - INFO - 📌 未分类频道追加到 '其他': 河南电视剧
2026-08-15 12:46:18,328 - IPTVCollector - INFO - 📌 未分类频道追加到 '其他': 江津新闻
2026-08-15 12:46:18,328 - IPTVCollector - INFO - 📌 未分类频道追加到 '其他': Anhui TV
2026-08-15 12:46:18,328 - IPTVCollector - INFO - 📌 未分类频道追加到 '其他': ABN China
2026-08-15 12:46:18,328 - IPTVCollector - INFO - 📌 未分类频道追加到 '其他': FZTV3
2026-08-15 12:46:18,330 - IPTVCollector - INFO - 🌏 自动追加: 哈尔滨都市咨询 -> ☘️黑龙江频道
2026-08-15 12:46:18,330 - IPTVCollector - INFO - 📌 未分类频道追加到 '其他': 华丽翡翠台
2026-08-15 12:46:18,330 - IPTVCollector - INFO - 📌 未分类频道追加到 '其他': 无线新闻台
2026-08-15 12:46:18,330 - IPTVCollector - INFO - 📌 未分类频道追加到 '其他': 东丰
2026-08-15 12:46:18,331 - IPTVCollector - INFO - 📌 未分类频道追加到 '其他': 新闻咨询
2026-08-15 12:46:18,331 - IPTVCollector - INFO - 📌 未分类频道追加到 '其他': 耀才财经
2026-08-15 12:46:18,331 - IPTVCollector - INFO - 📌 未分类频道追加到 '其他': NewTV黑莓动画
2026-08-15 12:46:18,331 - IPTVCollector - INFO - 📌 未分类频道追加到 '其他': 九台
2026-08-15 12:46:18,332 - IPTVCollector - INFO - 📌 未分类频道追加到 '其他': 韩国EBS少儿
2026-08-15 12:46:18,332 - IPTVCollector - INFO - 📌 未分类频道追加到 '其他': 岭南戏曲
2026-08-15 12:46:18,332 - IPTVCollector - INFO - 📌 未分类频道追加到 '其他': 人与自然
2026-08-15 12:46:18,332 - IPTVCollector - INFO - 📌 未分类频道追加到 '其他': 飞碟之谜01
2026-08-15 12:46:18,332 - IPTVCollector - INFO - 📌 未分类频道追加到 '其他': 地理中国
2026-08-15 12:46:18,332 - IPTVCollector - INFO - 📌 未分类频道追加到 '其他': 1987年春晚
2026-08-15 12:46:18,333 - IPTVCollector - INFO - 📌 未分类频道追加到 '其他': 音乐欣赏
2026-08-15 12:46:18,333 - IPTVCollector - INFO - 📌 未分类频道追加到 '其他': 1988年春晚
2026-08-15 12:46:18,333 - IPTVCollector - INFO - 📌 未分类频道追加到 '其他': 1989年春晚
2026-08-15 12:46:18,333 - IPTVCollector - INFO - 📌 未分类频道追加到 '其他': 珲春新闻
2026-08-15 12:46:18,333 - IPTVCollector - INFO - 📌 未分类频道追加到 '其他': 现代教育
2026-08-15 12:46:18,334 - IPTVCollector - INFO - 📌 未分类频道追加到 '其他': 舒兰新闻
2026-08-15 12:46:18,334 - IPTVCollector - INFO - 📌 未分类频道追加到 '其他': 自然传奇
2026-08-15 12:46:18,334 - IPTVCollector - INFO - 📌 未分类频道追加到 '其他': 磐石
2026-08-15 12:46:18,334 - IPTVCollector - INFO - 📌 未分类频道追加到 '其他': Newsmax
2026-08-15 12:46:18,334 - IPTVCollector - INFO - 📌 未分类频道追加到 '其他': CNA
2026-08-15 12:46:18,334 - IPTVCollector - INFO - 📌 未分类频道追加到 '其他': Dali TV
2026-08-15 12:46:18,335 - IPTVCollector - INFO - 📌 未分类频道追加到 '其他': Guangdong Satellite TV
2026-08-15 12:46:18,335 - IPTVCollector - INFO - 📌 未分类频道追加到 '其他': Arirang
2026-08-15 12:46:18,336 - IPTVCollector - INFO - 🌏 自动追加: 通化县 -> ☘️吉林频道
2026-08-15 12:46:18,337 - IPTVCollector - INFO - 🌏 自动追加: 长白山电视台 -> ☘️吉林频道
2026-08-15 12:46:18,337 - IPTVCollector - INFO - 📌 未分类频道追加到 '其他': 汪清
2026-08-15 12:46:18,338 - IPTVCollector - INFO - 📌 未分类频道追加到 '其他': Chifeng Comprehensive News Chanel
2026-08-15 12:46:18,338 - IPTVCollector - INFO - 📌 未分类频道追加到 '其他': 2024年春晚
2026-08-15 12:46:18,338 - IPTVCollector - INFO - 📌 未分类频道追加到 '其他': Pet Club TV
2026-08-15 12:46:18,338 - IPTVCollector - INFO - 📌 未分类频道追加到 '其他': Harbin Comprehensive News Channel
2026-08-15 12:46:18,338 - IPTVCollector - INFO - 🎯 Demo 筛选：原始 314 -> 匹配/分类后 314 个频道
2026-08-15 12:46:18,338 - IPTVCollector - INFO - 📊 Demo筛选后: 314
2026-08-15 12:46:18,339 - IPTVCollector - INFO - ✅ M3U 文件已生成: output/tv.m3u
2026-08-15 12:46:18,340 - IPTVCollector - INFO - ✅ TXT 文件已生成: output/tv.txt
2026-08-15 12:46:18,340 - IPTVCollector - INFO - ✅ 多源 M3U 文件已生成: output/tv_multi.m3u
2026-08-15 12:46:18,343 - IPTVCollector - INFO - ✅ JSON API 已生成: output/channels.json
2026-08-15 12:46:18,343 - IPTVCollector - INFO - ✅ 精简版已生成: output/tv_lite.m3u
2026-08-15 12:46:18,344 - IPTVCollector - INFO - ✅ M3U 文件已生成: output/tv_epg.m3u
2026-08-15 12:46:18,344 - IPTVCollector - INFO - 🚀 IPTV 自治系统启动
2026-08-15 12:46:18,344 - IPTVCollector - INFO - ⏭️ 跳过发现阶段
2026-08-15 12:46:18,344 - IPTVCollector - INFO - ==================================================
阶段2: 从缓存观察候选源
==================================================
2026-08-15 12:46:18,379 - IPTVCollector - INFO -   📊 观察进度: 100/295，稳定 0 个
2026-08-15 12:46:18,397 - IPTVCollector - INFO -   📊 观察进度: 200/295，稳定 0 个
2026-08-15 12:46:18,415 - IPTVCollector - INFO - ✅ 观察阶段完成: 0 个源达到稳定标准
2026-08-15 12:46:18,415 - IPTVCollector - INFO - ==================================================
阶段3: 提升稳定源
==================================================
2026-08-15 12:46:18,415 - IPTVCollector - INFO - 📭 没有稳定的候选源需要提升
2026-08-15 12:46:18,415 - IPTVCollector - INFO - 📊 自治模式统计:
2026-08-15 12:46:18,415 - IPTVCollector - INFO -   候选池总数: 867, 观察中: 295, 稳定: 558
2026-08-15 12:46:18,416 - IPTVCollector - INFO -   本次新提升: 0
2026-08-15 12:46:18,416 - IPTVCollector - INFO - 🎉 全部完成！
2026-08-15 18:35:41,951 - IPTVCollector - INFO - 🚀 IPTV 智能整理平台启动
2026-08-15 18:35:41,953 - IPTVCollector - INFO - ✅ 数据库缓存已启用: data/iptv_cache.db
2026-08-15 18:35:41,956 - IPTVCollector - INFO - 📌 CCTV-1 已设为固定源 (auto_optimize=True)
2026-08-15 18:35:41,957 - IPTVCollector - INFO - 📌 CCTV-2 已设为固定源 (auto_optimize=True)
2026-08-15 18:35:41,958 - IPTVCollector - INFO - 📌 CCTV-3 已设为固定源 (auto_optimize=True)
2026-08-15 18:35:41,959 - IPTVCollector - INFO - 📌 CCTV-4 已设为固定源 (auto_optimize=True)
2026-08-15 18:35:41,960 - IPTVCollector - INFO - 📌 CCTV-5 已设为固定源 (auto_optimize=True)
2026-08-15 18:35:41,961 - IPTVCollector - INFO - 📌 CCTV-5+ 已设为固定源 (auto_optimize=True)
2026-08-15 18:35:41,962 - IPTVCollector - INFO - 📌 CCTV-6 已设为固定源 (auto_optimize=True)
2026-08-15 18:35:41,963 - IPTVCollector - INFO - 📌 CCTV-7 已设为固定源 (auto_optimize=True)
2026-08-15 18:35:41,964 - IPTVCollector - INFO - 📌 CCTV-8 已设为固定源 (auto_optimize=True)
2026-08-15 18:35:41,966 - IPTVCollector - INFO - 📌 CCTV-9 已设为固定源 (auto_optimize=True)
2026-08-15 18:35:41,967 - IPTVCollector - INFO - 📌 CCTV-10 已设为固定源 (auto_optimize=True)
2026-08-15 18:35:41,968 - IPTVCollector - INFO - 📌 CCTV-11 已设为固定源 (auto_optimize=True)
2026-08-15 18:35:41,969 - IPTVCollector - INFO - 📌 CCTV-12 已设为固定源 (auto_optimize=True)
2026-08-15 18:35:41,970 - IPTVCollector - INFO - 📌 CCTV-13 已设为固定源 (auto_optimize=True)
2026-08-15 18:35:41,971 - IPTVCollector - INFO - 📌 CCTV-14 已设为固定源 (auto_optimize=True)
2026-08-15 18:35:41,972 - IPTVCollector - INFO - 📌 CCTV-15 已设为固定源 (auto_optimize=True)
2026-08-15 18:35:41,973 - IPTVCollector - INFO - 📌 CCTV-16 已设为固定源 (auto_optimize=True)
2026-08-15 18:35:41,974 - IPTVCollector - INFO - 📌 CCTV-17 已设为固定源 (auto_optimize=True)
2026-08-15 18:35:41,975 - IPTVCollector - INFO - 📌 CCTV4欧洲 已设为固定源 (auto_optimize=True)
2026-08-15 18:35:41,977 - IPTVCollector - INFO - 📌 CCTV4美洲 已设为固定源 (auto_optimize=True)
2026-08-15 18:35:41,977 - IPTVCollector - INFO - 📌 固定源已同步到数据库
2026-08-15 18:35:41,977 - IPTVCollector - INFO - 📋 订阅源解析：普通 11 个，白名单 0 个
2026-08-15 18:35:41,977 - IPTVCollector - INFO - 📋 使用 11 个源
2026-08-15 18:36:01,174 - IPTVCollector - INFO - 📊 测速完成，有效频道: 378 个
2026-08-15 18:36:01,174 - IPTVCollector - INFO - 📊 通过测速的频道数: 378
2026-08-15 18:36:02,839 - IPTVCollector - INFO - 🔍 ffmpeg 深度验证: 0 个需验证，377 个来自缓存/HTTP
2026-08-15 18:36:02,840 - IPTVCollector - INFO - ✅ ffmpeg 验证完成: 通过 377/378 个频道
2026-08-15 18:36:02,840 - IPTVCollector - INFO - 📊 通过ffmpeg验证的频道数: 377
2026-08-15 18:36:02,847 - IPTVCollector - INFO - 📌 已使用 21 个固定源（含自动优化）
2026-08-15 18:36:02,848 - IPTVCollector - INFO - 📊 合并完成: 共 331 个频道
2026-08-15 18:36:02,848 - IPTVCollector - INFO - 📊 合并后的频道数: 331
2026-08-15 18:36:02,879 - IPTVCollector - INFO - 📊 黑名单过滤后: 315
2026-08-15 18:36:02,881 - IPTVCollector - INFO - 📋 从 demo.txt 解析到 3541 个有序频道
2026-08-15 18:36:02,884 - IPTVCollector - INFO - 📋 从 demo.txt 解析到 3541 个有序频道
2026-08-15 18:37:35,033 - IPTVCollector - INFO - 📌 未分类频道追加到 '其他': ABN China
2026-08-15 18:37:35,033 - IPTVCollector - INFO - 📌 未分类频道追加到 '其他': Guangdong Satellite TV
2026-08-15 18:37:35,034 - IPTVCollector - INFO - 📌 未分类频道追加到 '其他': Home Plus
2026-08-15 18:37:35,034 - IPTVCollector - INFO - 📌 未分类频道追加到 '其他': VOA美国之音
2026-08-15 18:37:35,034 - IPTVCollector - INFO - 📌 未分类频道追加到 '其他': Anhui TV
2026-08-15 18:37:35,034 - IPTVCollector - INFO - 📌 未分类频道追加到 '其他': TV BRICS Chinese
2026-08-15 18:37:35,035 - IPTVCollector - INFO - 📌 未分类频道追加到 '其他': Xinjiang TV 2
2026-08-15 18:37:35,035 - IPTVCollector - INFO - 📌 未分类频道追加到 '其他': Xinjiang TV 3
2026-08-15 18:37:35,035 - IPTVCollector - INFO - 📌 未分类频道追加到 '其他': Chifeng Comprehensive News Chanel
2026-08-15 18:37:35,035 - IPTVCollector - INFO - 📌 未分类频道追加到 '其他': Nei Monggol TV 2 Mongolian Culture Channel [Not 24/7]
2026-08-15 18:37:35,035 - IPTVCollector - INFO - 📌 未分类频道追加到 '其他': Nei Monggol TV [Not 24/7]
2026-08-15 18:37:35,035 - IPTVCollector - INFO - 📌 未分类频道追加到 '其他': Siping TV
2026-08-15 18:37:35,036 - IPTVCollector - INFO - 📌 未分类频道追加到 '其他': Dragon TV International
2026-08-15 18:37:35,036 - IPTVCollector - INFO - 📌 未分类频道追加到 '其他': Hunan TV
2026-08-15 18:37:35,036 - IPTVCollector - INFO - 📌 未分类频道追加到 '其他': Harbin Movie Channel
2026-08-15 18:37:35,036 - IPTVCollector - INFO - 📌 未分类频道追加到 '其他': Harbin Comprehensive News Channel
2026-08-15 18:37:35,036 - IPTVCollector - INFO - 📌 未分类频道追加到 '其他': 伊犁经济法制
2026-08-15 18:37:35,036 - IPTVCollector - INFO - 📌 未分类频道追加到 '其他': Hebei TV
2026-08-15 18:37:35,036 - IPTVCollector - INFO - 📌 未分类频道追加到 '其他': 龙门飞甲
2026-08-15 18:37:35,037 - IPTVCollector - INFO - 📌 未分类频道追加到 '其他': 前郭综合 [Geo-blocked]
2026-08-15 18:37:35,037 - IPTVCollector - INFO - 📌 未分类频道追加到 '其他': 优漫卡通
2026-08-15 18:37:35,038 - IPTVCollector - INFO - 🌏 自动追加: 吉林市新闻综合 [Geo-blocked] -> ☘️吉林频道
2026-08-15 18:37:35,038 - IPTVCollector - INFO - 📌 未分类频道追加到 '其他': 玛纳斯综合
2026-08-15 18:37:35,040 - IPTVCollector - INFO - 🌏 自动追加: 四平新闻综合 [Geo-blocked] -> ☘️吉林频道
2026-08-15 18:37:35,040 - IPTVCollector - INFO - 📌 未分类频道追加到 '其他': 延边新闻综合 [Geo-blocked]
2026-08-15 18:37:35,040 - IPTVCollector - INFO - 📌 未分类频道追加到 '其他': 奎屯汉语
2026-08-15 18:37:35,041 - IPTVCollector - INFO - 🌏 自动追加: 松原新闻综合 [Geo-blocked] -> ☘️吉林频道
2026-08-15 18:37:35,042 - IPTVCollector - INFO - 📌 未分类频道追加到 '其他': 江津经济生活
2026-08-15 18:37:35,042 - IPTVCollector - INFO - 📌 未分类频道追加到 '其他': 玛纳斯
2026-08-15 18:37:35,042 - IPTVCollector - INFO - 🌏 自动追加: 浙江 Ⅰ 绍兴影视 -> ☘️浙江频道
2026-08-15 18:37:35,042 - IPTVCollector - INFO - 🌏 自动追加: 浙江 Ⅰ 绍兴综合 -> ☘️浙江频道
2026-08-15 18:37:35,043 - IPTVCollector - INFO - 📌 未分类频道追加到 '其他': 浙江钱江都市
2026-08-15 18:37:35,043 - IPTVCollector - INFO - 📌 未分类频道追加到 '其他': 浙江经济
2026-08-15 18:37:35,044 - IPTVCollector - INFO - 🌏 自动追加: 白山新闻综合 [Geo-blocked] -> ☘️吉林频道
2026-08-15 18:37:35,044 - IPTVCollector - INFO - 📌 未分类频道追加到 '其他': 辽新闻综合 [Geo-blocked]
2026-08-15 18:37:35,045 - IPTVCollector - INFO - 🌏 自动追加: 通化新闻 [Geo-blocked] -> ☘️吉林频道
2026-08-15 18:37:35,046 - IPTVCollector - INFO - 📌 未分类频道追加到 '其他': 泾新闻综合
2026-08-15 18:37:35,047 - IPTVCollector - INFO - 🌏 自动追加: 长春综合 [Geo-blocked] -> ☘️吉林频道
2026-08-15 18:37:35,047 - IPTVCollector - INFO - 📌 未分类频道追加到 '其他': 集安综合 [Geo-blocked]
2026-08-15 18:37:35,047 - IPTVCollector - INFO - 📌 未分类频道追加到 '其他': 荣昌综合 [Not 24/7]
2026-08-15 18:37:35,048 - IPTVCollector - INFO - 📌 未分类频道追加到 '其他': CGTN Global Biz
2026-08-15 18:37:35,048 - IPTVCollector - INFO - 📌 未分类频道追加到 '其他': Discovering China
2026-08-15 18:37:35,048 - IPTVCollector - INFO - 📌 未分类频道追加到 '其他': China Travel
2026-08-15 18:37:35,048 - IPTVCollector - INFO - 📌 未分类频道追加到 '其他': 靖江新闻綜合 [Not 24/7]
2026-08-15 18:37:35,048 - IPTVCollector - INFO - 📌 未分类频道追加到 '其他': 数码时代
2026-08-15 18:37:35,048 - IPTVCollector - INFO - 📌 未分类频道追加到 '其他': 梨园
2026-08-15 18:37:35,049 - IPTVCollector - INFO - 📌 未分类频道追加到 '其他': 浙江教科影视
2026-08-15 18:37:35,049 - IPTVCollector - INFO - 📌 未分类频道追加到 '其他': 浙江教科影院
2026-08-15 18:37:35,049 - IPTVCollector - INFO - 📌 未分类频道追加到 '其他': 浙江民生休闲
2026-08-15 18:37:35,049 - IPTVCollector - INFO - 📌 未分类频道追加到 '其他': 浙江教育
2026-08-15 18:37:35,049 - IPTVCollector - INFO - 📌 未分类频道追加到 '其他': 凤凰中文
2026-08-15 18:37:35,050 - IPTVCollector - INFO - 📌 未分类频道追加到 '其他': 凤凰资讯
2026-08-15 18:37:35,050 - IPTVCollector - INFO - 📌 未分类频道追加到 '其他': 韩国电影1
2026-08-15 18:37:35,050 - IPTVCollector - INFO - 📌 未分类频道追加到 '其他': 浙江钱江频道
2026-08-15 18:37:35,050 - IPTVCollector - INFO - 📌 未分类频道追加到 '其他': 韩国电影2
2026-08-15 18:37:35,050 - IPTVCollector - INFO - 🌏 自动追加: 凤凰香港 -> 🌊港·澳·台
2026-08-15 18:37:35,050 - IPTVCollector - INFO - 📌 未分类频道追加到 '其他': 浙江生活
2026-08-15 18:37:35,051 - IPTVCollector - INFO - 📌 未分类频道追加到 '其他': CGTN西语
2026-08-15 18:37:35,051 - IPTVCollector - INFO - 📌 未分类频道追加到 '其他': CGTN阿语
2026-08-15 18:37:35,051 - IPTVCollector - INFO - 📌 未分类频道追加到 '其他': CGTN记录
2026-08-15 18:37:35,052 - IPTVCollector - INFO - 🌏 自动追加: 武汉一台新闻综合 -> ☘️湖北频道
2026-08-15 18:37:35,053 - IPTVCollector - INFO - 📌 未分类频道追加到 '其他': 东南卫视
2026-08-15 18:37:35,053 - IPTVCollector - INFO - 🌏 自动追加: 上海卫视 -> ☘️上海频道
2026-08-15 18:37:35,053 - IPTVCollector - INFO - 📌 未分类频道追加到 '其他': 南方卫视
2026-08-15 18:37:35,053 - IPTVCollector - INFO - 📌 未分类频道追加到 '其他': 都市青春
2026-08-15 18:37:35,053 - IPTVCollector - INFO - 📌 未分类频道追加到 '其他': 陕西新闻咨询
2026-08-15 18:37:35,054 - IPTVCollector - INFO - 📌 未分类频道追加到 '其他': 江津新闻
2026-08-15 18:37:35,054 - IPTVCollector - INFO - 📌 未分类频道追加到 '其他': 河南电视剧
2026-08-15 18:37:35,055 - IPTVCollector - INFO - 🌏 自动追加: 哈尔滨都市咨询 -> ☘️黑龙江频道
2026-08-15 18:37:35,055 - IPTVCollector - INFO - 📌 未分类频道追加到 '其他': 无线新闻台
2026-08-15 18:37:35,055 - IPTVCollector - INFO - 📌 未分类频道追加到 '其他': 华丽翡翠台
2026-08-15 18:37:35,056 - IPTVCollector - INFO - 📌 未分类频道追加到 '其他': 新闻咨询
2026-08-15 18:37:35,056 - IPTVCollector - INFO - 📌 未分类频道追加到 '其他': 东丰
2026-08-15 18:37:35,056 - IPTVCollector - INFO - 📌 未分类频道追加到 '其他': NewTV黑莓动画
2026-08-15 18:37:35,056 - IPTVCollector - INFO - 📌 未分类频道追加到 '其他': 柳河
2026-08-15 18:37:35,056 - IPTVCollector - INFO - 📌 未分类频道追加到 '其他': 九台
2026-08-15 18:37:35,056 - IPTVCollector - INFO - 📌 未分类频道追加到 '其他': 耀才财经
2026-08-15 18:37:35,057 - IPTVCollector - INFO - 📌 未分类频道追加到 '其他': 1987年春晚
2026-08-15 18:37:35,057 - IPTVCollector - INFO - 📌 未分类频道追加到 '其他': 1989年春晚
2026-08-15 18:37:35,057 - IPTVCollector - INFO - 📌 未分类频道追加到 '其他': 汪清
2026-08-15 18:37:35,057 - IPTVCollector - INFO - 📌 未分类频道追加到 '其他': 1988年春晚
2026-08-15 18:37:35,057 - IPTVCollector - INFO - 📌 未分类频道追加到 '其他': 音乐欣赏
2026-08-15 18:37:35,058 - IPTVCollector - INFO - 📌 未分类频道追加到 '其他': 岭南戏曲
2026-08-15 18:37:35,058 - IPTVCollector - INFO - 📌 未分类频道追加到 '其他': 人与自然
2026-08-15 18:37:35,058 - IPTVCollector - INFO - 📌 未分类频道追加到 '其他': 地理中国
2026-08-15 18:37:35,058 - IPTVCollector - INFO - 📌 未分类频道追加到 '其他': CNA
2026-08-15 18:37:35,058 - IPTVCollector - INFO - 📌 未分类频道追加到 '其他': 珲春新闻
2026-08-15 18:37:35,059 - IPTVCollector - INFO - 📌 未分类频道追加到 '其他': 磐石
2026-08-15 18:37:35,059 - IPTVCollector - INFO - 📌 未分类频道追加到 '其他': 自然传奇
2026-08-15 18:37:35,059 - IPTVCollector - INFO - 📌 未分类频道追加到 '其他': 飞碟之谜01
2026-08-15 18:37:35,059 - IPTVCollector - INFO - 📌 未分类频道追加到 '其他': 现代教育
2026-08-15 18:37:35,059 - IPTVCollector - INFO - 📌 未分类频道追加到 '其他': Newsmax
2026-08-15 18:37:35,060 - IPTVCollector - INFO - 📌 未分类频道追加到 '其他': 韩国EBS少儿
2026-08-15 18:37:35,060 - IPTVCollector - INFO - 📌 未分类频道追加到 '其他': 舒兰新闻
2026-08-15 18:37:35,060 - IPTVCollector - INFO - 📌 未分类频道追加到 '其他': TVB News
2026-08-15 18:37:35,060 - IPTVCollector - INFO - 📌 未分类频道追加到 '其他': 辉南新闻
2026-08-15 18:37:35,060 - IPTVCollector - INFO - 📌 未分类频道追加到 '其他': Supreme Master TV
2026-08-15 18:37:35,060 - IPTVCollector - INFO - 📌 未分类频道追加到 '其他': TVB Plus
2026-08-15 18:37:35,061 - IPTVCollector - INFO - 📌 未分类频道追加到 '其他': Wild Earth
2026-08-15 18:37:35,061 - IPTVCollector - INFO - 📌 未分类频道追加到 '其他': Trace Sports
2026-08-15 18:37:35,062 - IPTVCollector - INFO - 🌏 自动追加: 长白山电视台 -> ☘️吉林频道
2026-08-15 18:37:35,062 - IPTVCollector - INFO - 📌 未分类频道追加到 '其他': 龙井
2026-08-15 18:37:35,062 - IPTVCollector - INFO - 📌 未分类频道追加到 '其他': Arirang
2026-08-15 18:37:35,064 - IPTVCollector - INFO - 🌏 自动追加: 通化县 -> ☘️吉林频道
2026-08-15 18:37:35,064 - IPTVCollector - INFO - 📌 未分类频道追加到 '其他': 春晚2025
2026-08-15 18:37:35,064 - IPTVCollector - INFO - 📌 未分类频道追加到 '其他': Dali TV
2026-08-15 18:37:35,064 - IPTVCollector - INFO - 🌏 自动追加: 绍兴电视台公共 -> ☘️浙江频道
2026-08-15 18:37:35,065 - IPTVCollector - INFO - 📌 未分类频道追加到 '其他': 倩女幽魂人间道
2026-08-15 18:37:35,065 - IPTVCollector - INFO - 📌 未分类频道追加到 '其他': 大立电视台
2026-08-15 18:37:35,065 - IPTVCollector - INFO - 📌 未分类频道追加到 '其他': 倩女幽魂妖魔道
2026-08-15 18:37:35,065 - IPTVCollector - INFO - 📌 未分类频道追加到 '其他': WionNews
2026-08-15 18:37:35,065 - IPTVCollector - INFO - 📌 未分类频道追加到 '其他': 倩女幽魂道道道
2026-08-15 18:37:35,065 - IPTVCollector - INFO - 📌 未分类频道追加到 '其他': 2024年春晚
2026-08-15 18:37:35,066 - IPTVCollector - INFO - 📌 未分类频道追加到 '其他': 通海电视台
2026-08-15 18:37:35,066 - IPTVCollector - INFO - 📌 未分类频道追加到 '其他': 经济科教
2026-08-15 18:37:35,066 - IPTVCollector - INFO - 📌 未分类频道追加到 '其他': 春晚2024
2026-08-15 18:37:35,066 - IPTVCollector - INFO - 📌 未分类频道追加到 '其他': CGTN-Documentary
2026-08-15 18:37:35,066 - IPTVCollector - INFO - 📌 未分类频道追加到 '其他': 环球电视
2026-08-15 18:37:35,067 - IPTVCollector - INFO - 📌 未分类频道追加到 '其他': 广东影视
2026-08-15 18:37:35,067 - IPTVCollector - INFO - 🎯 Demo 筛选：原始 315 -> 匹配/分类后 315 个频道
2026-08-15 18:37:35,067 - IPTVCollector - INFO - 📊 Demo筛选后: 315
2026-08-15 18:37:35,068 - IPTVCollector - INFO - ✅ M3U 文件已生成: output/tv.m3u
2026-08-15 18:37:35,068 - IPTVCollector - INFO - ✅ TXT 文件已生成: output/tv.txt
2026-08-15 18:37:35,069 - IPTVCollector - INFO - ✅ 多源 M3U 文件已生成: output/tv_multi.m3u
2026-08-15 18:37:35,071 - IPTVCollector - INFO - ✅ JSON API 已生成: output/channels.json
2026-08-15 18:37:35,072 - IPTVCollector - INFO - ✅ 精简版已生成: output/tv_lite.m3u
2026-08-15 18:37:35,072 - IPTVCollector - INFO - ✅ M3U 文件已生成: output/tv_epg.m3u
2026-08-15 18:37:35,072 - IPTVCollector - INFO - 🚀 IPTV 自治系统启动
2026-08-15 18:37:35,073 - IPTVCollector - INFO - ⏭️ 跳过发现阶段
2026-08-15 18:37:35,073 - IPTVCollector - INFO - ==================================================
阶段2: 从缓存观察候选源
==================================================
2026-08-15 18:37:35,115 - IPTVCollector - INFO -   📊 观察进度: 100/262，稳定 0 个
2026-08-15 18:37:35,140 - IPTVCollector - INFO -   📊 观察进度: 200/262，稳定 0 个
2026-08-15 18:37:35,155 - IPTVCollector - INFO - ✅ 观察阶段完成: 0 个源达到稳定标准
2026-08-15 18:37:35,155 - IPTVCollector - INFO - ==================================================
阶段3: 提升稳定源
==================================================
2026-08-15 18:37:35,155 - IPTVCollector - INFO - 📭 没有稳定的候选源需要提升
2026-08-15 18:37:35,155 - IPTVCollector - INFO - 📊 自治模式统计:
2026-08-15 18:37:35,156 - IPTVCollector - INFO -   候选池总数: 867, 观察中: 262, 稳定: 591
2026-08-15 18:37:35,156 - IPTVCollector - INFO -   本次新提升: 0
2026-08-15 18:37:35,156 - IPTVCollector - INFO - 🎉 全部完成！
2026-08-16 01:37:21,488 - IPTVCollector - INFO - 🚀 IPTV 智能整理平台启动
2026-08-16 01:37:21,491 - IPTVCollector - INFO - ✅ 数据库缓存已启用: data/iptv_cache.db
2026-08-16 01:37:21,494 - IPTVCollector - INFO - 📌 CCTV-1 已设为固定源 (auto_optimize=True)
2026-08-16 01:37:21,495 - IPTVCollector - INFO - 📌 CCTV-2 已设为固定源 (auto_optimize=True)
2026-08-16 01:37:21,496 - IPTVCollector - INFO - 📌 CCTV-3 已设为固定源 (auto_optimize=True)
2026-08-16 01:37:21,497 - IPTVCollector - INFO - 📌 CCTV-4 已设为固定源 (auto_optimize=True)
2026-08-16 01:37:21,498 - IPTVCollector - INFO - 📌 CCTV-5 已设为固定源 (auto_optimize=True)
2026-08-16 01:37:21,499 - IPTVCollector - INFO - 📌 CCTV-5+ 已设为固定源 (auto_optimize=True)
2026-08-16 01:37:21,500 - IPTVCollector - INFO - 📌 CCTV-6 已设为固定源 (auto_optimize=True)
2026-08-16 01:37:21,501 - IPTVCollector - INFO - 📌 CCTV-7 已设为固定源 (auto_optimize=True)
2026-08-16 01:37:21,502 - IPTVCollector - INFO - 📌 CCTV-8 已设为固定源 (auto_optimize=True)
2026-08-16 01:37:21,503 - IPTVCollector - INFO - 📌 CCTV-9 已设为固定源 (auto_optimize=True)
2026-08-16 01:37:21,504 - IPTVCollector - INFO - 📌 CCTV-10 已设为固定源 (auto_optimize=True)
2026-08-16 01:37:21,505 - IPTVCollector - INFO - 📌 CCTV-11 已设为固定源 (auto_optimize=True)
2026-08-16 01:37:21,506 - IPTVCollector - INFO - 📌 CCTV-12 已设为固定源 (auto_optimize=True)
2026-08-16 01:37:21,507 - IPTVCollector - INFO - 📌 CCTV-13 已设为固定源 (auto_optimize=True)
2026-08-16 01:37:21,508 - IPTVCollector - INFO - 📌 CCTV-14 已设为固定源 (auto_optimize=True)
2026-08-16 01:37:21,509 - IPTVCollector - INFO - 📌 CCTV-15 已设为固定源 (auto_optimize=True)
2026-08-16 01:37:21,510 - IPTVCollector - INFO - 📌 CCTV-16 已设为固定源 (auto_optimize=True)
2026-08-16 01:37:21,511 - IPTVCollector - INFO - 📌 CCTV-17 已设为固定源 (auto_optimize=True)
2026-08-16 01:37:21,512 - IPTVCollector - INFO - 📌 CCTV4欧洲 已设为固定源 (auto_optimize=True)
2026-08-16 01:37:21,513 - IPTVCollector - INFO - 📌 CCTV4美洲 已设为固定源 (auto_optimize=True)
2026-08-16 01:37:21,513 - IPTVCollector - INFO - 📌 固定源已同步到数据库
2026-08-16 01:37:21,514 - IPTVCollector - INFO - 📋 订阅源解析：普通 11 个，白名单 0 个
2026-08-16 01:37:21,514 - IPTVCollector - INFO - 📋 使用 11 个源
2026-08-16 01:37:38,355 - IPTVCollector - INFO - 📊 测速完成，有效频道: 373 个
2026-08-16 01:37:38,355 - IPTVCollector - INFO - 📊 通过测速的频道数: 373
2026-08-16 01:37:38,969 - IPTVCollector - INFO - 🔍 ffmpeg 深度验证: 0 个需验证，372 个来自缓存/HTTP
2026-08-16 01:37:38,969 - IPTVCollector - INFO - ✅ ffmpeg 验证完成: 通过 372/373 个频道
2026-08-16 01:37:38,969 - IPTVCollector - INFO - 📊 通过ffmpeg验证的频道数: 372
2026-08-16 01:37:38,977 - IPTVCollector - INFO - 📌 已使用 21 个固定源（含自动优化）
2026-08-16 01:37:38,977 - IPTVCollector - INFO - 📊 合并完成: 共 326 个频道
2026-08-16 01:37:38,977 - IPTVCollector - INFO - 📊 合并后的频道数: 326
2026-08-16 01:37:39,008 - IPTVCollector - INFO - 📊 黑名单过滤后: 310
2026-08-16 01:37:39,010 - IPTVCollector - INFO - 📋 从 demo.txt 解析到 3541 个有序频道
2026-08-16 01:37:39,013 - IPTVCollector - INFO - 📋 从 demo.txt 解析到 3541 个有序频道
2026-08-16 01:39:08,148 - IPTVCollector - INFO - 📌 未分类频道追加到 '其他': ABN China
2026-08-16 01:39:08,149 - IPTVCollector - INFO - 📌 未分类频道追加到 '其他': Guangdong Satellite TV
2026-08-16 01:39:08,149 - IPTVCollector - INFO - 📌 未分类频道追加到 '其他': Anhui TV
2026-08-16 01:39:08,149 - IPTVCollector - INFO - 📌 未分类频道追加到 '其他': Home Plus
2026-08-16 01:39:08,149 - IPTVCollector - INFO - 📌 未分类频道追加到 '其他': VOA美国之音
2026-08-16 01:39:08,149 - IPTVCollector - INFO - 📌 未分类频道追加到 '其他': Hunan TV
2026-08-16 01:39:08,150 - IPTVCollector - INFO - 📌 未分类频道追加到 '其他': Xinjiang TV 2
2026-08-16 01:39:08,150 - IPTVCollector - INFO - 📌 未分类频道追加到 '其他': Nei Monggol TV 2 Mongolian Culture Channel [Not 24/7]
2026-08-16 01:39:08,150 - IPTVCollector - INFO - 📌 未分类频道追加到 '其他': Siping TV
2026-08-16 01:39:08,150 - IPTVCollector - INFO - 📌 未分类频道追加到 '其他': Chifeng Comprehensive News Chanel
2026-08-16 01:39:08,150 - IPTVCollector - INFO - 📌 未分类频道追加到 '其他': Nei Monggol TV [Not 24/7]
2026-08-16 01:39:08,151 - IPTVCollector - INFO - 📌 未分类频道追加到 '其他': Xinjiang TV 3
2026-08-16 01:39:08,151 - IPTVCollector - INFO - 📌 未分类频道追加到 '其他': TV BRICS Chinese
2026-08-16 01:39:08,151 - IPTVCollector - INFO - 📌 未分类频道追加到 '其他': Harbin Comprehensive News Channel
2026-08-16 01:39:08,151 - IPTVCollector - INFO - 📌 未分类频道追加到 '其他': Dragon TV International
2026-08-16 01:39:08,151 - IPTVCollector - INFO - 📌 未分类频道追加到 '其他': Harbin Movie Channel
2026-08-16 01:39:08,152 - IPTVCollector - INFO - 📌 未分类频道追加到 '其他': Hebei TV
2026-08-16 01:39:08,152 - IPTVCollector - INFO - 📌 未分类频道追加到 '其他': 伊犁经济法制
2026-08-16 01:39:08,152 - IPTVCollector - INFO - 📌 未分类频道追加到 '其他': 玛纳斯
2026-08-16 01:39:08,152 - IPTVCollector - INFO - 📌 未分类频道追加到 '其他': 前郭综合 [Geo-blocked]
2026-08-16 01:39:08,152 - IPTVCollector - INFO - 📌 未分类频道追加到 '其他': 玛纳斯综合
2026-08-16 01:39:08,154 - IPTVCollector - INFO - 🌏 自动追加: 吉林市新闻综合 [Geo-blocked] -> ☘️吉林频道
2026-08-16 01:39:08,155 - IPTVCollector - INFO - 🌏 自动追加: 四平新闻综合 [Geo-blocked] -> ☘️吉林频道
2026-08-16 01:39:08,155 - IPTVCollector - INFO - 📌 未分类频道追加到 '其他': 延边新闻综合 [Geo-blocked]
2026-08-16 01:39:08,155 - IPTVCollector - INFO - 📌 未分类频道追加到 '其他': 浙江钱江都市
2026-08-16 01:39:08,157 - IPTVCollector - INFO - 🌏 自动追加: 松原新闻综合 [Geo-blocked] -> ☘️吉林频道
2026-08-16 01:39:08,157 - IPTVCollector - INFO - 🌏 自动追加: 浙江 Ⅰ 绍兴综合 -> ☘️浙江频道
2026-08-16 01:39:08,157 - IPTVCollector - INFO - 🌏 自动追加: 浙江 Ⅰ 绍兴影视 -> ☘️浙江频道
2026-08-16 01:39:08,157 - IPTVCollector - INFO - 📌 未分类频道追加到 '其他': 奎屯汉语
2026-08-16 01:39:08,158 - IPTVCollector - INFO - 📌 未分类频道追加到 '其他': 浙江经济
2026-08-16 01:39:08,159 - IPTVCollector - INFO - 🌏 自动追加: 白山新闻综合 [Geo-blocked] -> ☘️吉林频道
2026-08-16 01:39:08,159 - IPTVCollector - INFO - 📌 未分类频道追加到 '其他': 江津经济生活
2026-08-16 01:39:08,159 - IPTVCollector - INFO - 📌 未分类频道追加到 '其他': 泾新闻综合
2026-08-16 01:39:08,160 - IPTVCollector - INFO - 📌 未分类频道追加到 '其他': 辽新闻综合 [Geo-blocked]
2026-08-16 01:39:08,161 - IPTVCollector - INFO - 🌏 自动追加: 通化新闻 [Geo-blocked] -> ☘️吉林频道
2026-08-16 01:39:08,161 - IPTVCollector - INFO - 📌 未分类频道追加到 '其他': 荣昌综合 [Not 24/7]
2026-08-16 01:39:08,161 - IPTVCollector - INFO - 📌 未分类频道追加到 '其他': Discovering China
2026-08-16 01:39:08,162 - IPTVCollector - INFO - 📌 未分类频道追加到 '其他': CGTN Global Biz
2026-08-16 01:39:08,162 - IPTVCollector - INFO - 📌 未分类频道追加到 '其他': China Travel
2026-08-16 01:39:08,162 - IPTVCollector - INFO - 📌 未分类频道追加到 '其他': 数码时代
2026-08-16 01:39:08,162 - IPTVCollector - INFO - 📌 未分类频道追加到 '其他': 集安综合 [Geo-blocked]
2026-08-16 01:39:08,162 - IPTVCollector - INFO - 📌 未分类频道追加到 '其他': 浙江教科影视
2026-08-16 01:39:08,164 - IPTVCollector - INFO - 🌏 自动追加: 长春综合 [Geo-blocked] -> ☘️吉林频道
2026-08-16 01:39:08,164 - IPTVCollector - INFO - 📌 未分类频道追加到 '其他': 浙江教科影院
2026-08-16 01:39:08,164 - IPTVCollector - INFO - 📌 未分类频道追加到 '其他': 浙江教育
2026-08-16 01:39:08,164 - IPTVCollector - INFO - 📌 未分类频道追加到 '其他': 靖江新闻綜合 [Not 24/7]
2026-08-16 01:39:08,164 - IPTVCollector - INFO - 📌 未分类频道追加到 '其他': 浙江民生休闲
2026-08-16 01:39:08,165 - IPTVCollector - INFO - 📌 未分类频道追加到 '其他': 浙江钱江频道
2026-08-16 01:39:08,165 - IPTVCollector - INFO - 📌 未分类频道追加到 '其他': 凤凰资讯
2026-08-16 01:39:08,165 - IPTVCollector - INFO - 🌏 自动追加: 凤凰香港 -> 🌊港·澳·台
2026-08-16 01:39:08,165 - IPTVCollector - INFO - 📌 未分类频道追加到 '其他': 凤凰中文
2026-08-16 01:39:08,165 - IPTVCollector - INFO - 📌 未分类频道追加到 '其他': CGTN西语
2026-08-16 01:39:08,166 - IPTVCollector - INFO - 📌 未分类频道追加到 '其他': 韩国电影1
2026-08-16 01:39:08,166 - IPTVCollector - INFO - 📌 未分类频道追加到 '其他': CGTN阿语
2026-08-16 01:39:08,167 - IPTVCollector - INFO - 🌏 自动追加: 武汉一台新闻综合 -> ☘️湖北频道
2026-08-16 01:39:08,168 - IPTVCollector - INFO - 📌 未分类频道追加到 '其他': 韩国电影2
2026-08-16 01:39:08,168 - IPTVCollector - INFO - 📌 未分类频道追加到 '其他': 浙江生活
2026-08-16 01:39:08,168 - IPTVCollector - INFO - 📌 未分类频道追加到 '其他': CGTN记录
2026-08-16 01:39:08,168 - IPTVCollector - INFO - 📌 未分类频道追加到 '其他': 东南卫视
2026-08-16 01:39:08,169 - IPTVCollector - INFO - 🌏 自动追加: 上海卫视 -> ☘️上海频道
2026-08-16 01:39:08,169 - IPTVCollector - INFO - 📌 未分类频道追加到 '其他': 都市青春
2026-08-16 01:39:08,169 - IPTVCollector - INFO - 📌 未分类频道追加到 '其他': 南方卫视
2026-08-16 01:39:08,169 - IPTVCollector - INFO - 📌 未分类频道追加到 '其他': 陕西新闻咨询
2026-08-16 01:39:08,170 - IPTVCollector - INFO - 📌 未分类频道追加到 '其他': 江津新闻
2026-08-16 01:39:08,170 - IPTVCollector - INFO - 📌 未分类频道追加到 '其他': FZTV3
2026-08-16 01:39:08,171 - IPTVCollector - INFO - 🌏 自动追加: 哈尔滨都市咨询 -> ☘️黑龙江频道
2026-08-16 01:39:08,171 - IPTVCollector - INFO - 📌 未分类频道追加到 '其他': 河南电视剧
2026-08-16 01:39:08,172 - IPTVCollector - INFO - 📌 未分类频道追加到 '其他': 无线新闻台
2026-08-16 01:39:08,172 - IPTVCollector - INFO - 📌 未分类频道追加到 '其他': 华丽翡翠台
2026-08-16 01:39:08,172 - IPTVCollector - INFO - 📌 未分类频道追加到 '其他': 新闻咨询
2026-08-16 01:39:08,172 - IPTVCollector - INFO - 📌 未分类频道追加到 '其他': 东丰
2026-08-16 01:39:08,172 - IPTVCollector - INFO - 📌 未分类频道追加到 '其他': 九台
2026-08-16 01:39:08,173 - IPTVCollector - INFO - 📌 未分类频道追加到 '其他': 耀才财经
2026-08-16 01:39:08,173 - IPTVCollector - INFO - 📌 未分类频道追加到 '其他': 柳河
2026-08-16 01:39:08,173 - IPTVCollector - INFO - 📌 未分类频道追加到 '其他': 韩国EBS少儿
2026-08-16 01:39:08,173 - IPTVCollector - INFO - 📌 未分类频道追加到 '其他': 1987年春晚
2026-08-16 01:39:08,174 - IPTVCollector - INFO - 📌 未分类频道追加到 '其他': 音乐欣赏
2026-08-16 01:39:08,174 - IPTVCollector - INFO - 📌 未分类频道追加到 '其他': 汪清
2026-08-16 01:39:08,174 - IPTVCollector - INFO - 📌 未分类频道追加到 '其他': 1988年春晚
2026-08-16 01:39:08,174 - IPTVCollector - INFO - 📌 未分类频道追加到 '其他': 1989年春晚
2026-08-16 01:39:08,174 - IPTVCollector - INFO - 📌 未分类频道追加到 '其他': 岭南戏曲
2026-08-16 01:39:08,175 - IPTVCollector - INFO - 📌 未分类频道追加到 '其他': 珲春新闻
2026-08-16 01:39:08,175 - IPTVCollector - INFO - 📌 未分类频道追加到 '其他': 地理中国
2026-08-16 01:39:08,175 - IPTVCollector - INFO - 📌 未分类频道追加到 '其他': 人与自然
2026-08-16 01:39:08,175 - IPTVCollector - INFO - 📌 未分类频道追加到 '其他': CNA
2026-08-16 01:39:08,176 - IPTVCollector - INFO - 📌 未分类频道追加到 '其他': 飞碟之谜01
2026-08-16 01:39:08,176 - IPTVCollector - INFO - 📌 未分类频道追加到 '其他': 现代教育
2026-08-16 01:39:08,176 - IPTVCollector - INFO - 📌 未分类频道追加到 '其他': 自然传奇
2026-08-16 01:39:08,176 - IPTVCollector - INFO - 📌 未分类频道追加到 '其他': Supreme Master TV
2026-08-16 01:39:08,177 - IPTVCollector - INFO - 📌 未分类频道追加到 '其他': 舒兰新闻
2026-08-16 01:39:08,177 - IPTVCollector - INFO - 📌 未分类频道追加到 '其他': TVB News
2026-08-16 01:39:08,177 - IPTVCollector - INFO - 📌 未分类频道追加到 '其他': Newsmax
2026-08-16 01:39:08,177 - IPTVCollector - INFO - 📌 未分类频道追加到 '其他': TVB Plus
2026-08-16 01:39:08,179 - IPTVCollector - INFO - 🌏 自动追加: 长白山电视台 -> ☘️吉林频道
2026-08-16 01:39:08,180 - IPTVCollector - INFO - 🌏 自动追加: 通化县 -> ☘️吉林频道
2026-08-16 01:39:08,180 - IPTVCollector - INFO - 📌 未分类频道追加到 '其他': Dali TV
2026-08-16 01:39:08,180 - IPTVCollector - INFO - 📌 未分类频道追加到 '其他': 磐石
2026-08-16 01:39:08,181 - IPTVCollector - INFO - 📌 未分类频道追加到 '其他': 辉南新闻
2026-08-16 01:39:08,181 - IPTVCollector - INFO - 📌 未分类频道追加到 '其他': Arirang
2026-08-16 01:39:08,181 - IPTVCollector - INFO - 📌 未分类频道追加到 '其他': 大立电视台
2026-08-16 01:39:08,181 - IPTVCollector - INFO - 📌 未分类频道追加到 '其他': Wild Earth
2026-08-16 01:39:08,181 - IPTVCollector - INFO - 📌 未分类频道追加到 '其他': Pet Club TV
2026-08-16 01:39:08,182 - IPTVCollector - INFO - 📌 未分类频道追加到 '其他': Trace Sports
2026-08-16 01:39:08,182 - IPTVCollector - INFO - 🌏 自动追加: 绍兴电视台公共 -> ☘️浙江频道
2026-08-16 01:39:08,182 - IPTVCollector - INFO - 📌 未分类频道追加到 '其他': WionNews
2026-08-16 01:39:08,182 - IPTVCollector - INFO - 📌 未分类频道追加到 '其他': 龙井
2026-08-16 01:39:08,183 - IPTVCollector - INFO - 📌 未分类频道追加到 '其他': 春晚2025
2026-08-16 01:39:08,183 - IPTVCollector - INFO - 📌 未分类频道追加到 '其他': 通海电视台
2026-08-16 01:39:08,183 - IPTVCollector - INFO - 📌 未分类频道追加到 '其他': 2024年春晚
2026-08-16 01:39:08,183 - IPTVCollector - INFO - 📌 未分类频道追加到 '其他': 经济科教
2026-08-16 01:39:08,184 - IPTVCollector - INFO - 📌 未分类频道追加到 '其他': 倩女幽魂道道道
2026-08-16 01:39:08,184 - IPTVCollector - INFO - 📌 未分类频道追加到 '其他': 倩女幽魂人间道
2026-08-16 01:39:08,184 - IPTVCollector - INFO - 📌 未分类频道追加到 '其他': 倩女幽魂妖魔道
2026-08-16 01:39:08,184 - IPTVCollector - INFO - 📌 未分类频道追加到 '其他': 环球电视
2026-08-16 01:39:08,184 - IPTVCollector - INFO - 📌 未分类频道追加到 '其他': CGTN-Documentary
2026-08-16 01:39:08,185 - IPTVCollector - INFO - 📌 未分类频道追加到 '其他': RT Français
2026-08-16 01:39:08,185 - IPTVCollector - INFO - 📌 未分类频道追加到 '其他': 春晚2024
2026-08-16 01:39:08,185 - IPTVCollector - INFO - 📌 未分类频道追加到 '其他': 广东影视
2026-08-16 01:39:08,185 - IPTVCollector - INFO - 📌 未分类频道追加到 '其他': 龙门飞甲
2026-08-16 01:39:08,185 - IPTVCollector - INFO - 🎯 Demo 筛选：原始 310 -> 匹配/分类后 310 个频道
2026-08-16 01:39:08,186 - IPTVCollector - INFO - 📊 Demo筛选后: 310
2026-08-16 01:39:08,186 - IPTVCollector - INFO - ✅ M3U 文件已生成: output/tv.m3u
2026-08-16 01:39:08,187 - IPTVCollector - INFO - ✅ TXT 文件已生成: output/tv.txt
2026-08-16 01:39:08,187 - IPTVCollector - INFO - ✅ 多源 M3U 文件已生成: output/tv_multi.m3u
2026-08-16 01:39:08,189 - IPTVCollector - INFO - ✅ JSON API 已生成: output/channels.json
2026-08-16 01:39:08,190 - IPTVCollector - INFO - ✅ 精简版已生成: output/tv_lite.m3u
2026-08-16 01:39:08,190 - IPTVCollector - INFO - ✅ M3U 文件已生成: output/tv_epg.m3u
2026-08-16 01:39:08,190 - IPTVCollector - INFO - 🚀 IPTV 自治系统启动
2026-08-16 01:39:08,191 - IPTVCollector - INFO - ⏭️ 跳过发现阶段
2026-08-16 01:39:08,191 - IPTVCollector - INFO - ==================================================
阶段2: 从缓存观察候选源
==================================================
2026-08-16 01:39:08,222 - IPTVCollector - INFO -   📊 观察进度: 100/256，稳定 0 个
2026-08-16 01:39:08,237 - IPTVCollector - INFO -   📊 观察进度: 200/256，稳定 0 个
2026-08-16 01:39:08,247 - IPTVCollector - INFO - ✅ 观察阶段完成: 0 个源达到稳定标准
2026-08-16 01:39:08,247 - IPTVCollector - INFO - ==================================================
阶段3: 提升稳定源
==================================================
2026-08-16 01:39:08,247 - IPTVCollector - INFO - 📭 没有稳定的候选源需要提升
2026-08-16 01:39:08,247 - IPTVCollector - INFO - 📊 自治模式统计:
2026-08-16 01:39:08,248 - IPTVCollector - INFO -   候选池总数: 867, 观察中: 256, 稳定: 597
2026-08-16 01:39:08,248 - IPTVCollector - INFO -   本次新提升: 0
2026-08-16 01:39:08,248 - IPTVCollector - INFO - 🎉 全部完成！
2026-08-16 06:46:17,202 - IPTVCollector - INFO - 🚀 IPTV 智能整理平台启动
2026-08-16 06:46:17,204 - IPTVCollector - INFO - ✅ 数据库缓存已启用: data/iptv_cache.db
2026-08-16 06:46:17,206 - IPTVCollector - INFO - 📌 CCTV-1 已设为固定源 (auto_optimize=True)
2026-08-16 06:46:17,207 - IPTVCollector - INFO - 📌 CCTV-2 已设为固定源 (auto_optimize=True)
2026-08-16 06:46:17,208 - IPTVCollector - INFO - 📌 CCTV-3 已设为固定源 (auto_optimize=True)
2026-08-16 06:46:17,209 - IPTVCollector - INFO - 📌 CCTV-4 已设为固定源 (auto_optimize=True)
2026-08-16 06:46:17,210 - IPTVCollector - INFO - 📌 CCTV-5 已设为固定源 (auto_optimize=True)
2026-08-16 06:46:17,211 - IPTVCollector - INFO - 📌 CCTV-5+ 已设为固定源 (auto_optimize=True)
2026-08-16 06:46:17,212 - IPTVCollector - INFO - 📌 CCTV-6 已设为固定源 (auto_optimize=True)
2026-08-16 06:46:17,213 - IPTVCollector - INFO - 📌 CCTV-7 已设为固定源 (auto_optimize=True)
2026-08-16 06:46:17,214 - IPTVCollector - INFO - 📌 CCTV-8 已设为固定源 (auto_optimize=True)
2026-08-16 06:46:17,215 - IPTVCollector - INFO - 📌 CCTV-9 已设为固定源 (auto_optimize=True)
2026-08-16 06:46:17,216 - IPTVCollector - INFO - 📌 CCTV-10 已设为固定源 (auto_optimize=True)
2026-08-16 06:46:17,217 - IPTVCollector - INFO - 📌 CCTV-11 已设为固定源 (auto_optimize=True)
2026-08-16 06:46:17,218 - IPTVCollector - INFO - 📌 CCTV-12 已设为固定源 (auto_optimize=True)
2026-08-16 06:46:17,218 - IPTVCollector - INFO - 📌 CCTV-13 已设为固定源 (auto_optimize=True)
2026-08-16 06:46:17,219 - IPTVCollector - INFO - 📌 CCTV-14 已设为固定源 (auto_optimize=True)
2026-08-16 06:46:17,220 - IPTVCollector - INFO - 📌 CCTV-15 已设为固定源 (auto_optimize=True)
2026-08-16 06:46:17,221 - IPTVCollector - INFO - 📌 CCTV-16 已设为固定源 (auto_optimize=True)
2026-08-16 06:46:17,222 - IPTVCollector - INFO - 📌 CCTV-17 已设为固定源 (auto_optimize=True)
2026-08-16 06:46:17,223 - IPTVCollector - INFO - 📌 CCTV4欧洲 已设为固定源 (auto_optimize=True)
2026-08-16 06:46:17,224 - IPTVCollector - INFO - 📌 CCTV4美洲 已设为固定源 (auto_optimize=True)
2026-08-16 06:46:17,224 - IPTVCollector - INFO - 📌 固定源已同步到数据库
2026-08-16 06:46:17,225 - IPTVCollector - INFO - 📋 订阅源解析：普通 11 个，白名单 0 个
2026-08-16 06:46:17,225 - IPTVCollector - INFO - 📋 使用 11 个源
2026-08-16 06:46:38,804 - IPTVCollector - INFO - 📊 测速完成，有效频道: 365 个
2026-08-16 06:46:38,804 - IPTVCollector - INFO - 📊 通过测速的频道数: 365
2026-08-16 06:46:39,264 - IPTVCollector - INFO - 🔍 ffmpeg 深度验证: 0 个需验证，365 个来自缓存/HTTP
2026-08-16 06:46:39,264 - IPTVCollector - INFO - ✅ ffmpeg 验证完成: 通过 365/365 个频道
2026-08-16 06:46:39,264 - IPTVCollector - INFO - 📊 通过ffmpeg验证的频道数: 365
2026-08-16 06:46:39,272 - IPTVCollector - INFO - 📌 已使用 21 个固定源（含自动优化）
2026-08-16 06:46:39,272 - IPTVCollector - INFO - 📊 合并完成: 共 320 个频道
2026-08-16 06:46:39,272 - IPTVCollector - INFO - 📊 合并后的频道数: 320
2026-08-16 06:46:39,301 - IPTVCollector - INFO - 📊 黑名单过滤后: 304
2026-08-16 06:46:39,303 - IPTVCollector - INFO - 📋 从 demo.txt 解析到 3541 个有序频道
2026-08-16 06:46:39,306 - IPTVCollector - INFO - 📋 从 demo.txt 解析到 3541 个有序频道
2026-08-16 06:47:51,661 - IPTVCollector - INFO - 📌 未分类频道追加到 '其他': 玛纳斯综合
2026-08-16 06:47:51,662 - IPTVCollector - INFO - 🌏 自动追加: 浙江 Ⅰ 绍兴影视 -> ☘️浙江频道
2026-08-16 06:47:51,663 - IPTVCollector - INFO - 🌏 自动追加: 松原新闻综合 [Geo-blocked] -> ☘️吉林频道
2026-08-16 06:47:51,665 - IPTVCollector - INFO - 🌏 自动追加: 四平新闻综合 [Geo-blocked] -> ☘️吉林频道
2026-08-16 06:47:51,666 - IPTVCollector - INFO - 🌏 自动追加: 吉林市新闻综合 [Geo-blocked] -> ☘️吉林频道
2026-08-16 06:47:51,667 - IPTVCollector - INFO - 📌 未分类频道追加到 '其他': 延边新闻综合 [Geo-blocked]
2026-08-16 06:47:51,667 - IPTVCollector - INFO - 📌 未分类频道追加到 '其他': 前郭综合 [Geo-blocked]
2026-08-16 06:47:51,667 - IPTVCollector - INFO - 📌 未分类频道追加到 '其他': 浙江钱江都市
2026-08-16 06:47:51,667 - IPTVCollector - INFO - 📌 未分类频道追加到 '其他': 江津经济生活
2026-08-16 06:47:51,667 - IPTVCollector - INFO - 🌏 自动追加: 浙江 Ⅰ 绍兴综合 -> ☘️浙江频道
2026-08-16 06:47:51,668 - IPTVCollector - INFO - 📌 未分类频道追加到 '其他': 浙江经济
2026-08-16 06:47:51,669 - IPTVCollector - INFO - 🌏 自动追加: 白山新闻综合 [Geo-blocked] -> ☘️吉林频道
2026-08-16 06:47:51,669 - IPTVCollector - INFO - 📌 未分类频道追加到 '其他': 辽新闻综合 [Geo-blocked]
2026-08-16 06:47:51,671 - IPTVCollector - INFO - 🌏 自动追加: 长春综合 [Geo-blocked] -> ☘️吉林频道
2026-08-16 06:47:51,671 - IPTVCollector - INFO - 📌 未分类频道追加到 '其他': 数码时代
2026-08-16 06:47:51,671 - IPTVCollector - INFO - 📌 未分类频道追加到 '其他': 浙江教科影视
2026-08-16 06:47:51,673 - IPTVCollector - INFO - 🌏 自动追加: 通化新闻 [Geo-blocked] -> ☘️吉林频道
2026-08-16 06:47:51,673 - IPTVCollector - INFO - 📌 未分类频道追加到 '其他': China Travel
2026-08-16 06:47:51,673 - IPTVCollector - INFO - 📌 未分类频道追加到 '其他': 浙江教科影院
2026-08-16 06:47:51,673 - IPTVCollector - INFO - 📌 未分类频道追加到 '其他': Discovering China
2026-08-16 06:47:51,673 - IPTVCollector - INFO - 📌 未分类频道追加到 '其他': CGTN Global Biz
2026-08-16 06:47:51,674 - IPTVCollector - INFO - 📌 未分类频道追加到 '其他': 浙江教育
2026-08-16 06:47:51,674 - IPTVCollector - INFO - 📌 未分类频道追加到 '其他': 荣昌综合 [Not 24/7]
2026-08-16 06:47:51,674 - IPTVCollector - INFO - 📌 未分类频道追加到 '其他': 浙江民生休闲
2026-08-16 06:47:51,674 - IPTVCollector - INFO - 📌 未分类频道追加到 '其他': 靖江新闻綜合 [Not 24/7]
2026-08-16 06:47:51,674 - IPTVCollector - INFO - 📌 未分类频道追加到 '其他': 浙江钱江频道
2026-08-16 06:47:51,674 - IPTVCollector - INFO - 📌 未分类频道追加到 '其他': 集安综合 [Geo-blocked]
2026-08-16 06:47:51,675 - IPTVCollector - INFO - 📌 未分类频道追加到 '其他': 浙江生活
2026-08-16 06:47:51,675 - IPTVCollector - INFO - 🌏 自动追加: 凤凰香港 -> 🌊港·澳·台
2026-08-16 06:47:51,675 - IPTVCollector - INFO - 📌 未分类频道追加到 '其他': 韩国电影1
2026-08-16 06:47:51,675 - IPTVCollector - INFO - 📌 未分类频道追加到 '其他': 韩国电影2
2026-08-16 06:47:51,677 - IPTVCollector - INFO - 🌏 自动追加: 武汉一台新闻综合 -> ☘️湖北频道
2026-08-16 06:47:51,677 - IPTVCollector - INFO - 📌 未分类频道追加到 '其他': 凤凰中文
2026-08-16 06:47:51,677 - IPTVCollector - INFO - 📌 未分类频道追加到 '其他': 凤凰资讯
2026-08-16 06:47:51,677 - IPTVCollector - INFO - 📌 未分类频道追加到 '其他': CGTN阿语
2026-08-16 06:47:51,677 - IPTVCollector - INFO - 📌 未分类频道追加到 '其他': CGTN西语
2026-08-16 06:47:51,678 - IPTVCollector - INFO - 🌏 自动追加: 上海卫视 -> ☘️上海频道
2026-08-16 06:47:51,678 - IPTVCollector - INFO - 📌 未分类频道追加到 '其他': 都市青春
2026-08-16 06:47:51,678 - IPTVCollector - INFO - 📌 未分类频道追加到 '其他': 陕西新闻咨询
2026-08-16 06:47:51,678 - IPTVCollector - INFO - 📌 未分类频道追加到 '其他': CGTN记录
2026-08-16 06:47:51,678 - IPTVCollector - INFO - 📌 未分类频道追加到 '其他': FZTV3
2026-08-16 06:47:51,678 - IPTVCollector - INFO - 📌 未分类频道追加到 '其他': 东南卫视
2026-08-16 06:47:51,679 - IPTVCollector - INFO - 📌 未分类频道追加到 '其他': 南方卫视
2026-08-16 06:47:51,679 - IPTVCollector - INFO - 📌 未分类频道追加到 '其他': 河南电视剧
2026-08-16 06:47:51,680 - IPTVCollector - INFO - 🌏 自动追加: 哈尔滨都市咨询 -> ☘️黑龙江频道
2026-08-16 06:47:51,680 - IPTVCollector - INFO - 📌 未分类频道追加到 '其他': 新闻咨询
2026-08-16 06:47:51,680 - IPTVCollector - INFO - 📌 未分类频道追加到 '其他': 华丽翡翠台
2026-08-16 06:47:51,681 - IPTVCollector - INFO - 📌 未分类频道追加到 '其他': 东丰
2026-08-16 06:47:51,681 - IPTVCollector - INFO - 📌 未分类频道追加到 '其他': 无线新闻台
2026-08-16 06:47:51,681 - IPTVCollector - INFO - 📌 未分类频道追加到 '其他': 耀才财经
2026-08-16 06:47:51,681 - IPTVCollector - INFO - 📌 未分类频道追加到 '其他': 音乐欣赏
2026-08-16 06:47:51,681 - IPTVCollector - INFO - 📌 未分类频道追加到 '其他': 1987年春晚
2026-08-16 06:47:51,681 - IPTVCollector - INFO - 📌 未分类频道追加到 '其他': 韩国EBS少儿
2026-08-16 06:47:51,682 - IPTVCollector - INFO - 📌 未分类频道追加到 '其他': 岭南戏曲
2026-08-16 06:47:51,682 - IPTVCollector - INFO - 📌 未分类频道追加到 '其他': 1988年春晚
2026-08-16 06:47:51,682 - IPTVCollector - INFO - 📌 未分类频道追加到 '其他': 自然传奇
2026-08-16 06:47:51,682 - IPTVCollector - INFO - 📌 未分类频道追加到 '其他': 柳河
2026-08-16 06:47:51,682 - IPTVCollector - INFO - 📌 未分类频道追加到 '其他': 地理中国
2026-08-16 06:47:51,682 - IPTVCollector - INFO - 📌 未分类频道追加到 '其他': 人与自然
2026-08-16 06:47:51,683 - IPTVCollector - INFO - 📌 未分类频道追加到 '其他': 1989年春晚
2026-08-16 06:47:51,683 - IPTVCollector - INFO - 📌 未分类频道追加到 '其他': 汪清
2026-08-16 06:47:51,683 - IPTVCollector - INFO - 📌 未分类频道追加到 '其他': 珲春新闻
2026-08-16 06:47:51,683 - IPTVCollector - INFO - 📌 未分类频道追加到 '其他': Newsmax
2026-08-16 06:47:51,683 - IPTVCollector - INFO - 📌 未分类频道追加到 '其他': CNA
2026-08-16 06:47:51,683 - IPTVCollector - INFO - 📌 未分类频道追加到 '其他': 现代教育
2026-08-16 06:47:51,684 - IPTVCollector - INFO - 📌 未分类频道追加到 '其他': 九台
2026-08-16 06:47:51,684 - IPTVCollector - INFO - 📌 未分类频道追加到 '其他': Supreme Master TV
2026-08-16 06:47:51,684 - IPTVCollector - INFO - 📌 未分类频道追加到 '其他': TVB News
2026-08-16 06:47:51,684 - IPTVCollector - INFO - 📌 未分类频道追加到 '其他': 飞碟之谜01
2026-08-16 06:47:51,684 - IPTVCollector - INFO - 📌 未分类频道追加到 '其他': 磐石
2026-08-16 06:47:51,684 - IPTVCollector - INFO - 📌 未分类频道追加到 '其他': Dali TV
2026-08-16 06:47:51,685 - IPTVCollector - INFO - 📌 未分类频道追加到 '其他': 辉南新闻
2026-08-16 06:47:51,685 - IPTVCollector - INFO - 📌 未分类频道追加到 '其他': Trace Sports
2026-08-16 06:47:51,685 - IPTVCollector - INFO - 📌 未分类频道追加到 '其他': WionNews
2026-08-16 06:47:51,685 - IPTVCollector - INFO - 📌 未分类频道追加到 '其他': Arirang
2026-08-16 06:47:51,685 - IPTVCollector - INFO - 📌 未分类频道追加到 '其他': 舒兰新闻
2026-08-16 06:47:51,687 - IPTVCollector - INFO - 🌏 自动追加: 长白山电视台 -> ☘️吉林频道
2026-08-16 06:47:51,687 - IPTVCollector - INFO - 📌 未分类频道追加到 '其他': Wild Earth
2026-08-16 06:47:51,687 - IPTVCollector - INFO - 📌 未分类频道追加到 '其他': Pet Club TV
2026-08-16 06:47:51,687 - IPTVCollector - INFO - 📌 未分类频道追加到 '其他': 春晚2025
2026-08-16 06:47:51,687 - IPTVCollector - INFO - 📌 未分类频道追加到 '其他': 龙井
2026-08-16 06:47:51,687 - IPTVCollector - INFO - 📌 未分类频道追加到 '其他': 大立电视台
2026-08-16 06:47:51,688 - IPTVCollector - INFO - 📌 未分类频道追加到 '其他': TVB Plus
2026-08-16 06:47:51,689 - IPTVCollector - INFO - 🌏 自动追加: 通化县 -> ☘️吉林频道
2026-08-16 06:47:51,689 - IPTVCollector - INFO - 📌 未分类频道追加到 '其他': 2024年春晚
2026-08-16 06:47:51,689 - IPTVCollector - INFO - 📌 未分类频道追加到 '其他': 经济科教
2026-08-16 06:47:51,690 - IPTVCollector - INFO - 📌 未分类频道追加到 '其他': 倩女幽魂人间道
2026-08-16 06:47:51,690 - IPTVCollector - INFO - 📌 未分类频道追加到 '其他': 春晚2024
2026-08-16 06:47:51,690 - IPTVCollector - INFO - 📌 未分类频道追加到 '其他': 倩女幽魂道道道
2026-08-16 06:47:51,690 - IPTVCollector - INFO - 📌 未分类频道追加到 '其他': 通海电视台
2026-08-16 06:47:51,690 - IPTVCollector - INFO - 📌 未分类频道追加到 '其他': 倩女幽魂妖魔道
2026-08-16 06:47:51,690 - IPTVCollector - INFO - 📌 未分类频道追加到 '其他': RT Français
2026-08-16 06:47:51,691 - IPTVCollector - INFO - 🌏 自动追加: 绍兴电视台公共 -> ☘️浙江频道
2026-08-16 06:47:51,691 - IPTVCollector - INFO - 📌 未分类频道追加到 '其他': 环球电视
2026-08-16 06:47:51,691 - IPTVCollector - INFO - 📌 未分类频道追加到 '其他': 广东影视
2026-08-16 06:47:51,691 - IPTVCollector - INFO - 📌 未分类频道追加到 '其他': 龙门飞甲
2026-08-16 06:47:51,691 - IPTVCollector - INFO - 📌 未分类频道追加到 '其他': 伊犁经济法制
2026-08-16 06:47:51,691 - IPTVCollector - INFO - 📌 未分类频道追加到 '其他': 奎屯汉语
2026-08-16 06:47:51,692 - IPTVCollector - INFO - 📌 未分类频道追加到 '其他': ABN China
2026-08-16 06:47:51,692 - IPTVCollector - INFO - 📌 未分类频道追加到 '其他': 玛纳斯
2026-08-16 06:47:51,692 - IPTVCollector - INFO - 📌 未分类频道追加到 '其他': Guangdong Satellite TV
2026-08-16 06:47:51,692 - IPTVCollector - INFO - 📌 未分类频道追加到 '其他': Anhui TV
2026-08-16 06:47:51,692 - IPTVCollector - INFO - 📌 未分类频道追加到 '其他': Home Plus
2026-08-16 06:47:51,692 - IPTVCollector - INFO - 📌 未分类频道追加到 '其他': VOA美国之音
2026-08-16 06:47:51,693 - IPTVCollector - INFO - 📌 未分类频道追加到 '其他': Xinjiang TV 2
2026-08-16 06:47:51,693 - IPTVCollector - INFO - 📌 未分类频道追加到 '其他': Xinjiang TV 3
2026-08-16 06:47:51,693 - IPTVCollector - INFO - 📌 未分类频道追加到 '其他': Siping TV
2026-08-16 06:47:51,693 - IPTVCollector - INFO - 📌 未分类频道追加到 '其他': CGTN Documentary
2026-08-16 06:47:51,693 - IPTVCollector - INFO - 📌 未分类频道追加到 '其他': TV BRICS Chinese
2026-08-16 06:47:51,693 - IPTVCollector - INFO - 📌 未分类频道追加到 '其他': Dragon TV International
2026-08-16 06:47:51,694 - IPTVCollector - INFO - 📌 未分类频道追加到 '其他': Harbin Comprehensive News Channel
2026-08-16 06:47:51,694 - IPTVCollector - INFO - 📌 未分类频道追加到 '其他': Hunan TV
2026-08-16 06:47:51,694 - IPTVCollector - INFO - 📌 未分类频道追加到 '其他': Hebei TV
2026-08-16 06:47:51,694 - IPTVCollector - INFO - 📌 未分类频道追加到 '其他': Harbin Movie Channel
2026-08-16 06:47:51,694 - IPTVCollector - INFO - 📌 未分类频道追加到 '其他': Chifeng Comprehensive News Chanel
2026-08-16 06:47:51,695 - IPTVCollector - INFO - 📌 未分类频道追加到 '其他': Nei Monggol TV 2 Mongolian Culture Channel [Not 24/7]
2026-08-16 06:47:51,695 - IPTVCollector - INFO - 📌 未分类频道追加到 '其他': Nei Monggol TV [Not 24/7]
2026-08-16 06:47:51,695 - IPTVCollector - INFO - 🎯 Demo 筛选：原始 304 -> 匹配/分类后 304 个频道
2026-08-16 06:47:51,695 - IPTVCollector - INFO - 📊 Demo筛选后: 304
2026-08-16 06:47:51,696 - IPTVCollector - INFO - ✅ M3U 文件已生成: output/tv.m3u
2026-08-16 06:47:51,696 - IPTVCollector - INFO - ✅ TXT 文件已生成: output/tv.txt
2026-08-16 06:47:51,697 - IPTVCollector - INFO - ✅ 多源 M3U 文件已生成: output/tv_multi.m3u
2026-08-16 06:47:51,699 - IPTVCollector - INFO - ✅ JSON API 已生成: output/channels.json
2026-08-16 06:47:51,700 - IPTVCollector - INFO - ✅ 精简版已生成: output/tv_lite.m3u
2026-08-16 06:47:51,700 - IPTVCollector - INFO - ✅ M3U 文件已生成: output/tv_epg.m3u
2026-08-16 06:47:51,700 - IPTVCollector - INFO - 🚀 IPTV 自治系统启动
2026-08-16 06:47:51,700 - IPTVCollector - INFO - ⏭️ 跳过发现阶段
2026-08-16 06:47:51,701 - IPTVCollector - INFO - ==================================================
阶段2: 从缓存观察候选源
==================================================
2026-08-16 06:47:51,727 - IPTVCollector - INFO -   📊 观察进度: 100/258，稳定 0 个
2026-08-16 06:47:51,740 - IPTVCollector - INFO -   📊 观察进度: 200/258，稳定 0 个
2026-08-16 06:47:51,748 - IPTVCollector - INFO - ✅ 观察阶段完成: 0 个源达到稳定标准
2026-08-16 06:47:51,748 - IPTVCollector - INFO - ==================================================
阶段3: 提升稳定源
==================================================
2026-08-16 06:47:51,748 - IPTVCollector - INFO - 📭 没有稳定的候选源需要提升
2026-08-16 06:47:51,748 - IPTVCollector - INFO - 📊 自治模式统计:
2026-08-16 06:47:51,749 - IPTVCollector - INFO -   候选池总数: 867, 观察中: 258, 稳定: 595
2026-08-16 06:47:51,749 - IPTVCollector - INFO -   本次新提升: 0
2026-08-16 06:47:51,749 - IPTVCollector - INFO - 🎉 全部完成！
2026-08-16 12:47:32,755 - IPTVCollector - INFO - 🚀 IPTV 智能整理平台启动
2026-08-16 12:47:32,757 - IPTVCollector - INFO - ✅ 数据库缓存已启用: data/iptv_cache.db
2026-08-16 12:47:32,759 - IPTVCollector - INFO - 📌 CCTV-1 已设为固定源 (auto_optimize=True)
2026-08-16 12:47:32,761 - IPTVCollector - INFO - 📌 CCTV-2 已设为固定源 (auto_optimize=True)
2026-08-16 12:47:32,762 - IPTVCollector - INFO - 📌 CCTV-3 已设为固定源 (auto_optimize=True)
2026-08-16 12:47:32,763 - IPTVCollector - INFO - 📌 CCTV-4 已设为固定源 (auto_optimize=True)
2026-08-16 12:47:32,764 - IPTVCollector - INFO - 📌 CCTV-5 已设为固定源 (auto_optimize=True)
2026-08-16 12:47:32,765 - IPTVCollector - INFO - 📌 CCTV-5+ 已设为固定源 (auto_optimize=True)
2026-08-16 12:47:32,766 - IPTVCollector - INFO - 📌 CCTV-6 已设为固定源 (auto_optimize=True)
2026-08-16 12:47:32,767 - IPTVCollector - INFO - 📌 CCTV-7 已设为固定源 (auto_optimize=True)
2026-08-16 12:47:32,769 - IPTVCollector - INFO - 📌 CCTV-8 已设为固定源 (auto_optimize=True)
2026-08-16 12:47:32,770 - IPTVCollector - INFO - 📌 CCTV-9 已设为固定源 (auto_optimize=True)
2026-08-16 12:47:32,771 - IPTVCollector - INFO - 📌 CCTV-10 已设为固定源 (auto_optimize=True)
2026-08-16 12:47:32,772 - IPTVCollector - INFO - 📌 CCTV-11 已设为固定源 (auto_optimize=True)
2026-08-16 12:47:32,773 - IPTVCollector - INFO - 📌 CCTV-12 已设为固定源 (auto_optimize=True)
2026-08-16 12:47:32,774 - IPTVCollector - INFO - 📌 CCTV-13 已设为固定源 (auto_optimize=True)
2026-08-16 12:47:32,775 - IPTVCollector - INFO - 📌 CCTV-14 已设为固定源 (auto_optimize=True)
2026-08-16 12:47:32,776 - IPTVCollector - INFO - 📌 CCTV-15 已设为固定源 (auto_optimize=True)
2026-08-16 12:47:32,777 - IPTVCollector - INFO - 📌 CCTV-16 已设为固定源 (auto_optimize=True)
2026-08-16 12:47:32,778 - IPTVCollector - INFO - 📌 CCTV-17 已设为固定源 (auto_optimize=True)
2026-08-16 12:47:32,779 - IPTVCollector - INFO - 📌 CCTV4欧洲 已设为固定源 (auto_optimize=True)
2026-08-16 12:47:32,780 - IPTVCollector - INFO - 📌 CCTV4美洲 已设为固定源 (auto_optimize=True)
2026-08-16 12:47:32,781 - IPTVCollector - INFO - 📌 固定源已同步到数据库
2026-08-16 12:47:32,781 - IPTVCollector - INFO - 📋 订阅源解析：普通 11 个，白名单 0 个
2026-08-16 12:47:32,781 - IPTVCollector - INFO - 📋 使用 11 个源
2026-08-16 12:47:50,230 - IPTVCollector - INFO - 📊 测速完成，有效频道: 367 个
2026-08-16 12:47:50,230 - IPTVCollector - INFO - 📊 通过测速的频道数: 367
2026-08-16 12:47:52,289 - IPTVCollector - INFO - 🔍 ffmpeg 深度验证: 0 个需验证，366 个来自缓存/HTTP
2026-08-16 12:47:52,290 - IPTVCollector - INFO - ✅ ffmpeg 验证完成: 通过 366/367 个频道
2026-08-16 12:47:52,290 - IPTVCollector - INFO - 📊 通过ffmpeg验证的频道数: 366
2026-08-16 12:47:52,297 - IPTVCollector - INFO - 📌 已使用 21 个固定源（含自动优化）
2026-08-16 12:47:52,297 - IPTVCollector - INFO - 📊 合并完成: 共 320 个频道
2026-08-16 12:47:52,297 - IPTVCollector - INFO - 📊 合并后的频道数: 320
2026-08-16 12:47:52,328 - IPTVCollector - INFO - 📊 黑名单过滤后: 304
2026-08-16 12:47:52,330 - IPTVCollector - INFO - 📋 从 demo.txt 解析到 3541 个有序频道
2026-08-16 12:47:52,333 - IPTVCollector - INFO - 📋 从 demo.txt 解析到 3541 个有序频道
2026-08-16 12:49:18,352 - IPTVCollector - INFO - 📌 未分类频道追加到 '其他': 泾新闻综合
2026-08-16 12:49:18,352 - IPTVCollector - INFO - 📌 未分类频道追加到 '其他': ABN China
2026-08-16 12:49:18,352 - IPTVCollector - INFO - 📌 未分类频道追加到 '其他': Anhui TV
2026-08-16 12:49:18,352 - IPTVCollector - INFO - 📌 未分类频道追加到 '其他': Guangdong Satellite TV
2026-08-16 12:49:18,353 - IPTVCollector - INFO - 📌 未分类频道追加到 '其他': VOA美国之音
2026-08-16 12:49:18,353 - IPTVCollector - INFO - 📌 未分类频道追加到 '其他': Home Plus
2026-08-16 12:49:18,353 - IPTVCollector - INFO - 📌 未分类频道追加到 '其他': Xinjiang TV 2
2026-08-16 12:49:18,353 - IPTVCollector - INFO - 📌 未分类频道追加到 '其他': Dragon TV International
2026-08-16 12:49:18,354 - IPTVCollector - INFO - 📌 未分类频道追加到 '其他': Xinjiang TV 3
2026-08-16 12:49:18,354 - IPTVCollector - INFO - 📌 未分类频道追加到 '其他': Siping TV
2026-08-16 12:49:18,354 - IPTVCollector - INFO - 📌 未分类频道追加到 '其他': Hebei TV
2026-08-16 12:49:18,354 - IPTVCollector - INFO - 📌 未分类频道追加到 '其他': TV BRICS Chinese
2026-08-16 12:49:18,356 - IPTVCollector - INFO - 🌏 自动追加: 四平新闻综合 [Geo-blocked] -> ☘️吉林频道
2026-08-16 12:49:18,356 - IPTVCollector - INFO - 📌 未分类频道追加到 '其他': Chifeng Comprehensive News Chanel
2026-08-16 12:49:18,356 - IPTVCollector - INFO - 📌 未分类频道追加到 '其他': Nei Monggol TV [Not 24/7]
2026-08-16 12:49:18,357 - IPTVCollector - INFO - 📌 未分类频道追加到 '其他': Nei Monggol TV 2 Mongolian Culture Channel [Not 24/7]
2026-08-16 12:49:18,357 - IPTVCollector - INFO - 📌 未分类频道追加到 '其他': 延边新闻综合 [Geo-blocked]
2026-08-16 12:49:18,357 - IPTVCollector - INFO - 📌 未分类频道追加到 '其他': Harbin Movie Channel
2026-08-16 12:49:18,359 - IPTVCollector - INFO - 🌏 自动追加: 松原新闻综合 [Geo-blocked] -> ☘️吉林频道
2026-08-16 12:49:18,359 - IPTVCollector - INFO - 📌 未分类频道追加到 '其他': Harbin Comprehensive News Channel
2026-08-16 12:49:18,359 - IPTVCollector - INFO - 📌 未分类频道追加到 '其他': 浙江钱江都市
2026-08-16 12:49:18,359 - IPTVCollector - INFO - 📌 未分类频道追加到 '其他': Hunan TV
2026-08-16 12:49:18,360 - IPTVCollector - INFO - 🌏 自动追加: 浙江 Ⅰ 绍兴影视 -> ☘️浙江频道
2026-08-16 12:49:18,360 - IPTVCollector - INFO - 📌 未分类频道追加到 '其他': 江津经济生活
2026-08-16 12:49:18,360 - IPTVCollector - INFO - 🌏 自动追加: 浙江 Ⅰ 绍兴综合 -> ☘️浙江频道
2026-08-16 12:49:18,360 - IPTVCollector - INFO - 📌 未分类频道追加到 '其他': 浙江经济
2026-08-16 12:49:18,362 - IPTVCollector - INFO - 🌏 自动追加: 白山新闻综合 [Geo-blocked] -> ☘️吉林频道
2026-08-16 12:49:18,362 - IPTVCollector - INFO - 📌 未分类频道追加到 '其他': 辽新闻综合 [Geo-blocked]
2026-08-16 12:49:18,362 - IPTVCollector - INFO - 📌 未分类频道追加到 '其他': 数码时代
2026-08-16 12:49:18,364 - IPTVCollector - INFO - 🌏 自动追加: 长春综合 [Geo-blocked] -> ☘️吉林频道
2026-08-16 12:49:18,364 - IPTVCollector - INFO - 📌 未分类频道追加到 '其他': CGTN Global Biz
2026-08-16 12:49:18,364 - IPTVCollector - INFO - 📌 未分类频道追加到 '其他': 集安综合 [Geo-blocked]
2026-08-16 12:49:18,364 - IPTVCollector - INFO - 📌 未分类频道追加到 '其他': Discovering China
2026-08-16 12:49:18,365 - IPTVCollector - INFO - 📌 未分类频道追加到 '其他': 浙江教科影视
2026-08-16 12:49:18,365 - IPTVCollector - INFO - 📌 未分类频道追加到 '其他': China Travel
2026-08-16 12:49:18,365 - IPTVCollector - INFO - 📌 未分类频道追加到 '其他': 浙江教育
2026-08-16 12:49:18,367 - IPTVCollector - INFO - 🌏 自动追加: 通化新闻 [Geo-blocked] -> ☘️吉林频道
2026-08-16 12:49:18,367 - IPTVCollector - INFO - 📌 未分类频道追加到 '其他': 浙江教科影院
2026-08-16 12:49:18,367 - IPTVCollector - INFO - 📌 未分类频道追加到 '其他': 浙江民生休闲
2026-08-16 12:49:18,367 - IPTVCollector - INFO - 📌 未分类频道追加到 '其他': 凤凰中文
2026-08-16 12:49:18,368 - IPTVCollector - INFO - 📌 未分类频道追加到 '其他': 浙江钱江频道
2026-08-16 12:49:18,368 - IPTVCollector - INFO - 📌 未分类频道追加到 '其他': 凤凰资讯
2026-08-16 12:49:18,368 - IPTVCollector - INFO - 🌏 自动追加: 凤凰香港 -> 🌊港·澳·台
2026-08-16 12:49:18,368 - IPTVCollector - INFO - 📌 未分类频道追加到 '其他': 靖江新闻綜合 [Not 24/7]
2026-08-16 12:49:18,368 - IPTVCollector - INFO - 📌 未分类频道追加到 '其他': 韩国电影1
2026-08-16 12:49:18,368 - IPTVCollector - INFO - 📌 未分类频道追加到 '其他': 韩国电影2
2026-08-16 12:49:18,370 - IPTVCollector - INFO - 🌏 自动追加: 武汉一台新闻综合 -> ☘️湖北频道
2026-08-16 12:49:18,370 - IPTVCollector - INFO - 📌 未分类频道追加到 '其他': CGTN阿语
2026-08-16 12:49:18,370 - IPTVCollector - INFO - 📌 未分类频道追加到 '其他': CGTN西语
2026-08-16 12:49:18,370 - IPTVCollector - INFO - 📌 未分类频道追加到 '其他': 浙江生活
2026-08-16 12:49:18,371 - IPTVCollector - INFO - 🌏 自动追加: 上海卫视 -> ☘️上海频道
2026-08-16 12:49:18,371 - IPTVCollector - INFO - 📌 未分类频道追加到 '其他': 东南卫视
2026-08-16 12:49:18,371 - IPTVCollector - INFO - 📌 未分类频道追加到 '其他': CGTN记录
2026-08-16 12:49:18,371 - IPTVCollector - INFO - 📌 未分类频道追加到 '其他': 江津新闻
2026-08-16 12:49:18,372 - IPTVCollector - INFO - 📌 未分类频道追加到 '其他': 陕西新闻咨询
2026-08-16 12:49:18,372 - IPTVCollector - INFO - 📌 未分类频道追加到 '其他': 都市青春
2026-08-16 12:49:18,372 - IPTVCollector - INFO - 📌 未分类频道追加到 '其他': 南方卫视
2026-08-16 12:49:18,372 - IPTVCollector - INFO - 📌 未分类频道追加到 '其他': 华丽翡翠台
2026-08-16 12:49:18,373 - IPTVCollector - INFO - 🌏 自动追加: 哈尔滨都市咨询 -> ☘️黑龙江频道
2026-08-16 12:49:18,374 - IPTVCollector - INFO - 📌 未分类频道追加到 '其他': 无线新闻台
2026-08-16 12:49:18,374 - IPTVCollector - INFO - 📌 未分类频道追加到 '其他': 河南电视剧
2026-08-16 12:49:18,374 - IPTVCollector - INFO - 📌 未分类频道追加到 '其他': 新闻咨询
2026-08-16 12:49:18,374 - IPTVCollector - INFO - 📌 未分类频道追加到 '其他': 东丰
2026-08-16 12:49:18,374 - IPTVCollector - INFO - 📌 未分类频道追加到 '其他': 音乐欣赏
2026-08-16 12:49:18,375 - IPTVCollector - INFO - 📌 未分类频道追加到 '其他': 九台
2026-08-16 12:49:18,375 - IPTVCollector - INFO - 📌 未分类频道追加到 '其他': 柳河
2026-08-16 12:49:18,375 - IPTVCollector - INFO - 📌 未分类频道追加到 '其他': 韩国EBS少儿
2026-08-16 12:49:18,375 - IPTVCollector - INFO - 📌 未分类频道追加到 '其他': 耀才财经
2026-08-16 12:49:18,375 - IPTVCollector - INFO - 📌 未分类频道追加到 '其他': 1987年春晚
2026-08-16 12:49:18,376 - IPTVCollector - INFO - 📌 未分类频道追加到 '其他': 1988年春晚
2026-08-16 12:49:18,376 - IPTVCollector - INFO - 📌 未分类频道追加到 '其他': 1989年春晚
2026-08-16 12:49:18,376 - IPTVCollector - INFO - 📌 未分类频道追加到 '其他': 岭南戏曲
2026-08-16 12:49:18,376 - IPTVCollector - INFO - 📌 未分类频道追加到 '其他': 飞碟之谜01
2026-08-16 12:49:18,376 - IPTVCollector - INFO - 📌 未分类频道追加到 '其他': 自然传奇
2026-08-16 12:49:18,377 - IPTVCollector - INFO - 📌 未分类频道追加到 '其他': 地理中国
2026-08-16 12:49:18,377 - IPTVCollector - INFO - 📌 未分类频道追加到 '其他': 现代教育
2026-08-16 12:49:18,377 - IPTVCollector - INFO - 📌 未分类频道追加到 '其他': 珲春新闻
2026-08-16 12:49:18,377 - IPTVCollector - INFO - 📌 未分类频道追加到 '其他': CNA
2026-08-16 12:49:18,377 - IPTVCollector - INFO - 📌 未分类频道追加到 '其他': Supreme Master TV
2026-08-16 12:49:18,378 - IPTVCollector - INFO - 📌 未分类频道追加到 '其他': 人与自然
2026-08-16 12:49:18,378 - IPTVCollector - INFO - 📌 未分类频道追加到 '其他': TVB News
2026-08-16 12:49:18,378 - IPTVCollector - INFO - 📌 未分类频道追加到 '其他': Newsmax
2026-08-16 12:49:18,378 - IPTVCollector - INFO - 📌 未分类频道追加到 '其他': Arirang
2026-08-16 12:49:18,378 - IPTVCollector - INFO - 📌 未分类频道追加到 '其他': 磐石
2026-08-16 12:49:18,379 - IPTVCollector - INFO - 📌 未分类频道追加到 '其他': 汪清
2026-08-16 12:49:18,379 - IPTVCollector - INFO - 📌 未分类频道追加到 '其他': 舒兰新闻
2026-08-16 12:49:18,379 - IPTVCollector - INFO - 📌 未分类频道追加到 '其他': Dali TV
2026-08-16 12:49:18,379 - IPTVCollector - INFO - 📌 未分类频道追加到 '其他': 辉南新闻
2026-08-16 12:49:18,381 - IPTVCollector - INFO - 🌏 自动追加: 通化县 -> ☘️吉林频道
2026-08-16 12:49:18,382 - IPTVCollector - INFO - 🌏 自动追加: 长白山电视台 -> ☘️吉林频道
2026-08-16 12:49:18,382 - IPTVCollector - INFO - 📌 未分类频道追加到 '其他': Wild Earth
2026-08-16 12:49:18,382 - IPTVCollector - INFO - 📌 未分类频道追加到 '其他': 龙井
2026-08-16 12:49:18,382 - IPTVCollector - INFO - 📌 未分类频道追加到 '其他': 2024年春晚
2026-08-16 12:49:18,383 - IPTVCollector - INFO - 📌 未分类频道追加到 '其他': Trace Sports
2026-08-16 12:49:18,383 - IPTVCollector - INFO - 📌 未分类频道追加到 '其他': Pet Club TV
2026-08-16 12:49:18,383 - IPTVCollector - INFO - 📌 未分类频道追加到 '其他': TVB Plus
2026-08-16 12:49:18,383 - IPTVCollector - INFO - 📌 未分类频道追加到 '其他': 春晚2025
2026-08-16 12:49:18,383 - IPTVCollector - INFO - 📌 未分类频道追加到 '其他': 大立电视台
2026-08-16 12:49:18,384 - IPTVCollector - INFO - 📌 未分类频道追加到 '其他': 倩女幽魂妖魔道
2026-08-16 12:49:18,384 - IPTVCollector - INFO - 📌 未分类频道追加到 '其他': 倩女幽魂道道道
2026-08-16 12:49:18,384 - IPTVCollector - INFO - 📌 未分类频道追加到 '其他': 经济科教
2026-08-16 12:49:18,384 - IPTVCollector - INFO - 🌏 自动追加: 绍兴电视台公共 -> ☘️浙江频道
2026-08-16 12:49:18,385 - IPTVCollector - INFO - 📌 未分类频道追加到 '其他': 倩女幽魂人间道
2026-08-16 12:49:18,385 - IPTVCollector - INFO - 📌 未分类频道追加到 '其他': 春晚2024
2026-08-16 12:49:18,385 - IPTVCollector - INFO - 📌 未分类频道追加到 '其他': WionNews
2026-08-16 12:49:18,385 - IPTVCollector - INFO - 📌 未分类频道追加到 '其他': RT Français
2026-08-16 12:49:18,385 - IPTVCollector - INFO - 📌 未分类频道追加到 '其他': CGTN-Documentary
2026-08-16 12:49:18,386 - IPTVCollector - INFO - 📌 未分类频道追加到 '其他': 通海电视台
2026-08-16 12:49:18,386 - IPTVCollector - INFO - 📌 未分类频道追加到 '其他': 环球电视
2026-08-16 12:49:18,386 - IPTVCollector - INFO - 📌 未分类频道追加到 '其他': 龙门飞甲
2026-08-16 12:49:18,386 - IPTVCollector - INFO - 📌 未分类频道追加到 '其他': 广东影视
2026-08-16 12:49:18,386 - IPTVCollector - INFO - 📌 未分类频道追加到 '其他': 伊犁经济法制
2026-08-16 12:49:18,387 - IPTVCollector - INFO - 📌 未分类频道追加到 '其他': 奎屯汉语
2026-08-16 12:49:18,387 - IPTVCollector - INFO - 📌 未分类频道追加到 '其他': 玛纳斯
2026-08-16 12:49:18,387 - IPTVCollector - INFO - 📌 未分类频道追加到 '其他': 玛纳斯综合
2026-08-16 12:49:18,387 - IPTVCollector - INFO - 🎯 Demo 筛选：原始 304 -> 匹配/分类后 304 个频道
2026-08-16 12:49:18,387 - IPTVCollector - INFO - 📊 Demo筛选后: 304
2026-08-16 12:49:18,388 - IPTVCollector - INFO - ✅ M3U 文件已生成: output/tv.m3u
2026-08-16 12:49:18,389 - IPTVCollector - INFO - ✅ TXT 文件已生成: output/tv.txt
2026-08-16 12:49:18,389 - IPTVCollector - INFO - ✅ 多源 M3U 文件已生成: output/tv_multi.m3u
2026-08-16 12:49:18,392 - IPTVCollector - INFO - ✅ JSON API 已生成: output/channels.json
2026-08-16 12:49:18,392 - IPTVCollector - INFO - ✅ 精简版已生成: output/tv_lite.m3u
2026-08-16 12:49:18,392 - IPTVCollector - INFO - ✅ M3U 文件已生成: output/tv_epg.m3u
2026-08-16 12:49:18,393 - IPTVCollector - INFO - 🚀 IPTV 自治系统启动
2026-08-16 12:49:18,393 - IPTVCollector - INFO - ⏭️ 跳过发现阶段
2026-08-16 12:49:18,393 - IPTVCollector - INFO - ==================================================
阶段2: 从缓存观察候选源
==================================================
2026-08-16 12:49:18,433 - IPTVCollector - INFO -   📊 观察进度: 100/260，稳定 0 个
2026-08-16 12:49:18,456 - IPTVCollector - INFO -   📊 观察进度: 200/260，稳定 0 个
2026-08-16 12:49:18,470 - IPTVCollector - INFO - ✅ 观察阶段完成: 0 个源达到稳定标准
2026-08-16 12:49:18,470 - IPTVCollector - INFO - ==================================================
阶段3: 提升稳定源
==================================================
2026-08-16 12:49:18,471 - IPTVCollector - INFO - 📭 没有稳定的候选源需要提升
2026-08-16 12:49:18,471 - IPTVCollector - INFO - 📊 自治模式统计:
2026-08-16 12:49:18,471 - IPTVCollector - INFO -   候选池总数: 867, 观察中: 260, 稳定: 593
2026-08-16 12:49:18,471 - IPTVCollector - INFO -   本次新提升: 0
2026-08-16 12:49:18,471 - IPTVCollector - INFO - 🎉 全部完成！
